solid OpenSCAD_Model
  facet normal 1 -0 0
    outer loop
      vertex 186.8 10.1208 6
      vertex 186.8 85.8792 3
      vertex 186.8 85.8792 6
    endloop
  endfacet
  facet normal 1 0 0
    outer loop
      vertex 186.8 85.8792 3
      vertex 186.8 10.1208 6
      vertex 186.8 10.1208 3
    endloop
  endfacet
  facet normal 0 0 1
    outer loop
      vertex 4.64796 84.9635 6
      vertex 4.8 11.095 6
      vertex 4.8 84.905 6
    endloop
  endfacet
  facet normal 0 0 1
    outer loop
      vertex 4.64796 84.9635 6
      vertex 4.64796 11.0365 6
      vertex 4.8 11.095 6
    endloop
  endfacet
  facet normal 0 0 1
    outer loop
      vertex 4.46447 85.0428 6
      vertex 4.64796 11.0365 6
      vertex 4.64796 84.9635 6
    endloop
  endfacet
  facet normal 0 0 1
    outer loop
      vertex 4.46447 85.0428 6
      vertex 4.46447 10.9572 6
      vertex 4.64796 11.0365 6
    endloop
  endfacet
  facet normal 0 0 1
    outer loop
      vertex 4.28436 85.1295 6
      vertex 4.46447 10.9572 6
      vertex 4.46447 85.0428 6
    endloop
  endfacet
  facet normal 0 0 1
    outer loop
      vertex 4.28436 85.1295 6
      vertex 4.28436 10.8705 6
      vertex 4.46447 10.9572 6
    endloop
  endfacet
  facet normal 0 0 1
    outer loop
      vertex 4.10794 85.2235 6
      vertex 4.28436 10.8705 6
      vertex 4.28436 85.1295 6
    endloop
  endfacet
  facet normal 0 0 1
    outer loop
      vertex 4.10794 85.2235 6
      vertex 4.10794 10.7765 6
      vertex 4.28436 10.8705 6
    endloop
  endfacet
  facet normal 0 0 1
    outer loop
      vertex 3.9355 85.3247 6
      vertex 4.10794 10.7765 6
      vertex 4.10794 85.2235 6
    endloop
  endfacet
  facet normal 0 0 1
    outer loop
      vertex 3.9355 85.3247 6
      vertex 3.9355 10.6753 6
      vertex 4.10794 10.7765 6
    endloop
  endfacet
  facet normal 0 0 1
    outer loop
      vertex 3.76733 85.4328 6
      vertex 3.9355 10.6753 6
      vertex 3.9355 85.3247 6
    endloop
  endfacet
  facet normal 0 0 1
    outer loop
      vertex 3.76733 85.4328 6
      vertex 3.76733 10.5672 6
      vertex 3.9355 10.6753 6
    endloop
  endfacet
  facet normal 0 0 1
    outer loop
      vertex 3.6037 85.5476 6
      vertex 3.76733 10.5672 6
      vertex 3.76733 85.4328 6
    endloop
  endfacet
  facet normal 0 0 1
    outer loop
      vertex 3.6037 85.5476 6
      vertex 3.6037 10.4524 6
      vertex 3.76733 10.5672 6
    endloop
  endfacet
  facet normal 0 0 1
    outer loop
      vertex 3.4449 85.669 6
      vertex 3.6037 10.4524 6
      vertex 3.6037 85.5476 6
    endloop
  endfacet
  facet normal 0 0 1
    outer loop
      vertex 3.4449 85.669 6
      vertex 3.4449 10.331 6
      vertex 3.6037 10.4524 6
    endloop
  endfacet
  facet normal 0 0 1
    outer loop
      vertex 3.29118 85.7968 6
      vertex 3.4449 10.331 6
      vertex 3.4449 85.669 6
    endloop
  endfacet
  facet normal 0 0 1
    outer loop
      vertex 3.29118 85.7968 6
      vertex 3.29118 10.2032 6
      vertex 3.4449 10.331 6
    endloop
  endfacet
  facet normal 0 0 1
    outer loop
      vertex 3.2 85.8792 6
      vertex 3.29118 10.2032 6
      vertex 3.29118 85.7968 6
    endloop
  endfacet
  facet normal 0 0 1
    outer loop
      vertex 3.29118 10.2032 6
      vertex 3.2 85.8792 6
      vertex 3.2 10.1208 6
    endloop
  endfacet
  facet normal -0 0 1
    outer loop
      vertex 11.0947 4.8 6
      vertex 92.7 3.2 6
      vertex 92.7 4.8 6
    endloop
  endfacet
  facet normal -0 0 1
    outer loop
      vertex 11.0733 4.74089 6
      vertex 92.7 3.2 6
      vertex 11.0947 4.8 6
    endloop
  endfacet
  facet normal -0 0 1
    outer loop
      vertex 10.9978 4.55581 6
      vertex 92.7 3.2 6
      vertex 11.0733 4.74089 6
    endloop
  endfacet
  facet normal -0 0 1
    outer loop
      vertex 10.9147 4.37397 6
      vertex 92.7 3.2 6
      vertex 10.9978 4.55581 6
    endloop
  endfacet
  facet normal -0 0 1
    outer loop
      vertex 10.8244 4.19567 6
      vertex 92.7 3.2 6
      vertex 10.9147 4.37397 6
    endloop
  endfacet
  facet normal -0 0 1
    outer loop
      vertex 10.7268 4.0212 6
      vertex 92.7 3.2 6
      vertex 10.8244 4.19567 6
    endloop
  endfacet
  facet normal -0 0 1
    outer loop
      vertex 10.6221 3.85086 6
      vertex 92.7 3.2 6
      vertex 10.7268 4.0212 6
    endloop
  endfacet
  facet normal -0 0 1
    outer loop
      vertex 10.5107 3.68493 6
      vertex 92.7 3.2 6
      vertex 10.6221 3.85086 6
    endloop
  endfacet
  facet normal -0 0 1
    outer loop
      vertex 10.3925 3.52368 6
      vertex 92.7 3.2 6
      vertex 10.5107 3.68493 6
    endloop
  endfacet
  facet normal -0 0 1
    outer loop
      vertex 10.2679 3.36739 6
      vertex 92.7 3.2 6
      vertex 10.3925 3.52368 6
    endloop
  endfacet
  facet normal -0 0 1
    outer loop
      vertex 10.1369 3.21631 6
      vertex 92.7 3.2 6
      vertex 10.2679 3.36739 6
    endloop
  endfacet
  facet normal 0 0 1
    outer loop
      vertex 92.7 3.2 6
      vertex 10.1369 3.21631 6
      vertex 10.1216 3.2 6
    endloop
  endfacet
  facet normal 0 0 1
    outer loop
      vertex 95.3 3.2 6
      vertex 178.905 4.8 6
      vertex 95.3 4.8 6
    endloop
  endfacet
  facet normal 0 0 1
    outer loop
      vertex 178.905 4.8 6
      vertex 95.3 3.2 6
      vertex 178.927 4.74089 6
    endloop
  endfacet
  facet normal 0 0 1
    outer loop
      vertex 178.927 4.74089 6
      vertex 95.3 3.2 6
      vertex 179.002 4.55581 6
    endloop
  endfacet
  facet normal 0 0 1
    outer loop
      vertex 179.002 4.55581 6
      vertex 95.3 3.2 6
      vertex 179.085 4.37397 6
    endloop
  endfacet
  facet normal 0 0 1
    outer loop
      vertex 179.085 4.37397 6
      vertex 95.3 3.2 6
      vertex 179.176 4.19567 6
    endloop
  endfacet
  facet normal 0 0 1
    outer loop
      vertex 179.176 4.19567 6
      vertex 95.3 3.2 6
      vertex 179.273 4.0212 6
    endloop
  endfacet
  facet normal 0 0 1
    outer loop
      vertex 179.273 4.0212 6
      vertex 95.3 3.2 6
      vertex 179.378 3.85086 6
    endloop
  endfacet
  facet normal 0 0 1
    outer loop
      vertex 179.378 3.85086 6
      vertex 95.3 3.2 6
      vertex 179.489 3.68493 6
    endloop
  endfacet
  facet normal 0 0 1
    outer loop
      vertex 179.489 3.68493 6
      vertex 95.3 3.2 6
      vertex 179.607 3.52368 6
    endloop
  endfacet
  facet normal 0 0 1
    outer loop
      vertex 179.607 3.52368 6
      vertex 95.3 3.2 6
      vertex 179.732 3.36739 6
    endloop
  endfacet
  facet normal 0 0 1
    outer loop
      vertex 179.732 3.36739 6
      vertex 95.3 3.2 6
      vertex 179.863 3.21631 6
    endloop
  endfacet
  facet normal 0 0 1
    outer loop
      vertex 179.863 3.21631 6
      vertex 95.3 3.2 6
      vertex 179.878 3.2 6
    endloop
  endfacet
  facet normal 0 0 1
    outer loop
      vertex 92.7 92.8 6
      vertex 11.0947 91.2 6
      vertex 92.7 91.2 6
    endloop
  endfacet
  facet normal 0 0 1
    outer loop
      vertex 92.7 92.8 6
      vertex 11.0733 91.2591 6
      vertex 11.0947 91.2 6
    endloop
  endfacet
  facet normal 0 0 1
    outer loop
      vertex 92.7 92.8 6
      vertex 10.9978 91.4442 6
      vertex 11.0733 91.2591 6
    endloop
  endfacet
  facet normal 0 0 1
    outer loop
      vertex 92.7 92.8 6
      vertex 10.9147 91.626 6
      vertex 10.9978 91.4442 6
    endloop
  endfacet
  facet normal 0 0 1
    outer loop
      vertex 92.7 92.8 6
      vertex 10.8244 91.8043 6
      vertex 10.9147 91.626 6
    endloop
  endfacet
  facet normal 0 0 1
    outer loop
      vertex 92.7 92.8 6
      vertex 10.7268 91.9788 6
      vertex 10.8244 91.8043 6
    endloop
  endfacet
  facet normal 0 0 1
    outer loop
      vertex 92.7 92.8 6
      vertex 10.6221 92.1491 6
      vertex 10.7268 91.9788 6
    endloop
  endfacet
  facet normal 0 0 1
    outer loop
      vertex 92.7 92.8 6
      vertex 10.5107 92.3151 6
      vertex 10.6221 92.1491 6
    endloop
  endfacet
  facet normal 0 0 1
    outer loop
      vertex 92.7 92.8 6
      vertex 10.3925 92.4763 6
      vertex 10.5107 92.3151 6
    endloop
  endfacet
  facet normal 0 0 1
    outer loop
      vertex 92.7 92.8 6
      vertex 10.2679 92.6326 6
      vertex 10.3925 92.4763 6
    endloop
  endfacet
  facet normal 0 0 1
    outer loop
      vertex 92.7 92.8 6
      vertex 10.1369 92.7837 6
      vertex 10.2679 92.6326 6
    endloop
  endfacet
  facet normal 0 -0 1
    outer loop
      vertex 10.1369 92.7837 6
      vertex 92.7 92.8 6
      vertex 10.1216 92.8 6
    endloop
  endfacet
  facet normal -0 0 1
    outer loop
      vertex 95.3 92.8 6
      vertex 179.863 92.7837 6
      vertex 179.878 92.8 6
    endloop
  endfacet
  facet normal 0 0 1
    outer loop
      vertex 95.3 92.8 6
      vertex 179.732 92.6326 6
      vertex 179.863 92.7837 6
    endloop
  endfacet
  facet normal 0 0 1
    outer loop
      vertex 95.3 92.8 6
      vertex 179.607 92.4763 6
      vertex 179.732 92.6326 6
    endloop
  endfacet
  facet normal 0 0 1
    outer loop
      vertex 95.3 92.8 6
      vertex 179.489 92.3151 6
      vertex 179.607 92.4763 6
    endloop
  endfacet
  facet normal 0 0 1
    outer loop
      vertex 95.3 92.8 6
      vertex 179.378 92.1491 6
      vertex 179.489 92.3151 6
    endloop
  endfacet
  facet normal 0 0 1
    outer loop
      vertex 95.3 92.8 6
      vertex 179.273 91.9788 6
      vertex 179.378 92.1491 6
    endloop
  endfacet
  facet normal 0 0 1
    outer loop
      vertex 95.3 92.8 6
      vertex 179.176 91.8043 6
      vertex 179.273 91.9788 6
    endloop
  endfacet
  facet normal 0 0 1
    outer loop
      vertex 95.3 92.8 6
      vertex 179.085 91.626 6
      vertex 179.176 91.8043 6
    endloop
  endfacet
  facet normal 0 0 1
    outer loop
      vertex 95.3 92.8 6
      vertex 179.002 91.4442 6
      vertex 179.085 91.626 6
    endloop
  endfacet
  facet normal 0 0 1
    outer loop
      vertex 95.3 92.8 6
      vertex 178.927 91.2591 6
      vertex 179.002 91.4442 6
    endloop
  endfacet
  facet normal 0 0 1
    outer loop
      vertex 95.3 92.8 6
      vertex 178.905 91.2 6
      vertex 178.927 91.2591 6
    endloop
  endfacet
  facet normal 0 0 1
    outer loop
      vertex 178.905 91.2 6
      vertex 95.3 92.8 6
      vertex 95.3 91.2 6
    endloop
  endfacet
  facet normal -0 0 1
    outer loop
      vertex 186.709 85.7968 6
      vertex 186.8 10.1208 6
      vertex 186.8 85.8792 6
    endloop
  endfacet
  facet normal 0 0 1
    outer loop
      vertex 186.709 85.7968 6
      vertex 186.709 10.2032 6
      vertex 186.8 10.1208 6
    endloop
  endfacet
  facet normal -0 0 1
    outer loop
      vertex 186.555 85.669 6
      vertex 186.709 10.2032 6
      vertex 186.709 85.7968 6
    endloop
  endfacet
  facet normal 0 0 1
    outer loop
      vertex 186.555 85.669 6
      vertex 186.555 10.331 6
      vertex 186.709 10.2032 6
    endloop
  endfacet
  facet normal -0 0 1
    outer loop
      vertex 186.396 85.5476 6
      vertex 186.555 10.331 6
      vertex 186.555 85.669 6
    endloop
  endfacet
  facet normal 0 0 1
    outer loop
      vertex 186.396 85.5476 6
      vertex 186.396 10.4524 6
      vertex 186.555 10.331 6
    endloop
  endfacet
  facet normal -0 0 1
    outer loop
      vertex 186.233 85.4328 6
      vertex 186.396 10.4524 6
      vertex 186.396 85.5476 6
    endloop
  endfacet
  facet normal 0 0 1
    outer loop
      vertex 186.233 85.4328 6
      vertex 186.233 10.5672 6
      vertex 186.396 10.4524 6
    endloop
  endfacet
  facet normal -0 0 1
    outer loop
      vertex 186.064 85.3247 6
      vertex 186.233 10.5672 6
      vertex 186.233 85.4328 6
    endloop
  endfacet
  facet normal 0 0 1
    outer loop
      vertex 186.064 85.3247 6
      vertex 186.064 10.6753 6
      vertex 186.233 10.5672 6
    endloop
  endfacet
  facet normal -0 0 1
    outer loop
      vertex 185.892 85.2235 6
      vertex 186.064 10.6753 6
      vertex 186.064 85.3247 6
    endloop
  endfacet
  facet normal 0 0 1
    outer loop
      vertex 185.892 85.2235 6
      vertex 185.892 10.7765 6
      vertex 186.064 10.6753 6
    endloop
  endfacet
  facet normal -0 0 1
    outer loop
      vertex 185.716 85.1295 6
      vertex 185.892 10.7765 6
      vertex 185.892 85.2235 6
    endloop
  endfacet
  facet normal 0 0 1
    outer loop
      vertex 185.716 85.1295 6
      vertex 185.716 10.8705 6
      vertex 185.892 10.7765 6
    endloop
  endfacet
  facet normal -0 0 1
    outer loop
      vertex 185.536 85.0428 6
      vertex 185.716 10.8705 6
      vertex 185.716 85.1295 6
    endloop
  endfacet
  facet normal 0 0 1
    outer loop
      vertex 185.536 85.0428 6
      vertex 185.536 10.9572 6
      vertex 185.716 10.8705 6
    endloop
  endfacet
  facet normal -0 0 1
    outer loop
      vertex 185.352 84.9635 6
      vertex 185.536 10.9572 6
      vertex 185.536 85.0428 6
    endloop
  endfacet
  facet normal 0 0 1
    outer loop
      vertex 185.352 84.9635 6
      vertex 185.352 11.0365 6
      vertex 185.536 10.9572 6
    endloop
  endfacet
  facet normal -0 0 1
    outer loop
      vertex 185.2 84.905 6
      vertex 185.352 11.0365 6
      vertex 185.352 84.9635 6
    endloop
  endfacet
  facet normal 0 0 1
    outer loop
      vertex 185.352 11.0365 6
      vertex 185.2 84.905 6
      vertex 185.2 11.095 6
    endloop
  endfacet
  facet normal -1 0 0
    outer loop
      vertex 3.2 10.1208 3
      vertex 3.2 85.8792 6
      vertex 3.2 85.8792 3
    endloop
  endfacet
  facet normal -1 -0 0
    outer loop
      vertex 3.2 85.8792 6
      vertex 3.2 10.1208 3
      vertex 3.2 10.1208 6
    endloop
  endfacet
  facet normal 0 -1 0
    outer loop
      vertex 10.1216 3.2 3
      vertex 92.7 3.2 6
      vertex 10.1216 3.2 6
    endloop
  endfacet
  facet normal 0 -1 -0
    outer loop
      vertex 92.7 3.2 6
      vertex 10.1216 3.2 3
      vertex 92.7 3.2 3
    endloop
  endfacet
  facet normal 0 -1 0
    outer loop
      vertex 95.3 3.2 3
      vertex 179.878 3.2 6
      vertex 95.3 3.2 6
    endloop
  endfacet
  facet normal 0 -1 -0
    outer loop
      vertex 179.878 3.2 6
      vertex 95.3 3.2 3
      vertex 179.878 3.2 3
    endloop
  endfacet
  facet normal 0 1 -0
    outer loop
      vertex 92.7 92.8 3
      vertex 10.1216 92.8 6
      vertex 92.7 92.8 6
    endloop
  endfacet
  facet normal 0 1 0
    outer loop
      vertex 10.1216 92.8 6
      vertex 92.7 92.8 3
      vertex 10.1216 92.8 3
    endloop
  endfacet
  facet normal 0 1 -0
    outer loop
      vertex 179.878 92.8 3
      vertex 95.3 92.8 6
      vertex 179.878 92.8 6
    endloop
  endfacet
  facet normal 0 1 0
    outer loop
      vertex 95.3 92.8 6
      vertex 179.878 92.8 3
      vertex 95.3 92.8 3
    endloop
  endfacet
  facet normal -1 0 0
    outer loop
      vertex 185.2 11.095 3
      vertex 185.2 84.905 6
      vertex 185.2 84.905 3
    endloop
  endfacet
  facet normal -1 -0 0
    outer loop
      vertex 185.2 84.905 6
      vertex 185.2 11.095 3
      vertex 185.2 11.095 6
    endloop
  endfacet
  facet normal 1 -0 0
    outer loop
      vertex 4.8 11.095 6
      vertex 4.8 84.905 3
      vertex 4.8 84.905 6
    endloop
  endfacet
  facet normal 1 0 0
    outer loop
      vertex 4.8 84.905 3
      vertex 4.8 11.095 6
      vertex 4.8 11.095 3
    endloop
  endfacet
  facet normal 0 1 -0
    outer loop
      vertex 92.7 4.8 3
      vertex 11.0947 4.8 6
      vertex 92.7 4.8 6
    endloop
  endfacet
  facet normal 0 1 0
    outer loop
      vertex 11.0947 4.8 6
      vertex 92.7 4.8 3
      vertex 11.0947 4.8 3
    endloop
  endfacet
  facet normal 0 1 -0
    outer loop
      vertex 178.905 4.8 3
      vertex 95.3 4.8 6
      vertex 178.905 4.8 6
    endloop
  endfacet
  facet normal 0 1 0
    outer loop
      vertex 95.3 4.8 6
      vertex 178.905 4.8 3
      vertex 95.3 4.8 3
    endloop
  endfacet
  facet normal 0 -1 0
    outer loop
      vertex 11.0947 91.2 3
      vertex 92.7 91.2 6
      vertex 11.0947 91.2 6
    endloop
  endfacet
  facet normal 0 -1 -0
    outer loop
      vertex 92.7 91.2 6
      vertex 11.0947 91.2 3
      vertex 92.7 91.2 3
    endloop
  endfacet
  facet normal 0 -1 0
    outer loop
      vertex 95.3 91.2 3
      vertex 178.905 91.2 6
      vertex 95.3 91.2 6
    endloop
  endfacet
  facet normal 0 -1 -0
    outer loop
      vertex 178.905 91.2 6
      vertex 95.3 91.2 3
      vertex 178.905 91.2 3
    endloop
  endfacet
  facet normal -0.937991 0.34666 0
    outer loop
      vertex 123.657 60.9358 3
      vertex 123.726 61.1225 5
      vertex 123.726 61.1225 3
    endloop
  endfacet
  facet normal -0.937991 0.34666 0
    outer loop
      vertex 123.726 61.1225 5
      vertex 123.657 60.9358 3
      vertex 123.657 60.9358 5
    endloop
  endfacet
  facet normal 0.991429 -0.130649 0
    outer loop
      vertex 128.015 59.8538 5
      vertex 128.041 60.0511 3
      vertex 128.041 60.0511 5
    endloop
  endfacet
  facet normal 0.991429 -0.130649 0
    outer loop
      vertex 128.041 60.0511 3
      vertex 128.015 59.8538 5
      vertex 128.015 59.8538 3
    endloop
  endfacet
  facet normal 0.998978 -0.0452026 0
    outer loop
      vertex 128.041 60.0511 5
      vertex 128.05 60.25 3
      vertex 128.05 60.25 5
    endloop
  endfacet
  facet normal 0.998978 -0.0452026 0
    outer loop
      vertex 128.05 60.25 3
      vertex 128.041 60.0511 5
      vertex 128.041 60.0511 3
    endloop
  endfacet
  facet normal 0.975281 -0.22097 0
    outer loop
      vertex 127.971 59.6596 5
      vertex 128.015 59.8538 3
      vertex 128.015 59.8538 5
    endloop
  endfacet
  facet normal 0.975281 -0.22097 0
    outer loop
      vertex 128.015 59.8538 3
      vertex 127.971 59.6596 5
      vertex 127.971 59.6596 3
    endloop
  endfacet
  facet normal 0.367487 0.930029 -0
    outer loop
      vertex 126.718 62.3041 3
      vertex 126.533 62.3772 5
      vertex 126.718 62.3041 5
    endloop
  endfacet
  facet normal 0.367487 0.930029 0
    outer loop
      vertex 126.533 62.3772 5
      vertex 126.718 62.3041 3
      vertex 126.533 62.3772 3
    endloop
  endfacet
  facet normal -0.760746 0.649049 0
    outer loop
      vertex 124.028 61.6361 3
      vertex 124.157 61.7873 5
      vertex 124.157 61.7873 3
    endloop
  endfacet
  facet normal -0.760746 0.649049 0
    outer loop
      vertex 124.157 61.7873 5
      vertex 124.028 61.6361 3
      vertex 124.028 61.6361 5
    endloop
  endfacet
  facet normal 0.951898 -0.306416 0
    outer loop
      vertex 127.91 59.4701 5
      vertex 127.971 59.6596 3
      vertex 127.971 59.6596 5
    endloop
  endfacet
  facet normal 0.951898 -0.306416 0
    outer loop
      vertex 127.971 59.6596 3
      vertex 127.91 59.4701 5
      vertex 127.91 59.4701 3
    endloop
  endfacet
  facet normal 0.523678 0.851916 -0
    outer loop
      vertex 127.066 62.1104 3
      vertex 126.896 62.2149 5
      vertex 127.066 62.1104 5
    endloop
  endfacet
  facet normal 0.523678 0.851916 0
    outer loop
      vertex 126.896 62.2149 5
      vertex 127.066 62.1104 3
      vertex 126.896 62.2149 3
    endloop
  endfacet
  facet normal -0.813225 0.58195 0
    outer loop
      vertex 123.912 61.474 3
      vertex 124.028 61.6361 5
      vertex 124.028 61.6361 3
    endloop
  endfacet
  facet normal -0.813225 0.58195 0
    outer loop
      vertex 124.028 61.6361 5
      vertex 123.912 61.474 3
      vertex 123.912 61.474 5
    endloop
  endfacet
  facet normal 0.109936 0.993939 -0
    outer loop
      vertex 126.147 62.4731 3
      vertex 125.949 62.495 5
      vertex 126.147 62.4731 5
    endloop
  endfacet
  facet normal 0.109936 0.993939 0
    outer loop
      vertex 125.949 62.495 5
      vertex 126.147 62.4731 3
      vertex 125.949 62.495 3
    endloop
  endfacet
  facet normal 0.599839 -0.800121 0
    outer loop
      vertex 127.066 58.3896 3
      vertex 127.225 58.5088 5
      vertex 127.066 58.3896 5
    endloop
  endfacet
  facet normal 0.599839 -0.800121 0
    outer loop
      vertex 127.225 58.5088 5
      vertex 127.066 58.3896 3
      vertex 127.225 58.5088 3
    endloop
  endfacet
  facet normal -0.240879 -0.970555 0
    outer loop
      vertex 125.162 58.0924 3
      vertex 125.355 58.0445 5
      vertex 125.162 58.0924 5
    endloop
  endfacet
  facet normal -0.240879 -0.970555 -0
    outer loop
      vertex 125.355 58.0445 5
      vertex 125.162 58.0924 3
      vertex 125.355 58.0445 3
    endloop
  endfacet
  facet normal -0.153979 -0.988074 0
    outer loop
      vertex 125.355 58.0445 3
      vertex 125.552 58.0138 5
      vertex 125.355 58.0445 5
    endloop
  endfacet
  facet normal -0.153979 -0.988074 -0
    outer loop
      vertex 125.552 58.0138 5
      vertex 125.355 58.0445 3
      vertex 125.552 58.0138 3
    endloop
  endfacet
  facet normal 0.198049 0.980192 -0
    outer loop
      vertex 126.342 62.4337 3
      vertex 126.147 62.4731 5
      vertex 126.342 62.4337 5
    endloop
  endfacet
  facet normal 0.198049 0.980192 0
    outer loop
      vertex 126.147 62.4731 5
      vertex 126.342 62.4337 3
      vertex 126.147 62.4731 3
    endloop
  endfacet
  facet normal -0.0670207 0.997752 0
    outer loop
      vertex 125.75 62.4995 3
      vertex 125.552 62.4862 5
      vertex 125.75 62.4995 5
    endloop
  endfacet
  facet normal -0.0670207 0.997752 0
    outer loop
      vertex 125.552 62.4862 5
      vertex 125.75 62.4995 3
      vertex 125.552 62.4862 3
    endloop
  endfacet
  facet normal 0.786806 -0.617201 0
    outer loop
      vertex 127.509 58.7868 5
      vertex 127.632 58.9436 3
      vertex 127.632 58.9436 5
    endloop
  endfacet
  facet normal 0.786806 -0.617201 0
    outer loop
      vertex 127.632 58.9436 3
      vertex 127.509 58.7868 5
      vertex 127.509 58.7868 3
    endloop
  endfacet
  facet normal -0.904157 0.4272 0
    outer loop
      vertex 123.726 61.1225 3
      vertex 123.811 61.3024 5
      vertex 123.811 61.3024 3
    endloop
  endfacet
  facet normal -0.904157 0.4272 0
    outer loop
      vertex 123.811 61.3024 5
      vertex 123.726 61.1225 3
      vertex 123.726 61.1225 5
    endloop
  endfacet
  facet normal 0.786806 0.617201 0
    outer loop
      vertex 127.632 61.5564 5
      vertex 127.509 61.7132 3
      vertex 127.509 61.7132 5
    endloop
  endfacet
  facet normal 0.786806 0.617201 0
    outer loop
      vertex 127.509 61.7132 3
      vertex 127.632 61.5564 5
      vertex 127.632 61.5564 3
    endloop
  endfacet
  facet normal -0.984412 -0.175878 0
    outer loop
      vertex 123.605 59.7563 3
      vertex 123.57 59.9522 5
      vertex 123.57 59.9522 3
    endloop
  endfacet
  facet normal -0.984412 -0.175878 0
    outer loop
      vertex 123.57 59.9522 5
      vertex 123.605 59.7563 3
      vertex 123.605 59.7563 5
    endloop
  endfacet
  facet normal 0.283661 0.958925 -0
    outer loop
      vertex 126.533 62.3772 3
      vertex 126.342 62.4337 5
      vertex 126.533 62.3772 5
    endloop
  endfacet
  facet normal 0.283661 0.958925 0
    outer loop
      vertex 126.342 62.4337 5
      vertex 126.533 62.3772 3
      vertex 126.342 62.4337 3
    endloop
  endfacet
  facet normal 0.448017 -0.894025 0
    outer loop
      vertex 126.718 58.1959 3
      vertex 126.896 58.2851 5
      vertex 126.718 58.1959 5
    endloop
  endfacet
  facet normal 0.448017 -0.894025 0
    outer loop
      vertex 126.896 58.2851 5
      vertex 126.718 58.1959 3
      vertex 126.896 58.2851 3
    endloop
  endfacet
  facet normal 0.839853 -0.542814 0
    outer loop
      vertex 127.632 58.9436 5
      vertex 127.74 59.1107 3
      vertex 127.74 59.1107 5
    endloop
  endfacet
  facet normal 0.839853 -0.542814 0
    outer loop
      vertex 127.74 59.1107 3
      vertex 127.632 58.9436 5
      vertex 127.632 58.9436 3
    endloop
  endfacet
  facet normal -0.861805 -0.50724 0
    outer loop
      vertex 123.912 59.026 3
      vertex 123.811 59.1976 5
      vertex 123.811 59.1976 3
    endloop
  endfacet
  facet normal -0.861805 -0.50724 0
    outer loop
      vertex 123.811 59.1976 5
      vertex 123.912 59.026 3
      vertex 123.912 59.026 5
    endloop
  endfacet
  facet normal 0.0226073 -0.999744 0
    outer loop
      vertex 125.75 58.0005 3
      vertex 125.949 58.005 5
      vertex 125.75 58.0005 5
    endloop
  endfacet
  facet normal 0.0226073 -0.999744 0
    outer loop
      vertex 125.949 58.005 5
      vertex 125.75 58.0005 3
      vertex 125.949 58.005 3
    endloop
  endfacet
  facet normal -0.760746 -0.649049 0
    outer loop
      vertex 124.157 58.7127 3
      vertex 124.028 58.8639 5
      vertex 124.028 58.8639 3
    endloop
  endfacet
  facet normal -0.760746 -0.649049 0
    outer loop
      vertex 124.028 58.8639 5
      vertex 124.157 58.7127 3
      vertex 124.157 58.7127 5
    endloop
  endfacet
  facet normal -0.633539 -0.773711 0
    outer loop
      vertex 124.299 58.5735 3
      vertex 124.453 58.4474 5
      vertex 124.299 58.5735 5
    endloop
  endfacet
  facet normal -0.633539 -0.773711 -0
    outer loop
      vertex 124.453 58.4474 5
      vertex 124.299 58.5735 3
      vertex 124.453 58.4474 3
    endloop
  endfacet
  facet normal 0.523678 -0.851916 0
    outer loop
      vertex 126.896 58.2851 3
      vertex 127.066 58.3896 5
      vertex 126.896 58.2851 5
    endloop
  endfacet
  facet normal 0.523678 -0.851916 0
    outer loop
      vertex 127.066 58.3896 5
      vertex 126.896 58.2851 3
      vertex 127.066 58.3896 3
    endloop
  endfacet
  facet normal -0.965261 0.261289 0
    outer loop
      vertex 123.605 60.7437 3
      vertex 123.657 60.9358 5
      vertex 123.657 60.9358 3
    endloop
  endfacet
  facet normal -0.965261 0.261289 0
    outer loop
      vertex 123.657 60.9358 5
      vertex 123.605 60.7437 3
      vertex 123.605 60.7437 5
    endloop
  endfacet
  facet normal -0.561281 0.827626 0
    outer loop
      vertex 124.618 62.1645 3
      vertex 124.453 62.0526 5
      vertex 124.618 62.1645 5
    endloop
  endfacet
  facet normal -0.561281 0.827626 0
    outer loop
      vertex 124.453 62.0526 5
      vertex 124.618 62.1645 3
      vertex 124.453 62.0526 3
    endloop
  endfacet
  facet normal -0.813225 -0.58195 0
    outer loop
      vertex 124.028 58.8639 3
      vertex 123.912 59.026 5
      vertex 123.912 59.026 3
    endloop
  endfacet
  facet normal -0.813225 -0.58195 0
    outer loop
      vertex 123.912 59.026 5
      vertex 124.028 58.8639 3
      vertex 124.028 58.8639 5
    endloop
  endfacet
  facet normal 0.667574 -0.744544 0
    outer loop
      vertex 127.225 58.5088 3
      vertex 127.373 58.6415 5
      vertex 127.225 58.5088 5
    endloop
  endfacet
  facet normal 0.667574 -0.744544 0
    outer loop
      vertex 127.373 58.6415 5
      vertex 127.225 58.5088 3
      vertex 127.373 58.6415 3
    endloop
  endfacet
  facet normal -0.861805 0.50724 0
    outer loop
      vertex 123.811 61.3024 3
      vertex 123.912 61.474 5
      vertex 123.912 61.474 3
    endloop
  endfacet
  facet normal -0.861805 0.50724 0
    outer loop
      vertex 123.912 61.474 5
      vertex 123.811 61.3024 3
      vertex 123.811 61.3024 5
    endloop
  endfacet
  facet normal -1 0 0
    outer loop
      vertex 123.552 60.1505 3
      vertex 123.552 60.3495 5
      vertex 123.552 60.3495 3
    endloop
  endfacet
  facet normal -1 -0 0
    outer loop
      vertex 123.552 60.3495 5
      vertex 123.552 60.1505 3
      vertex 123.552 60.1505 5
    endloop
  endfacet
  facet normal 0.975281 0.22097 0
    outer loop
      vertex 128.015 60.6462 5
      vertex 127.971 60.8404 3
      vertex 127.971 60.8404 5
    endloop
  endfacet
  facet normal 0.975281 0.22097 0
    outer loop
      vertex 127.971 60.8404 3
      vertex 128.015 60.6462 5
      vertex 128.015 60.6462 3
    endloop
  endfacet
  facet normal 0 0 1
    outer loop
      vertex 126.65 60.25 5
      vertex 128.05 60.25 5
      vertex 128.041 60.4489 5
    endloop
  endfacet
  facet normal 0 0 1
    outer loop
      vertex 126.627 60.446 5
      vertex 128.041 60.4489 5
      vertex 128.015 60.6462 5
    endloop
  endfacet
  facet normal 0 0 1
    outer loop
      vertex 128.05 60.25 5
      vertex 126.65 60.25 5
      vertex 128.041 60.0511 5
    endloop
  endfacet
  facet normal 0 0 1
    outer loop
      vertex 126.627 60.446 5
      vertex 128.015 60.6462 5
      vertex 127.971 60.8404 5
    endloop
  endfacet
  facet normal -0 0 1
    outer loop
      vertex 126.627 60.054 5
      vertex 128.041 60.0511 5
      vertex 126.65 60.25 5
    endloop
  endfacet
  facet normal 0 0 1
    outer loop
      vertex 126.627 60.446 5
      vertex 127.971 60.8404 5
      vertex 127.91 61.0299 5
    endloop
  endfacet
  facet normal 0 0 1
    outer loop
      vertex 128.041 60.0511 5
      vertex 126.627 60.054 5
      vertex 128.015 59.8538 5
    endloop
  endfacet
  facet normal 0 0 1
    outer loop
      vertex 126.56 60.6315 5
      vertex 127.91 61.0299 5
      vertex 127.833 61.2134 5
    endloop
  endfacet
  facet normal 0 0 1
    outer loop
      vertex 128.015 59.8538 5
      vertex 126.627 60.054 5
      vertex 127.971 59.6596 5
    endloop
  endfacet
  facet normal 0 0 1
    outer loop
      vertex 126.56 60.6315 5
      vertex 127.833 61.2134 5
      vertex 127.74 61.3893 5
    endloop
  endfacet
  facet normal 0 0 1
    outer loop
      vertex 127.971 59.6596 5
      vertex 126.627 60.054 5
      vertex 127.91 59.4701 5
    endloop
  endfacet
  facet normal 0 0 1
    outer loop
      vertex 126.56 60.6315 5
      vertex 127.74 61.3893 5
      vertex 127.632 61.5564 5
    endloop
  endfacet
  facet normal -0 0 1
    outer loop
      vertex 126.56 59.8685 5
      vertex 127.91 59.4701 5
      vertex 126.627 60.054 5
    endloop
  endfacet
  facet normal 0 0 1
    outer loop
      vertex 126.451 60.7964 5
      vertex 127.632 61.5564 5
      vertex 127.509 61.7132 5
    endloop
  endfacet
  facet normal 0 0 1
    outer loop
      vertex 127.91 59.4701 5
      vertex 126.56 59.8685 5
      vertex 127.833 59.2866 5
    endloop
  endfacet
  facet normal 0 0 1
    outer loop
      vertex 126.451 60.7964 5
      vertex 127.509 61.7132 5
      vertex 127.373 61.8585 5
    endloop
  endfacet
  facet normal 0 0 1
    outer loop
      vertex 127.833 59.2866 5
      vertex 126.56 59.8685 5
      vertex 127.74 59.1107 5
    endloop
  endfacet
  facet normal 0 0 1
    outer loop
      vertex 126.308 60.9318 5
      vertex 127.373 61.8585 5
      vertex 127.225 61.9912 5
    endloop
  endfacet
  facet normal 0 0 1
    outer loop
      vertex 127.74 59.1107 5
      vertex 126.56 59.8685 5
      vertex 127.632 58.9436 5
    endloop
  endfacet
  facet normal 0 0 1
    outer loop
      vertex 126.308 60.9318 5
      vertex 127.225 61.9912 5
      vertex 127.066 62.1104 5
    endloop
  endfacet
  facet normal -0 0 1
    outer loop
      vertex 126.451 59.7036 5
      vertex 127.632 58.9436 5
      vertex 126.56 59.8685 5
    endloop
  endfacet
  facet normal 0 0 1
    outer loop
      vertex 126.308 60.9318 5
      vertex 127.066 62.1104 5
      vertex 126.896 62.2149 5
    endloop
  endfacet
  facet normal 0 0 1
    outer loop
      vertex 127.632 58.9436 5
      vertex 126.451 59.7036 5
      vertex 127.509 58.7868 5
    endloop
  endfacet
  facet normal 0 0 1
    outer loop
      vertex 126.137 61.0305 5
      vertex 126.896 62.2149 5
      vertex 126.718 62.3041 5
    endloop
  endfacet
  facet normal 0 0 1
    outer loop
      vertex 127.509 58.7868 5
      vertex 126.451 59.7036 5
      vertex 127.373 58.6415 5
    endloop
  endfacet
  facet normal -0 0 1
    outer loop
      vertex 126.308 59.5682 5
      vertex 127.373 58.6415 5
      vertex 126.451 59.7036 5
    endloop
  endfacet
  facet normal 0 0 1
    outer loop
      vertex 128.041 60.4489 5
      vertex 126.627 60.446 5
      vertex 126.65 60.25 5
    endloop
  endfacet
  facet normal 0 0 1
    outer loop
      vertex 127.91 61.0299 5
      vertex 126.56 60.6315 5
      vertex 126.627 60.446 5
    endloop
  endfacet
  facet normal 0 0 1
    outer loop
      vertex 126.137 61.0305 5
      vertex 126.718 62.3041 5
      vertex 126.533 62.3772 5
    endloop
  endfacet
  facet normal 0 0 1
    outer loop
      vertex 127.632 61.5564 5
      vertex 126.451 60.7964 5
      vertex 126.56 60.6315 5
    endloop
  endfacet
  facet normal 0 0 1
    outer loop
      vertex 126.137 61.0305 5
      vertex 126.533 62.3772 5
      vertex 126.342 62.4337 5
    endloop
  endfacet
  facet normal 0 0 1
    outer loop
      vertex 127.373 61.8585 5
      vertex 126.308 60.9318 5
      vertex 126.451 60.7964 5
    endloop
  endfacet
  facet normal 0 0 1
    outer loop
      vertex 125.948 61.0871 5
      vertex 126.342 62.4337 5
      vertex 126.147 62.4731 5
    endloop
  endfacet
  facet normal 0 0 1
    outer loop
      vertex 126.896 62.2149 5
      vertex 126.137 61.0305 5
      vertex 126.308 60.9318 5
    endloop
  endfacet
  facet normal 0 0 1
    outer loop
      vertex 125.948 61.0871 5
      vertex 126.147 62.4731 5
      vertex 125.949 62.495 5
    endloop
  endfacet
  facet normal 0 0 1
    outer loop
      vertex 126.342 62.4337 5
      vertex 125.948 61.0871 5
      vertex 126.137 61.0305 5
    endloop
  endfacet
  facet normal 0 0 1
    outer loop
      vertex 125.949 62.495 5
      vertex 125.751 61.0986 5
      vertex 125.948 61.0871 5
    endloop
  endfacet
  facet normal 0 0 1
    outer loop
      vertex 125.75 62.4995 5
      vertex 125.751 61.0986 5
      vertex 125.949 62.495 5
    endloop
  endfacet
  facet normal -0 0 1
    outer loop
      vertex 125.552 62.4862 5
      vertex 125.751 61.0986 5
      vertex 125.75 62.4995 5
    endloop
  endfacet
  facet normal -0 0 1
    outer loop
      vertex 125.355 62.4555 5
      vertex 125.751 61.0986 5
      vertex 125.552 62.4862 5
    endloop
  endfacet
  facet normal 0 0 1
    outer loop
      vertex 125.751 61.0986 5
      vertex 125.355 62.4555 5
      vertex 125.556 61.0643 5
    endloop
  endfacet
  facet normal -0 0 1
    outer loop
      vertex 125.162 62.4076 5
      vertex 125.556 61.0643 5
      vertex 125.355 62.4555 5
    endloop
  endfacet
  facet normal -0 0 1
    outer loop
      vertex 124.974 62.3427 5
      vertex 125.556 61.0643 5
      vertex 125.162 62.4076 5
    endloop
  endfacet
  facet normal 0 0 1
    outer loop
      vertex 125.556 61.0643 5
      vertex 124.974 62.3427 5
      vertex 125.375 60.9861 5
    endloop
  endfacet
  facet normal -0 0 1
    outer loop
      vertex 124.792 62.2615 5
      vertex 125.375 60.9861 5
      vertex 124.974 62.3427 5
    endloop
  endfacet
  facet normal -0 0 1
    outer loop
      vertex 124.618 62.1645 5
      vertex 125.375 60.9861 5
      vertex 124.792 62.2615 5
    endloop
  endfacet
  facet normal -0 0 1
    outer loop
      vertex 124.453 62.0526 5
      vertex 125.375 60.9861 5
      vertex 124.618 62.1645 5
    endloop
  endfacet
  facet normal 0 0 1
    outer loop
      vertex 125.375 60.9861 5
      vertex 124.453 62.0526 5
      vertex 125.217 60.8683 5
    endloop
  endfacet
  facet normal -0 0 1
    outer loop
      vertex 124.157 61.7873 5
      vertex 125.217 60.8683 5
      vertex 124.299 61.9265 5
    endloop
  endfacet
  facet normal -0 0 1
    outer loop
      vertex 124.299 61.9265 5
      vertex 125.217 60.8683 5
      vertex 124.453 62.0526 5
    endloop
  endfacet
  facet normal 0 0 1
    outer loop
      vertex 127.373 58.6415 5
      vertex 126.308 59.5682 5
      vertex 127.225 58.5088 5
    endloop
  endfacet
  facet normal 0 0 1
    outer loop
      vertex 127.225 58.5088 5
      vertex 126.308 59.5682 5
      vertex 127.066 58.3896 5
    endloop
  endfacet
  facet normal 0 0 1
    outer loop
      vertex 127.066 58.3896 5
      vertex 126.308 59.5682 5
      vertex 126.896 58.2851 5
    endloop
  endfacet
  facet normal -0 0 1
    outer loop
      vertex 126.137 59.4695 5
      vertex 126.896 58.2851 5
      vertex 126.308 59.5682 5
    endloop
  endfacet
  facet normal 0 0 1
    outer loop
      vertex 126.896 58.2851 5
      vertex 126.137 59.4695 5
      vertex 126.718 58.1959 5
    endloop
  endfacet
  facet normal 0 0 1
    outer loop
      vertex 126.718 58.1959 5
      vertex 126.137 59.4695 5
      vertex 126.533 58.1228 5
    endloop
  endfacet
  facet normal 0 0 1
    outer loop
      vertex 126.533 58.1228 5
      vertex 126.137 59.4695 5
      vertex 126.342 58.0663 5
    endloop
  endfacet
  facet normal -0 0 1
    outer loop
      vertex 125.948 59.4129 5
      vertex 126.342 58.0663 5
      vertex 126.137 59.4695 5
    endloop
  endfacet
  facet normal 0 0 1
    outer loop
      vertex 126.342 58.0663 5
      vertex 125.948 59.4129 5
      vertex 126.147 58.0269 5
    endloop
  endfacet
  facet normal 0 0 1
    outer loop
      vertex 126.147 58.0269 5
      vertex 125.948 59.4129 5
      vertex 125.949 58.005 5
    endloop
  endfacet
  facet normal -0 0 1
    outer loop
      vertex 125.751 59.4014 5
      vertex 125.949 58.005 5
      vertex 125.948 59.4129 5
    endloop
  endfacet
  facet normal 0 0 1
    outer loop
      vertex 125.751 59.4014 5
      vertex 125.75 58.0005 5
      vertex 125.949 58.005 5
    endloop
  endfacet
  facet normal 0 0 1
    outer loop
      vertex 125.355 58.0445 5
      vertex 125.751 59.4014 5
      vertex 125.556 59.4357 5
    endloop
  endfacet
  facet normal 0 0 1
    outer loop
      vertex 125.751 59.4014 5
      vertex 125.552 58.0138 5
      vertex 125.75 58.0005 5
    endloop
  endfacet
  facet normal 0 0 1
    outer loop
      vertex 124.974 58.1573 5
      vertex 125.556 59.4357 5
      vertex 125.375 59.5139 5
    endloop
  endfacet
  facet normal 0 0 1
    outer loop
      vertex 125.751 59.4014 5
      vertex 125.355 58.0445 5
      vertex 125.552 58.0138 5
    endloop
  endfacet
  facet normal 0 0 1
    outer loop
      vertex 124.453 58.4474 5
      vertex 125.375 59.5139 5
      vertex 125.217 59.6317 5
    endloop
  endfacet
  facet normal 0 0 1
    outer loop
      vertex 125.556 59.4357 5
      vertex 125.162 58.0924 5
      vertex 125.355 58.0445 5
    endloop
  endfacet
  facet normal 0 0 1
    outer loop
      vertex 124.028 58.8639 5
      vertex 125.217 59.6317 5
      vertex 125.09 59.7829 5
    endloop
  endfacet
  facet normal 0 0 1
    outer loop
      vertex 123.811 59.1976 5
      vertex 125.09 59.7829 5
      vertex 125.001 59.9593 5
    endloop
  endfacet
  facet normal 0 0 1
    outer loop
      vertex 125.556 59.4357 5
      vertex 124.974 58.1573 5
      vertex 125.162 58.0924 5
    endloop
  endfacet
  facet normal 0 0 1
    outer loop
      vertex 123.605 59.7563 5
      vertex 125.001 59.9593 5
      vertex 124.956 60.1513 5
    endloop
  endfacet
  facet normal -0 0 1
    outer loop
      vertex 124.028 61.6361 5
      vertex 125.217 60.8683 5
      vertex 124.157 61.7873 5
    endloop
  endfacet
  facet normal 0 0 1
    outer loop
      vertex 125.375 59.5139 5
      vertex 124.792 58.2385 5
      vertex 124.974 58.1573 5
    endloop
  endfacet
  facet normal 0 0 1
    outer loop
      vertex 125.217 60.8683 5
      vertex 124.028 61.6361 5
      vertex 125.09 60.7171 5
    endloop
  endfacet
  facet normal 0 0 1
    outer loop
      vertex 125.375 59.5139 5
      vertex 124.618 58.3355 5
      vertex 124.792 58.2385 5
    endloop
  endfacet
  facet normal -0 0 1
    outer loop
      vertex 123.912 61.474 5
      vertex 125.09 60.7171 5
      vertex 124.028 61.6361 5
    endloop
  endfacet
  facet normal 0 0 1
    outer loop
      vertex 125.375 59.5139 5
      vertex 124.453 58.4474 5
      vertex 124.618 58.3355 5
    endloop
  endfacet
  facet normal -0 0 1
    outer loop
      vertex 123.811 61.3024 5
      vertex 125.09 60.7171 5
      vertex 123.912 61.474 5
    endloop
  endfacet
  facet normal 0 0 1
    outer loop
      vertex 125.217 59.6317 5
      vertex 124.299 58.5735 5
      vertex 124.453 58.4474 5
    endloop
  endfacet
  facet normal 0 0 1
    outer loop
      vertex 125.09 60.7171 5
      vertex 123.811 61.3024 5
      vertex 125.001 60.5407 5
    endloop
  endfacet
  facet normal 0 0 1
    outer loop
      vertex 125.217 59.6317 5
      vertex 124.157 58.7127 5
      vertex 124.299 58.5735 5
    endloop
  endfacet
  facet normal -0 0 1
    outer loop
      vertex 123.726 61.1225 5
      vertex 125.001 60.5407 5
      vertex 123.811 61.3024 5
    endloop
  endfacet
  facet normal 0 0 1
    outer loop
      vertex 125.217 59.6317 5
      vertex 124.028 58.8639 5
      vertex 124.157 58.7127 5
    endloop
  endfacet
  facet normal -0 0 1
    outer loop
      vertex 123.657 60.9358 5
      vertex 125.001 60.5407 5
      vertex 123.726 61.1225 5
    endloop
  endfacet
  facet normal 0 0 1
    outer loop
      vertex 125.09 59.7829 5
      vertex 123.912 59.026 5
      vertex 124.028 58.8639 5
    endloop
  endfacet
  facet normal -0 0 1
    outer loop
      vertex 123.605 60.7437 5
      vertex 125.001 60.5407 5
      vertex 123.657 60.9358 5
    endloop
  endfacet
  facet normal 0 0 1
    outer loop
      vertex 125.09 59.7829 5
      vertex 123.811 59.1976 5
      vertex 123.912 59.026 5
    endloop
  endfacet
  facet normal 0 0 1
    outer loop
      vertex 125.001 60.5407 5
      vertex 123.605 60.7437 5
      vertex 124.956 60.3487 5
    endloop
  endfacet
  facet normal 0 0 1
    outer loop
      vertex 125.001 59.9593 5
      vertex 123.726 59.3775 5
      vertex 123.811 59.1976 5
    endloop
  endfacet
  facet normal -0 0 1
    outer loop
      vertex 123.57 60.5478 5
      vertex 124.956 60.3487 5
      vertex 123.605 60.7437 5
    endloop
  endfacet
  facet normal 0 0 1
    outer loop
      vertex 125.001 59.9593 5
      vertex 123.657 59.5642 5
      vertex 123.726 59.3775 5
    endloop
  endfacet
  facet normal -0 0 1
    outer loop
      vertex 123.552 60.3495 5
      vertex 124.956 60.3487 5
      vertex 123.57 60.5478 5
    endloop
  endfacet
  facet normal 0 0 1
    outer loop
      vertex 125.001 59.9593 5
      vertex 123.605 59.7563 5
      vertex 123.657 59.5642 5
    endloop
  endfacet
  facet normal 0 0 1
    outer loop
      vertex 124.956 60.3487 5
      vertex 123.552 60.3495 5
      vertex 124.956 60.1513 5
    endloop
  endfacet
  facet normal 0 0 1
    outer loop
      vertex 124.956 60.1513 5
      vertex 123.57 59.9522 5
      vertex 123.605 59.7563 5
    endloop
  endfacet
  facet normal 0 0 1
    outer loop
      vertex 123.552 60.1505 5
      vertex 124.956 60.1513 5
      vertex 123.552 60.3495 5
    endloop
  endfacet
  facet normal 0 0 1
    outer loop
      vertex 124.956 60.1513 5
      vertex 123.552 60.1505 5
      vertex 123.57 59.9522 5
    endloop
  endfacet
  facet normal 0.991429 0.130649 0
    outer loop
      vertex 128.041 60.4489 5
      vertex 128.015 60.6462 3
      vertex 128.015 60.6462 5
    endloop
  endfacet
  facet normal 0.991429 0.130649 0
    outer loop
      vertex 128.015 60.6462 3
      vertex 128.041 60.4489 5
      vertex 128.041 60.4489 3
    endloop
  endfacet
  facet normal 0.998978 0.0452026 0
    outer loop
      vertex 128.05 60.25 5
      vertex 128.041 60.4489 3
      vertex 128.041 60.4489 5
    endloop
  endfacet
  facet normal 0.998978 0.0452026 0
    outer loop
      vertex 128.041 60.4489 3
      vertex 128.05 60.25 5
      vertex 128.05 60.25 3
    endloop
  endfacet
  facet normal 0.730085 -0.683356 0
    outer loop
      vertex 127.373 58.6415 5
      vertex 127.509 58.7868 3
      vertex 127.509 58.7868 5
    endloop
  endfacet
  facet normal 0.730085 -0.683356 0
    outer loop
      vertex 127.509 58.7868 3
      vertex 127.373 58.6415 5
      vertex 127.373 58.6415 3
    endloop
  endfacet
  facet normal 0.367487 -0.930029 0
    outer loop
      vertex 126.533 58.1228 3
      vertex 126.718 58.1959 5
      vertex 126.533 58.1228 5
    endloop
  endfacet
  facet normal 0.367487 -0.930029 0
    outer loop
      vertex 126.718 58.1959 5
      vertex 126.533 58.1228 3
      vertex 126.718 58.1959 3
    endloop
  endfacet
  facet normal 0.109936 -0.993939 0
    outer loop
      vertex 125.949 58.005 3
      vertex 126.147 58.0269 5
      vertex 125.949 58.005 5
    endloop
  endfacet
  facet normal 0.109936 -0.993939 0
    outer loop
      vertex 126.147 58.0269 5
      vertex 125.949 58.005 3
      vertex 126.147 58.0269 3
    endloop
  endfacet
  facet normal -0.486921 0.873446 0
    outer loop
      vertex 124.792 62.2615 3
      vertex 124.618 62.1645 5
      vertex 124.792 62.2615 5
    endloop
  endfacet
  facet normal -0.486921 0.873446 0
    outer loop
      vertex 124.618 62.1645 5
      vertex 124.792 62.2615 3
      vertex 124.618 62.1645 3
    endloop
  endfacet
  facet normal 0.922108 -0.386933 0
    outer loop
      vertex 127.833 59.2866 5
      vertex 127.91 59.4701 3
      vertex 127.91 59.4701 5
    endloop
  endfacet
  facet normal 0.922108 -0.386933 0
    outer loop
      vertex 127.91 59.4701 3
      vertex 127.833 59.2866 5
      vertex 127.833 59.2866 3
    endloop
  endfacet
  facet normal 0.448017 0.894025 -0
    outer loop
      vertex 126.896 62.2149 3
      vertex 126.718 62.3041 5
      vertex 126.896 62.2149 5
    endloop
  endfacet
  facet normal 0.448017 0.894025 0
    outer loop
      vertex 126.718 62.3041 5
      vertex 126.896 62.2149 3
      vertex 126.718 62.3041 3
    endloop
  endfacet
  facet normal 0.884045 -0.467403 0
    outer loop
      vertex 127.74 59.1107 5
      vertex 127.833 59.2866 3
      vertex 127.833 59.2866 5
    endloop
  endfacet
  facet normal 0.884045 -0.467403 0
    outer loop
      vertex 127.833 59.2866 3
      vertex 127.74 59.1107 5
      vertex 127.74 59.1107 3
    endloop
  endfacet
  facet normal 0.0226073 0.999744 -0
    outer loop
      vertex 125.949 62.495 3
      vertex 125.75 62.4995 5
      vertex 125.949 62.495 5
    endloop
  endfacet
  facet normal 0.0226073 0.999744 0
    outer loop
      vertex 125.75 62.4995 5
      vertex 125.949 62.495 3
      vertex 125.75 62.4995 3
    endloop
  endfacet
  facet normal -0.700031 -0.714112 0
    outer loop
      vertex 124.157 58.7127 3
      vertex 124.299 58.5735 5
      vertex 124.157 58.7127 5
    endloop
  endfacet
  facet normal -0.700031 -0.714112 -0
    outer loop
      vertex 124.299 58.5735 5
      vertex 124.157 58.7127 3
      vertex 124.299 58.5735 3
    endloop
  endfacet
  facet normal -0.561281 -0.827626 0
    outer loop
      vertex 124.453 58.4474 3
      vertex 124.618 58.3355 5
      vertex 124.453 58.4474 5
    endloop
  endfacet
  facet normal -0.561281 -0.827626 -0
    outer loop
      vertex 124.618 58.3355 5
      vertex 124.453 58.4474 3
      vertex 124.618 58.3355 3
    endloop
  endfacet
  facet normal -0.904157 -0.4272 0
    outer loop
      vertex 123.811 59.1976 3
      vertex 123.726 59.3775 5
      vertex 123.726 59.3775 3
    endloop
  endfacet
  facet normal -0.904157 -0.4272 0
    outer loop
      vertex 123.726 59.3775 5
      vertex 123.811 59.1976 3
      vertex 123.811 59.1976 5
    endloop
  endfacet
  facet normal -0.326316 -0.945261 0
    outer loop
      vertex 124.974 58.1573 3
      vertex 125.162 58.0924 5
      vertex 124.974 58.1573 5
    endloop
  endfacet
  facet normal -0.326316 -0.945261 -0
    outer loop
      vertex 125.162 58.0924 5
      vertex 124.974 58.1573 3
      vertex 125.162 58.0924 3
    endloop
  endfacet
  facet normal -0.995906 0.0903999 0
    outer loop
      vertex 123.552 60.3495 3
      vertex 123.57 60.5478 5
      vertex 123.57 60.5478 3
    endloop
  endfacet
  facet normal -0.995906 0.0903999 0
    outer loop
      vertex 123.57 60.5478 5
      vertex 123.552 60.3495 3
      vertex 123.552 60.3495 5
    endloop
  endfacet
  facet normal -0.0670207 -0.997752 0
    outer loop
      vertex 125.552 58.0138 3
      vertex 125.75 58.0005 5
      vertex 125.552 58.0138 5
    endloop
  endfacet
  facet normal -0.0670207 -0.997752 -0
    outer loop
      vertex 125.75 58.0005 5
      vertex 125.552 58.0138 3
      vertex 125.75 58.0005 3
    endloop
  endfacet
  facet normal 0.884045 0.467403 0
    outer loop
      vertex 127.833 61.2134 5
      vertex 127.74 61.3893 3
      vertex 127.74 61.3893 5
    endloop
  endfacet
  facet normal 0.884045 0.467403 0
    outer loop
      vertex 127.74 61.3893 3
      vertex 127.833 61.2134 5
      vertex 127.833 61.2134 3
    endloop
  endfacet
  facet normal -0.153979 0.988074 0
    outer loop
      vertex 125.552 62.4862 3
      vertex 125.355 62.4555 5
      vertex 125.552 62.4862 5
    endloop
  endfacet
  facet normal -0.153979 0.988074 0
    outer loop
      vertex 125.355 62.4555 5
      vertex 125.552 62.4862 3
      vertex 125.355 62.4555 3
    endloop
  endfacet
  facet normal -0.407442 -0.913231 0
    outer loop
      vertex 124.792 58.2385 3
      vertex 124.974 58.1573 5
      vertex 124.792 58.2385 5
    endloop
  endfacet
  facet normal -0.407442 -0.913231 -0
    outer loop
      vertex 124.974 58.1573 5
      vertex 124.792 58.2385 3
      vertex 124.974 58.1573 3
    endloop
  endfacet
  facet normal -0.700031 0.714112 0
    outer loop
      vertex 124.299 61.9265 3
      vertex 124.157 61.7873 5
      vertex 124.299 61.9265 5
    endloop
  endfacet
  facet normal -0.700031 0.714112 0
    outer loop
      vertex 124.157 61.7873 5
      vertex 124.299 61.9265 3
      vertex 124.157 61.7873 3
    endloop
  endfacet
  facet normal 0.951898 0.306416 0
    outer loop
      vertex 127.971 60.8404 5
      vertex 127.91 61.0299 3
      vertex 127.91 61.0299 5
    endloop
  endfacet
  facet normal 0.951898 0.306416 0
    outer loop
      vertex 127.91 61.0299 3
      vertex 127.971 60.8404 5
      vertex 127.971 60.8404 3
    endloop
  endfacet
  facet normal -0.240879 0.970555 0
    outer loop
      vertex 125.355 62.4555 3
      vertex 125.162 62.4076 5
      vertex 125.355 62.4555 5
    endloop
  endfacet
  facet normal -0.240879 0.970555 0
    outer loop
      vertex 125.162 62.4076 5
      vertex 125.355 62.4555 3
      vertex 125.162 62.4076 3
    endloop
  endfacet
  facet normal -0.984412 0.175878 0
    outer loop
      vertex 123.57 60.5478 3
      vertex 123.605 60.7437 5
      vertex 123.605 60.7437 3
    endloop
  endfacet
  facet normal -0.984412 0.175878 0
    outer loop
      vertex 123.605 60.7437 5
      vertex 123.57 60.5478 3
      vertex 123.57 60.5478 5
    endloop
  endfacet
  facet normal -0.633539 0.773711 0
    outer loop
      vertex 124.453 62.0526 3
      vertex 124.299 61.9265 5
      vertex 124.453 62.0526 5
    endloop
  endfacet
  facet normal -0.633539 0.773711 0
    outer loop
      vertex 124.299 61.9265 5
      vertex 124.453 62.0526 3
      vertex 124.299 61.9265 3
    endloop
  endfacet
  facet normal 0.599839 0.800121 -0
    outer loop
      vertex 127.225 61.9912 3
      vertex 127.066 62.1104 5
      vertex 127.225 61.9912 5
    endloop
  endfacet
  facet normal 0.599839 0.800121 0
    outer loop
      vertex 127.066 62.1104 5
      vertex 127.225 61.9912 3
      vertex 127.066 62.1104 3
    endloop
  endfacet
  facet normal 0.922108 0.386933 0
    outer loop
      vertex 127.91 61.0299 5
      vertex 127.833 61.2134 3
      vertex 127.833 61.2134 5
    endloop
  endfacet
  facet normal 0.922108 0.386933 0
    outer loop
      vertex 127.833 61.2134 3
      vertex 127.91 61.0299 5
      vertex 127.91 61.0299 3
    endloop
  endfacet
  facet normal -0.965261 -0.261289 0
    outer loop
      vertex 123.657 59.5642 3
      vertex 123.605 59.7563 5
      vertex 123.605 59.7563 3
    endloop
  endfacet
  facet normal -0.965261 -0.261289 0
    outer loop
      vertex 123.605 59.7563 5
      vertex 123.657 59.5642 3
      vertex 123.657 59.5642 5
    endloop
  endfacet
  facet normal 0.839853 0.542814 0
    outer loop
      vertex 127.74 61.3893 5
      vertex 127.632 61.5564 3
      vertex 127.632 61.5564 5
    endloop
  endfacet
  facet normal 0.839853 0.542814 0
    outer loop
      vertex 127.632 61.5564 3
      vertex 127.74 61.3893 5
      vertex 127.74 61.3893 3
    endloop
  endfacet
  facet normal 0.198049 -0.980192 0
    outer loop
      vertex 126.147 58.0269 3
      vertex 126.342 58.0663 5
      vertex 126.147 58.0269 5
    endloop
  endfacet
  facet normal 0.198049 -0.980192 0
    outer loop
      vertex 126.342 58.0663 5
      vertex 126.147 58.0269 3
      vertex 126.342 58.0663 3
    endloop
  endfacet
  facet normal 0.283661 -0.958925 0
    outer loop
      vertex 126.342 58.0663 3
      vertex 126.533 58.1228 5
      vertex 126.342 58.0663 5
    endloop
  endfacet
  facet normal 0.283661 -0.958925 0
    outer loop
      vertex 126.533 58.1228 5
      vertex 126.342 58.0663 3
      vertex 126.533 58.1228 3
    endloop
  endfacet
  facet normal -0.995906 -0.0903999 0
    outer loop
      vertex 123.57 59.9522 3
      vertex 123.552 60.1505 5
      vertex 123.552 60.1505 3
    endloop
  endfacet
  facet normal -0.995906 -0.0903999 0
    outer loop
      vertex 123.552 60.1505 5
      vertex 123.57 59.9522 3
      vertex 123.57 59.9522 5
    endloop
  endfacet
  facet normal -0.326316 0.945261 0
    outer loop
      vertex 125.162 62.4076 3
      vertex 124.974 62.3427 5
      vertex 125.162 62.4076 5
    endloop
  endfacet
  facet normal -0.326316 0.945261 0
    outer loop
      vertex 124.974 62.3427 5
      vertex 125.162 62.4076 3
      vertex 124.974 62.3427 3
    endloop
  endfacet
  facet normal 0.730085 0.683356 0
    outer loop
      vertex 127.509 61.7132 5
      vertex 127.373 61.8585 3
      vertex 127.373 61.8585 5
    endloop
  endfacet
  facet normal 0.730085 0.683356 0
    outer loop
      vertex 127.373 61.8585 3
      vertex 127.509 61.7132 5
      vertex 127.509 61.7132 3
    endloop
  endfacet
  facet normal 0.667574 0.744544 -0
    outer loop
      vertex 127.373 61.8585 3
      vertex 127.225 61.9912 5
      vertex 127.373 61.8585 5
    endloop
  endfacet
  facet normal 0.667574 0.744544 0
    outer loop
      vertex 127.225 61.9912 5
      vertex 127.373 61.8585 3
      vertex 127.225 61.9912 3
    endloop
  endfacet
  facet normal -0.486921 -0.873446 0
    outer loop
      vertex 124.618 58.3355 3
      vertex 124.792 58.2385 5
      vertex 124.618 58.3355 5
    endloop
  endfacet
  facet normal -0.486921 -0.873446 -0
    outer loop
      vertex 124.792 58.2385 5
      vertex 124.618 58.3355 3
      vertex 124.792 58.2385 3
    endloop
  endfacet
  facet normal -0.407442 0.913231 0
    outer loop
      vertex 124.974 62.3427 3
      vertex 124.792 62.2615 5
      vertex 124.974 62.3427 5
    endloop
  endfacet
  facet normal -0.407442 0.913231 0
    outer loop
      vertex 124.792 62.2615 5
      vertex 124.974 62.3427 3
      vertex 124.792 62.2615 3
    endloop
  endfacet
  facet normal -0.937991 -0.34666 0
    outer loop
      vertex 123.726 59.3775 3
      vertex 123.657 59.5642 5
      vertex 123.657 59.5642 3
    endloop
  endfacet
  facet normal -0.937991 -0.34666 0
    outer loop
      vertex 123.657 59.5642 5
      vertex 123.726 59.3775 3
      vertex 123.726 59.3775 5
    endloop
  endfacet
  facet normal -0.937991 0.34666 0
    outer loop
      vertex 123.657 32.4358 3
      vertex 123.726 32.6225 5
      vertex 123.726 32.6225 3
    endloop
  endfacet
  facet normal -0.937991 0.34666 0
    outer loop
      vertex 123.726 32.6225 5
      vertex 123.657 32.4358 3
      vertex 123.657 32.4358 5
    endloop
  endfacet
  facet normal 0.991429 -0.130649 0
    outer loop
      vertex 128.015 31.3538 5
      vertex 128.041 31.5511 3
      vertex 128.041 31.5511 5
    endloop
  endfacet
  facet normal 0.991429 -0.130649 0
    outer loop
      vertex 128.041 31.5511 3
      vertex 128.015 31.3538 5
      vertex 128.015 31.3538 3
    endloop
  endfacet
  facet normal 0.998978 -0.0452026 0
    outer loop
      vertex 128.041 31.5511 5
      vertex 128.05 31.75 3
      vertex 128.05 31.75 5
    endloop
  endfacet
  facet normal 0.998978 -0.0452026 0
    outer loop
      vertex 128.05 31.75 3
      vertex 128.041 31.5511 5
      vertex 128.041 31.5511 3
    endloop
  endfacet
  facet normal 0.975281 -0.22097 0
    outer loop
      vertex 127.971 31.1596 5
      vertex 128.015 31.3538 3
      vertex 128.015 31.3538 5
    endloop
  endfacet
  facet normal 0.975281 -0.22097 0
    outer loop
      vertex 128.015 31.3538 3
      vertex 127.971 31.1596 5
      vertex 127.971 31.1596 3
    endloop
  endfacet
  facet normal 0.367487 0.930029 -0
    outer loop
      vertex 126.718 33.8041 3
      vertex 126.533 33.8772 5
      vertex 126.718 33.8041 5
    endloop
  endfacet
  facet normal 0.367487 0.930029 0
    outer loop
      vertex 126.533 33.8772 5
      vertex 126.718 33.8041 3
      vertex 126.533 33.8772 3
    endloop
  endfacet
  facet normal -0.965261 -0.261289 0
    outer loop
      vertex 123.657 31.0642 3
      vertex 123.605 31.2563 5
      vertex 123.605 31.2563 3
    endloop
  endfacet
  facet normal -0.965261 -0.261289 0
    outer loop
      vertex 123.605 31.2563 5
      vertex 123.657 31.0642 3
      vertex 123.657 31.0642 5
    endloop
  endfacet
  facet normal -0.760746 0.649049 0
    outer loop
      vertex 124.028 33.1361 3
      vertex 124.157 33.2873 5
      vertex 124.157 33.2873 3
    endloop
  endfacet
  facet normal -0.760746 0.649049 0
    outer loop
      vertex 124.157 33.2873 5
      vertex 124.028 33.1361 3
      vertex 124.028 33.1361 5
    endloop
  endfacet
  facet normal 0.951898 -0.306416 0
    outer loop
      vertex 127.91 30.9701 5
      vertex 127.971 31.1596 3
      vertex 127.971 31.1596 5
    endloop
  endfacet
  facet normal 0.951898 -0.306416 0
    outer loop
      vertex 127.971 31.1596 3
      vertex 127.91 30.9701 5
      vertex 127.91 30.9701 3
    endloop
  endfacet
  facet normal 0.523678 0.851916 -0
    outer loop
      vertex 127.066 33.6104 3
      vertex 126.896 33.7149 5
      vertex 127.066 33.6104 5
    endloop
  endfacet
  facet normal 0.523678 0.851916 0
    outer loop
      vertex 126.896 33.7149 5
      vertex 127.066 33.6104 3
      vertex 126.896 33.7149 3
    endloop
  endfacet
  facet normal -0.813225 0.58195 0
    outer loop
      vertex 123.912 32.974 3
      vertex 124.028 33.1361 5
      vertex 124.028 33.1361 3
    endloop
  endfacet
  facet normal -0.813225 0.58195 0
    outer loop
      vertex 124.028 33.1361 5
      vertex 123.912 32.974 3
      vertex 123.912 32.974 5
    endloop
  endfacet
  facet normal 0.109936 0.993939 -0
    outer loop
      vertex 126.147 33.9731 3
      vertex 125.949 33.995 5
      vertex 126.147 33.9731 5
    endloop
  endfacet
  facet normal 0.109936 0.993939 0
    outer loop
      vertex 125.949 33.995 5
      vertex 126.147 33.9731 3
      vertex 125.949 33.995 3
    endloop
  endfacet
  facet normal 0.599839 -0.800121 0
    outer loop
      vertex 127.066 29.8896 3
      vertex 127.225 30.0088 5
      vertex 127.066 29.8896 5
    endloop
  endfacet
  facet normal 0.599839 -0.800121 0
    outer loop
      vertex 127.225 30.0088 5
      vertex 127.066 29.8896 3
      vertex 127.225 30.0088 3
    endloop
  endfacet
  facet normal -0.240879 -0.970555 0
    outer loop
      vertex 125.162 29.5924 3
      vertex 125.355 29.5445 5
      vertex 125.162 29.5924 5
    endloop
  endfacet
  facet normal -0.240879 -0.970555 -0
    outer loop
      vertex 125.355 29.5445 5
      vertex 125.162 29.5924 3
      vertex 125.355 29.5445 3
    endloop
  endfacet
  facet normal -0.153979 -0.988074 0
    outer loop
      vertex 125.355 29.5445 3
      vertex 125.552 29.5138 5
      vertex 125.355 29.5445 5
    endloop
  endfacet
  facet normal -0.153979 -0.988074 -0
    outer loop
      vertex 125.552 29.5138 5
      vertex 125.355 29.5445 3
      vertex 125.552 29.5138 3
    endloop
  endfacet
  facet normal 0.198049 0.980192 -0
    outer loop
      vertex 126.342 33.9337 3
      vertex 126.147 33.9731 5
      vertex 126.342 33.9337 5
    endloop
  endfacet
  facet normal 0.198049 0.980192 0
    outer loop
      vertex 126.147 33.9731 5
      vertex 126.342 33.9337 3
      vertex 126.147 33.9731 3
    endloop
  endfacet
  facet normal 0.283661 -0.958925 0
    outer loop
      vertex 126.342 29.5663 3
      vertex 126.533 29.6228 5
      vertex 126.342 29.5663 5
    endloop
  endfacet
  facet normal 0.283661 -0.958925 0
    outer loop
      vertex 126.533 29.6228 5
      vertex 126.342 29.5663 3
      vertex 126.533 29.6228 3
    endloop
  endfacet
  facet normal 0.786806 -0.617201 0
    outer loop
      vertex 127.509 30.2868 5
      vertex 127.632 30.4436 3
      vertex 127.632 30.4436 5
    endloop
  endfacet
  facet normal 0.786806 -0.617201 0
    outer loop
      vertex 127.632 30.4436 3
      vertex 127.509 30.2868 5
      vertex 127.509 30.2868 3
    endloop
  endfacet
  facet normal -0.904157 0.4272 0
    outer loop
      vertex 123.726 32.6225 3
      vertex 123.811 32.8024 5
      vertex 123.811 32.8024 3
    endloop
  endfacet
  facet normal -0.904157 0.4272 0
    outer loop
      vertex 123.811 32.8024 5
      vertex 123.726 32.6225 3
      vertex 123.726 32.6225 5
    endloop
  endfacet
  facet normal 0.786806 0.617201 0
    outer loop
      vertex 127.632 33.0564 5
      vertex 127.509 33.2132 3
      vertex 127.509 33.2132 5
    endloop
  endfacet
  facet normal 0.786806 0.617201 0
    outer loop
      vertex 127.509 33.2132 3
      vertex 127.632 33.0564 5
      vertex 127.632 33.0564 3
    endloop
  endfacet
  facet normal -0.984412 -0.175878 0
    outer loop
      vertex 123.605 31.2563 3
      vertex 123.57 31.4522 5
      vertex 123.57 31.4522 3
    endloop
  endfacet
  facet normal -0.984412 -0.175878 0
    outer loop
      vertex 123.57 31.4522 5
      vertex 123.605 31.2563 3
      vertex 123.605 31.2563 5
    endloop
  endfacet
  facet normal 0.283661 0.958925 -0
    outer loop
      vertex 126.533 33.8772 3
      vertex 126.342 33.9337 5
      vertex 126.533 33.8772 5
    endloop
  endfacet
  facet normal 0.283661 0.958925 0
    outer loop
      vertex 126.342 33.9337 5
      vertex 126.533 33.8772 3
      vertex 126.342 33.9337 3
    endloop
  endfacet
  facet normal 0.448017 -0.894025 0
    outer loop
      vertex 126.718 29.6959 3
      vertex 126.896 29.7851 5
      vertex 126.718 29.6959 5
    endloop
  endfacet
  facet normal 0.448017 -0.894025 0
    outer loop
      vertex 126.896 29.7851 5
      vertex 126.718 29.6959 3
      vertex 126.896 29.7851 3
    endloop
  endfacet
  facet normal 0.839853 -0.542814 0
    outer loop
      vertex 127.632 30.4436 5
      vertex 127.74 30.6107 3
      vertex 127.74 30.6107 5
    endloop
  endfacet
  facet normal 0.839853 -0.542814 0
    outer loop
      vertex 127.74 30.6107 3
      vertex 127.632 30.4436 5
      vertex 127.632 30.4436 3
    endloop
  endfacet
  facet normal -0.861805 -0.50724 0
    outer loop
      vertex 123.912 30.526 3
      vertex 123.811 30.6976 5
      vertex 123.811 30.6976 3
    endloop
  endfacet
  facet normal -0.861805 -0.50724 0
    outer loop
      vertex 123.811 30.6976 5
      vertex 123.912 30.526 3
      vertex 123.912 30.526 5
    endloop
  endfacet
  facet normal 0.0221052 -0.999756 0
    outer loop
      vertex 125.75 29.5006 3
      vertex 125.949 29.505 5
      vertex 125.75 29.5006 5
    endloop
  endfacet
  facet normal 0.0221052 -0.999756 0
    outer loop
      vertex 125.949 29.505 5
      vertex 125.75 29.5006 3
      vertex 125.949 29.505 3
    endloop
  endfacet
  facet normal -0.760746 -0.649049 0
    outer loop
      vertex 124.157 30.2127 3
      vertex 124.028 30.3639 5
      vertex 124.028 30.3639 3
    endloop
  endfacet
  facet normal -0.760746 -0.649049 0
    outer loop
      vertex 124.028 30.3639 5
      vertex 124.157 30.2127 3
      vertex 124.157 30.2127 5
    endloop
  endfacet
  facet normal -0.633539 -0.773711 0
    outer loop
      vertex 124.299 30.0735 3
      vertex 124.453 29.9474 5
      vertex 124.299 30.0735 5
    endloop
  endfacet
  facet normal -0.633539 -0.773711 -0
    outer loop
      vertex 124.453 29.9474 5
      vertex 124.299 30.0735 3
      vertex 124.453 29.9474 3
    endloop
  endfacet
  facet normal 0.523678 -0.851916 0
    outer loop
      vertex 126.896 29.7851 3
      vertex 127.066 29.8896 5
      vertex 126.896 29.7851 5
    endloop
  endfacet
  facet normal 0.523678 -0.851916 0
    outer loop
      vertex 127.066 29.8896 5
      vertex 126.896 29.7851 3
      vertex 127.066 29.8896 3
    endloop
  endfacet
  facet normal -0.965261 0.261289 0
    outer loop
      vertex 123.605 32.2437 3
      vertex 123.657 32.4358 5
      vertex 123.657 32.4358 3
    endloop
  endfacet
  facet normal -0.965261 0.261289 0
    outer loop
      vertex 123.657 32.4358 5
      vertex 123.605 32.2437 3
      vertex 123.605 32.2437 5
    endloop
  endfacet
  facet normal -0.561281 0.827626 0
    outer loop
      vertex 124.618 33.6645 3
      vertex 124.453 33.5526 5
      vertex 124.618 33.6645 5
    endloop
  endfacet
  facet normal -0.561281 0.827626 0
    outer loop
      vertex 124.453 33.5526 5
      vertex 124.618 33.6645 3
      vertex 124.453 33.5526 3
    endloop
  endfacet
  facet normal -0.813225 -0.58195 0
    outer loop
      vertex 124.028 30.3639 3
      vertex 123.912 30.526 5
      vertex 123.912 30.526 3
    endloop
  endfacet
  facet normal -0.813225 -0.58195 0
    outer loop
      vertex 123.912 30.526 5
      vertex 124.028 30.3639 3
      vertex 124.028 30.3639 5
    endloop
  endfacet
  facet normal 0.667574 -0.744544 0
    outer loop
      vertex 127.225 30.0088 3
      vertex 127.373 30.1415 5
      vertex 127.225 30.0088 5
    endloop
  endfacet
  facet normal 0.667574 -0.744544 0
    outer loop
      vertex 127.373 30.1415 5
      vertex 127.225 30.0088 3
      vertex 127.373 30.1415 3
    endloop
  endfacet
  facet normal -0.861805 0.50724 0
    outer loop
      vertex 123.811 32.8024 3
      vertex 123.912 32.974 5
      vertex 123.912 32.974 3
    endloop
  endfacet
  facet normal -0.861805 0.50724 0
    outer loop
      vertex 123.912 32.974 5
      vertex 123.811 32.8024 3
      vertex 123.811 32.8024 5
    endloop
  endfacet
  facet normal -1 0 0
    outer loop
      vertex 123.552 31.6505 3
      vertex 123.552 31.8495 5
      vertex 123.552 31.8495 3
    endloop
  endfacet
  facet normal -1 -0 0
    outer loop
      vertex 123.552 31.8495 5
      vertex 123.552 31.6505 3
      vertex 123.552 31.6505 5
    endloop
  endfacet
  facet normal 0.975281 0.22097 0
    outer loop
      vertex 128.015 32.1462 5
      vertex 127.971 32.3404 3
      vertex 127.971 32.3404 5
    endloop
  endfacet
  facet normal 0.975281 0.22097 0
    outer loop
      vertex 127.971 32.3404 3
      vertex 128.015 32.1462 5
      vertex 128.015 32.1462 3
    endloop
  endfacet
  facet normal 0.991429 0.130649 0
    outer loop
      vertex 128.041 31.9489 5
      vertex 128.015 32.1462 3
      vertex 128.015 32.1462 5
    endloop
  endfacet
  facet normal 0.991429 0.130649 0
    outer loop
      vertex 128.015 32.1462 3
      vertex 128.041 31.9489 5
      vertex 128.041 31.9489 3
    endloop
  endfacet
  facet normal 0.998978 0.0452026 0
    outer loop
      vertex 128.05 31.75 5
      vertex 128.041 31.9489 3
      vertex 128.041 31.9489 5
    endloop
  endfacet
  facet normal 0.998978 0.0452026 0
    outer loop
      vertex 128.041 31.9489 3
      vertex 128.05 31.75 5
      vertex 128.05 31.75 3
    endloop
  endfacet
  facet normal 0.730085 -0.683356 0
    outer loop
      vertex 127.373 30.1415 5
      vertex 127.509 30.2868 3
      vertex 127.509 30.2868 5
    endloop
  endfacet
  facet normal 0.730085 -0.683356 0
    outer loop
      vertex 127.509 30.2868 3
      vertex 127.373 30.1415 5
      vertex 127.373 30.1415 3
    endloop
  endfacet
  facet normal 0.367487 -0.930029 0
    outer loop
      vertex 126.533 29.6228 3
      vertex 126.718 29.6959 5
      vertex 126.533 29.6228 5
    endloop
  endfacet
  facet normal 0.367487 -0.930029 0
    outer loop
      vertex 126.718 29.6959 5
      vertex 126.533 29.6228 3
      vertex 126.718 29.6959 3
    endloop
  endfacet
  facet normal 0.109936 -0.993939 0
    outer loop
      vertex 125.949 29.505 3
      vertex 126.147 29.5269 5
      vertex 125.949 29.505 5
    endloop
  endfacet
  facet normal 0.109936 -0.993939 0
    outer loop
      vertex 126.147 29.5269 5
      vertex 125.949 29.505 3
      vertex 126.147 29.5269 3
    endloop
  endfacet
  facet normal -0.486921 0.873446 0
    outer loop
      vertex 124.792 33.7615 3
      vertex 124.618 33.6645 5
      vertex 124.792 33.7615 5
    endloop
  endfacet
  facet normal -0.486921 0.873446 0
    outer loop
      vertex 124.618 33.6645 5
      vertex 124.792 33.7615 3
      vertex 124.618 33.6645 3
    endloop
  endfacet
  facet normal 0.922108 -0.386933 0
    outer loop
      vertex 127.833 30.7866 5
      vertex 127.91 30.9701 3
      vertex 127.91 30.9701 5
    endloop
  endfacet
  facet normal 0.922108 -0.386933 0
    outer loop
      vertex 127.91 30.9701 3
      vertex 127.833 30.7866 5
      vertex 127.833 30.7866 3
    endloop
  endfacet
  facet normal 0.448017 0.894025 -0
    outer loop
      vertex 126.896 33.7149 3
      vertex 126.718 33.8041 5
      vertex 126.896 33.7149 5
    endloop
  endfacet
  facet normal 0.448017 0.894025 0
    outer loop
      vertex 126.718 33.8041 5
      vertex 126.896 33.7149 3
      vertex 126.718 33.8041 3
    endloop
  endfacet
  facet normal 0.884045 -0.467403 0
    outer loop
      vertex 127.74 30.6107 5
      vertex 127.833 30.7866 3
      vertex 127.833 30.7866 5
    endloop
  endfacet
  facet normal 0.884045 -0.467403 0
    outer loop
      vertex 127.833 30.7866 3
      vertex 127.74 30.6107 5
      vertex 127.74 30.6107 3
    endloop
  endfacet
  facet normal 0.0226073 0.999744 -0
    outer loop
      vertex 125.949 33.995 3
      vertex 125.75 33.9995 5
      vertex 125.949 33.995 5
    endloop
  endfacet
  facet normal 0.0226073 0.999744 0
    outer loop
      vertex 125.75 33.9995 5
      vertex 125.949 33.995 3
      vertex 125.75 33.9995 3
    endloop
  endfacet
  facet normal -0.700031 -0.714112 0
    outer loop
      vertex 124.157 30.2127 3
      vertex 124.299 30.0735 5
      vertex 124.157 30.2127 5
    endloop
  endfacet
  facet normal -0.700031 -0.714112 -0
    outer loop
      vertex 124.299 30.0735 5
      vertex 124.157 30.2127 3
      vertex 124.299 30.0735 3
    endloop
  endfacet
  facet normal 0.667574 0.744544 -0
    outer loop
      vertex 127.373 33.3585 3
      vertex 127.225 33.4912 5
      vertex 127.373 33.3585 5
    endloop
  endfacet
  facet normal 0.667574 0.744544 0
    outer loop
      vertex 127.225 33.4912 5
      vertex 127.373 33.3585 3
      vertex 127.225 33.4912 3
    endloop
  endfacet
  facet normal -0.904157 -0.4272 0
    outer loop
      vertex 123.811 30.6976 3
      vertex 123.726 30.8775 5
      vertex 123.726 30.8775 3
    endloop
  endfacet
  facet normal -0.904157 -0.4272 0
    outer loop
      vertex 123.726 30.8775 5
      vertex 123.811 30.6976 3
      vertex 123.811 30.6976 5
    endloop
  endfacet
  facet normal -0.326316 -0.945261 0
    outer loop
      vertex 124.974 29.6573 3
      vertex 125.162 29.5924 5
      vertex 124.974 29.6573 5
    endloop
  endfacet
  facet normal -0.326316 -0.945261 -0
    outer loop
      vertex 125.162 29.5924 5
      vertex 124.974 29.6573 3
      vertex 125.162 29.5924 3
    endloop
  endfacet
  facet normal -0.995906 0.0903999 0
    outer loop
      vertex 123.552 31.8495 3
      vertex 123.57 32.0478 5
      vertex 123.57 32.0478 3
    endloop
  endfacet
  facet normal -0.995906 0.0903999 0
    outer loop
      vertex 123.57 32.0478 5
      vertex 123.552 31.8495 3
      vertex 123.552 31.8495 5
    endloop
  endfacet
  facet normal -0.066519 -0.997785 0
    outer loop
      vertex 125.552 29.5138 3
      vertex 125.75 29.5006 5
      vertex 125.552 29.5138 5
    endloop
  endfacet
  facet normal -0.066519 -0.997785 -0
    outer loop
      vertex 125.75 29.5006 5
      vertex 125.552 29.5138 3
      vertex 125.75 29.5006 3
    endloop
  endfacet
  facet normal 0.884045 0.467403 0
    outer loop
      vertex 127.833 32.7134 5
      vertex 127.74 32.8893 3
      vertex 127.74 32.8893 5
    endloop
  endfacet
  facet normal 0.884045 0.467403 0
    outer loop
      vertex 127.74 32.8893 3
      vertex 127.833 32.7134 5
      vertex 127.833 32.7134 3
    endloop
  endfacet
  facet normal -0.153979 0.988074 0
    outer loop
      vertex 125.552 33.9862 3
      vertex 125.355 33.9555 5
      vertex 125.552 33.9862 5
    endloop
  endfacet
  facet normal -0.153979 0.988074 0
    outer loop
      vertex 125.355 33.9555 5
      vertex 125.552 33.9862 3
      vertex 125.355 33.9555 3
    endloop
  endfacet
  facet normal -0.407442 -0.913231 0
    outer loop
      vertex 124.792 29.7385 3
      vertex 124.974 29.6573 5
      vertex 124.792 29.7385 5
    endloop
  endfacet
  facet normal -0.407442 -0.913231 -0
    outer loop
      vertex 124.974 29.6573 5
      vertex 124.792 29.7385 3
      vertex 124.974 29.6573 3
    endloop
  endfacet
  facet normal -0.700031 0.714112 0
    outer loop
      vertex 124.299 33.4265 3
      vertex 124.157 33.2873 5
      vertex 124.299 33.4265 5
    endloop
  endfacet
  facet normal -0.700031 0.714112 0
    outer loop
      vertex 124.157 33.2873 5
      vertex 124.299 33.4265 3
      vertex 124.157 33.2873 3
    endloop
  endfacet
  facet normal 0.951898 0.306416 0
    outer loop
      vertex 127.971 32.3404 5
      vertex 127.91 32.5299 3
      vertex 127.91 32.5299 5
    endloop
  endfacet
  facet normal 0.951898 0.306416 0
    outer loop
      vertex 127.91 32.5299 3
      vertex 127.971 32.3404 5
      vertex 127.971 32.3404 3
    endloop
  endfacet
  facet normal -0.240879 0.970555 0
    outer loop
      vertex 125.355 33.9555 3
      vertex 125.162 33.9076 5
      vertex 125.355 33.9555 5
    endloop
  endfacet
  facet normal -0.240879 0.970555 0
    outer loop
      vertex 125.162 33.9076 5
      vertex 125.355 33.9555 3
      vertex 125.162 33.9076 3
    endloop
  endfacet
  facet normal -0.984412 0.175878 0
    outer loop
      vertex 123.57 32.0478 3
      vertex 123.605 32.2437 5
      vertex 123.605 32.2437 3
    endloop
  endfacet
  facet normal -0.984412 0.175878 0
    outer loop
      vertex 123.605 32.2437 5
      vertex 123.57 32.0478 3
      vertex 123.57 32.0478 5
    endloop
  endfacet
  facet normal -0.633539 0.773711 0
    outer loop
      vertex 124.453 33.5526 3
      vertex 124.299 33.4265 5
      vertex 124.453 33.5526 5
    endloop
  endfacet
  facet normal -0.633539 0.773711 0
    outer loop
      vertex 124.299 33.4265 5
      vertex 124.453 33.5526 3
      vertex 124.299 33.4265 3
    endloop
  endfacet
  facet normal 0.599839 0.800121 -0
    outer loop
      vertex 127.225 33.4912 3
      vertex 127.066 33.6104 5
      vertex 127.225 33.4912 5
    endloop
  endfacet
  facet normal 0.599839 0.800121 0
    outer loop
      vertex 127.066 33.6104 5
      vertex 127.225 33.4912 3
      vertex 127.066 33.6104 3
    endloop
  endfacet
  facet normal 0.922108 0.386933 0
    outer loop
      vertex 127.91 32.5299 5
      vertex 127.833 32.7134 3
      vertex 127.833 32.7134 5
    endloop
  endfacet
  facet normal 0.922108 0.386933 0
    outer loop
      vertex 127.833 32.7134 3
      vertex 127.91 32.5299 5
      vertex 127.91 32.5299 3
    endloop
  endfacet
  facet normal 0.839853 0.542814 0
    outer loop
      vertex 127.74 32.8893 5
      vertex 127.632 33.0564 3
      vertex 127.632 33.0564 5
    endloop
  endfacet
  facet normal 0.839853 0.542814 0
    outer loop
      vertex 127.632 33.0564 3
      vertex 127.74 32.8893 5
      vertex 127.74 32.8893 3
    endloop
  endfacet
  facet normal 0.198049 -0.980192 0
    outer loop
      vertex 126.147 29.5269 3
      vertex 126.342 29.5663 5
      vertex 126.147 29.5269 5
    endloop
  endfacet
  facet normal 0.198049 -0.980192 0
    outer loop
      vertex 126.342 29.5663 5
      vertex 126.147 29.5269 3
      vertex 126.342 29.5663 3
    endloop
  endfacet
  facet normal -0.995906 -0.0903999 0
    outer loop
      vertex 123.57 31.4522 3
      vertex 123.552 31.6505 5
      vertex 123.552 31.6505 3
    endloop
  endfacet
  facet normal -0.995906 -0.0903999 0
    outer loop
      vertex 123.552 31.6505 5
      vertex 123.57 31.4522 3
      vertex 123.57 31.4522 5
    endloop
  endfacet
  facet normal -0.326316 0.945261 0
    outer loop
      vertex 125.162 33.9076 3
      vertex 124.974 33.8427 5
      vertex 125.162 33.9076 5
    endloop
  endfacet
  facet normal -0.326316 0.945261 0
    outer loop
      vertex 124.974 33.8427 5
      vertex 125.162 33.9076 3
      vertex 124.974 33.8427 3
    endloop
  endfacet
  facet normal -0.0670207 0.997752 0
    outer loop
      vertex 125.75 33.9995 3
      vertex 125.552 33.9862 5
      vertex 125.75 33.9995 5
    endloop
  endfacet
  facet normal -0.0670207 0.997752 0
    outer loop
      vertex 125.552 33.9862 5
      vertex 125.75 33.9995 3
      vertex 125.552 33.9862 3
    endloop
  endfacet
  facet normal 0.730085 0.683356 0
    outer loop
      vertex 127.509 33.2132 5
      vertex 127.373 33.3585 3
      vertex 127.373 33.3585 5
    endloop
  endfacet
  facet normal 0.730085 0.683356 0
    outer loop
      vertex 127.373 33.3585 3
      vertex 127.509 33.2132 5
      vertex 127.509 33.2132 3
    endloop
  endfacet
  facet normal -0.486921 -0.873446 0
    outer loop
      vertex 124.618 29.8355 3
      vertex 124.792 29.7385 5
      vertex 124.618 29.8355 5
    endloop
  endfacet
  facet normal -0.486921 -0.873446 -0
    outer loop
      vertex 124.792 29.7385 5
      vertex 124.618 29.8355 3
      vertex 124.792 29.7385 3
    endloop
  endfacet
  facet normal -0.561281 -0.827626 0
    outer loop
      vertex 124.453 29.9474 3
      vertex 124.618 29.8355 5
      vertex 124.453 29.9474 5
    endloop
  endfacet
  facet normal -0.561281 -0.827626 -0
    outer loop
      vertex 124.618 29.8355 5
      vertex 124.453 29.9474 3
      vertex 124.618 29.8355 3
    endloop
  endfacet
  facet normal -0.407442 0.913231 0
    outer loop
      vertex 124.974 33.8427 3
      vertex 124.792 33.7615 5
      vertex 124.974 33.8427 5
    endloop
  endfacet
  facet normal -0.407442 0.913231 0
    outer loop
      vertex 124.792 33.7615 5
      vertex 124.974 33.8427 3
      vertex 124.792 33.7615 3
    endloop
  endfacet
  facet normal -0.937991 -0.34666 0
    outer loop
      vertex 123.726 30.8775 3
      vertex 123.657 31.0642 5
      vertex 123.657 31.0642 3
    endloop
  endfacet
  facet normal -0.937991 -0.34666 0
    outer loop
      vertex 123.657 31.0642 5
      vertex 123.726 30.8775 3
      vertex 123.726 30.8775 5
    endloop
  endfacet
  facet normal 0 0 1
    outer loop
      vertex 126.65 31.75 5
      vertex 128.05 31.75 5
      vertex 128.041 31.9489 5
    endloop
  endfacet
  facet normal 0 0 1
    outer loop
      vertex 126.627 31.946 5
      vertex 128.041 31.9489 5
      vertex 128.015 32.1462 5
    endloop
  endfacet
  facet normal 0 0 1
    outer loop
      vertex 128.05 31.75 5
      vertex 126.65 31.75 5
      vertex 128.041 31.5511 5
    endloop
  endfacet
  facet normal 0 0 1
    outer loop
      vertex 126.627 31.946 5
      vertex 128.015 32.1462 5
      vertex 127.971 32.3404 5
    endloop
  endfacet
  facet normal -0 0 1
    outer loop
      vertex 126.627 31.554 5
      vertex 128.041 31.5511 5
      vertex 126.65 31.75 5
    endloop
  endfacet
  facet normal 0 0 1
    outer loop
      vertex 126.627 31.946 5
      vertex 127.971 32.3404 5
      vertex 127.91 32.5299 5
    endloop
  endfacet
  facet normal 0 0 1
    outer loop
      vertex 128.041 31.5511 5
      vertex 126.627 31.554 5
      vertex 128.015 31.3538 5
    endloop
  endfacet
  facet normal 0 0 1
    outer loop
      vertex 126.56 32.1315 5
      vertex 127.91 32.5299 5
      vertex 127.833 32.7134 5
    endloop
  endfacet
  facet normal 0 0 1
    outer loop
      vertex 128.015 31.3538 5
      vertex 126.627 31.554 5
      vertex 127.971 31.1596 5
    endloop
  endfacet
  facet normal 0 0 1
    outer loop
      vertex 126.56 32.1315 5
      vertex 127.833 32.7134 5
      vertex 127.74 32.8893 5
    endloop
  endfacet
  facet normal 0 0 1
    outer loop
      vertex 127.971 31.1596 5
      vertex 126.627 31.554 5
      vertex 127.91 30.9701 5
    endloop
  endfacet
  facet normal 0 0 1
    outer loop
      vertex 126.56 32.1315 5
      vertex 127.74 32.8893 5
      vertex 127.632 33.0564 5
    endloop
  endfacet
  facet normal -0 0 1
    outer loop
      vertex 126.56 31.3685 5
      vertex 127.91 30.9701 5
      vertex 126.627 31.554 5
    endloop
  endfacet
  facet normal 0 0 1
    outer loop
      vertex 126.451 32.2964 5
      vertex 127.632 33.0564 5
      vertex 127.509 33.2132 5
    endloop
  endfacet
  facet normal 0 0 1
    outer loop
      vertex 127.91 30.9701 5
      vertex 126.56 31.3685 5
      vertex 127.833 30.7866 5
    endloop
  endfacet
  facet normal 0 0 1
    outer loop
      vertex 126.451 32.2964 5
      vertex 127.509 33.2132 5
      vertex 127.373 33.3585 5
    endloop
  endfacet
  facet normal 0 0 1
    outer loop
      vertex 127.833 30.7866 5
      vertex 126.56 31.3685 5
      vertex 127.74 30.6107 5
    endloop
  endfacet
  facet normal 0 0 1
    outer loop
      vertex 126.308 32.4318 5
      vertex 127.373 33.3585 5
      vertex 127.225 33.4912 5
    endloop
  endfacet
  facet normal 0 0 1
    outer loop
      vertex 127.74 30.6107 5
      vertex 126.56 31.3685 5
      vertex 127.632 30.4436 5
    endloop
  endfacet
  facet normal 0 0 1
    outer loop
      vertex 126.308 32.4318 5
      vertex 127.225 33.4912 5
      vertex 127.066 33.6104 5
    endloop
  endfacet
  facet normal -0 0 1
    outer loop
      vertex 126.451 31.2036 5
      vertex 127.632 30.4436 5
      vertex 126.56 31.3685 5
    endloop
  endfacet
  facet normal 0 0 1
    outer loop
      vertex 126.308 32.4318 5
      vertex 127.066 33.6104 5
      vertex 126.896 33.7149 5
    endloop
  endfacet
  facet normal 0 0 1
    outer loop
      vertex 127.632 30.4436 5
      vertex 126.451 31.2036 5
      vertex 127.509 30.2868 5
    endloop
  endfacet
  facet normal 0 0 1
    outer loop
      vertex 126.137 32.5305 5
      vertex 126.896 33.7149 5
      vertex 126.718 33.8041 5
    endloop
  endfacet
  facet normal 0 0 1
    outer loop
      vertex 127.509 30.2868 5
      vertex 126.451 31.2036 5
      vertex 127.373 30.1415 5
    endloop
  endfacet
  facet normal -0 0 1
    outer loop
      vertex 126.308 31.0682 5
      vertex 127.373 30.1415 5
      vertex 126.451 31.2036 5
    endloop
  endfacet
  facet normal 0 0 1
    outer loop
      vertex 128.041 31.9489 5
      vertex 126.627 31.946 5
      vertex 126.65 31.75 5
    endloop
  endfacet
  facet normal 0 0 1
    outer loop
      vertex 127.91 32.5299 5
      vertex 126.56 32.1315 5
      vertex 126.627 31.946 5
    endloop
  endfacet
  facet normal 0 0 1
    outer loop
      vertex 126.137 32.5305 5
      vertex 126.718 33.8041 5
      vertex 126.533 33.8772 5
    endloop
  endfacet
  facet normal 0 0 1
    outer loop
      vertex 127.632 33.0564 5
      vertex 126.451 32.2964 5
      vertex 126.56 32.1315 5
    endloop
  endfacet
  facet normal 0 0 1
    outer loop
      vertex 126.137 32.5305 5
      vertex 126.533 33.8772 5
      vertex 126.342 33.9337 5
    endloop
  endfacet
  facet normal 0 0 1
    outer loop
      vertex 127.373 33.3585 5
      vertex 126.308 32.4318 5
      vertex 126.451 32.2964 5
    endloop
  endfacet
  facet normal 0 0 1
    outer loop
      vertex 125.948 32.5871 5
      vertex 126.342 33.9337 5
      vertex 126.147 33.9731 5
    endloop
  endfacet
  facet normal 0 0 1
    outer loop
      vertex 126.896 33.7149 5
      vertex 126.137 32.5305 5
      vertex 126.308 32.4318 5
    endloop
  endfacet
  facet normal 0 0 1
    outer loop
      vertex 125.948 32.5871 5
      vertex 126.147 33.9731 5
      vertex 125.949 33.995 5
    endloop
  endfacet
  facet normal 0 0 1
    outer loop
      vertex 126.342 33.9337 5
      vertex 125.948 32.5871 5
      vertex 126.137 32.5305 5
    endloop
  endfacet
  facet normal 0 0 1
    outer loop
      vertex 125.949 33.995 5
      vertex 125.751 32.5986 5
      vertex 125.948 32.5871 5
    endloop
  endfacet
  facet normal 0 0 1
    outer loop
      vertex 125.75 33.9995 5
      vertex 125.751 32.5986 5
      vertex 125.949 33.995 5
    endloop
  endfacet
  facet normal -0 0 1
    outer loop
      vertex 125.552 33.9862 5
      vertex 125.751 32.5986 5
      vertex 125.75 33.9995 5
    endloop
  endfacet
  facet normal -0 0 1
    outer loop
      vertex 125.355 33.9555 5
      vertex 125.751 32.5986 5
      vertex 125.552 33.9862 5
    endloop
  endfacet
  facet normal 0 0 1
    outer loop
      vertex 125.751 32.5986 5
      vertex 125.355 33.9555 5
      vertex 125.556 32.5643 5
    endloop
  endfacet
  facet normal -0 0 1
    outer loop
      vertex 125.162 33.9076 5
      vertex 125.556 32.5643 5
      vertex 125.355 33.9555 5
    endloop
  endfacet
  facet normal -0 0 1
    outer loop
      vertex 124.974 33.8427 5
      vertex 125.556 32.5643 5
      vertex 125.162 33.9076 5
    endloop
  endfacet
  facet normal 0 0 1
    outer loop
      vertex 125.556 32.5643 5
      vertex 124.974 33.8427 5
      vertex 125.375 32.4861 5
    endloop
  endfacet
  facet normal -0 0 1
    outer loop
      vertex 124.792 33.7615 5
      vertex 125.375 32.4861 5
      vertex 124.974 33.8427 5
    endloop
  endfacet
  facet normal -0 0 1
    outer loop
      vertex 124.618 33.6645 5
      vertex 125.375 32.4861 5
      vertex 124.792 33.7615 5
    endloop
  endfacet
  facet normal -0 0 1
    outer loop
      vertex 124.453 33.5526 5
      vertex 125.375 32.4861 5
      vertex 124.618 33.6645 5
    endloop
  endfacet
  facet normal 0 0 1
    outer loop
      vertex 125.375 32.4861 5
      vertex 124.453 33.5526 5
      vertex 125.217 32.3683 5
    endloop
  endfacet
  facet normal -0 0 1
    outer loop
      vertex 124.157 33.2873 5
      vertex 125.217 32.3683 5
      vertex 124.299 33.4265 5
    endloop
  endfacet
  facet normal -0 0 1
    outer loop
      vertex 124.299 33.4265 5
      vertex 125.217 32.3683 5
      vertex 124.453 33.5526 5
    endloop
  endfacet
  facet normal 0 0 1
    outer loop
      vertex 127.373 30.1415 5
      vertex 126.308 31.0682 5
      vertex 127.225 30.0088 5
    endloop
  endfacet
  facet normal 0 0 1
    outer loop
      vertex 127.225 30.0088 5
      vertex 126.308 31.0682 5
      vertex 127.066 29.8896 5
    endloop
  endfacet
  facet normal 0 0 1
    outer loop
      vertex 127.066 29.8896 5
      vertex 126.308 31.0682 5
      vertex 126.896 29.7851 5
    endloop
  endfacet
  facet normal -0 0 1
    outer loop
      vertex 126.137 30.9695 5
      vertex 126.896 29.7851 5
      vertex 126.308 31.0682 5
    endloop
  endfacet
  facet normal 0 0 1
    outer loop
      vertex 126.896 29.7851 5
      vertex 126.137 30.9695 5
      vertex 126.718 29.6959 5
    endloop
  endfacet
  facet normal 0 0 1
    outer loop
      vertex 126.718 29.6959 5
      vertex 126.137 30.9695 5
      vertex 126.533 29.6228 5
    endloop
  endfacet
  facet normal 0 0 1
    outer loop
      vertex 126.533 29.6228 5
      vertex 126.137 30.9695 5
      vertex 126.342 29.5663 5
    endloop
  endfacet
  facet normal -0 0 1
    outer loop
      vertex 125.948 30.9129 5
      vertex 126.342 29.5663 5
      vertex 126.137 30.9695 5
    endloop
  endfacet
  facet normal 0 0 1
    outer loop
      vertex 126.342 29.5663 5
      vertex 125.948 30.9129 5
      vertex 126.147 29.5269 5
    endloop
  endfacet
  facet normal 0 0 1
    outer loop
      vertex 126.147 29.5269 5
      vertex 125.948 30.9129 5
      vertex 125.949 29.505 5
    endloop
  endfacet
  facet normal -0 0 1
    outer loop
      vertex 125.751 30.9014 5
      vertex 125.949 29.505 5
      vertex 125.948 30.9129 5
    endloop
  endfacet
  facet normal 0 0 1
    outer loop
      vertex 125.751 30.9014 5
      vertex 125.75 29.5006 5
      vertex 125.949 29.505 5
    endloop
  endfacet
  facet normal 0 0 1
    outer loop
      vertex 125.355 29.5445 5
      vertex 125.751 30.9014 5
      vertex 125.556 30.9357 5
    endloop
  endfacet
  facet normal 0 0 1
    outer loop
      vertex 125.751 30.9014 5
      vertex 125.552 29.5138 5
      vertex 125.75 29.5006 5
    endloop
  endfacet
  facet normal 0 0 1
    outer loop
      vertex 124.974 29.6573 5
      vertex 125.556 30.9357 5
      vertex 125.375 31.0139 5
    endloop
  endfacet
  facet normal 0 0 1
    outer loop
      vertex 125.751 30.9014 5
      vertex 125.355 29.5445 5
      vertex 125.552 29.5138 5
    endloop
  endfacet
  facet normal 0 0 1
    outer loop
      vertex 124.453 29.9474 5
      vertex 125.375 31.0139 5
      vertex 125.217 31.1317 5
    endloop
  endfacet
  facet normal 0 0 1
    outer loop
      vertex 125.556 30.9357 5
      vertex 125.162 29.5924 5
      vertex 125.355 29.5445 5
    endloop
  endfacet
  facet normal 0 0 1
    outer loop
      vertex 124.028 30.3639 5
      vertex 125.217 31.1317 5
      vertex 125.09 31.2829 5
    endloop
  endfacet
  facet normal 0 0 1
    outer loop
      vertex 123.811 30.6976 5
      vertex 125.09 31.2829 5
      vertex 125.001 31.4593 5
    endloop
  endfacet
  facet normal 0 0 1
    outer loop
      vertex 125.556 30.9357 5
      vertex 124.974 29.6573 5
      vertex 125.162 29.5924 5
    endloop
  endfacet
  facet normal 0 0 1
    outer loop
      vertex 123.605 31.2563 5
      vertex 125.001 31.4593 5
      vertex 124.956 31.6513 5
    endloop
  endfacet
  facet normal -0 0 1
    outer loop
      vertex 124.028 33.1361 5
      vertex 125.217 32.3683 5
      vertex 124.157 33.2873 5
    endloop
  endfacet
  facet normal 0 0 1
    outer loop
      vertex 125.375 31.0139 5
      vertex 124.792 29.7385 5
      vertex 124.974 29.6573 5
    endloop
  endfacet
  facet normal 0 0 1
    outer loop
      vertex 125.217 32.3683 5
      vertex 124.028 33.1361 5
      vertex 125.09 32.2171 5
    endloop
  endfacet
  facet normal 0 0 1
    outer loop
      vertex 125.375 31.0139 5
      vertex 124.618 29.8355 5
      vertex 124.792 29.7385 5
    endloop
  endfacet
  facet normal -0 0 1
    outer loop
      vertex 123.912 32.974 5
      vertex 125.09 32.2171 5
      vertex 124.028 33.1361 5
    endloop
  endfacet
  facet normal 0 0 1
    outer loop
      vertex 125.375 31.0139 5
      vertex 124.453 29.9474 5
      vertex 124.618 29.8355 5
    endloop
  endfacet
  facet normal -0 0 1
    outer loop
      vertex 123.811 32.8024 5
      vertex 125.09 32.2171 5
      vertex 123.912 32.974 5
    endloop
  endfacet
  facet normal 0 0 1
    outer loop
      vertex 125.217 31.1317 5
      vertex 124.299 30.0735 5
      vertex 124.453 29.9474 5
    endloop
  endfacet
  facet normal 0 0 1
    outer loop
      vertex 125.09 32.2171 5
      vertex 123.811 32.8024 5
      vertex 125.001 32.0407 5
    endloop
  endfacet
  facet normal 0 0 1
    outer loop
      vertex 125.217 31.1317 5
      vertex 124.157 30.2127 5
      vertex 124.299 30.0735 5
    endloop
  endfacet
  facet normal -0 0 1
    outer loop
      vertex 123.726 32.6225 5
      vertex 125.001 32.0407 5
      vertex 123.811 32.8024 5
    endloop
  endfacet
  facet normal 0 0 1
    outer loop
      vertex 125.217 31.1317 5
      vertex 124.028 30.3639 5
      vertex 124.157 30.2127 5
    endloop
  endfacet
  facet normal -0 0 1
    outer loop
      vertex 123.657 32.4358 5
      vertex 125.001 32.0407 5
      vertex 123.726 32.6225 5
    endloop
  endfacet
  facet normal 0 0 1
    outer loop
      vertex 125.09 31.2829 5
      vertex 123.912 30.526 5
      vertex 124.028 30.3639 5
    endloop
  endfacet
  facet normal -0 0 1
    outer loop
      vertex 123.605 32.2437 5
      vertex 125.001 32.0407 5
      vertex 123.657 32.4358 5
    endloop
  endfacet
  facet normal 0 0 1
    outer loop
      vertex 125.09 31.2829 5
      vertex 123.811 30.6976 5
      vertex 123.912 30.526 5
    endloop
  endfacet
  facet normal 0 0 1
    outer loop
      vertex 125.001 32.0407 5
      vertex 123.605 32.2437 5
      vertex 124.956 31.8487 5
    endloop
  endfacet
  facet normal 0 0 1
    outer loop
      vertex 125.001 31.4593 5
      vertex 123.726 30.8775 5
      vertex 123.811 30.6976 5
    endloop
  endfacet
  facet normal -0 0 1
    outer loop
      vertex 123.57 32.0478 5
      vertex 124.956 31.8487 5
      vertex 123.605 32.2437 5
    endloop
  endfacet
  facet normal 0 0 1
    outer loop
      vertex 125.001 31.4593 5
      vertex 123.657 31.0642 5
      vertex 123.726 30.8775 5
    endloop
  endfacet
  facet normal -0 0 1
    outer loop
      vertex 123.552 31.8495 5
      vertex 124.956 31.8487 5
      vertex 123.57 32.0478 5
    endloop
  endfacet
  facet normal 0 0 1
    outer loop
      vertex 125.001 31.4593 5
      vertex 123.605 31.2563 5
      vertex 123.657 31.0642 5
    endloop
  endfacet
  facet normal 0 0 1
    outer loop
      vertex 124.956 31.8487 5
      vertex 123.552 31.8495 5
      vertex 124.956 31.6513 5
    endloop
  endfacet
  facet normal 0 0 1
    outer loop
      vertex 124.956 31.6513 5
      vertex 123.57 31.4522 5
      vertex 123.605 31.2563 5
    endloop
  endfacet
  facet normal 0 0 1
    outer loop
      vertex 123.552 31.6505 5
      vertex 124.956 31.6513 5
      vertex 123.552 31.8495 5
    endloop
  endfacet
  facet normal 0 0 1
    outer loop
      vertex 124.956 31.6513 5
      vertex 123.552 31.6505 5
      vertex 123.57 31.4522 5
    endloop
  endfacet
  facet normal -0.965261 -0.261289 0
    outer loop
      vertex 154.057 59.5642 3
      vertex 154.005 59.7563 5
      vertex 154.005 59.7563 3
    endloop
  endfacet
  facet normal -0.965261 -0.261289 0
    outer loop
      vertex 154.005 59.7563 5
      vertex 154.057 59.5642 3
      vertex 154.057 59.5642 5
    endloop
  endfacet
  facet normal 0.991429 -0.130649 0
    outer loop
      vertex 158.415 59.8538 5
      vertex 158.441 60.0511 3
      vertex 158.441 60.0511 5
    endloop
  endfacet
  facet normal 0.991429 -0.130649 0
    outer loop
      vertex 158.441 60.0511 3
      vertex 158.415 59.8538 5
      vertex 158.415 59.8538 3
    endloop
  endfacet
  facet normal 0.998978 -0.0452026 0
    outer loop
      vertex 158.441 60.0511 5
      vertex 158.45 60.25 3
      vertex 158.45 60.25 5
    endloop
  endfacet
  facet normal 0.998978 -0.0452026 0
    outer loop
      vertex 158.45 60.25 3
      vertex 158.441 60.0511 5
      vertex 158.441 60.0511 3
    endloop
  endfacet
  facet normal 0.975281 -0.22097 0
    outer loop
      vertex 158.371 59.6596 5
      vertex 158.415 59.8538 3
      vertex 158.415 59.8538 5
    endloop
  endfacet
  facet normal 0.975281 -0.22097 0
    outer loop
      vertex 158.415 59.8538 3
      vertex 158.371 59.6596 5
      vertex 158.371 59.6596 3
    endloop
  endfacet
  facet normal 0.953354 -0.301854 0
    outer loop
      vertex 158.311 59.4701 5
      vertex 158.371 59.6596 3
      vertex 158.371 59.6596 5
    endloop
  endfacet
  facet normal 0.953354 -0.301854 0
    outer loop
      vertex 158.371 59.6596 3
      vertex 158.311 59.4701 5
      vertex 158.311 59.4701 3
    endloop
  endfacet
  facet normal 0.367487 -0.930029 0
    outer loop
      vertex 156.933 58.1228 3
      vertex 157.118 58.1959 5
      vertex 156.933 58.1228 5
    endloop
  endfacet
  facet normal 0.367487 -0.930029 0
    outer loop
      vertex 157.118 58.1959 5
      vertex 156.933 58.1228 3
      vertex 157.118 58.1959 3
    endloop
  endfacet
  facet normal -0.561281 -0.827626 0
    outer loop
      vertex 154.853 58.4474 3
      vertex 155.018 58.3355 5
      vertex 154.853 58.4474 5
    endloop
  endfacet
  facet normal -0.561281 -0.827626 -0
    outer loop
      vertex 155.018 58.3355 5
      vertex 154.853 58.4474 3
      vertex 155.018 58.3355 3
    endloop
  endfacet
  facet normal 0.0226073 0.999744 -0
    outer loop
      vertex 156.349 62.495 3
      vertex 156.15 62.4995 5
      vertex 156.349 62.495 5
    endloop
  endfacet
  facet normal 0.0226073 0.999744 0
    outer loop
      vertex 156.15 62.4995 5
      vertex 156.349 62.495 3
      vertex 156.15 62.4995 3
    endloop
  endfacet
  facet normal -0.153979 -0.988074 0
    outer loop
      vertex 155.755 58.0445 3
      vertex 155.952 58.0138 5
      vertex 155.755 58.0445 5
    endloop
  endfacet
  facet normal -0.153979 -0.988074 -0
    outer loop
      vertex 155.952 58.0138 5
      vertex 155.755 58.0445 3
      vertex 155.952 58.0138 3
    endloop
  endfacet
  facet normal -0.0670207 0.997752 0
    outer loop
      vertex 156.15 62.4995 3
      vertex 155.952 62.4862 5
      vertex 156.15 62.4995 5
    endloop
  endfacet
  facet normal -0.0670207 0.997752 0
    outer loop
      vertex 155.952 62.4862 5
      vertex 156.15 62.4995 3
      vertex 155.952 62.4862 3
    endloop
  endfacet
  facet normal 0.283661 0.958925 -0
    outer loop
      vertex 156.933 62.3772 3
      vertex 156.742 62.4337 5
      vertex 156.933 62.3772 5
    endloop
  endfacet
  facet normal 0.283661 0.958925 0
    outer loop
      vertex 156.742 62.4337 5
      vertex 156.933 62.3772 3
      vertex 156.742 62.4337 3
    endloop
  endfacet
  facet normal -0.904157 0.4272 0
    outer loop
      vertex 154.126 61.1225 3
      vertex 154.211 61.3024 5
      vertex 154.211 61.3024 3
    endloop
  endfacet
  facet normal -0.904157 0.4272 0
    outer loop
      vertex 154.211 61.3024 5
      vertex 154.126 61.1225 3
      vertex 154.126 61.1225 5
    endloop
  endfacet
  facet normal 0.523678 0.851916 -0
    outer loop
      vertex 157.466 62.1104 3
      vertex 157.296 62.2149 5
      vertex 157.466 62.1104 5
    endloop
  endfacet
  facet normal 0.523678 0.851916 0
    outer loop
      vertex 157.296 62.2149 5
      vertex 157.466 62.1104 3
      vertex 157.296 62.2149 3
    endloop
  endfacet
  facet normal 0.786806 0.617201 0
    outer loop
      vertex 158.032 61.5564 5
      vertex 157.909 61.7132 3
      vertex 157.909 61.7132 5
    endloop
  endfacet
  facet normal 0.786806 0.617201 0
    outer loop
      vertex 157.909 61.7132 3
      vertex 158.032 61.5564 5
      vertex 158.032 61.5564 3
    endloop
  endfacet
  facet normal -0.486921 0.873446 0
    outer loop
      vertex 155.192 62.2615 3
      vertex 155.018 62.1645 5
      vertex 155.192 62.2615 5
    endloop
  endfacet
  facet normal -0.486921 0.873446 0
    outer loop
      vertex 155.018 62.1645 5
      vertex 155.192 62.2615 3
      vertex 155.018 62.1645 3
    endloop
  endfacet
  facet normal 0.198049 -0.980192 0
    outer loop
      vertex 156.547 58.0269 3
      vertex 156.742 58.0663 5
      vertex 156.547 58.0269 5
    endloop
  endfacet
  facet normal 0.198049 -0.980192 0
    outer loop
      vertex 156.742 58.0663 5
      vertex 156.547 58.0269 3
      vertex 156.742 58.0663 3
    endloop
  endfacet
  facet normal 0.991429 0.130649 0
    outer loop
      vertex 158.441 60.4489 5
      vertex 158.415 60.6462 3
      vertex 158.415 60.6462 5
    endloop
  endfacet
  facet normal 0.991429 0.130649 0
    outer loop
      vertex 158.415 60.6462 3
      vertex 158.441 60.4489 5
      vertex 158.441 60.4489 3
    endloop
  endfacet
  facet normal -1 0 0
    outer loop
      vertex 153.952 60.1505 3
      vertex 153.952 60.3495 5
      vertex 153.952 60.3495 3
    endloop
  endfacet
  facet normal -1 -0 0
    outer loop
      vertex 153.952 60.3495 5
      vertex 153.952 60.1505 3
      vertex 153.952 60.1505 5
    endloop
  endfacet
  facet normal 0.448017 -0.894025 0
    outer loop
      vertex 157.118 58.1959 3
      vertex 157.296 58.2851 5
      vertex 157.118 58.1959 5
    endloop
  endfacet
  facet normal 0.448017 -0.894025 0
    outer loop
      vertex 157.296 58.2851 5
      vertex 157.118 58.1959 3
      vertex 157.296 58.2851 3
    endloop
  endfacet
  facet normal -0.965261 0.261289 0
    outer loop
      vertex 154.005 60.7437 3
      vertex 154.057 60.9358 5
      vertex 154.057 60.9358 3
    endloop
  endfacet
  facet normal -0.965261 0.261289 0
    outer loop
      vertex 154.057 60.9358 5
      vertex 154.005 60.7437 3
      vertex 154.005 60.7437 5
    endloop
  endfacet
  facet normal 0.975281 0.22097 0
    outer loop
      vertex 158.415 60.6462 5
      vertex 158.371 60.8404 3
      vertex 158.371 60.8404 5
    endloop
  endfacet
  facet normal 0.975281 0.22097 0
    outer loop
      vertex 158.371 60.8404 3
      vertex 158.415 60.6462 5
      vertex 158.415 60.6462 3
    endloop
  endfacet
  facet normal -0.813225 -0.58195 0
    outer loop
      vertex 154.428 58.8639 3
      vertex 154.312 59.026 5
      vertex 154.312 59.026 3
    endloop
  endfacet
  facet normal -0.813225 -0.58195 0
    outer loop
      vertex 154.312 59.026 5
      vertex 154.428 58.8639 3
      vertex 154.428 58.8639 5
    endloop
  endfacet
  facet normal -0.326316 -0.945261 0
    outer loop
      vertex 155.374 58.1573 3
      vertex 155.562 58.0924 5
      vertex 155.374 58.1573 5
    endloop
  endfacet
  facet normal -0.326316 -0.945261 -0
    outer loop
      vertex 155.562 58.0924 5
      vertex 155.374 58.1573 3
      vertex 155.562 58.0924 3
    endloop
  endfacet
  facet normal -0.633539 -0.773711 0
    outer loop
      vertex 154.699 58.5735 3
      vertex 154.853 58.4474 5
      vertex 154.699 58.5735 5
    endloop
  endfacet
  facet normal -0.633539 -0.773711 -0
    outer loop
      vertex 154.853 58.4474 5
      vertex 154.699 58.5735 3
      vertex 154.853 58.4474 3
    endloop
  endfacet
  facet normal 0.367487 0.930029 -0
    outer loop
      vertex 157.118 62.3041 3
      vertex 156.933 62.3772 5
      vertex 157.118 62.3041 5
    endloop
  endfacet
  facet normal 0.367487 0.930029 0
    outer loop
      vertex 156.933 62.3772 5
      vertex 157.118 62.3041 3
      vertex 156.933 62.3772 3
    endloop
  endfacet
  facet normal -0.326316 0.945261 0
    outer loop
      vertex 155.562 62.4076 3
      vertex 155.374 62.3427 5
      vertex 155.562 62.4076 5
    endloop
  endfacet
  facet normal -0.326316 0.945261 0
    outer loop
      vertex 155.374 62.3427 5
      vertex 155.562 62.4076 3
      vertex 155.374 62.3427 3
    endloop
  endfacet
  facet normal -0.240879 -0.970555 0
    outer loop
      vertex 155.562 58.0924 3
      vertex 155.755 58.0445 5
      vertex 155.562 58.0924 5
    endloop
  endfacet
  facet normal -0.240879 -0.970555 -0
    outer loop
      vertex 155.755 58.0445 5
      vertex 155.562 58.0924 3
      vertex 155.755 58.0445 3
    endloop
  endfacet
  facet normal 0.839853 -0.542814 0
    outer loop
      vertex 158.032 58.9436 5
      vertex 158.14 59.1107 3
      vertex 158.14 59.1107 5
    endloop
  endfacet
  facet normal 0.839853 -0.542814 0
    outer loop
      vertex 158.14 59.1107 3
      vertex 158.032 58.9436 5
      vertex 158.032 58.9436 3
    endloop
  endfacet
  facet normal 0.283661 -0.958925 0
    outer loop
      vertex 156.742 58.0663 3
      vertex 156.933 58.1228 5
      vertex 156.742 58.0663 5
    endloop
  endfacet
  facet normal 0.283661 -0.958925 0
    outer loop
      vertex 156.933 58.1228 5
      vertex 156.742 58.0663 3
      vertex 156.933 58.1228 3
    endloop
  endfacet
  facet normal -0.153979 0.988074 0
    outer loop
      vertex 155.952 62.4862 3
      vertex 155.755 62.4555 5
      vertex 155.952 62.4862 5
    endloop
  endfacet
  facet normal -0.153979 0.988074 0
    outer loop
      vertex 155.755 62.4555 5
      vertex 155.952 62.4862 3
      vertex 155.755 62.4555 3
    endloop
  endfacet
  facet normal -0.937991 -0.34666 0
    outer loop
      vertex 154.126 59.3775 3
      vertex 154.057 59.5642 5
      vertex 154.057 59.5642 3
    endloop
  endfacet
  facet normal -0.937991 -0.34666 0
    outer loop
      vertex 154.057 59.5642 5
      vertex 154.126 59.3775 3
      vertex 154.126 59.3775 5
    endloop
  endfacet
  facet normal 0.109936 -0.993939 0
    outer loop
      vertex 156.349 58.005 3
      vertex 156.547 58.0269 5
      vertex 156.349 58.005 5
    endloop
  endfacet
  facet normal 0.109936 -0.993939 0
    outer loop
      vertex 156.547 58.0269 5
      vertex 156.349 58.005 3
      vertex 156.547 58.0269 3
    endloop
  endfacet
  facet normal 0.998978 0.0452026 0
    outer loop
      vertex 158.45 60.25 5
      vertex 158.441 60.4489 3
      vertex 158.441 60.4489 5
    endloop
  endfacet
  facet normal 0.998978 0.0452026 0
    outer loop
      vertex 158.441 60.4489 3
      vertex 158.45 60.25 5
      vertex 158.45 60.25 3
    endloop
  endfacet
  facet normal 0.884045 0.467403 0
    outer loop
      vertex 158.233 61.2134 5
      vertex 158.14 61.3893 3
      vertex 158.14 61.3893 5
    endloop
  endfacet
  facet normal 0.884045 0.467403 0
    outer loop
      vertex 158.14 61.3893 3
      vertex 158.233 61.2134 5
      vertex 158.233 61.2134 3
    endloop
  endfacet
  facet normal 0.884045 -0.467403 0
    outer loop
      vertex 158.14 59.1107 5
      vertex 158.233 59.2866 3
      vertex 158.233 59.2866 5
    endloop
  endfacet
  facet normal 0.884045 -0.467403 0
    outer loop
      vertex 158.233 59.2866 3
      vertex 158.14 59.1107 5
      vertex 158.14 59.1107 3
    endloop
  endfacet
  facet normal 0.730085 -0.683356 0
    outer loop
      vertex 157.773 58.6415 5
      vertex 157.909 58.7868 3
      vertex 157.909 58.7868 5
    endloop
  endfacet
  facet normal 0.730085 -0.683356 0
    outer loop
      vertex 157.909 58.7868 3
      vertex 157.773 58.6415 5
      vertex 157.773 58.6415 3
    endloop
  endfacet
  facet normal 0.786806 -0.617201 0
    outer loop
      vertex 157.909 58.7868 5
      vertex 158.032 58.9436 3
      vertex 158.032 58.9436 5
    endloop
  endfacet
  facet normal 0.786806 -0.617201 0
    outer loop
      vertex 158.032 58.9436 3
      vertex 157.909 58.7868 5
      vertex 157.909 58.7868 3
    endloop
  endfacet
  facet normal 0.667574 -0.744544 0
    outer loop
      vertex 157.625 58.5088 3
      vertex 157.773 58.6415 5
      vertex 157.625 58.5088 5
    endloop
  endfacet
  facet normal 0.667574 -0.744544 0
    outer loop
      vertex 157.773 58.6415 5
      vertex 157.625 58.5088 3
      vertex 157.773 58.6415 3
    endloop
  endfacet
  facet normal -0.633539 0.773711 0
    outer loop
      vertex 154.853 62.0526 3
      vertex 154.699 61.9265 5
      vertex 154.853 62.0526 5
    endloop
  endfacet
  facet normal -0.633539 0.773711 0
    outer loop
      vertex 154.699 61.9265 5
      vertex 154.853 62.0526 3
      vertex 154.699 61.9265 3
    endloop
  endfacet
  facet normal -0.407442 -0.913231 0
    outer loop
      vertex 155.192 58.2385 3
      vertex 155.374 58.1573 5
      vertex 155.192 58.2385 5
    endloop
  endfacet
  facet normal -0.407442 -0.913231 -0
    outer loop
      vertex 155.374 58.1573 5
      vertex 155.192 58.2385 3
      vertex 155.374 58.1573 3
    endloop
  endfacet
  facet normal 0.109936 0.993939 -0
    outer loop
      vertex 156.547 62.4731 3
      vertex 156.349 62.495 5
      vertex 156.547 62.4731 5
    endloop
  endfacet
  facet normal 0.109936 0.993939 0
    outer loop
      vertex 156.349 62.495 5
      vertex 156.547 62.4731 3
      vertex 156.349 62.495 3
    endloop
  endfacet
  facet normal 0.839853 0.542814 0
    outer loop
      vertex 158.14 61.3893 5
      vertex 158.032 61.5564 3
      vertex 158.032 61.5564 5
    endloop
  endfacet
  facet normal 0.839853 0.542814 0
    outer loop
      vertex 158.032 61.5564 3
      vertex 158.14 61.3893 5
      vertex 158.14 61.3893 3
    endloop
  endfacet
  facet normal -0.0670207 -0.997752 0
    outer loop
      vertex 155.952 58.0138 3
      vertex 156.15 58.0005 5
      vertex 155.952 58.0138 5
    endloop
  endfacet
  facet normal -0.0670207 -0.997752 -0
    outer loop
      vertex 156.15 58.0005 5
      vertex 155.952 58.0138 3
      vertex 156.15 58.0005 3
    endloop
  endfacet
  facet normal 0.667574 0.744544 -0
    outer loop
      vertex 157.773 61.8585 3
      vertex 157.625 61.9912 5
      vertex 157.773 61.8585 5
    endloop
  endfacet
  facet normal 0.667574 0.744544 0
    outer loop
      vertex 157.625 61.9912 5
      vertex 157.773 61.8585 3
      vertex 157.625 61.9912 3
    endloop
  endfacet
  facet normal -0.561281 0.827626 0
    outer loop
      vertex 155.018 62.1645 3
      vertex 154.853 62.0526 5
      vertex 155.018 62.1645 5
    endloop
  endfacet
  facet normal -0.561281 0.827626 0
    outer loop
      vertex 154.853 62.0526 5
      vertex 155.018 62.1645 3
      vertex 154.853 62.0526 3
    endloop
  endfacet
  facet normal 0.920308 -0.391194 0
    outer loop
      vertex 158.233 59.2866 5
      vertex 158.311 59.4701 3
      vertex 158.311 59.4701 5
    endloop
  endfacet
  facet normal 0.920308 -0.391194 0
    outer loop
      vertex 158.311 59.4701 3
      vertex 158.233 59.2866 5
      vertex 158.233 59.2866 3
    endloop
  endfacet
  facet normal -0.937991 0.34666 0
    outer loop
      vertex 154.057 60.9358 3
      vertex 154.126 61.1225 5
      vertex 154.126 61.1225 3
    endloop
  endfacet
  facet normal -0.937991 0.34666 0
    outer loop
      vertex 154.126 61.1225 5
      vertex 154.057 60.9358 3
      vertex 154.057 60.9358 5
    endloop
  endfacet
  facet normal 0.0226073 -0.999744 0
    outer loop
      vertex 156.15 58.0005 3
      vertex 156.349 58.005 5
      vertex 156.15 58.0005 5
    endloop
  endfacet
  facet normal 0.0226073 -0.999744 0
    outer loop
      vertex 156.349 58.005 5
      vertex 156.15 58.0005 3
      vertex 156.349 58.005 3
    endloop
  endfacet
  facet normal -0.700031 -0.714112 0
    outer loop
      vertex 154.557 58.7127 3
      vertex 154.699 58.5735 5
      vertex 154.557 58.7127 5
    endloop
  endfacet
  facet normal -0.700031 -0.714112 -0
    outer loop
      vertex 154.699 58.5735 5
      vertex 154.557 58.7127 3
      vertex 154.699 58.5735 3
    endloop
  endfacet
  facet normal -0.813225 0.58195 0
    outer loop
      vertex 154.312 61.474 3
      vertex 154.428 61.6361 5
      vertex 154.428 61.6361 3
    endloop
  endfacet
  facet normal -0.813225 0.58195 0
    outer loop
      vertex 154.428 61.6361 5
      vertex 154.312 61.474 3
      vertex 154.312 61.474 5
    endloop
  endfacet
  facet normal 0.920308 0.391194 0
    outer loop
      vertex 158.311 61.0299 5
      vertex 158.233 61.2134 3
      vertex 158.233 61.2134 5
    endloop
  endfacet
  facet normal 0.920308 0.391194 0
    outer loop
      vertex 158.233 61.2134 3
      vertex 158.311 61.0299 5
      vertex 158.311 61.0299 3
    endloop
  endfacet
  facet normal -0.240879 0.970555 0
    outer loop
      vertex 155.755 62.4555 3
      vertex 155.562 62.4076 5
      vertex 155.755 62.4555 5
    endloop
  endfacet
  facet normal -0.240879 0.970555 0
    outer loop
      vertex 155.562 62.4076 5
      vertex 155.755 62.4555 3
      vertex 155.562 62.4076 3
    endloop
  endfacet
  facet normal -0.700031 0.714112 0
    outer loop
      vertex 154.699 61.9265 3
      vertex 154.557 61.7873 5
      vertex 154.699 61.9265 5
    endloop
  endfacet
  facet normal -0.700031 0.714112 0
    outer loop
      vertex 154.557 61.7873 5
      vertex 154.699 61.9265 3
      vertex 154.557 61.7873 3
    endloop
  endfacet
  facet normal -0.995906 -0.0903999 0
    outer loop
      vertex 153.97 59.9522 3
      vertex 153.952 60.1505 5
      vertex 153.952 60.1505 3
    endloop
  endfacet
  facet normal -0.995906 -0.0903999 0
    outer loop
      vertex 153.952 60.1505 5
      vertex 153.97 59.9522 3
      vertex 153.97 59.9522 5
    endloop
  endfacet
  facet normal 0.599839 -0.800121 0
    outer loop
      vertex 157.466 58.3896 3
      vertex 157.625 58.5088 5
      vertex 157.466 58.3896 5
    endloop
  endfacet
  facet normal 0.599839 -0.800121 0
    outer loop
      vertex 157.625 58.5088 5
      vertex 157.466 58.3896 3
      vertex 157.625 58.5088 3
    endloop
  endfacet
  facet normal 0.523678 -0.851916 0
    outer loop
      vertex 157.296 58.2851 3
      vertex 157.466 58.3896 5
      vertex 157.296 58.2851 5
    endloop
  endfacet
  facet normal 0.523678 -0.851916 0
    outer loop
      vertex 157.466 58.3896 5
      vertex 157.296 58.2851 3
      vertex 157.466 58.3896 3
    endloop
  endfacet
  facet normal -0.984412 0.175878 0
    outer loop
      vertex 153.97 60.5478 3
      vertex 154.005 60.7437 5
      vertex 154.005 60.7437 3
    endloop
  endfacet
  facet normal -0.984412 0.175878 0
    outer loop
      vertex 154.005 60.7437 5
      vertex 153.97 60.5478 3
      vertex 153.97 60.5478 5
    endloop
  endfacet
  facet normal -0.760746 0.649049 0
    outer loop
      vertex 154.428 61.6361 3
      vertex 154.557 61.7873 5
      vertex 154.557 61.7873 3
    endloop
  endfacet
  facet normal -0.760746 0.649049 0
    outer loop
      vertex 154.557 61.7873 5
      vertex 154.428 61.6361 3
      vertex 154.428 61.6361 5
    endloop
  endfacet
  facet normal 0.448017 0.894025 -0
    outer loop
      vertex 157.296 62.2149 3
      vertex 157.118 62.3041 5
      vertex 157.296 62.2149 5
    endloop
  endfacet
  facet normal 0.448017 0.894025 0
    outer loop
      vertex 157.118 62.3041 5
      vertex 157.296 62.2149 3
      vertex 157.118 62.3041 3
    endloop
  endfacet
  facet normal 0.953354 0.301854 0
    outer loop
      vertex 158.371 60.8404 5
      vertex 158.311 61.0299 3
      vertex 158.311 61.0299 5
    endloop
  endfacet
  facet normal 0.953354 0.301854 0
    outer loop
      vertex 158.311 61.0299 3
      vertex 158.371 60.8404 5
      vertex 158.371 60.8404 3
    endloop
  endfacet
  facet normal -0.995906 0.0903999 0
    outer loop
      vertex 153.952 60.3495 3
      vertex 153.97 60.5478 5
      vertex 153.97 60.5478 3
    endloop
  endfacet
  facet normal -0.995906 0.0903999 0
    outer loop
      vertex 153.97 60.5478 5
      vertex 153.952 60.3495 3
      vertex 153.952 60.3495 5
    endloop
  endfacet
  facet normal 0.599839 0.800121 -0
    outer loop
      vertex 157.625 61.9912 3
      vertex 157.466 62.1104 5
      vertex 157.625 61.9912 5
    endloop
  endfacet
  facet normal 0.599839 0.800121 0
    outer loop
      vertex 157.466 62.1104 5
      vertex 157.625 61.9912 3
      vertex 157.466 62.1104 3
    endloop
  endfacet
  facet normal 0.198049 0.980192 -0
    outer loop
      vertex 156.742 62.4337 3
      vertex 156.547 62.4731 5
      vertex 156.742 62.4337 5
    endloop
  endfacet
  facet normal 0.198049 0.980192 0
    outer loop
      vertex 156.547 62.4731 5
      vertex 156.742 62.4337 3
      vertex 156.547 62.4731 3
    endloop
  endfacet
  facet normal -0.861805 -0.50724 0
    outer loop
      vertex 154.312 59.026 3
      vertex 154.211 59.1976 5
      vertex 154.211 59.1976 3
    endloop
  endfacet
  facet normal -0.861805 -0.50724 0
    outer loop
      vertex 154.211 59.1976 5
      vertex 154.312 59.026 3
      vertex 154.312 59.026 5
    endloop
  endfacet
  facet normal -0.760746 -0.649049 0
    outer loop
      vertex 154.557 58.7127 3
      vertex 154.428 58.8639 5
      vertex 154.428 58.8639 3
    endloop
  endfacet
  facet normal -0.760746 -0.649049 0
    outer loop
      vertex 154.428 58.8639 5
      vertex 154.557 58.7127 3
      vertex 154.557 58.7127 5
    endloop
  endfacet
  facet normal -0.861805 0.50724 0
    outer loop
      vertex 154.211 61.3024 3
      vertex 154.312 61.474 5
      vertex 154.312 61.474 3
    endloop
  endfacet
  facet normal -0.861805 0.50724 0
    outer loop
      vertex 154.312 61.474 5
      vertex 154.211 61.3024 3
      vertex 154.211 61.3024 5
    endloop
  endfacet
  facet normal -0.486921 -0.873446 0
    outer loop
      vertex 155.018 58.3355 3
      vertex 155.192 58.2385 5
      vertex 155.018 58.3355 5
    endloop
  endfacet
  facet normal -0.486921 -0.873446 -0
    outer loop
      vertex 155.192 58.2385 5
      vertex 155.018 58.3355 3
      vertex 155.192 58.2385 3
    endloop
  endfacet
  facet normal 0.730085 0.683356 0
    outer loop
      vertex 157.909 61.7132 5
      vertex 157.773 61.8585 3
      vertex 157.773 61.8585 5
    endloop
  endfacet
  facet normal 0.730085 0.683356 0
    outer loop
      vertex 157.773 61.8585 3
      vertex 157.909 61.7132 5
      vertex 157.909 61.7132 3
    endloop
  endfacet
  facet normal -0.984412 -0.175878 0
    outer loop
      vertex 154.005 59.7563 3
      vertex 153.97 59.9522 5
      vertex 153.97 59.9522 3
    endloop
  endfacet
  facet normal -0.984412 -0.175878 0
    outer loop
      vertex 153.97 59.9522 5
      vertex 154.005 59.7563 3
      vertex 154.005 59.7563 5
    endloop
  endfacet
  facet normal 0 0 1
    outer loop
      vertex 157.05 60.25 5
      vertex 158.45 60.25 5
      vertex 158.441 60.4489 5
    endloop
  endfacet
  facet normal 0 0 1
    outer loop
      vertex 157.027 60.446 5
      vertex 158.441 60.4489 5
      vertex 158.415 60.6462 5
    endloop
  endfacet
  facet normal 0 0 1
    outer loop
      vertex 158.45 60.25 5
      vertex 157.05 60.25 5
      vertex 158.441 60.0511 5
    endloop
  endfacet
  facet normal 0 0 1
    outer loop
      vertex 157.027 60.446 5
      vertex 158.415 60.6462 5
      vertex 158.371 60.8404 5
    endloop
  endfacet
  facet normal -0 0 1
    outer loop
      vertex 157.027 60.054 5
      vertex 158.441 60.0511 5
      vertex 157.05 60.25 5
    endloop
  endfacet
  facet normal 0 0 1
    outer loop
      vertex 157.027 60.446 5
      vertex 158.371 60.8404 5
      vertex 158.311 61.0299 5
    endloop
  endfacet
  facet normal 0 0 1
    outer loop
      vertex 158.441 60.0511 5
      vertex 157.027 60.054 5
      vertex 158.415 59.8538 5
    endloop
  endfacet
  facet normal 0 0 1
    outer loop
      vertex 156.96 60.6315 5
      vertex 158.311 61.0299 5
      vertex 158.233 61.2134 5
    endloop
  endfacet
  facet normal 0 0 1
    outer loop
      vertex 158.415 59.8538 5
      vertex 157.027 60.054 5
      vertex 158.371 59.6596 5
    endloop
  endfacet
  facet normal 0 0 1
    outer loop
      vertex 156.96 60.6315 5
      vertex 158.233 61.2134 5
      vertex 158.14 61.3893 5
    endloop
  endfacet
  facet normal 0 0 1
    outer loop
      vertex 158.371 59.6596 5
      vertex 157.027 60.054 5
      vertex 158.311 59.4701 5
    endloop
  endfacet
  facet normal 0 0 1
    outer loop
      vertex 156.96 60.6315 5
      vertex 158.14 61.3893 5
      vertex 158.032 61.5564 5
    endloop
  endfacet
  facet normal -0 0 1
    outer loop
      vertex 156.96 59.8685 5
      vertex 158.311 59.4701 5
      vertex 157.027 60.054 5
    endloop
  endfacet
  facet normal 0 0 1
    outer loop
      vertex 156.851 60.7964 5
      vertex 158.032 61.5564 5
      vertex 157.909 61.7132 5
    endloop
  endfacet
  facet normal 0 0 1
    outer loop
      vertex 158.311 59.4701 5
      vertex 156.96 59.8685 5
      vertex 158.233 59.2866 5
    endloop
  endfacet
  facet normal 0 0 1
    outer loop
      vertex 156.851 60.7964 5
      vertex 157.909 61.7132 5
      vertex 157.773 61.8585 5
    endloop
  endfacet
  facet normal 0 0 1
    outer loop
      vertex 158.233 59.2866 5
      vertex 156.96 59.8685 5
      vertex 158.14 59.1107 5
    endloop
  endfacet
  facet normal 0 0 1
    outer loop
      vertex 156.708 60.9318 5
      vertex 157.773 61.8585 5
      vertex 157.625 61.9912 5
    endloop
  endfacet
  facet normal 0 0 1
    outer loop
      vertex 158.14 59.1107 5
      vertex 156.96 59.8685 5
      vertex 158.032 58.9436 5
    endloop
  endfacet
  facet normal 0 0 1
    outer loop
      vertex 156.708 60.9318 5
      vertex 157.625 61.9912 5
      vertex 157.466 62.1104 5
    endloop
  endfacet
  facet normal -0 0 1
    outer loop
      vertex 156.851 59.7036 5
      vertex 158.032 58.9436 5
      vertex 156.96 59.8685 5
    endloop
  endfacet
  facet normal 0 0 1
    outer loop
      vertex 156.708 60.9318 5
      vertex 157.466 62.1104 5
      vertex 157.296 62.2149 5
    endloop
  endfacet
  facet normal 0 0 1
    outer loop
      vertex 158.032 58.9436 5
      vertex 156.851 59.7036 5
      vertex 157.909 58.7868 5
    endloop
  endfacet
  facet normal 0 0 1
    outer loop
      vertex 156.537 61.0305 5
      vertex 157.296 62.2149 5
      vertex 157.118 62.3041 5
    endloop
  endfacet
  facet normal 0 0 1
    outer loop
      vertex 157.909 58.7868 5
      vertex 156.851 59.7036 5
      vertex 157.773 58.6415 5
    endloop
  endfacet
  facet normal -0 0 1
    outer loop
      vertex 156.708 59.5682 5
      vertex 157.773 58.6415 5
      vertex 156.851 59.7036 5
    endloop
  endfacet
  facet normal 0 0 1
    outer loop
      vertex 158.441 60.4489 5
      vertex 157.027 60.446 5
      vertex 157.05 60.25 5
    endloop
  endfacet
  facet normal 0 0 1
    outer loop
      vertex 158.311 61.0299 5
      vertex 156.96 60.6315 5
      vertex 157.027 60.446 5
    endloop
  endfacet
  facet normal 0 0 1
    outer loop
      vertex 156.537 61.0305 5
      vertex 157.118 62.3041 5
      vertex 156.933 62.3772 5
    endloop
  endfacet
  facet normal 0 0 1
    outer loop
      vertex 158.032 61.5564 5
      vertex 156.851 60.7964 5
      vertex 156.96 60.6315 5
    endloop
  endfacet
  facet normal 0 0 1
    outer loop
      vertex 156.537 61.0305 5
      vertex 156.933 62.3772 5
      vertex 156.742 62.4337 5
    endloop
  endfacet
  facet normal 0 0 1
    outer loop
      vertex 157.773 61.8585 5
      vertex 156.708 60.9318 5
      vertex 156.851 60.7964 5
    endloop
  endfacet
  facet normal 0 0 1
    outer loop
      vertex 156.348 61.0871 5
      vertex 156.742 62.4337 5
      vertex 156.547 62.4731 5
    endloop
  endfacet
  facet normal 0 0 1
    outer loop
      vertex 157.296 62.2149 5
      vertex 156.537 61.0305 5
      vertex 156.708 60.9318 5
    endloop
  endfacet
  facet normal 0 0 1
    outer loop
      vertex 156.348 61.0871 5
      vertex 156.547 62.4731 5
      vertex 156.349 62.495 5
    endloop
  endfacet
  facet normal 0 0 1
    outer loop
      vertex 156.742 62.4337 5
      vertex 156.348 61.0871 5
      vertex 156.537 61.0305 5
    endloop
  endfacet
  facet normal 0 0 1
    outer loop
      vertex 156.349 62.495 5
      vertex 156.151 61.0986 5
      vertex 156.348 61.0871 5
    endloop
  endfacet
  facet normal 0 0 1
    outer loop
      vertex 156.15 62.4995 5
      vertex 156.151 61.0986 5
      vertex 156.349 62.495 5
    endloop
  endfacet
  facet normal -0 0 1
    outer loop
      vertex 155.952 62.4862 5
      vertex 156.151 61.0986 5
      vertex 156.15 62.4995 5
    endloop
  endfacet
  facet normal -0 0 1
    outer loop
      vertex 155.755 62.4555 5
      vertex 156.151 61.0986 5
      vertex 155.952 62.4862 5
    endloop
  endfacet
  facet normal 0 0 1
    outer loop
      vertex 156.151 61.0986 5
      vertex 155.755 62.4555 5
      vertex 155.956 61.0643 5
    endloop
  endfacet
  facet normal -0 0 1
    outer loop
      vertex 155.562 62.4076 5
      vertex 155.956 61.0643 5
      vertex 155.755 62.4555 5
    endloop
  endfacet
  facet normal -0 0 1
    outer loop
      vertex 155.374 62.3427 5
      vertex 155.956 61.0643 5
      vertex 155.562 62.4076 5
    endloop
  endfacet
  facet normal 0 0 1
    outer loop
      vertex 155.956 61.0643 5
      vertex 155.374 62.3427 5
      vertex 155.775 60.9861 5
    endloop
  endfacet
  facet normal -0 0 1
    outer loop
      vertex 155.192 62.2615 5
      vertex 155.775 60.9861 5
      vertex 155.374 62.3427 5
    endloop
  endfacet
  facet normal -0 0 1
    outer loop
      vertex 155.018 62.1645 5
      vertex 155.775 60.9861 5
      vertex 155.192 62.2615 5
    endloop
  endfacet
  facet normal -0 0 1
    outer loop
      vertex 154.853 62.0526 5
      vertex 155.775 60.9861 5
      vertex 155.018 62.1645 5
    endloop
  endfacet
  facet normal 0 0 1
    outer loop
      vertex 155.775 60.9861 5
      vertex 154.853 62.0526 5
      vertex 155.617 60.8683 5
    endloop
  endfacet
  facet normal -0 0 1
    outer loop
      vertex 154.557 61.7873 5
      vertex 155.617 60.8683 5
      vertex 154.699 61.9265 5
    endloop
  endfacet
  facet normal -0 0 1
    outer loop
      vertex 154.699 61.9265 5
      vertex 155.617 60.8683 5
      vertex 154.853 62.0526 5
    endloop
  endfacet
  facet normal 0 0 1
    outer loop
      vertex 157.773 58.6415 5
      vertex 156.708 59.5682 5
      vertex 157.625 58.5088 5
    endloop
  endfacet
  facet normal 0 0 1
    outer loop
      vertex 157.625 58.5088 5
      vertex 156.708 59.5682 5
      vertex 157.466 58.3896 5
    endloop
  endfacet
  facet normal 0 0 1
    outer loop
      vertex 157.466 58.3896 5
      vertex 156.708 59.5682 5
      vertex 157.296 58.2851 5
    endloop
  endfacet
  facet normal -0 0 1
    outer loop
      vertex 156.537 59.4695 5
      vertex 157.296 58.2851 5
      vertex 156.708 59.5682 5
    endloop
  endfacet
  facet normal 0 0 1
    outer loop
      vertex 157.296 58.2851 5
      vertex 156.537 59.4695 5
      vertex 157.118 58.1959 5
    endloop
  endfacet
  facet normal 0 0 1
    outer loop
      vertex 157.118 58.1959 5
      vertex 156.537 59.4695 5
      vertex 156.933 58.1228 5
    endloop
  endfacet
  facet normal 0 0 1
    outer loop
      vertex 156.933 58.1228 5
      vertex 156.537 59.4695 5
      vertex 156.742 58.0663 5
    endloop
  endfacet
  facet normal -0 0 1
    outer loop
      vertex 156.348 59.4129 5
      vertex 156.742 58.0663 5
      vertex 156.537 59.4695 5
    endloop
  endfacet
  facet normal 0 0 1
    outer loop
      vertex 156.742 58.0663 5
      vertex 156.348 59.4129 5
      vertex 156.547 58.0269 5
    endloop
  endfacet
  facet normal 0 0 1
    outer loop
      vertex 156.547 58.0269 5
      vertex 156.348 59.4129 5
      vertex 156.349 58.005 5
    endloop
  endfacet
  facet normal -0 0 1
    outer loop
      vertex 156.151 59.4014 5
      vertex 156.349 58.005 5
      vertex 156.348 59.4129 5
    endloop
  endfacet
  facet normal 0 0 1
    outer loop
      vertex 156.151 59.4014 5
      vertex 156.15 58.0005 5
      vertex 156.349 58.005 5
    endloop
  endfacet
  facet normal 0 0 1
    outer loop
      vertex 155.755 58.0445 5
      vertex 156.151 59.4014 5
      vertex 155.956 59.4357 5
    endloop
  endfacet
  facet normal 0 0 1
    outer loop
      vertex 156.151 59.4014 5
      vertex 155.952 58.0138 5
      vertex 156.15 58.0005 5
    endloop
  endfacet
  facet normal 0 0 1
    outer loop
      vertex 155.374 58.1573 5
      vertex 155.956 59.4357 5
      vertex 155.775 59.5139 5
    endloop
  endfacet
  facet normal 0 0 1
    outer loop
      vertex 156.151 59.4014 5
      vertex 155.755 58.0445 5
      vertex 155.952 58.0138 5
    endloop
  endfacet
  facet normal 0 0 1
    outer loop
      vertex 154.853 58.4474 5
      vertex 155.775 59.5139 5
      vertex 155.617 59.6317 5
    endloop
  endfacet
  facet normal 0 0 1
    outer loop
      vertex 155.956 59.4357 5
      vertex 155.562 58.0924 5
      vertex 155.755 58.0445 5
    endloop
  endfacet
  facet normal 0 0 1
    outer loop
      vertex 154.428 58.8639 5
      vertex 155.617 59.6317 5
      vertex 155.49 59.7829 5
    endloop
  endfacet
  facet normal 0 0 1
    outer loop
      vertex 154.211 59.1976 5
      vertex 155.49 59.7829 5
      vertex 155.401 59.9593 5
    endloop
  endfacet
  facet normal 0 0 1
    outer loop
      vertex 155.956 59.4357 5
      vertex 155.374 58.1573 5
      vertex 155.562 58.0924 5
    endloop
  endfacet
  facet normal 0 0 1
    outer loop
      vertex 154.005 59.7563 5
      vertex 155.401 59.9593 5
      vertex 155.356 60.1513 5
    endloop
  endfacet
  facet normal -0 0 1
    outer loop
      vertex 154.428 61.6361 5
      vertex 155.617 60.8683 5
      vertex 154.557 61.7873 5
    endloop
  endfacet
  facet normal 0 0 1
    outer loop
      vertex 155.775 59.5139 5
      vertex 155.192 58.2385 5
      vertex 155.374 58.1573 5
    endloop
  endfacet
  facet normal 0 0 1
    outer loop
      vertex 155.617 60.8683 5
      vertex 154.428 61.6361 5
      vertex 155.49 60.7171 5
    endloop
  endfacet
  facet normal 0 0 1
    outer loop
      vertex 155.775 59.5139 5
      vertex 155.018 58.3355 5
      vertex 155.192 58.2385 5
    endloop
  endfacet
  facet normal -0 0 1
    outer loop
      vertex 154.312 61.474 5
      vertex 155.49 60.7171 5
      vertex 154.428 61.6361 5
    endloop
  endfacet
  facet normal 0 0 1
    outer loop
      vertex 155.775 59.5139 5
      vertex 154.853 58.4474 5
      vertex 155.018 58.3355 5
    endloop
  endfacet
  facet normal -0 0 1
    outer loop
      vertex 154.211 61.3024 5
      vertex 155.49 60.7171 5
      vertex 154.312 61.474 5
    endloop
  endfacet
  facet normal 0 0 1
    outer loop
      vertex 155.617 59.6317 5
      vertex 154.699 58.5735 5
      vertex 154.853 58.4474 5
    endloop
  endfacet
  facet normal 0 0 1
    outer loop
      vertex 155.49 60.7171 5
      vertex 154.211 61.3024 5
      vertex 155.401 60.5407 5
    endloop
  endfacet
  facet normal 0 0 1
    outer loop
      vertex 155.617 59.6317 5
      vertex 154.557 58.7127 5
      vertex 154.699 58.5735 5
    endloop
  endfacet
  facet normal -0 0 1
    outer loop
      vertex 154.126 61.1225 5
      vertex 155.401 60.5407 5
      vertex 154.211 61.3024 5
    endloop
  endfacet
  facet normal 0 0 1
    outer loop
      vertex 155.617 59.6317 5
      vertex 154.428 58.8639 5
      vertex 154.557 58.7127 5
    endloop
  endfacet
  facet normal -0 0 1
    outer loop
      vertex 154.057 60.9358 5
      vertex 155.401 60.5407 5
      vertex 154.126 61.1225 5
    endloop
  endfacet
  facet normal 0 0 1
    outer loop
      vertex 155.49 59.7829 5
      vertex 154.312 59.026 5
      vertex 154.428 58.8639 5
    endloop
  endfacet
  facet normal -0 0 1
    outer loop
      vertex 154.005 60.7437 5
      vertex 155.401 60.5407 5
      vertex 154.057 60.9358 5
    endloop
  endfacet
  facet normal 0 0 1
    outer loop
      vertex 155.49 59.7829 5
      vertex 154.211 59.1976 5
      vertex 154.312 59.026 5
    endloop
  endfacet
  facet normal 0 0 1
    outer loop
      vertex 155.401 60.5407 5
      vertex 154.005 60.7437 5
      vertex 155.356 60.3487 5
    endloop
  endfacet
  facet normal 0 0 1
    outer loop
      vertex 155.401 59.9593 5
      vertex 154.126 59.3775 5
      vertex 154.211 59.1976 5
    endloop
  endfacet
  facet normal -0 0 1
    outer loop
      vertex 153.97 60.5478 5
      vertex 155.356 60.3487 5
      vertex 154.005 60.7437 5
    endloop
  endfacet
  facet normal 0 0 1
    outer loop
      vertex 155.401 59.9593 5
      vertex 154.057 59.5642 5
      vertex 154.126 59.3775 5
    endloop
  endfacet
  facet normal -0 0 1
    outer loop
      vertex 153.952 60.3495 5
      vertex 155.356 60.3487 5
      vertex 153.97 60.5478 5
    endloop
  endfacet
  facet normal 0 0 1
    outer loop
      vertex 155.401 59.9593 5
      vertex 154.005 59.7563 5
      vertex 154.057 59.5642 5
    endloop
  endfacet
  facet normal 0 0 1
    outer loop
      vertex 155.356 60.3487 5
      vertex 153.952 60.3495 5
      vertex 155.356 60.1513 5
    endloop
  endfacet
  facet normal 0 0 1
    outer loop
      vertex 155.356 60.1513 5
      vertex 153.97 59.9522 5
      vertex 154.005 59.7563 5
    endloop
  endfacet
  facet normal 0 0 1
    outer loop
      vertex 153.952 60.1505 5
      vertex 155.356 60.1513 5
      vertex 153.952 60.3495 5
    endloop
  endfacet
  facet normal 0 0 1
    outer loop
      vertex 155.356 60.1513 5
      vertex 153.952 60.1505 5
      vertex 153.97 59.9522 5
    endloop
  endfacet
  facet normal -0.904157 -0.4272 0
    outer loop
      vertex 154.211 59.1976 3
      vertex 154.126 59.3775 5
      vertex 154.126 59.3775 3
    endloop
  endfacet
  facet normal -0.904157 -0.4272 0
    outer loop
      vertex 154.126 59.3775 5
      vertex 154.211 59.1976 3
      vertex 154.211 59.1976 5
    endloop
  endfacet
  facet normal -0.407442 0.913231 0
    outer loop
      vertex 155.374 62.3427 3
      vertex 155.192 62.2615 5
      vertex 155.374 62.3427 5
    endloop
  endfacet
  facet normal -0.407442 0.913231 0
    outer loop
      vertex 155.192 62.2615 5
      vertex 155.374 62.3427 3
      vertex 155.192 62.2615 3
    endloop
  endfacet
  facet normal -0.965261 -0.261289 0
    outer loop
      vertex 154.057 31.0642 3
      vertex 154.005 31.2563 5
      vertex 154.005 31.2563 3
    endloop
  endfacet
  facet normal -0.965261 -0.261289 0
    outer loop
      vertex 154.005 31.2563 5
      vertex 154.057 31.0642 3
      vertex 154.057 31.0642 5
    endloop
  endfacet
  facet normal 0.991429 -0.130649 0
    outer loop
      vertex 158.415 31.3538 5
      vertex 158.441 31.5511 3
      vertex 158.441 31.5511 5
    endloop
  endfacet
  facet normal 0.991429 -0.130649 0
    outer loop
      vertex 158.441 31.5511 3
      vertex 158.415 31.3538 5
      vertex 158.415 31.3538 3
    endloop
  endfacet
  facet normal 0.998978 -0.0452026 0
    outer loop
      vertex 158.441 31.5511 5
      vertex 158.45 31.75 3
      vertex 158.45 31.75 5
    endloop
  endfacet
  facet normal 0.998978 -0.0452026 0
    outer loop
      vertex 158.45 31.75 3
      vertex 158.441 31.5511 5
      vertex 158.441 31.5511 3
    endloop
  endfacet
  facet normal 0.975281 -0.22097 0
    outer loop
      vertex 158.371 31.1596 5
      vertex 158.415 31.3538 3
      vertex 158.415 31.3538 5
    endloop
  endfacet
  facet normal 0.975281 -0.22097 0
    outer loop
      vertex 158.415 31.3538 3
      vertex 158.371 31.1596 5
      vertex 158.371 31.1596 3
    endloop
  endfacet
  facet normal 0.953354 -0.301854 0
    outer loop
      vertex 158.311 30.9701 5
      vertex 158.371 31.1596 3
      vertex 158.371 31.1596 5
    endloop
  endfacet
  facet normal 0.953354 -0.301854 0
    outer loop
      vertex 158.371 31.1596 3
      vertex 158.311 30.9701 5
      vertex 158.311 30.9701 3
    endloop
  endfacet
  facet normal 0.367487 -0.930029 0
    outer loop
      vertex 156.933 29.6228 3
      vertex 157.118 29.6959 5
      vertex 156.933 29.6228 5
    endloop
  endfacet
  facet normal 0.367487 -0.930029 0
    outer loop
      vertex 157.118 29.6959 5
      vertex 156.933 29.6228 3
      vertex 157.118 29.6959 3
    endloop
  endfacet
  facet normal -0.561281 -0.827626 0
    outer loop
      vertex 154.853 29.9474 3
      vertex 155.018 29.8355 5
      vertex 154.853 29.9474 5
    endloop
  endfacet
  facet normal -0.561281 -0.827626 -0
    outer loop
      vertex 155.018 29.8355 5
      vertex 154.853 29.9474 3
      vertex 155.018 29.8355 3
    endloop
  endfacet
  facet normal 0.0226073 0.999744 -0
    outer loop
      vertex 156.349 33.995 3
      vertex 156.15 33.9995 5
      vertex 156.349 33.995 5
    endloop
  endfacet
  facet normal 0.0226073 0.999744 0
    outer loop
      vertex 156.15 33.9995 5
      vertex 156.349 33.995 3
      vertex 156.15 33.9995 3
    endloop
  endfacet
  facet normal -0.153979 -0.988074 0
    outer loop
      vertex 155.755 29.5445 3
      vertex 155.952 29.5138 5
      vertex 155.755 29.5445 5
    endloop
  endfacet
  facet normal -0.153979 -0.988074 -0
    outer loop
      vertex 155.952 29.5138 5
      vertex 155.755 29.5445 3
      vertex 155.952 29.5138 3
    endloop
  endfacet
  facet normal -0.0670207 0.997752 0
    outer loop
      vertex 156.15 33.9995 3
      vertex 155.952 33.9862 5
      vertex 156.15 33.9995 5
    endloop
  endfacet
  facet normal -0.0670207 0.997752 0
    outer loop
      vertex 155.952 33.9862 5
      vertex 156.15 33.9995 3
      vertex 155.952 33.9862 3
    endloop
  endfacet
  facet normal 0.283661 0.958925 -0
    outer loop
      vertex 156.933 33.8772 3
      vertex 156.742 33.9337 5
      vertex 156.933 33.8772 5
    endloop
  endfacet
  facet normal 0.283661 0.958925 0
    outer loop
      vertex 156.742 33.9337 5
      vertex 156.933 33.8772 3
      vertex 156.742 33.9337 3
    endloop
  endfacet
  facet normal -0.904157 0.4272 0
    outer loop
      vertex 154.126 32.6225 3
      vertex 154.211 32.8024 5
      vertex 154.211 32.8024 3
    endloop
  endfacet
  facet normal -0.904157 0.4272 0
    outer loop
      vertex 154.211 32.8024 5
      vertex 154.126 32.6225 3
      vertex 154.126 32.6225 5
    endloop
  endfacet
  facet normal 0.523678 0.851916 -0
    outer loop
      vertex 157.466 33.6104 3
      vertex 157.296 33.7149 5
      vertex 157.466 33.6104 5
    endloop
  endfacet
  facet normal 0.523678 0.851916 0
    outer loop
      vertex 157.296 33.7149 5
      vertex 157.466 33.6104 3
      vertex 157.296 33.7149 3
    endloop
  endfacet
  facet normal 0.786806 0.617201 0
    outer loop
      vertex 158.032 33.0564 5
      vertex 157.909 33.2132 3
      vertex 157.909 33.2132 5
    endloop
  endfacet
  facet normal 0.786806 0.617201 0
    outer loop
      vertex 157.909 33.2132 3
      vertex 158.032 33.0564 5
      vertex 158.032 33.0564 3
    endloop
  endfacet
  facet normal -0.486921 0.873446 0
    outer loop
      vertex 155.192 33.7615 3
      vertex 155.018 33.6645 5
      vertex 155.192 33.7615 5
    endloop
  endfacet
  facet normal -0.486921 0.873446 0
    outer loop
      vertex 155.018 33.6645 5
      vertex 155.192 33.7615 3
      vertex 155.018 33.6645 3
    endloop
  endfacet
  facet normal 0.198049 -0.980192 0
    outer loop
      vertex 156.547 29.5269 3
      vertex 156.742 29.5663 5
      vertex 156.547 29.5269 5
    endloop
  endfacet
  facet normal 0.198049 -0.980192 0
    outer loop
      vertex 156.742 29.5663 5
      vertex 156.547 29.5269 3
      vertex 156.742 29.5663 3
    endloop
  endfacet
  facet normal 0.991429 0.130649 0
    outer loop
      vertex 158.441 31.9489 5
      vertex 158.415 32.1462 3
      vertex 158.415 32.1462 5
    endloop
  endfacet
  facet normal 0.991429 0.130649 0
    outer loop
      vertex 158.415 32.1462 3
      vertex 158.441 31.9489 5
      vertex 158.441 31.9489 3
    endloop
  endfacet
  facet normal -1 0 0
    outer loop
      vertex 153.952 31.6505 3
      vertex 153.952 31.8495 5
      vertex 153.952 31.8495 3
    endloop
  endfacet
  facet normal -1 -0 0
    outer loop
      vertex 153.952 31.8495 5
      vertex 153.952 31.6505 3
      vertex 153.952 31.6505 5
    endloop
  endfacet
  facet normal 0.448017 -0.894025 0
    outer loop
      vertex 157.118 29.6959 3
      vertex 157.296 29.7851 5
      vertex 157.118 29.6959 5
    endloop
  endfacet
  facet normal 0.448017 -0.894025 0
    outer loop
      vertex 157.296 29.7851 5
      vertex 157.118 29.6959 3
      vertex 157.296 29.7851 3
    endloop
  endfacet
  facet normal -0.965261 0.261289 0
    outer loop
      vertex 154.005 32.2437 3
      vertex 154.057 32.4358 5
      vertex 154.057 32.4358 3
    endloop
  endfacet
  facet normal -0.965261 0.261289 0
    outer loop
      vertex 154.057 32.4358 5
      vertex 154.005 32.2437 3
      vertex 154.005 32.2437 5
    endloop
  endfacet
  facet normal 0.975281 0.22097 0
    outer loop
      vertex 158.415 32.1462 5
      vertex 158.371 32.3404 3
      vertex 158.371 32.3404 5
    endloop
  endfacet
  facet normal 0.975281 0.22097 0
    outer loop
      vertex 158.371 32.3404 3
      vertex 158.415 32.1462 5
      vertex 158.415 32.1462 3
    endloop
  endfacet
  facet normal -0.813225 -0.58195 0
    outer loop
      vertex 154.428 30.3639 3
      vertex 154.312 30.526 5
      vertex 154.312 30.526 3
    endloop
  endfacet
  facet normal -0.813225 -0.58195 0
    outer loop
      vertex 154.312 30.526 5
      vertex 154.428 30.3639 3
      vertex 154.428 30.3639 5
    endloop
  endfacet
  facet normal -0.326316 -0.945261 0
    outer loop
      vertex 155.374 29.6573 3
      vertex 155.562 29.5924 5
      vertex 155.374 29.6573 5
    endloop
  endfacet
  facet normal -0.326316 -0.945261 -0
    outer loop
      vertex 155.562 29.5924 5
      vertex 155.374 29.6573 3
      vertex 155.562 29.5924 3
    endloop
  endfacet
  facet normal -0.633539 -0.773711 0
    outer loop
      vertex 154.699 30.0735 3
      vertex 154.853 29.9474 5
      vertex 154.699 30.0735 5
    endloop
  endfacet
  facet normal -0.633539 -0.773711 -0
    outer loop
      vertex 154.853 29.9474 5
      vertex 154.699 30.0735 3
      vertex 154.853 29.9474 3
    endloop
  endfacet
  facet normal 0.367487 0.930029 -0
    outer loop
      vertex 157.118 33.8041 3
      vertex 156.933 33.8772 5
      vertex 157.118 33.8041 5
    endloop
  endfacet
  facet normal 0.367487 0.930029 0
    outer loop
      vertex 156.933 33.8772 5
      vertex 157.118 33.8041 3
      vertex 156.933 33.8772 3
    endloop
  endfacet
  facet normal -0.326316 0.945261 0
    outer loop
      vertex 155.562 33.9076 3
      vertex 155.374 33.8427 5
      vertex 155.562 33.9076 5
    endloop
  endfacet
  facet normal -0.326316 0.945261 0
    outer loop
      vertex 155.374 33.8427 5
      vertex 155.562 33.9076 3
      vertex 155.374 33.8427 3
    endloop
  endfacet
  facet normal -0.240879 -0.970555 0
    outer loop
      vertex 155.562 29.5924 3
      vertex 155.755 29.5445 5
      vertex 155.562 29.5924 5
    endloop
  endfacet
  facet normal -0.240879 -0.970555 -0
    outer loop
      vertex 155.755 29.5445 5
      vertex 155.562 29.5924 3
      vertex 155.755 29.5445 3
    endloop
  endfacet
  facet normal 0.839853 -0.542814 0
    outer loop
      vertex 158.032 30.4436 5
      vertex 158.14 30.6107 3
      vertex 158.14 30.6107 5
    endloop
  endfacet
  facet normal 0.839853 -0.542814 0
    outer loop
      vertex 158.14 30.6107 3
      vertex 158.032 30.4436 5
      vertex 158.032 30.4436 3
    endloop
  endfacet
  facet normal 0.283661 -0.958925 0
    outer loop
      vertex 156.742 29.5663 3
      vertex 156.933 29.6228 5
      vertex 156.742 29.5663 5
    endloop
  endfacet
  facet normal 0.283661 -0.958925 0
    outer loop
      vertex 156.933 29.6228 5
      vertex 156.742 29.5663 3
      vertex 156.933 29.6228 3
    endloop
  endfacet
  facet normal -0.153979 0.988074 0
    outer loop
      vertex 155.952 33.9862 3
      vertex 155.755 33.9555 5
      vertex 155.952 33.9862 5
    endloop
  endfacet
  facet normal -0.153979 0.988074 0
    outer loop
      vertex 155.755 33.9555 5
      vertex 155.952 33.9862 3
      vertex 155.755 33.9555 3
    endloop
  endfacet
  facet normal -0.937991 -0.34666 0
    outer loop
      vertex 154.126 30.8775 3
      vertex 154.057 31.0642 5
      vertex 154.057 31.0642 3
    endloop
  endfacet
  facet normal -0.937991 -0.34666 0
    outer loop
      vertex 154.057 31.0642 5
      vertex 154.126 30.8775 3
      vertex 154.126 30.8775 5
    endloop
  endfacet
  facet normal 0.109936 -0.993939 0
    outer loop
      vertex 156.349 29.505 3
      vertex 156.547 29.5269 5
      vertex 156.349 29.505 5
    endloop
  endfacet
  facet normal 0.109936 -0.993939 0
    outer loop
      vertex 156.547 29.5269 5
      vertex 156.349 29.505 3
      vertex 156.547 29.5269 3
    endloop
  endfacet
  facet normal 0.998978 0.0452026 0
    outer loop
      vertex 158.45 31.75 5
      vertex 158.441 31.9489 3
      vertex 158.441 31.9489 5
    endloop
  endfacet
  facet normal 0.998978 0.0452026 0
    outer loop
      vertex 158.441 31.9489 3
      vertex 158.45 31.75 5
      vertex 158.45 31.75 3
    endloop
  endfacet
  facet normal 0.884045 0.467403 0
    outer loop
      vertex 158.233 32.7134 5
      vertex 158.14 32.8893 3
      vertex 158.14 32.8893 5
    endloop
  endfacet
  facet normal 0.884045 0.467403 0
    outer loop
      vertex 158.14 32.8893 3
      vertex 158.233 32.7134 5
      vertex 158.233 32.7134 3
    endloop
  endfacet
  facet normal 0.884045 -0.467403 0
    outer loop
      vertex 158.14 30.6107 5
      vertex 158.233 30.7866 3
      vertex 158.233 30.7866 5
    endloop
  endfacet
  facet normal 0.884045 -0.467403 0
    outer loop
      vertex 158.233 30.7866 3
      vertex 158.14 30.6107 5
      vertex 158.14 30.6107 3
    endloop
  endfacet
  facet normal 0.730085 -0.683356 0
    outer loop
      vertex 157.773 30.1415 5
      vertex 157.909 30.2868 3
      vertex 157.909 30.2868 5
    endloop
  endfacet
  facet normal 0.730085 -0.683356 0
    outer loop
      vertex 157.909 30.2868 3
      vertex 157.773 30.1415 5
      vertex 157.773 30.1415 3
    endloop
  endfacet
  facet normal 0.786806 -0.617201 0
    outer loop
      vertex 157.909 30.2868 5
      vertex 158.032 30.4436 3
      vertex 158.032 30.4436 5
    endloop
  endfacet
  facet normal 0.786806 -0.617201 0
    outer loop
      vertex 158.032 30.4436 3
      vertex 157.909 30.2868 5
      vertex 157.909 30.2868 3
    endloop
  endfacet
  facet normal 0.667574 -0.744544 0
    outer loop
      vertex 157.625 30.0088 3
      vertex 157.773 30.1415 5
      vertex 157.625 30.0088 5
    endloop
  endfacet
  facet normal 0.667574 -0.744544 0
    outer loop
      vertex 157.773 30.1415 5
      vertex 157.625 30.0088 3
      vertex 157.773 30.1415 3
    endloop
  endfacet
  facet normal -0.633539 0.773711 0
    outer loop
      vertex 154.853 33.5526 3
      vertex 154.699 33.4265 5
      vertex 154.853 33.5526 5
    endloop
  endfacet
  facet normal -0.633539 0.773711 0
    outer loop
      vertex 154.699 33.4265 5
      vertex 154.853 33.5526 3
      vertex 154.699 33.4265 3
    endloop
  endfacet
  facet normal -0.407442 -0.913231 0
    outer loop
      vertex 155.192 29.7385 3
      vertex 155.374 29.6573 5
      vertex 155.192 29.7385 5
    endloop
  endfacet
  facet normal -0.407442 -0.913231 -0
    outer loop
      vertex 155.374 29.6573 5
      vertex 155.192 29.7385 3
      vertex 155.374 29.6573 3
    endloop
  endfacet
  facet normal 0.109936 0.993939 -0
    outer loop
      vertex 156.547 33.9731 3
      vertex 156.349 33.995 5
      vertex 156.547 33.9731 5
    endloop
  endfacet
  facet normal 0.109936 0.993939 0
    outer loop
      vertex 156.349 33.995 5
      vertex 156.547 33.9731 3
      vertex 156.349 33.995 3
    endloop
  endfacet
  facet normal 0.839853 0.542814 0
    outer loop
      vertex 158.14 32.8893 5
      vertex 158.032 33.0564 3
      vertex 158.032 33.0564 5
    endloop
  endfacet
  facet normal 0.839853 0.542814 0
    outer loop
      vertex 158.032 33.0564 3
      vertex 158.14 32.8893 5
      vertex 158.14 32.8893 3
    endloop
  endfacet
  facet normal -0.066519 -0.997785 0
    outer loop
      vertex 155.952 29.5138 3
      vertex 156.15 29.5006 5
      vertex 155.952 29.5138 5
    endloop
  endfacet
  facet normal -0.066519 -0.997785 -0
    outer loop
      vertex 156.15 29.5006 5
      vertex 155.952 29.5138 3
      vertex 156.15 29.5006 3
    endloop
  endfacet
  facet normal 0.667574 0.744544 -0
    outer loop
      vertex 157.773 33.3585 3
      vertex 157.625 33.4912 5
      vertex 157.773 33.3585 5
    endloop
  endfacet
  facet normal 0.667574 0.744544 0
    outer loop
      vertex 157.625 33.4912 5
      vertex 157.773 33.3585 3
      vertex 157.625 33.4912 3
    endloop
  endfacet
  facet normal -0.561281 0.827626 0
    outer loop
      vertex 155.018 33.6645 3
      vertex 154.853 33.5526 5
      vertex 155.018 33.6645 5
    endloop
  endfacet
  facet normal -0.561281 0.827626 0
    outer loop
      vertex 154.853 33.5526 5
      vertex 155.018 33.6645 3
      vertex 154.853 33.5526 3
    endloop
  endfacet
  facet normal 0.920308 -0.391194 0
    outer loop
      vertex 158.233 30.7866 5
      vertex 158.311 30.9701 3
      vertex 158.311 30.9701 5
    endloop
  endfacet
  facet normal 0.920308 -0.391194 0
    outer loop
      vertex 158.311 30.9701 3
      vertex 158.233 30.7866 5
      vertex 158.233 30.7866 3
    endloop
  endfacet
  facet normal -0.937991 0.34666 0
    outer loop
      vertex 154.057 32.4358 3
      vertex 154.126 32.6225 5
      vertex 154.126 32.6225 3
    endloop
  endfacet
  facet normal -0.937991 0.34666 0
    outer loop
      vertex 154.126 32.6225 5
      vertex 154.057 32.4358 3
      vertex 154.057 32.4358 5
    endloop
  endfacet
  facet normal 0.0221052 -0.999756 0
    outer loop
      vertex 156.15 29.5006 3
      vertex 156.349 29.505 5
      vertex 156.15 29.5006 5
    endloop
  endfacet
  facet normal 0.0221052 -0.999756 0
    outer loop
      vertex 156.349 29.505 5
      vertex 156.15 29.5006 3
      vertex 156.349 29.505 3
    endloop
  endfacet
  facet normal -0.904157 -0.4272 0
    outer loop
      vertex 154.211 30.6976 3
      vertex 154.126 30.8775 5
      vertex 154.126 30.8775 3
    endloop
  endfacet
  facet normal -0.904157 -0.4272 0
    outer loop
      vertex 154.126 30.8775 5
      vertex 154.211 30.6976 3
      vertex 154.211 30.6976 5
    endloop
  endfacet
  facet normal -0.700031 -0.714112 0
    outer loop
      vertex 154.557 30.2127 3
      vertex 154.699 30.0735 5
      vertex 154.557 30.2127 5
    endloop
  endfacet
  facet normal -0.700031 -0.714112 -0
    outer loop
      vertex 154.699 30.0735 5
      vertex 154.557 30.2127 3
      vertex 154.699 30.0735 3
    endloop
  endfacet
  facet normal -0.813225 0.58195 0
    outer loop
      vertex 154.312 32.974 3
      vertex 154.428 33.1361 5
      vertex 154.428 33.1361 3
    endloop
  endfacet
  facet normal -0.813225 0.58195 0
    outer loop
      vertex 154.428 33.1361 5
      vertex 154.312 32.974 3
      vertex 154.312 32.974 5
    endloop
  endfacet
  facet normal 0.920308 0.391194 0
    outer loop
      vertex 158.311 32.5299 5
      vertex 158.233 32.7134 3
      vertex 158.233 32.7134 5
    endloop
  endfacet
  facet normal 0.920308 0.391194 0
    outer loop
      vertex 158.233 32.7134 3
      vertex 158.311 32.5299 5
      vertex 158.311 32.5299 3
    endloop
  endfacet
  facet normal -0.240879 0.970555 0
    outer loop
      vertex 155.755 33.9555 3
      vertex 155.562 33.9076 5
      vertex 155.755 33.9555 5
    endloop
  endfacet
  facet normal -0.240879 0.970555 0
    outer loop
      vertex 155.562 33.9076 5
      vertex 155.755 33.9555 3
      vertex 155.562 33.9076 3
    endloop
  endfacet
  facet normal -0.700031 0.714112 0
    outer loop
      vertex 154.699 33.4265 3
      vertex 154.557 33.2873 5
      vertex 154.699 33.4265 5
    endloop
  endfacet
  facet normal -0.700031 0.714112 0
    outer loop
      vertex 154.557 33.2873 5
      vertex 154.699 33.4265 3
      vertex 154.557 33.2873 3
    endloop
  endfacet
  facet normal -0.995906 -0.0903999 0
    outer loop
      vertex 153.97 31.4522 3
      vertex 153.952 31.6505 5
      vertex 153.952 31.6505 3
    endloop
  endfacet
  facet normal -0.995906 -0.0903999 0
    outer loop
      vertex 153.952 31.6505 5
      vertex 153.97 31.4522 3
      vertex 153.97 31.4522 5
    endloop
  endfacet
  facet normal 0.599839 -0.800121 0
    outer loop
      vertex 157.466 29.8896 3
      vertex 157.625 30.0088 5
      vertex 157.466 29.8896 5
    endloop
  endfacet
  facet normal 0.599839 -0.800121 0
    outer loop
      vertex 157.625 30.0088 5
      vertex 157.466 29.8896 3
      vertex 157.625 30.0088 3
    endloop
  endfacet
  facet normal 0.523678 -0.851916 0
    outer loop
      vertex 157.296 29.7851 3
      vertex 157.466 29.8896 5
      vertex 157.296 29.7851 5
    endloop
  endfacet
  facet normal 0.523678 -0.851916 0
    outer loop
      vertex 157.466 29.8896 5
      vertex 157.296 29.7851 3
      vertex 157.466 29.8896 3
    endloop
  endfacet
  facet normal -0.984412 0.175878 0
    outer loop
      vertex 153.97 32.0478 3
      vertex 154.005 32.2437 5
      vertex 154.005 32.2437 3
    endloop
  endfacet
  facet normal -0.984412 0.175878 0
    outer loop
      vertex 154.005 32.2437 5
      vertex 153.97 32.0478 3
      vertex 153.97 32.0478 5
    endloop
  endfacet
  facet normal -0.760746 0.649049 0
    outer loop
      vertex 154.428 33.1361 3
      vertex 154.557 33.2873 5
      vertex 154.557 33.2873 3
    endloop
  endfacet
  facet normal -0.760746 0.649049 0
    outer loop
      vertex 154.557 33.2873 5
      vertex 154.428 33.1361 3
      vertex 154.428 33.1361 5
    endloop
  endfacet
  facet normal 0.448017 0.894025 -0
    outer loop
      vertex 157.296 33.7149 3
      vertex 157.118 33.8041 5
      vertex 157.296 33.7149 5
    endloop
  endfacet
  facet normal 0.448017 0.894025 0
    outer loop
      vertex 157.118 33.8041 5
      vertex 157.296 33.7149 3
      vertex 157.118 33.8041 3
    endloop
  endfacet
  facet normal 0.953354 0.301854 0
    outer loop
      vertex 158.371 32.3404 5
      vertex 158.311 32.5299 3
      vertex 158.311 32.5299 5
    endloop
  endfacet
  facet normal 0.953354 0.301854 0
    outer loop
      vertex 158.311 32.5299 3
      vertex 158.371 32.3404 5
      vertex 158.371 32.3404 3
    endloop
  endfacet
  facet normal -0.995906 0.0903999 0
    outer loop
      vertex 153.952 31.8495 3
      vertex 153.97 32.0478 5
      vertex 153.97 32.0478 3
    endloop
  endfacet
  facet normal -0.995906 0.0903999 0
    outer loop
      vertex 153.97 32.0478 5
      vertex 153.952 31.8495 3
      vertex 153.952 31.8495 5
    endloop
  endfacet
  facet normal 0.599839 0.800121 -0
    outer loop
      vertex 157.625 33.4912 3
      vertex 157.466 33.6104 5
      vertex 157.625 33.4912 5
    endloop
  endfacet
  facet normal 0.599839 0.800121 0
    outer loop
      vertex 157.466 33.6104 5
      vertex 157.625 33.4912 3
      vertex 157.466 33.6104 3
    endloop
  endfacet
  facet normal 0.198049 0.980192 -0
    outer loop
      vertex 156.742 33.9337 3
      vertex 156.547 33.9731 5
      vertex 156.742 33.9337 5
    endloop
  endfacet
  facet normal 0.198049 0.980192 0
    outer loop
      vertex 156.547 33.9731 5
      vertex 156.742 33.9337 3
      vertex 156.547 33.9731 3
    endloop
  endfacet
  facet normal -0.861805 -0.50724 0
    outer loop
      vertex 154.312 30.526 3
      vertex 154.211 30.6976 5
      vertex 154.211 30.6976 3
    endloop
  endfacet
  facet normal -0.861805 -0.50724 0
    outer loop
      vertex 154.211 30.6976 5
      vertex 154.312 30.526 3
      vertex 154.312 30.526 5
    endloop
  endfacet
  facet normal -0.760746 -0.649049 0
    outer loop
      vertex 154.557 30.2127 3
      vertex 154.428 30.3639 5
      vertex 154.428 30.3639 3
    endloop
  endfacet
  facet normal -0.760746 -0.649049 0
    outer loop
      vertex 154.428 30.3639 5
      vertex 154.557 30.2127 3
      vertex 154.557 30.2127 5
    endloop
  endfacet
  facet normal -0.861805 0.50724 0
    outer loop
      vertex 154.211 32.8024 3
      vertex 154.312 32.974 5
      vertex 154.312 32.974 3
    endloop
  endfacet
  facet normal -0.861805 0.50724 0
    outer loop
      vertex 154.312 32.974 5
      vertex 154.211 32.8024 3
      vertex 154.211 32.8024 5
    endloop
  endfacet
  facet normal -0.486921 -0.873446 0
    outer loop
      vertex 155.018 29.8355 3
      vertex 155.192 29.7385 5
      vertex 155.018 29.8355 5
    endloop
  endfacet
  facet normal -0.486921 -0.873446 -0
    outer loop
      vertex 155.192 29.7385 5
      vertex 155.018 29.8355 3
      vertex 155.192 29.7385 3
    endloop
  endfacet
  facet normal 0.730085 0.683356 0
    outer loop
      vertex 157.909 33.2132 5
      vertex 157.773 33.3585 3
      vertex 157.773 33.3585 5
    endloop
  endfacet
  facet normal 0.730085 0.683356 0
    outer loop
      vertex 157.773 33.3585 3
      vertex 157.909 33.2132 5
      vertex 157.909 33.2132 3
    endloop
  endfacet
  facet normal -0.984412 -0.175878 0
    outer loop
      vertex 154.005 31.2563 3
      vertex 153.97 31.4522 5
      vertex 153.97 31.4522 3
    endloop
  endfacet
  facet normal -0.984412 -0.175878 0
    outer loop
      vertex 153.97 31.4522 5
      vertex 154.005 31.2563 3
      vertex 154.005 31.2563 5
    endloop
  endfacet
  facet normal 0 0 1
    outer loop
      vertex 157.05 31.75 5
      vertex 158.45 31.75 5
      vertex 158.441 31.9489 5
    endloop
  endfacet
  facet normal 0 0 1
    outer loop
      vertex 157.027 31.946 5
      vertex 158.441 31.9489 5
      vertex 158.415 32.1462 5
    endloop
  endfacet
  facet normal 0 0 1
    outer loop
      vertex 158.45 31.75 5
      vertex 157.05 31.75 5
      vertex 158.441 31.5511 5
    endloop
  endfacet
  facet normal 0 0 1
    outer loop
      vertex 157.027 31.946 5
      vertex 158.415 32.1462 5
      vertex 158.371 32.3404 5
    endloop
  endfacet
  facet normal -0 0 1
    outer loop
      vertex 157.027 31.554 5
      vertex 158.441 31.5511 5
      vertex 157.05 31.75 5
    endloop
  endfacet
  facet normal 0 0 1
    outer loop
      vertex 157.027 31.946 5
      vertex 158.371 32.3404 5
      vertex 158.311 32.5299 5
    endloop
  endfacet
  facet normal 0 0 1
    outer loop
      vertex 158.441 31.5511 5
      vertex 157.027 31.554 5
      vertex 158.415 31.3538 5
    endloop
  endfacet
  facet normal 0 0 1
    outer loop
      vertex 156.96 32.1315 5
      vertex 158.311 32.5299 5
      vertex 158.233 32.7134 5
    endloop
  endfacet
  facet normal 0 0 1
    outer loop
      vertex 158.415 31.3538 5
      vertex 157.027 31.554 5
      vertex 158.371 31.1596 5
    endloop
  endfacet
  facet normal 0 0 1
    outer loop
      vertex 156.96 32.1315 5
      vertex 158.233 32.7134 5
      vertex 158.14 32.8893 5
    endloop
  endfacet
  facet normal 0 0 1
    outer loop
      vertex 158.371 31.1596 5
      vertex 157.027 31.554 5
      vertex 158.311 30.9701 5
    endloop
  endfacet
  facet normal 0 0 1
    outer loop
      vertex 156.96 32.1315 5
      vertex 158.14 32.8893 5
      vertex 158.032 33.0564 5
    endloop
  endfacet
  facet normal -0 0 1
    outer loop
      vertex 156.96 31.3685 5
      vertex 158.311 30.9701 5
      vertex 157.027 31.554 5
    endloop
  endfacet
  facet normal 0 0 1
    outer loop
      vertex 156.851 32.2964 5
      vertex 158.032 33.0564 5
      vertex 157.909 33.2132 5
    endloop
  endfacet
  facet normal 0 0 1
    outer loop
      vertex 158.311 30.9701 5
      vertex 156.96 31.3685 5
      vertex 158.233 30.7866 5
    endloop
  endfacet
  facet normal 0 0 1
    outer loop
      vertex 156.851 32.2964 5
      vertex 157.909 33.2132 5
      vertex 157.773 33.3585 5
    endloop
  endfacet
  facet normal 0 0 1
    outer loop
      vertex 158.233 30.7866 5
      vertex 156.96 31.3685 5
      vertex 158.14 30.6107 5
    endloop
  endfacet
  facet normal 0 0 1
    outer loop
      vertex 156.708 32.4318 5
      vertex 157.773 33.3585 5
      vertex 157.625 33.4912 5
    endloop
  endfacet
  facet normal 0 0 1
    outer loop
      vertex 158.14 30.6107 5
      vertex 156.96 31.3685 5
      vertex 158.032 30.4436 5
    endloop
  endfacet
  facet normal 0 0 1
    outer loop
      vertex 156.708 32.4318 5
      vertex 157.625 33.4912 5
      vertex 157.466 33.6104 5
    endloop
  endfacet
  facet normal -0 0 1
    outer loop
      vertex 156.851 31.2036 5
      vertex 158.032 30.4436 5
      vertex 156.96 31.3685 5
    endloop
  endfacet
  facet normal 0 0 1
    outer loop
      vertex 156.708 32.4318 5
      vertex 157.466 33.6104 5
      vertex 157.296 33.7149 5
    endloop
  endfacet
  facet normal 0 0 1
    outer loop
      vertex 158.032 30.4436 5
      vertex 156.851 31.2036 5
      vertex 157.909 30.2868 5
    endloop
  endfacet
  facet normal 0 0 1
    outer loop
      vertex 156.537 32.5305 5
      vertex 157.296 33.7149 5
      vertex 157.118 33.8041 5
    endloop
  endfacet
  facet normal 0 0 1
    outer loop
      vertex 157.909 30.2868 5
      vertex 156.851 31.2036 5
      vertex 157.773 30.1415 5
    endloop
  endfacet
  facet normal -0 0 1
    outer loop
      vertex 156.708 31.0682 5
      vertex 157.773 30.1415 5
      vertex 156.851 31.2036 5
    endloop
  endfacet
  facet normal 0 0 1
    outer loop
      vertex 158.441 31.9489 5
      vertex 157.027 31.946 5
      vertex 157.05 31.75 5
    endloop
  endfacet
  facet normal 0 0 1
    outer loop
      vertex 158.311 32.5299 5
      vertex 156.96 32.1315 5
      vertex 157.027 31.946 5
    endloop
  endfacet
  facet normal 0 0 1
    outer loop
      vertex 156.537 32.5305 5
      vertex 157.118 33.8041 5
      vertex 156.933 33.8772 5
    endloop
  endfacet
  facet normal 0 0 1
    outer loop
      vertex 158.032 33.0564 5
      vertex 156.851 32.2964 5
      vertex 156.96 32.1315 5
    endloop
  endfacet
  facet normal 0 0 1
    outer loop
      vertex 156.537 32.5305 5
      vertex 156.933 33.8772 5
      vertex 156.742 33.9337 5
    endloop
  endfacet
  facet normal 0 0 1
    outer loop
      vertex 157.773 33.3585 5
      vertex 156.708 32.4318 5
      vertex 156.851 32.2964 5
    endloop
  endfacet
  facet normal 0 0 1
    outer loop
      vertex 156.348 32.5871 5
      vertex 156.742 33.9337 5
      vertex 156.547 33.9731 5
    endloop
  endfacet
  facet normal 0 0 1
    outer loop
      vertex 157.296 33.7149 5
      vertex 156.537 32.5305 5
      vertex 156.708 32.4318 5
    endloop
  endfacet
  facet normal 0 0 1
    outer loop
      vertex 156.348 32.5871 5
      vertex 156.547 33.9731 5
      vertex 156.349 33.995 5
    endloop
  endfacet
  facet normal 0 0 1
    outer loop
      vertex 156.742 33.9337 5
      vertex 156.348 32.5871 5
      vertex 156.537 32.5305 5
    endloop
  endfacet
  facet normal 0 0 1
    outer loop
      vertex 156.349 33.995 5
      vertex 156.151 32.5986 5
      vertex 156.348 32.5871 5
    endloop
  endfacet
  facet normal 0 0 1
    outer loop
      vertex 156.15 33.9995 5
      vertex 156.151 32.5986 5
      vertex 156.349 33.995 5
    endloop
  endfacet
  facet normal -0 0 1
    outer loop
      vertex 155.952 33.9862 5
      vertex 156.151 32.5986 5
      vertex 156.15 33.9995 5
    endloop
  endfacet
  facet normal -0 0 1
    outer loop
      vertex 155.755 33.9555 5
      vertex 156.151 32.5986 5
      vertex 155.952 33.9862 5
    endloop
  endfacet
  facet normal 0 0 1
    outer loop
      vertex 156.151 32.5986 5
      vertex 155.755 33.9555 5
      vertex 155.956 32.5643 5
    endloop
  endfacet
  facet normal -0 0 1
    outer loop
      vertex 155.562 33.9076 5
      vertex 155.956 32.5643 5
      vertex 155.755 33.9555 5
    endloop
  endfacet
  facet normal -0 0 1
    outer loop
      vertex 155.374 33.8427 5
      vertex 155.956 32.5643 5
      vertex 155.562 33.9076 5
    endloop
  endfacet
  facet normal 0 0 1
    outer loop
      vertex 155.956 32.5643 5
      vertex 155.374 33.8427 5
      vertex 155.775 32.4861 5
    endloop
  endfacet
  facet normal -0 0 1
    outer loop
      vertex 155.192 33.7615 5
      vertex 155.775 32.4861 5
      vertex 155.374 33.8427 5
    endloop
  endfacet
  facet normal -0 0 1
    outer loop
      vertex 155.018 33.6645 5
      vertex 155.775 32.4861 5
      vertex 155.192 33.7615 5
    endloop
  endfacet
  facet normal -0 0 1
    outer loop
      vertex 154.853 33.5526 5
      vertex 155.775 32.4861 5
      vertex 155.018 33.6645 5
    endloop
  endfacet
  facet normal 0 0 1
    outer loop
      vertex 155.775 32.4861 5
      vertex 154.853 33.5526 5
      vertex 155.617 32.3683 5
    endloop
  endfacet
  facet normal -0 0 1
    outer loop
      vertex 154.557 33.2873 5
      vertex 155.617 32.3683 5
      vertex 154.699 33.4265 5
    endloop
  endfacet
  facet normal -0 0 1
    outer loop
      vertex 154.699 33.4265 5
      vertex 155.617 32.3683 5
      vertex 154.853 33.5526 5
    endloop
  endfacet
  facet normal 0 0 1
    outer loop
      vertex 157.773 30.1415 5
      vertex 156.708 31.0682 5
      vertex 157.625 30.0088 5
    endloop
  endfacet
  facet normal 0 0 1
    outer loop
      vertex 157.625 30.0088 5
      vertex 156.708 31.0682 5
      vertex 157.466 29.8896 5
    endloop
  endfacet
  facet normal 0 0 1
    outer loop
      vertex 157.466 29.8896 5
      vertex 156.708 31.0682 5
      vertex 157.296 29.7851 5
    endloop
  endfacet
  facet normal -0 0 1
    outer loop
      vertex 156.537 30.9695 5
      vertex 157.296 29.7851 5
      vertex 156.708 31.0682 5
    endloop
  endfacet
  facet normal 0 0 1
    outer loop
      vertex 157.296 29.7851 5
      vertex 156.537 30.9695 5
      vertex 157.118 29.6959 5
    endloop
  endfacet
  facet normal 0 0 1
    outer loop
      vertex 157.118 29.6959 5
      vertex 156.537 30.9695 5
      vertex 156.933 29.6228 5
    endloop
  endfacet
  facet normal 0 0 1
    outer loop
      vertex 156.933 29.6228 5
      vertex 156.537 30.9695 5
      vertex 156.742 29.5663 5
    endloop
  endfacet
  facet normal -0 0 1
    outer loop
      vertex 156.348 30.9129 5
      vertex 156.742 29.5663 5
      vertex 156.537 30.9695 5
    endloop
  endfacet
  facet normal 0 0 1
    outer loop
      vertex 156.742 29.5663 5
      vertex 156.348 30.9129 5
      vertex 156.547 29.5269 5
    endloop
  endfacet
  facet normal 0 0 1
    outer loop
      vertex 156.547 29.5269 5
      vertex 156.348 30.9129 5
      vertex 156.349 29.505 5
    endloop
  endfacet
  facet normal -0 0 1
    outer loop
      vertex 156.151 30.9014 5
      vertex 156.349 29.505 5
      vertex 156.348 30.9129 5
    endloop
  endfacet
  facet normal 0 0 1
    outer loop
      vertex 156.151 30.9014 5
      vertex 156.15 29.5006 5
      vertex 156.349 29.505 5
    endloop
  endfacet
  facet normal 0 0 1
    outer loop
      vertex 155.755 29.5445 5
      vertex 156.151 30.9014 5
      vertex 155.956 30.9357 5
    endloop
  endfacet
  facet normal 0 0 1
    outer loop
      vertex 156.151 30.9014 5
      vertex 155.952 29.5138 5
      vertex 156.15 29.5006 5
    endloop
  endfacet
  facet normal 0 0 1
    outer loop
      vertex 155.374 29.6573 5
      vertex 155.956 30.9357 5
      vertex 155.775 31.0139 5
    endloop
  endfacet
  facet normal 0 0 1
    outer loop
      vertex 156.151 30.9014 5
      vertex 155.755 29.5445 5
      vertex 155.952 29.5138 5
    endloop
  endfacet
  facet normal 0 0 1
    outer loop
      vertex 154.853 29.9474 5
      vertex 155.775 31.0139 5
      vertex 155.617 31.1317 5
    endloop
  endfacet
  facet normal 0 0 1
    outer loop
      vertex 155.956 30.9357 5
      vertex 155.562 29.5924 5
      vertex 155.755 29.5445 5
    endloop
  endfacet
  facet normal 0 0 1
    outer loop
      vertex 154.428 30.3639 5
      vertex 155.617 31.1317 5
      vertex 155.49 31.2829 5
    endloop
  endfacet
  facet normal 0 0 1
    outer loop
      vertex 154.211 30.6976 5
      vertex 155.49 31.2829 5
      vertex 155.401 31.4593 5
    endloop
  endfacet
  facet normal 0 0 1
    outer loop
      vertex 155.956 30.9357 5
      vertex 155.374 29.6573 5
      vertex 155.562 29.5924 5
    endloop
  endfacet
  facet normal 0 0 1
    outer loop
      vertex 154.005 31.2563 5
      vertex 155.401 31.4593 5
      vertex 155.356 31.6513 5
    endloop
  endfacet
  facet normal -0 0 1
    outer loop
      vertex 154.428 33.1361 5
      vertex 155.617 32.3683 5
      vertex 154.557 33.2873 5
    endloop
  endfacet
  facet normal 0 0 1
    outer loop
      vertex 155.775 31.0139 5
      vertex 155.192 29.7385 5
      vertex 155.374 29.6573 5
    endloop
  endfacet
  facet normal 0 0 1
    outer loop
      vertex 155.617 32.3683 5
      vertex 154.428 33.1361 5
      vertex 155.49 32.2171 5
    endloop
  endfacet
  facet normal 0 0 1
    outer loop
      vertex 155.775 31.0139 5
      vertex 155.018 29.8355 5
      vertex 155.192 29.7385 5
    endloop
  endfacet
  facet normal -0 0 1
    outer loop
      vertex 154.312 32.974 5
      vertex 155.49 32.2171 5
      vertex 154.428 33.1361 5
    endloop
  endfacet
  facet normal 0 0 1
    outer loop
      vertex 155.775 31.0139 5
      vertex 154.853 29.9474 5
      vertex 155.018 29.8355 5
    endloop
  endfacet
  facet normal -0 0 1
    outer loop
      vertex 154.211 32.8024 5
      vertex 155.49 32.2171 5
      vertex 154.312 32.974 5
    endloop
  endfacet
  facet normal 0 0 1
    outer loop
      vertex 155.617 31.1317 5
      vertex 154.699 30.0735 5
      vertex 154.853 29.9474 5
    endloop
  endfacet
  facet normal 0 0 1
    outer loop
      vertex 155.49 32.2171 5
      vertex 154.211 32.8024 5
      vertex 155.401 32.0407 5
    endloop
  endfacet
  facet normal 0 0 1
    outer loop
      vertex 155.617 31.1317 5
      vertex 154.557 30.2127 5
      vertex 154.699 30.0735 5
    endloop
  endfacet
  facet normal -0 0 1
    outer loop
      vertex 154.126 32.6225 5
      vertex 155.401 32.0407 5
      vertex 154.211 32.8024 5
    endloop
  endfacet
  facet normal 0 0 1
    outer loop
      vertex 155.617 31.1317 5
      vertex 154.428 30.3639 5
      vertex 154.557 30.2127 5
    endloop
  endfacet
  facet normal -0 0 1
    outer loop
      vertex 154.057 32.4358 5
      vertex 155.401 32.0407 5
      vertex 154.126 32.6225 5
    endloop
  endfacet
  facet normal 0 0 1
    outer loop
      vertex 155.49 31.2829 5
      vertex 154.312 30.526 5
      vertex 154.428 30.3639 5
    endloop
  endfacet
  facet normal -0 0 1
    outer loop
      vertex 154.005 32.2437 5
      vertex 155.401 32.0407 5
      vertex 154.057 32.4358 5
    endloop
  endfacet
  facet normal 0 0 1
    outer loop
      vertex 155.49 31.2829 5
      vertex 154.211 30.6976 5
      vertex 154.312 30.526 5
    endloop
  endfacet
  facet normal 0 0 1
    outer loop
      vertex 155.401 32.0407 5
      vertex 154.005 32.2437 5
      vertex 155.356 31.8487 5
    endloop
  endfacet
  facet normal 0 0 1
    outer loop
      vertex 155.401 31.4593 5
      vertex 154.126 30.8775 5
      vertex 154.211 30.6976 5
    endloop
  endfacet
  facet normal -0 0 1
    outer loop
      vertex 153.97 32.0478 5
      vertex 155.356 31.8487 5
      vertex 154.005 32.2437 5
    endloop
  endfacet
  facet normal 0 0 1
    outer loop
      vertex 155.401 31.4593 5
      vertex 154.057 31.0642 5
      vertex 154.126 30.8775 5
    endloop
  endfacet
  facet normal -0 0 1
    outer loop
      vertex 153.952 31.8495 5
      vertex 155.356 31.8487 5
      vertex 153.97 32.0478 5
    endloop
  endfacet
  facet normal 0 0 1
    outer loop
      vertex 155.401 31.4593 5
      vertex 154.005 31.2563 5
      vertex 154.057 31.0642 5
    endloop
  endfacet
  facet normal 0 0 1
    outer loop
      vertex 155.356 31.8487 5
      vertex 153.952 31.8495 5
      vertex 155.356 31.6513 5
    endloop
  endfacet
  facet normal 0 0 1
    outer loop
      vertex 155.356 31.6513 5
      vertex 153.97 31.4522 5
      vertex 154.005 31.2563 5
    endloop
  endfacet
  facet normal 0 0 1
    outer loop
      vertex 153.952 31.6505 5
      vertex 155.356 31.6513 5
      vertex 153.952 31.8495 5
    endloop
  endfacet
  facet normal 0 0 1
    outer loop
      vertex 155.356 31.6513 5
      vertex 153.952 31.6505 5
      vertex 153.97 31.4522 5
    endloop
  endfacet
  facet normal -0.407442 0.913231 0
    outer loop
      vertex 155.374 33.8427 3
      vertex 155.192 33.7615 5
      vertex 155.374 33.8427 5
    endloop
  endfacet
  facet normal -0.407442 0.913231 0
    outer loop
      vertex 155.192 33.7615 5
      vertex 155.374 33.8427 3
      vertex 155.192 33.7615 3
    endloop
  endfacet
  facet normal -0.817592 -0.575798 0
    outer loop
      vertex 0.78717 1.6172 9.53674e-07
      vertex 0.674122 1.77772 3
      vertex 0.674122 1.77772 9.53674e-07
    endloop
  endfacet
  facet normal -0.817592 -0.575798 0
    outer loop
      vertex 0.674122 1.77772 3
      vertex 0.78717 1.6172 9.53674e-07
      vertex 0.78717 1.6172 3
    endloop
  endfacet
  facet normal -0.949568 0.313561 0
    outer loop
      vertex 0.172239 93.1611 9.53674e-07
      vertex 0.233824 93.3476 3
      vertex 0.233824 93.3476 9.53674e-07
    endloop
  endfacet
  facet normal -0.949568 0.313561 0
    outer loop
      vertex 0.233824 93.3476 3
      vertex 0.172239 93.1611 9.53674e-07
      vertex 0.172239 93.1611 3
    endloop
  endfacet
  facet normal 0.448318 -0.893874 0
    outer loop
      vertex 187.71 0.384044 9.53674e-07
      vertex 187.886 0.472316 3
      vertex 187.71 0.384044 3
    endloop
  endfacet
  facet normal 0.448318 -0.893874 0
    outer loop
      vertex 187.886 0.472316 3
      vertex 187.71 0.384044 9.53674e-07
      vertex 187.886 0.472316 9.53674e-07
    endloop
  endfacet
  facet normal -0.171135 0.985248 0
    outer loop
      vertex 3.41308 95.9567 9.53674e-07
      vertex 3.21964 95.9231 3
      vertex 3.41308 95.9567 3
    endloop
  endfacet
  facet normal -0.171135 0.985248 0
    outer loop
      vertex 3.21964 95.9231 3
      vertex 3.41308 95.9567 9.53674e-07
      vertex 3.21964 95.9231 9.53674e-07
    endloop
  endfacet
  facet normal -0.893228 -0.449604 0
    outer loop
      vertex 0.472316 2.11441 9.53674e-07
      vertex 0.384044 2.28978 3
      vertex 0.384044 2.28978 9.53674e-07
    endloop
  endfacet
  facet normal -0.893228 -0.449604 0
    outer loop
      vertex 0.384044 2.28978 3
      vertex 0.472316 2.11441 9.53674e-07
      vertex 0.472316 2.11441 3
    endloop
  endfacet
  facet normal 0.913383 -0.407101 0
    outer loop
      vertex 189.616 2.28978 3
      vertex 189.696 2.46927 9.53674e-07
      vertex 189.696 2.46927 3
    endloop
  endfacet
  facet normal 0.913383 -0.407101 0
    outer loop
      vertex 189.696 2.46927 9.53674e-07
      vertex 189.616 2.28978 3
      vertex 189.616 2.28978 9.53674e-07
    endloop
  endfacet
  facet normal 0 -1 0
    outer loop
      vertex 4 0 9.53674e-07
      vertex 92.7 0 3
      vertex 4 0 3
    endloop
  endfacet
  facet normal 0 -1 -0
    outer loop
      vertex 92.7 0 3
      vertex 4 0 9.53674e-07
      vertex 95.3 0 3
    endloop
  endfacet
  facet normal 0 -1 0
    outer loop
      vertex 186 0 9.53674e-07
      vertex 95.3 0 3
      vertex 4 0 9.53674e-07
    endloop
  endfacet
  facet normal 0 -1 0
    outer loop
      vertex 95.3 0 3
      vertex 186 0 9.53674e-07
      vertex 186 0 3
    endloop
  endfacet
  facet normal 0.869556 0.493834 0
    outer loop
      vertex 189.528 93.8856 3
      vertex 189.431 94.0564 9.53674e-07
      vertex 189.431 94.0564 3
    endloop
  endfacet
  facet normal 0.869556 0.493834 0
    outer loop
      vertex 189.431 94.0564 9.53674e-07
      vertex 189.528 93.8856 3
      vertex 189.528 93.8856 9.53674e-07
    endloop
  endfacet
  facet normal -0.449718 0.893171 0
    outer loop
      vertex 2.28978 95.616 9.53674e-07
      vertex 2.11441 95.5277 3
      vertex 2.28978 95.616 3
    endloop
  endfacet
  facet normal -0.449718 0.893171 0
    outer loop
      vertex 2.11441 95.5277 3
      vertex 2.28978 95.616 9.53674e-07
      vertex 2.11441 95.5277 9.53674e-07
    endloop
  endfacet
  facet normal 0.312874 0.949795 -0
    outer loop
      vertex 187.348 95.7662 9.53674e-07
      vertex 187.161 95.8278 3
      vertex 187.348 95.7662 3
    endloop
  endfacet
  facet normal 0.312874 0.949795 0
    outer loop
      vertex 187.161 95.8278 3
      vertex 187.348 95.7662 9.53674e-07
      vertex 187.161 95.8278 9.53674e-07
    endloop
  endfacet
  facet normal -0.992479 -0.122416 0
    outer loop
      vertex 0.0432949 3.41308 9.53674e-07
      vertex 0.0192614 3.60793 3
      vertex 0.0192614 3.60793 9.53674e-07
    endloop
  endfacet
  facet normal -0.992479 -0.122416 0
    outer loop
      vertex 0.0192614 3.60793 3
      vertex 0.0432949 3.41308 9.53674e-07
      vertex 0.0432949 3.41308 3
    endloop
  endfacet
  facet normal 0 1 -0
    outer loop
      vertex 186 96 9.53674e-07
      vertex 95.3 96 3
      vertex 186 96 3
    endloop
  endfacet
  facet normal 0 1 0
    outer loop
      vertex 95.3 96 3
      vertex 186 96 9.53674e-07
      vertex 92.7 96 3
    endloop
  endfacet
  facet normal 0 1 0
    outer loop
      vertex 4 96 9.53674e-07
      vertex 92.7 96 3
      vertex 186 96 9.53674e-07
    endloop
  endfacet
  facet normal 0 1 0
    outer loop
      vertex 92.7 96 3
      vertex 4 96 9.53674e-07
      vertex 4 96 3
    endloop
  endfacet
  facet normal -0.575975 0.817467 0
    outer loop
      vertex 1.77772 95.3259 9.53674e-07
      vertex 1.6172 95.2128 3
      vertex 1.77772 95.3259 3
    endloop
  endfacet
  facet normal -0.575975 0.817467 0
    outer loop
      vertex 1.6172 95.2128 3
      vertex 1.77772 95.3259 9.53674e-07
      vertex 1.6172 95.2128 9.53674e-07
    endloop
  endfacet
  facet normal 0.122155 0.992511 -0
    outer loop
      vertex 186.587 95.9567 9.53674e-07
      vertex 186.392 95.9807 3
      vertex 186.587 95.9567 3
    endloop
  endfacet
  facet normal 0.122155 0.992511 0
    outer loop
      vertex 186.392 95.9807 3
      vertex 186.587 95.9567 9.53674e-07
      vertex 186.392 95.9807 9.53674e-07
    endloop
  endfacet
  facet normal -0.266707 -0.963778 0
    outer loop
      vertex 2.83886 0.172239 9.53674e-07
      vertex 3.02808 0.119876 3
      vertex 2.83886 0.172239 3
    endloop
  endfacet
  facet normal -0.266707 -0.963778 -0
    outer loop
      vertex 3.02808 0.119876 3
      vertex 2.83886 0.172239 9.53674e-07
      vertex 3.02808 0.119876 9.53674e-07
    endloop
  endfacet
  facet normal -1 0 0
    outer loop
      vertex 0 4 9.53674e-07
      vertex 0 92 3
      vertex 0 92 9.53674e-07
    endloop
  endfacet
  facet normal -1 -0 0
    outer loop
      vertex 0 92 3
      vertex 0 4 9.53674e-07
      vertex 0 4 3
    endloop
  endfacet
  facet normal 0.405902 0.913917 -0
    outer loop
      vertex 187.71 95.616 9.53674e-07
      vertex 187.531 95.6955 3
      vertex 187.71 95.616 3
    endloop
  endfacet
  facet normal 0.405902 0.913917 0
    outer loop
      vertex 187.531 95.6955 3
      vertex 187.71 95.616 9.53674e-07
      vertex 187.531 95.6955 9.53674e-07
    endloop
  endfacet
  facet normal 0.690008 -0.723802 0
    outer loop
      vertex 188.686 1.0362 9.53674e-07
      vertex 188.828 1.17157 3
      vertex 188.686 1.0362 3
    endloop
  endfacet
  facet normal 0.690008 -0.723802 0
    outer loop
      vertex 188.828 1.17157 3
      vertex 188.686 1.0362 9.53674e-07
      vertex 188.828 1.17157 9.53674e-07
    endloop
  endfacet
  facet normal -0.975702 -0.219103 0
    outer loop
      vertex 0.119876 3.02808 9.53674e-07
      vertex 0.0768595 3.21964 3
      vertex 0.0768595 3.21964 9.53674e-07
    endloop
  endfacet
  facet normal -0.975702 -0.219103 0
    outer loop
      vertex 0.0768595 3.21964 3
      vertex 0.119876 3.02808 9.53674e-07
      vertex 0.119876 3.02808 3
    endloop
  endfacet
  facet normal 0.534568 0.845126 -0
    outer loop
      vertex 188.222 95.3259 9.53674e-07
      vertex 188.056 95.4309 3
      vertex 188.222 95.3259 3
    endloop
  endfacet
  facet normal 0.534568 0.845126 0
    outer loop
      vertex 188.056 95.4309 3
      vertex 188.222 95.3259 9.53674e-07
      vertex 188.056 95.4309 9.53674e-07
    endloop
  endfacet
  facet normal 1 -0 0
    outer loop
      vertex 190 4 3
      vertex 190 92 9.53674e-07
      vertex 190 92 3
    endloop
  endfacet
  facet normal 1 0 0
    outer loop
      vertex 190 92 9.53674e-07
      vertex 190 4 3
      vertex 190 4 9.53674e-07
    endloop
  endfacet
  facet normal -0.404975 0.914328 0
    outer loop
      vertex 2.46927 95.6955 9.53674e-07
      vertex 2.28978 95.616 3
      vertex 2.46927 95.6955 3
    endloop
  endfacet
  facet normal -0.404975 0.914328 0
    outer loop
      vertex 2.28978 95.616 3
      vertex 2.46927 95.6955 9.53674e-07
      vertex 2.28978 95.616 9.53674e-07
    endloop
  endfacet
  facet normal 0.893784 -0.448497 0
    outer loop
      vertex 189.528 2.11441 3
      vertex 189.616 2.28978 9.53674e-07
      vertex 189.616 2.28978 3
    endloop
  endfacet
  facet normal 0.893784 -0.448497 0
    outer loop
      vertex 189.616 2.28978 9.53674e-07
      vertex 189.528 2.11441 3
      vertex 189.528 2.11441 9.53674e-07
    endloop
  endfacet
  facet normal 0.494701 -0.869063 0
    outer loop
      vertex 187.886 0.472316 9.53674e-07
      vertex 188.056 0.569086 3
      vertex 187.886 0.472316 3
    endloop
  endfacet
  facet normal 0.494701 -0.869063 0
    outer loop
      vertex 188.056 0.569086 3
      vertex 187.886 0.472316 9.53674e-07
      vertex 188.056 0.569086 9.53674e-07
    endloop
  endfacet
  facet normal 0.073778 0.997275 -0
    outer loop
      vertex 186.392 95.9807 9.53674e-07
      vertex 186.196 95.9952 3
      vertex 186.392 95.9807 3
    endloop
  endfacet
  facet normal 0.073778 0.997275 0
    outer loop
      vertex 186.196 95.9952 3
      vertex 186.392 95.9807 9.53674e-07
      vertex 186.196 95.9952 9.53674e-07
    endloop
  endfacet
  facet normal -0.534867 0.844936 0
    outer loop
      vertex 1.94359 95.4309 9.53674e-07
      vertex 1.77772 95.3259 3
      vertex 1.94359 95.4309 3
    endloop
  endfacet
  facet normal -0.534867 0.844936 0
    outer loop
      vertex 1.77772 95.3259 3
      vertex 1.94359 95.4309 9.53674e-07
      vertex 1.77772 95.3259 9.53674e-07
    endloop
  endfacet
  facet normal 0.964244 0.265014 0
    outer loop
      vertex 189.88 92.9719 3
      vertex 189.828 93.1611 9.53674e-07
      vertex 189.828 93.1611 3
    endloop
  endfacet
  facet normal 0.964244 0.265014 0
    outer loop
      vertex 189.828 93.1611 9.53674e-07
      vertex 189.88 92.9719 3
      vertex 189.88 92.9719 9.53674e-07
    endloop
  endfacet
  facet normal 0.984902 -0.173111 0
    outer loop
      vertex 189.923 3.21964 3
      vertex 189.957 3.41308 9.53674e-07
      vertex 189.957 3.41308 3
    endloop
  endfacet
  facet normal 0.984902 -0.173111 0
    outer loop
      vertex 189.957 3.41308 9.53674e-07
      vertex 189.923 3.21964 3
      vertex 189.923 3.21964 9.53674e-07
    endloop
  endfacet
  facet normal -0.653045 0.757319 0
    outer loop
      vertex 1.46243 95.092 9.53674e-07
      vertex 1.31376 94.9638 3
      vertex 1.46243 95.092 3
    endloop
  endfacet
  facet normal -0.653045 0.757319 0
    outer loop
      vertex 1.31376 94.9638 3
      vertex 1.46243 95.092 9.53674e-07
      vertex 1.31376 94.9638 9.53674e-07
    endloop
  endfacet
  facet normal -0.0738529 0.997269 0
    outer loop
      vertex 3.80373 95.9952 9.53674e-07
      vertex 3.60793 95.9807 3
      vertex 3.80373 95.9952 3
    endloop
  endfacet
  facet normal -0.0738529 0.997269 0
    outer loop
      vertex 3.60793 95.9807 3
      vertex 3.80373 95.9952 9.53674e-07
      vertex 3.60793 95.9807 9.53674e-07
    endloop
  endfacet
  facet normal -0.975687 0.219168 0
    outer loop
      vertex 0.0768595 92.7804 9.53674e-07
      vertex 0.119876 92.9719 3
      vertex 0.119876 92.9719 9.53674e-07
    endloop
  endfacet
  facet normal -0.975687 0.219168 0
    outer loop
      vertex 0.119876 92.9719 3
      vertex 0.0768595 92.7804 9.53674e-07
      vertex 0.0768595 92.7804 3
    endloop
  endfacet
  facet normal -0.757215 -0.653165 0
    outer loop
      vertex 1.0362 1.31376 9.53674e-07
      vertex 0.907959 1.46243 3
      vertex 0.907959 1.46243 9.53674e-07
    endloop
  endfacet
  facet normal -0.757215 -0.653165 0
    outer loop
      vertex 0.907959 1.46243 3
      vertex 1.0362 1.31376 9.53674e-07
      vertex 1.0362 1.31376 3
    endloop
  endfacet
  facet normal 0.266697 0.96378 -0
    outer loop
      vertex 187.161 95.8278 9.53674e-07
      vertex 186.972 95.8801 3
      vertex 187.161 95.8278 3
    endloop
  endfacet
  facet normal 0.266697 0.96378 0
    outer loop
      vertex 186.972 95.8801 3
      vertex 187.161 95.8278 9.53674e-07
      vertex 186.972 95.8801 9.53674e-07
    endloop
  endfacet
  facet normal -0.122416 -0.992479 0
    outer loop
      vertex 3.41308 0.0432949 9.53674e-07
      vertex 3.60793 0.0192614 3
      vertex 3.41308 0.0432949 3
    endloop
  endfacet
  facet normal -0.122416 -0.992479 -0
    outer loop
      vertex 3.60793 0.0192614 3
      vertex 3.41308 0.0432949 9.53674e-07
      vertex 3.60793 0.0192614 9.53674e-07
    endloop
  endfacet
  facet normal 0.574826 0.818276 -0
    outer loop
      vertex 188.383 95.2128 9.53674e-07
      vertex 188.222 95.3259 3
      vertex 188.383 95.2128 3
    endloop
  endfacet
  facet normal 0.574826 0.818276 0
    outer loop
      vertex 188.222 95.3259 3
      vertex 188.383 95.2128 9.53674e-07
      vertex 188.222 95.3259 9.53674e-07
    endloop
  endfacet
  facet normal 0.654856 -0.755754 0
    outer loop
      vertex 188.538 0.907959 9.53674e-07
      vertex 188.686 1.0362 3
      vertex 188.538 0.907959 3
    endloop
  endfacet
  facet normal 0.654856 -0.755754 0
    outer loop
      vertex 188.686 1.0362 3
      vertex 188.538 0.907959 9.53674e-07
      vertex 188.686 1.0362 9.53674e-07
    endloop
  endfacet
  facet normal -0.575798 -0.817592 0
    outer loop
      vertex 1.6172 0.78717 9.53674e-07
      vertex 1.77772 0.674122 3
      vertex 1.6172 0.78717 3
    endloop
  endfacet
  facet normal -0.575798 -0.817592 -0
    outer loop
      vertex 1.77772 0.674122 3
      vertex 1.6172 0.78717 9.53674e-07
      vertex 1.77772 0.674122 9.53674e-07
    endloop
  endfacet
  facet normal -0.788391 0.615174 0
    outer loop
      vertex 0.78717 94.3828 9.53674e-07
      vertex 0.907959 94.5376 3
      vertex 0.907959 94.5376 9.53674e-07
    endloop
  endfacet
  facet normal -0.788391 0.615174 0
    outer loop
      vertex 0.907959 94.5376 3
      vertex 0.78717 94.3828 9.53674e-07
      vertex 0.78717 94.3828 3
    endloop
  endfacet
  facet normal -0.932944 0.360022 0
    outer loop
      vertex 0.233824 93.3476 9.53674e-07
      vertex 0.304482 93.5307 3
      vertex 0.304482 93.5307 9.53674e-07
    endloop
  endfacet
  facet normal -0.932944 0.360022 0
    outer loop
      vertex 0.304482 93.5307 3
      vertex 0.233824 93.3476 9.53674e-07
      vertex 0.233824 93.3476 3
    endloop
  endfacet
  facet normal 0.171514 0.985182 -0
    outer loop
      vertex 186.78 95.9231 9.53674e-07
      vertex 186.587 95.9567 3
      vertex 186.78 95.9231 3
    endloop
  endfacet
  facet normal 0.171514 0.985182 0
    outer loop
      vertex 186.587 95.9567 3
      vertex 186.78 95.9231 9.53674e-07
      vertex 186.587 95.9567 9.53674e-07
    endloop
  endfacet
  facet normal -0.844854 -0.534998 0
    outer loop
      vertex 0.674122 1.77772 9.53674e-07
      vertex 0.569086 1.94359 3
      vertex 0.569086 1.94359 9.53674e-07
    endloop
  endfacet
  facet normal -0.844854 -0.534998 0
    outer loop
      vertex 0.569086 1.94359 3
      vertex 0.674122 1.77772 9.53674e-07
      vertex 0.674122 1.77772 3
    endloop
  endfacet
  facet normal 0.0244825 0.9997 -0
    outer loop
      vertex 186.196 95.9952 9.53674e-07
      vertex 186 96 3
      vertex 186.196 95.9952 3
    endloop
  endfacet
  facet normal 0.0244825 0.9997 0
    outer loop
      vertex 186 96 3
      vertex 186.196 95.9952 9.53674e-07
      vertex 186 96 9.53674e-07
    endloop
  endfacet
  facet normal 0.0245789 -0.999698 0
    outer loop
      vertex 186 0 9.53674e-07
      vertex 186.196 0.00481892 3
      vertex 186 0 3
    endloop
  endfacet
  facet normal 0.0245789 -0.999698 0
    outer loop
      vertex 186.196 0.00481892 3
      vertex 186 0 9.53674e-07
      vertex 186.196 0.00481892 9.53674e-07
    endloop
  endfacet
  facet normal 0.964252 -0.264988 0
    outer loop
      vertex 189.828 2.83886 3
      vertex 189.88 3.02808 9.53674e-07
      vertex 189.88 3.02808 3
    endloop
  endfacet
  facet normal 0.964252 -0.264988 0
    outer loop
      vertex 189.88 3.02808 9.53674e-07
      vertex 189.828 2.83886 3
      vertex 189.828 2.83886 9.53674e-07
    endloop
  endfacet
  facet normal 0.218624 -0.975809 0
    outer loop
      vertex 186.78 0.0768595 9.53674e-07
      vertex 186.972 0.119876 3
      vertex 186.78 0.0768595 3
    endloop
  endfacet
  facet normal 0.218624 -0.975809 0
    outer loop
      vertex 186.972 0.119876 3
      vertex 186.78 0.0768595 9.53674e-07
      vertex 186.972 0.119876 9.53674e-07
    endloop
  endfacet
  facet normal -0.615283 0.788306 0
    outer loop
      vertex 1.6172 95.2128 9.53674e-07
      vertex 1.46243 95.092 3
      vertex 1.6172 95.2128 3
    endloop
  endfacet
  facet normal -0.615283 0.788306 0
    outer loop
      vertex 1.46243 95.092 3
      vertex 1.6172 95.2128 9.53674e-07
      vertex 1.46243 95.092 9.53674e-07
    endloop
  endfacet
  facet normal -0.757063 0.653342 0
    outer loop
      vertex 0.907959 94.5376 9.53674e-07
      vertex 1.0362 94.6862 3
      vertex 1.0362 94.6862 9.53674e-07
    endloop
  endfacet
  facet normal -0.757063 0.653342 0
    outer loop
      vertex 1.0362 94.6862 3
      vertex 0.907959 94.5376 9.53674e-07
      vertex 0.907959 94.5376 3
    endloop
  endfacet
  facet normal 0.992496 0.122279 0
    outer loop
      vertex 189.981 92.3921 3
      vertex 189.957 92.5869 9.53674e-07
      vertex 189.957 92.5869 3
    endloop
  endfacet
  facet normal 0.992496 0.122279 0
    outer loop
      vertex 189.957 92.5869 9.53674e-07
      vertex 189.981 92.3921 3
      vertex 189.981 92.3921 9.53674e-07
    endloop
  endfacet
  facet normal -0.449604 -0.893228 0
    outer loop
      vertex 2.11441 0.472316 9.53674e-07
      vertex 2.28978 0.384044 3
      vertex 2.11441 0.472316 3
    endloop
  endfacet
  facet normal -0.449604 -0.893228 -0
    outer loop
      vertex 2.28978 0.384044 3
      vertex 2.11441 0.472316 9.53674e-07
      vertex 2.28978 0.384044 9.53674e-07
    endloop
  endfacet
  facet normal -0.893259 0.449542 0
    outer loop
      vertex 0.384044 93.7102 9.53674e-07
      vertex 0.472316 93.8856 3
      vertex 0.472316 93.8856 9.53674e-07
    endloop
  endfacet
  facet normal -0.893259 0.449542 0
    outer loop
      vertex 0.472316 93.8856 3
      vertex 0.384044 93.7102 9.53674e-07
      vertex 0.384044 93.7102 3
    endloop
  endfacet
  facet normal 0.360193 -0.932878 0
    outer loop
      vertex 187.348 0.233824 9.53674e-07
      vertex 187.531 0.304482 3
      vertex 187.348 0.233824 3
    endloop
  endfacet
  facet normal 0.360193 -0.932878 0
    outer loop
      vertex 187.531 0.304482 3
      vertex 187.348 0.233824 9.53674e-07
      vertex 187.531 0.304482 9.53674e-07
    endloop
  endfacet
  facet normal 0.934112 -0.356979 0
    outer loop
      vertex 189.696 2.46927 3
      vertex 189.766 2.65244 9.53674e-07
      vertex 189.766 2.65244 3
    endloop
  endfacet
  facet normal 0.934112 -0.356979 0
    outer loop
      vertex 189.766 2.65244 9.53674e-07
      vertex 189.696 2.46927 3
      vertex 189.696 2.46927 9.53674e-07
    endloop
  endfacet
  facet normal -0.313751 0.949505 0
    outer loop
      vertex 2.83886 95.8278 9.53674e-07
      vertex 2.65244 95.7662 3
      vertex 2.83886 95.8278 3
    endloop
  endfacet
  facet normal -0.313751 0.949505 0
    outer loop
      vertex 2.65244 95.7662 3
      vertex 2.83886 95.8278 9.53674e-07
      vertex 2.65244 95.7662 9.53674e-07
    endloop
  endfacet
  facet normal 0.787812 -0.615916 0
    outer loop
      vertex 189.092 1.46243 3
      vertex 189.213 1.6172 9.53674e-07
      vertex 189.213 1.6172 3
    endloop
  endfacet
  facet normal 0.787812 -0.615916 0
    outer loop
      vertex 189.213 1.6172 9.53674e-07
      vertex 189.092 1.46243 3
      vertex 189.092 1.46243 9.53674e-07
    endloop
  endfacet
  facet normal -0.999699 -0.0245451 0
    outer loop
      vertex 0.00481892 3.80373 9.53674e-07
      vertex 0 4 3
      vertex 0 4 9.53674e-07
    endloop
  endfacet
  facet normal -0.999699 -0.0245451 0
    outer loop
      vertex 0 4 3
      vertex 0.00481892 3.80373 9.53674e-07
      vertex 0.00481892 3.80373 3
    endloop
  endfacet
  facet normal -0.49302 0.870018 0
    outer loop
      vertex 2.11441 95.5277 9.53674e-07
      vertex 1.94359 95.4309 3
      vertex 2.11441 95.5277 3
    endloop
  endfacet
  facet normal -0.49302 0.870018 0
    outer loop
      vertex 1.94359 95.4309 3
      vertex 2.11441 95.5277 9.53674e-07
      vertex 1.94359 95.4309 9.53674e-07
    endloop
  endfacet
  facet normal -0.313682 -0.949528 0
    outer loop
      vertex 2.65244 0.233824 9.53674e-07
      vertex 2.83886 0.172239 3
      vertex 2.65244 0.233824 3
    endloop
  endfacet
  facet normal -0.313682 -0.949528 -0
    outer loop
      vertex 2.83886 0.172239 3
      vertex 2.65244 0.233824 9.53674e-07
      vertex 2.83886 0.172239 9.53674e-07
    endloop
  endfacet
  facet normal -0.122248 0.9925 0
    outer loop
      vertex 3.60793 95.9807 9.53674e-07
      vertex 3.41308 95.9567 3
      vertex 3.60793 95.9807 3
    endloop
  endfacet
  facet normal -0.122248 0.9925 0
    outer loop
      vertex 3.41308 95.9567 3
      vertex 3.60793 95.9807 9.53674e-07
      vertex 3.41308 95.9567 9.53674e-07
    endloop
  endfacet
  facet normal 0.757823 -0.652461 0
    outer loop
      vertex 188.964 1.31376 3
      vertex 189.092 1.46243 9.53674e-07
      vertex 189.092 1.46243 3
    endloop
  endfacet
  facet normal 0.757823 -0.652461 0
    outer loop
      vertex 189.092 1.46243 9.53674e-07
      vertex 188.964 1.31376 3
      vertex 188.964 1.31376 9.53674e-07
    endloop
  endfacet
  facet normal -0.0245451 -0.999699 0
    outer loop
      vertex 3.80373 0.00481892 9.53674e-07
      vertex 4 0 3
      vertex 3.80373 0.00481892 3
    endloop
  endfacet
  facet normal -0.0245451 -0.999699 -0
    outer loop
      vertex 4 0 3
      vertex 3.80373 0.00481892 9.53674e-07
      vertex 4 0 9.53674e-07
    endloop
  endfacet
  facet normal 0.84498 0.534798 0
    outer loop
      vertex 189.431 94.0564 3
      vertex 189.326 94.2223 9.53674e-07
      vertex 189.326 94.2223 3
    endloop
  endfacet
  facet normal 0.84498 0.534798 0
    outer loop
      vertex 189.326 94.2223 9.53674e-07
      vertex 189.431 94.0564 3
      vertex 189.431 94.0564 9.53674e-07
    endloop
  endfacet
  facet normal -0.219103 -0.975702 0
    outer loop
      vertex 3.02808 0.119876 9.53674e-07
      vertex 3.21964 0.0768595 3
      vertex 3.02808 0.119876 3
    endloop
  endfacet
  facet normal -0.219103 -0.975702 -0
    outer loop
      vertex 3.21964 0.0768595 3
      vertex 3.02808 0.119876 9.53674e-07
      vertex 3.21964 0.0768595 9.53674e-07
    endloop
  endfacet
  facet normal -0.359902 -0.93299 0
    outer loop
      vertex 2.46927 0.304482 9.53674e-07
      vertex 2.65244 0.233824 3
      vertex 2.46927 0.304482 3
    endloop
  endfacet
  facet normal -0.359902 -0.93299 -0
    outer loop
      vertex 2.65244 0.233824 3
      vertex 2.46927 0.304482 9.53674e-07
      vertex 2.65244 0.233824 9.53674e-07
    endloop
  endfacet
  facet normal -0.870083 -0.492905 0
    outer loop
      vertex 0.569086 1.94359 9.53674e-07
      vertex 0.472316 2.11441 3
      vertex 0.472316 2.11441 9.53674e-07
    endloop
  endfacet
  facet normal -0.870083 -0.492905 0
    outer loop
      vertex 0.472316 2.11441 3
      vertex 0.569086 1.94359 9.53674e-07
      vertex 0.569086 1.94359 3
    endloop
  endfacet
  facet normal 0.360379 0.932806 -0
    outer loop
      vertex 187.531 95.6955 9.53674e-07
      vertex 187.348 95.7662 3
      vertex 187.531 95.6955 3
    endloop
  endfacet
  facet normal 0.360379 0.932806 0
    outer loop
      vertex 187.348 95.7662 3
      vertex 187.531 95.6955 9.53674e-07
      vertex 187.348 95.7662 9.53674e-07
    endloop
  endfacet
  facet normal 0.614715 0.788749 -0
    outer loop
      vertex 188.538 95.092 9.53674e-07
      vertex 188.383 95.2128 3
      vertex 188.538 95.092 3
    endloop
  endfacet
  facet normal 0.614715 0.788749 0
    outer loop
      vertex 188.383 95.2128 3
      vertex 188.538 95.092 9.53674e-07
      vertex 188.383 95.2128 9.53674e-07
    endloop
  endfacet
  facet normal -0.817558 0.575846 0
    outer loop
      vertex 0.674122 94.2223 9.53674e-07
      vertex 0.78717 94.3828 3
      vertex 0.78717 94.3828 9.53674e-07
    endloop
  endfacet
  facet normal -0.817558 0.575846 0
    outer loop
      vertex 0.78717 94.3828 3
      vertex 0.674122 94.2223 9.53674e-07
      vertex 0.674122 94.2223 3
    endloop
  endfacet
  facet normal -0.0244488 0.999701 0
    outer loop
      vertex 4 96 9.53674e-07
      vertex 3.80373 95.9952 3
      vertex 4 96 3
    endloop
  endfacet
  facet normal -0.0244488 0.999701 0
    outer loop
      vertex 3.80373 95.9952 3
      vertex 4 96 9.53674e-07
      vertex 3.80373 95.9952 9.53674e-07
    endloop
  endfacet
  facet normal -0.360088 0.932918 0
    outer loop
      vertex 2.65244 95.7662 9.53674e-07
      vertex 2.46927 95.6955 3
      vertex 2.65244 95.7662 3
    endloop
  endfacet
  facet normal -0.360088 0.932918 0
    outer loop
      vertex 2.46927 95.6955 3
      vertex 2.65244 95.7662 9.53674e-07
      vertex 2.46927 95.6955 9.53674e-07
    endloop
  endfacet
  facet normal 0.218545 0.975827 -0
    outer loop
      vertex 186.972 95.8801 9.53674e-07
      vertex 186.78 95.9231 3
      vertex 186.972 95.8801 3
    endloop
  endfacet
  facet normal 0.218545 0.975827 0
    outer loop
      vertex 186.78 95.9231 3
      vertex 186.972 95.8801 9.53674e-07
      vertex 186.78 95.9231 9.53674e-07
    endloop
  endfacet
  facet normal 0.844936 -0.534867 0
    outer loop
      vertex 189.326 1.77772 3
      vertex 189.431 1.94359 9.53674e-07
      vertex 189.431 1.94359 3
    endloop
  endfacet
  facet normal 0.844936 -0.534867 0
    outer loop
      vertex 189.431 1.94359 9.53674e-07
      vertex 189.326 1.77772 3
      vertex 189.326 1.77772 9.53674e-07
    endloop
  endfacet
  facet normal 0.312805 -0.949817 0
    outer loop
      vertex 187.161 0.172239 9.53674e-07
      vertex 187.348 0.233824 3
      vertex 187.161 0.172239 3
    endloop
  endfacet
  facet normal 0.312805 -0.949817 0
    outer loop
      vertex 187.348 0.233824 3
      vertex 187.161 0.172239 9.53674e-07
      vertex 187.348 0.233824 9.53674e-07
    endloop
  endfacet
  facet normal 0.266995 -0.963698 0
    outer loop
      vertex 186.972 0.119876 9.53674e-07
      vertex 187.161 0.172239 3
      vertex 186.972 0.119876 3
    endloop
  endfacet
  facet normal 0.266995 -0.963698 0
    outer loop
      vertex 187.161 0.172239 3
      vertex 186.972 0.119876 9.53674e-07
      vertex 187.161 0.172239 9.53674e-07
    endloop
  endfacet
  facet normal 0.494817 0.868997 -0
    outer loop
      vertex 188.056 95.4309 9.53674e-07
      vertex 187.886 95.5277 3
      vertex 188.056 95.4309 3
    endloop
  endfacet
  facet normal 0.494817 0.868997 0
    outer loop
      vertex 187.886 95.5277 3
      vertex 188.056 95.4309 9.53674e-07
      vertex 187.886 95.5277 9.53674e-07
    endloop
  endfacet
  facet normal 0.997454 -0.0713195 0
    outer loop
      vertex 189.981 3.60793 3
      vertex 189.995 3.80373 9.53674e-07
      vertex 189.995 3.80373 3
    endloop
  endfacet
  facet normal 0.997454 -0.0713195 0
    outer loop
      vertex 189.995 3.80373 9.53674e-07
      vertex 189.981 3.60793 3
      vertex 189.981 3.60793 9.53674e-07
    endloop
  endfacet
  facet normal -0.724287 0.689499 0
    outer loop
      vertex 1.0362 94.6862 9.53674e-07
      vertex 1.17157 94.8284 3
      vertex 1.17157 94.8284 9.53674e-07
    endloop
  endfacet
  facet normal -0.724287 0.689499 0
    outer loop
      vertex 1.17157 94.8284 3
      vertex 1.0362 94.6862 9.53674e-07
      vertex 1.0362 94.6862 3
    endloop
  endfacet
  facet normal -0.17096 -0.985278 0
    outer loop
      vertex 3.21964 0.0768595 9.53674e-07
      vertex 3.41308 0.0432949 3
      vertex 3.21964 0.0768595 3
    endloop
  endfacet
  facet normal -0.17096 -0.985278 -0
    outer loop
      vertex 3.41308 0.0432949 3
      vertex 3.21964 0.0768595 9.53674e-07
      vertex 3.41308 0.0432949 9.53674e-07
    endloop
  endfacet
  facet normal 0.893815 0.448436 0
    outer loop
      vertex 189.616 93.7102 3
      vertex 189.528 93.8856 9.53674e-07
      vertex 189.528 93.8856 3
    endloop
  endfacet
  facet normal 0.893815 0.448436 0
    outer loop
      vertex 189.528 93.8856 9.53674e-07
      vertex 189.616 93.7102 3
      vertex 189.616 93.7102 9.53674e-07
    endloop
  endfacet
  facet normal 0.122323 -0.99249 0
    outer loop
      vertex 186.392 0.0192614 9.53674e-07
      vertex 186.587 0.0432949 3
      vertex 186.392 0.0192614 3
    endloop
  endfacet
  facet normal 0.122323 -0.99249 0
    outer loop
      vertex 186.587 0.0432949 3
      vertex 186.392 0.0192614 9.53674e-07
      vertex 186.587 0.0432949 9.53674e-07
    endloop
  endfacet
  facet normal 0.448432 0.893817 -0
    outer loop
      vertex 187.886 95.5277 9.53674e-07
      vertex 187.71 95.616 3
      vertex 187.886 95.5277 3
    endloop
  endfacet
  facet normal 0.448432 0.893817 0
    outer loop
      vertex 187.71 95.616 3
      vertex 187.886 95.5277 9.53674e-07
      vertex 187.71 95.616 9.53674e-07
    endloop
  endfacet
  facet normal -0.949528 -0.313682 0
    outer loop
      vertex 0.233824 2.65244 9.53674e-07
      vertex 0.172239 2.83886 3
      vertex 0.172239 2.83886 9.53674e-07
    endloop
  endfacet
  facet normal -0.949528 -0.313682 0
    outer loop
      vertex 0.172239 2.83886 3
      vertex 0.233824 2.65244 9.53674e-07
      vertex 0.233824 2.65244 3
    endloop
  endfacet
  facet normal -0.985278 -0.17096 0
    outer loop
      vertex 0.0768595 3.21964 9.53674e-07
      vertex 0.0432949 3.41308 3
      vertex 0.0432949 3.41308 9.53674e-07
    endloop
  endfacet
  facet normal -0.985278 -0.17096 0
    outer loop
      vertex 0.0432949 3.41308 3
      vertex 0.0768595 3.21964 9.53674e-07
      vertex 0.0768595 3.21964 3
    endloop
  endfacet
  facet normal 0.654736 0.755858 -0
    outer loop
      vertex 188.686 94.9638 9.53674e-07
      vertex 188.538 95.092 3
      vertex 188.686 94.9638 3
    endloop
  endfacet
  facet normal 0.654736 0.755858 0
    outer loop
      vertex 188.538 95.092 3
      vertex 188.686 94.9638 9.53674e-07
      vertex 188.538 95.092 9.53674e-07
    endloop
  endfacet
  facet normal 0.999676 -0.0254668 0
    outer loop
      vertex 189.995 3.80373 3
      vertex 190 4 9.53674e-07
      vertex 190 4 3
    endloop
  endfacet
  facet normal 0.999676 -0.0254668 0
    outer loop
      vertex 190 4 9.53674e-07
      vertex 189.995 3.80373 3
      vertex 189.995 3.80373 9.53674e-07
    endloop
  endfacet
  facet normal -0.870059 0.492948 0
    outer loop
      vertex 0.472316 93.8856 9.53674e-07
      vertex 0.569086 94.0564 3
      vertex 0.569086 94.0564 9.53674e-07
    endloop
  endfacet
  facet normal -0.870059 0.492948 0
    outer loop
      vertex 0.569086 94.0564 3
      vertex 0.472316 93.8856 9.53674e-07
      vertex 0.472316 93.8856 3
    endloop
  endfacet
  facet normal 0.690088 0.723726 -0
    outer loop
      vertex 188.828 94.8284 9.53674e-07
      vertex 188.686 94.9638 3
      vertex 188.828 94.8284 3
    endloop
  endfacet
  facet normal 0.690088 0.723726 0
    outer loop
      vertex 188.686 94.9638 3
      vertex 188.828 94.8284 9.53674e-07
      vertex 188.686 94.9638 9.53674e-07
    endloop
  endfacet
  facet normal 0.757671 0.652637 0
    outer loop
      vertex 189.092 94.5376 3
      vertex 188.964 94.6862 9.53674e-07
      vertex 188.964 94.6862 3
    endloop
  endfacet
  facet normal 0.757671 0.652637 0
    outer loop
      vertex 188.964 94.6862 9.53674e-07
      vertex 189.092 94.5376 3
      vertex 189.092 94.5376 9.53674e-07
    endloop
  endfacet
  facet normal 0.722686 0.691176 0
    outer loop
      vertex 188.964 94.6862 3
      vertex 188.828 94.8284 9.53674e-07
      vertex 188.828 94.8284 3
    endloop
  endfacet
  facet normal 0.722686 0.691176 0
    outer loop
      vertex 188.828 94.8284 9.53674e-07
      vertex 188.964 94.6862 3
      vertex 188.964 94.6862 9.53674e-07
    endloop
  endfacet
  facet normal 0.948937 0.315464 0
    outer loop
      vertex 189.828 93.1611 3
      vertex 189.766 93.3476 9.53674e-07
      vertex 189.766 93.3476 3
    endloop
  endfacet
  facet normal 0.948937 0.315464 0
    outer loop
      vertex 189.766 93.3476 9.53674e-07
      vertex 189.828 93.1611 3
      vertex 189.828 93.1611 9.53674e-07
    endloop
  endfacet
  facet normal 0.817673 0.575683 0
    outer loop
      vertex 189.326 94.2223 3
      vertex 189.213 94.3828 9.53674e-07
      vertex 189.213 94.3828 3
    endloop
  endfacet
  facet normal 0.817673 0.575683 0
    outer loop
      vertex 189.213 94.3828 9.53674e-07
      vertex 189.326 94.2223 3
      vertex 189.326 94.2223 9.53674e-07
    endloop
  endfacet
  facet normal 0.171338 -0.985212 0
    outer loop
      vertex 186.587 0.0432949 9.53674e-07
      vertex 186.78 0.0768595 3
      vertex 186.587 0.0432949 3
    endloop
  endfacet
  facet normal 0.171338 -0.985212 0
    outer loop
      vertex 186.78 0.0768595 3
      vertex 186.587 0.0432949 9.53674e-07
      vertex 186.78 0.0768595 9.53674e-07
    endloop
  endfacet
  facet normal -0.788333 -0.615248 0
    outer loop
      vertex 0.907959 1.46243 9.53674e-07
      vertex 0.78717 1.6172 3
      vertex 0.78717 1.6172 9.53674e-07
    endloop
  endfacet
  facet normal -0.788333 -0.615248 0
    outer loop
      vertex 0.78717 1.6172 3
      vertex 0.907959 1.46243 9.53674e-07
      vertex 0.907959 1.46243 3
    endloop
  endfacet
  facet normal -0.689524 -0.724263 0
    outer loop
      vertex 1.17157 1.17157 9.53674e-07
      vertex 1.31376 1.0362 3
      vertex 1.17157 1.17157 3
    endloop
  endfacet
  facet normal -0.689524 -0.724263 -0
    outer loop
      vertex 1.31376 1.0362 3
      vertex 1.17157 1.17157 9.53674e-07
      vertex 1.31376 1.0362 9.53674e-07
    endloop
  endfacet
  facet normal 0.984911 0.173059 0
    outer loop
      vertex 189.957 92.5869 3
      vertex 189.923 92.7804 9.53674e-07
      vertex 189.923 92.7804 3
    endloop
  endfacet
  facet normal 0.984911 0.173059 0
    outer loop
      vertex 189.923 92.7804 9.53674e-07
      vertex 189.957 92.5869 3
      vertex 189.957 92.5869 9.53674e-07
    endloop
  endfacet
  facet normal 0 0 -1
    outer loop
      vertex 9.54283 7.09259 9.53674e-07
      vertex 122.51 33.0099 9.53674e-07
      vertex 9.57455 6.89642 9.53674e-07
    endloop
  endfacet
  facet normal 0 0 -1
    outer loop
      vertex 122.51 55.9901 9.53674e-07
      vertex 9.59363 89.3014 9.53674e-07
      vertex 9.6 89.5 9.53674e-07
    endloop
  endfacet
  facet normal 0 0 -1
    outer loop
      vertex 9.49861 7.28633 9.53674e-07
      vertex 122.51 33.0099 9.53674e-07
      vertex 9.54283 7.09259 9.53674e-07
    endloop
  endfacet
  facet normal 0 0 -1
    outer loop
      vertex 122.51 55.9901 9.53674e-07
      vertex 9.57455 89.1036 9.53674e-07
      vertex 9.59363 89.3014 9.53674e-07
    endloop
  endfacet
  facet normal 0 0 -1
    outer loop
      vertex 9.44207 7.47684 9.53674e-07
      vertex 122.51 33.0099 9.53674e-07
      vertex 9.49861 7.28633 9.53674e-07
    endloop
  endfacet
  facet normal 0 0 -1
    outer loop
      vertex 122.51 55.9901 9.53674e-07
      vertex 9.54283 88.9074 9.53674e-07
      vertex 9.57455 89.1036 9.53674e-07
    endloop
  endfacet
  facet normal 0 0 -1
    outer loop
      vertex 9.37344 7.66333 9.53674e-07
      vertex 122.51 33.0099 9.53674e-07
      vertex 9.44207 7.47684 9.53674e-07
    endloop
  endfacet
  facet normal 0 0 -1
    outer loop
      vertex 122.51 55.9901 9.53674e-07
      vertex 9.49861 88.7137 9.53674e-07
      vertex 9.54283 88.9074 9.53674e-07
    endloop
  endfacet
  facet normal 0 0 -1
    outer loop
      vertex 9.293 7.84504 9.53674e-07
      vertex 122.51 33.0099 9.53674e-07
      vertex 9.37344 7.66333 9.53674e-07
    endloop
  endfacet
  facet normal 0 0 -1
    outer loop
      vertex 122.51 55.9901 9.53674e-07
      vertex 9.44207 88.5232 9.53674e-07
      vertex 9.49861 88.7137 9.53674e-07
    endloop
  endfacet
  facet normal 0 0 -1
    outer loop
      vertex 9.20109 8.02122 9.53674e-07
      vertex 122.51 33.0099 9.53674e-07
      vertex 9.293 7.84504 9.53674e-07
    endloop
  endfacet
  facet normal 0 0 -1
    outer loop
      vertex 122.51 55.9901 9.53674e-07
      vertex 9.37344 88.3367 9.53674e-07
      vertex 9.44207 88.5232 9.53674e-07
    endloop
  endfacet
  facet normal 0 0 -1
    outer loop
      vertex 9.09807 8.19116 9.53674e-07
      vertex 122.51 33.0099 9.53674e-07
      vertex 9.20109 8.02122 9.53674e-07
    endloop
  endfacet
  facet normal 0 0 -1
    outer loop
      vertex 122.51 55.9901 9.53674e-07
      vertex 9.293 88.155 9.53674e-07
      vertex 9.37344 88.3367 9.53674e-07
    endloop
  endfacet
  facet normal -0 0 -1
    outer loop
      vertex 122.51 33.0099 9.53674e-07
      vertex 9.09807 8.19116 9.53674e-07
      vertex 122.51 55.9901 9.53674e-07
    endloop
  endfacet
  facet normal 0 0 -1
    outer loop
      vertex 122.51 55.9901 9.53674e-07
      vertex 9.20109 87.9788 9.53674e-07
      vertex 9.293 88.155 9.53674e-07
    endloop
  endfacet
  facet normal 0 0 -1
    outer loop
      vertex 8.98438 8.35414 9.53674e-07
      vertex 122.51 55.9901 9.53674e-07
      vertex 9.09807 8.19116 9.53674e-07
    endloop
  endfacet
  facet normal 0 0 -1
    outer loop
      vertex 122.51 55.9901 9.53674e-07
      vertex 9.09807 87.8088 9.53674e-07
      vertex 9.20109 87.9788 9.53674e-07
    endloop
  endfacet
  facet normal 0 0 -1
    outer loop
      vertex 8.98438 87.6459 9.53674e-07
      vertex 122.51 55.9901 9.53674e-07
      vertex 8.98438 8.35414 9.53674e-07
    endloop
  endfacet
  facet normal 0 0 -1
    outer loop
      vertex 122.51 55.9901 9.53674e-07
      vertex 8.98438 87.6459 9.53674e-07
      vertex 9.09807 87.8088 9.53674e-07
    endloop
  endfacet
  facet normal 0 0 -1
    outer loop
      vertex 8.86048 8.50951 9.53674e-07
      vertex 8.98438 87.6459 9.53674e-07
      vertex 8.98438 8.35414 9.53674e-07
    endloop
  endfacet
  facet normal 0 0 -1
    outer loop
      vertex 8.86048 8.50951 9.53674e-07
      vertex 8.86048 87.4905 9.53674e-07
      vertex 8.98438 87.6459 9.53674e-07
    endloop
  endfacet
  facet normal 0 0 -1
    outer loop
      vertex 8.72688 8.65662 9.53674e-07
      vertex 8.86048 87.4905 9.53674e-07
      vertex 8.86048 8.50951 9.53674e-07
    endloop
  endfacet
  facet normal 0 0 -1
    outer loop
      vertex 8.72688 8.65662 9.53674e-07
      vertex 8.72688 87.3434 9.53674e-07
      vertex 8.86048 87.4905 9.53674e-07
    endloop
  endfacet
  facet normal 0 0 -1
    outer loop
      vertex 8.58413 8.79486 9.53674e-07
      vertex 8.72688 87.3434 9.53674e-07
      vertex 8.72688 8.65662 9.53674e-07
    endloop
  endfacet
  facet normal 0 0 -1
    outer loop
      vertex 8.58413 8.79486 9.53674e-07
      vertex 8.58413 87.2051 9.53674e-07
      vertex 8.72688 87.3434 9.53674e-07
    endloop
  endfacet
  facet normal 0 0 -1
    outer loop
      vertex 8.43282 8.92368 9.53674e-07
      vertex 8.58413 87.2051 9.53674e-07
      vertex 8.58413 8.79486 9.53674e-07
    endloop
  endfacet
  facet normal 0 0 -1
    outer loop
      vertex 8.43282 8.92368 9.53674e-07
      vertex 8.43282 87.0763 9.53674e-07
      vertex 8.58413 87.2051 9.53674e-07
    endloop
  endfacet
  facet normal 0 0 -1
    outer loop
      vertex 8.27356 9.04253 9.53674e-07
      vertex 8.43282 87.0763 9.53674e-07
      vertex 8.43282 8.92368 9.53674e-07
    endloop
  endfacet
  facet normal 0 0 -1
    outer loop
      vertex 8.27356 9.04253 9.53674e-07
      vertex 8.27356 86.9575 9.53674e-07
      vertex 8.43282 87.0763 9.53674e-07
    endloop
  endfacet
  facet normal 0 0 -1
    outer loop
      vertex 8.10702 9.15094 9.53674e-07
      vertex 8.27356 86.9575 9.53674e-07
      vertex 8.27356 9.04253 9.53674e-07
    endloop
  endfacet
  facet normal 0 0 -1
    outer loop
      vertex 8.10702 9.15094 9.53674e-07
      vertex 8.10702 86.8491 9.53674e-07
      vertex 8.27356 86.9575 9.53674e-07
    endloop
  endfacet
  facet normal 0 0 -1
    outer loop
      vertex 7.93387 9.24846 9.53674e-07
      vertex 8.10702 86.8491 9.53674e-07
      vertex 8.10702 9.15094 9.53674e-07
    endloop
  endfacet
  facet normal 0 0 -1
    outer loop
      vertex 7.93387 9.24846 9.53674e-07
      vertex 7.93387 86.7515 9.53674e-07
      vertex 8.10702 86.8491 9.53674e-07
    endloop
  endfacet
  facet normal 0 0 -1
    outer loop
      vertex 7.75483 9.33468 9.53674e-07
      vertex 7.93387 86.7515 9.53674e-07
      vertex 7.93387 9.24846 9.53674e-07
    endloop
  endfacet
  facet normal 0 0 -1
    outer loop
      vertex 7.75483 9.33468 9.53674e-07
      vertex 7.75483 86.6653 9.53674e-07
      vertex 7.93387 86.7515 9.53674e-07
    endloop
  endfacet
  facet normal 0 0 -1
    outer loop
      vertex 7.57063 9.40925 9.53674e-07
      vertex 7.75483 86.6653 9.53674e-07
      vertex 7.75483 9.33468 9.53674e-07
    endloop
  endfacet
  facet normal 0 0 -1
    outer loop
      vertex 7.57063 9.40925 9.53674e-07
      vertex 7.57063 86.5908 9.53674e-07
      vertex 7.75483 86.6653 9.53674e-07
    endloop
  endfacet
  facet normal 0 0 -1
    outer loop
      vertex 7.38204 9.47187 9.53674e-07
      vertex 7.57063 86.5908 9.53674e-07
      vertex 7.57063 9.40925 9.53674e-07
    endloop
  endfacet
  facet normal 0 0 -1
    outer loop
      vertex 7.38204 9.47187 9.53674e-07
      vertex 7.38204 86.5281 9.53674e-07
      vertex 7.57063 86.5908 9.53674e-07
    endloop
  endfacet
  facet normal 0 0 -1
    outer loop
      vertex 7.18981 9.52228 9.53674e-07
      vertex 7.38204 86.5281 9.53674e-07
      vertex 7.38204 9.47187 9.53674e-07
    endloop
  endfacet
  facet normal 0 0 -1
    outer loop
      vertex 7.18981 9.52228 9.53674e-07
      vertex 7.18981 86.4777 9.53674e-07
      vertex 7.38204 86.5281 9.53674e-07
    endloop
  endfacet
  facet normal 0 0 -1
    outer loop
      vertex 6.99476 9.56026 9.53674e-07
      vertex 7.18981 86.4777 9.53674e-07
      vertex 7.18981 9.52228 9.53674e-07
    endloop
  endfacet
  facet normal 0 0 -1
    outer loop
      vertex 6.99476 9.56026 9.53674e-07
      vertex 6.99476 86.4397 9.53674e-07
      vertex 7.18981 86.4777 9.53674e-07
    endloop
  endfacet
  facet normal 0 0 -1
    outer loop
      vertex 6.79767 9.58568 9.53674e-07
      vertex 6.99476 86.4397 9.53674e-07
      vertex 6.99476 9.56026 9.53674e-07
    endloop
  endfacet
  facet normal 0 0 -1
    outer loop
      vertex 6.79767 9.58568 9.53674e-07
      vertex 6.79767 86.4143 9.53674e-07
      vertex 6.99476 86.4397 9.53674e-07
    endloop
  endfacet
  facet normal 0 0 -1
    outer loop
      vertex 6.59936 9.59841 9.53674e-07
      vertex 6.79767 86.4143 9.53674e-07
      vertex 6.79767 9.58568 9.53674e-07
    endloop
  endfacet
  facet normal 0 0 -1
    outer loop
      vertex 6.59936 9.59841 9.53674e-07
      vertex 6.59936 86.4016 9.53674e-07
      vertex 6.79767 86.4143 9.53674e-07
    endloop
  endfacet
  facet normal 0 0 -1
    outer loop
      vertex 6.40064 9.59841 9.53674e-07
      vertex 6.59936 86.4016 9.53674e-07
      vertex 6.59936 9.59841 9.53674e-07
    endloop
  endfacet
  facet normal 0 0 -1
    outer loop
      vertex 6.40064 9.59841 9.53674e-07
      vertex 6.40064 86.4016 9.53674e-07
      vertex 6.59936 86.4016 9.53674e-07
    endloop
  endfacet
  facet normal 0 0 -1
    outer loop
      vertex 6.20233 9.58568 9.53674e-07
      vertex 6.40064 86.4016 9.53674e-07
      vertex 6.40064 9.59841 9.53674e-07
    endloop
  endfacet
  facet normal 0 0 -1
    outer loop
      vertex 6.20233 9.58568 9.53674e-07
      vertex 6.20233 86.4143 9.53674e-07
      vertex 6.40064 86.4016 9.53674e-07
    endloop
  endfacet
  facet normal 0 0 -1
    outer loop
      vertex 6.00524 9.56026 9.53674e-07
      vertex 6.20233 86.4143 9.53674e-07
      vertex 6.20233 9.58568 9.53674e-07
    endloop
  endfacet
  facet normal 0 0 -1
    outer loop
      vertex 6.00524 9.56026 9.53674e-07
      vertex 6.00524 86.4397 9.53674e-07
      vertex 6.20233 86.4143 9.53674e-07
    endloop
  endfacet
  facet normal 0 0 -1
    outer loop
      vertex 5.81019 9.52228 9.53674e-07
      vertex 6.00524 86.4397 9.53674e-07
      vertex 6.00524 9.56026 9.53674e-07
    endloop
  endfacet
  facet normal 0 0 -1
    outer loop
      vertex 5.81019 9.52228 9.53674e-07
      vertex 5.81019 86.4777 9.53674e-07
      vertex 6.00524 86.4397 9.53674e-07
    endloop
  endfacet
  facet normal 0 0 -1
    outer loop
      vertex 5.61796 9.47187 9.53674e-07
      vertex 5.81019 86.4777 9.53674e-07
      vertex 5.81019 9.52228 9.53674e-07
    endloop
  endfacet
  facet normal 0 0 -1
    outer loop
      vertex 5.61796 9.47187 9.53674e-07
      vertex 5.61796 86.5281 9.53674e-07
      vertex 5.81019 86.4777 9.53674e-07
    endloop
  endfacet
  facet normal 0 0 -1
    outer loop
      vertex 5.42937 9.40925 9.53674e-07
      vertex 5.61796 86.5281 9.53674e-07
      vertex 5.61796 9.47187 9.53674e-07
    endloop
  endfacet
  facet normal 0 0 -1
    outer loop
      vertex 5.42937 9.40925 9.53674e-07
      vertex 5.42937 86.5908 9.53674e-07
      vertex 5.61796 86.5281 9.53674e-07
    endloop
  endfacet
  facet normal 0 0 -1
    outer loop
      vertex 5.24517 9.33468 9.53674e-07
      vertex 5.42937 86.5908 9.53674e-07
      vertex 5.42937 9.40925 9.53674e-07
    endloop
  endfacet
  facet normal 0 0 -1
    outer loop
      vertex 5.24517 9.33468 9.53674e-07
      vertex 5.24517 86.6653 9.53674e-07
      vertex 5.42937 86.5908 9.53674e-07
    endloop
  endfacet
  facet normal 0 0 -1
    outer loop
      vertex 5.06613 9.24846 9.53674e-07
      vertex 5.24517 86.6653 9.53674e-07
      vertex 5.24517 9.33468 9.53674e-07
    endloop
  endfacet
  facet normal 0 0 -1
    outer loop
      vertex 5.06613 9.24846 9.53674e-07
      vertex 5.06613 86.7515 9.53674e-07
      vertex 5.24517 86.6653 9.53674e-07
    endloop
  endfacet
  facet normal 0 0 -1
    outer loop
      vertex 4.89298 9.15094 9.53674e-07
      vertex 5.06613 86.7515 9.53674e-07
      vertex 5.06613 9.24846 9.53674e-07
    endloop
  endfacet
  facet normal 0 0 -1
    outer loop
      vertex 4.89298 9.15094 9.53674e-07
      vertex 4.89298 86.8491 9.53674e-07
      vertex 5.06613 86.7515 9.53674e-07
    endloop
  endfacet
  facet normal 0 0 -1
    outer loop
      vertex 4.72644 9.04253 9.53674e-07
      vertex 4.89298 86.8491 9.53674e-07
      vertex 4.89298 9.15094 9.53674e-07
    endloop
  endfacet
  facet normal 0 0 -1
    outer loop
      vertex 4.72644 9.04253 9.53674e-07
      vertex 4.72644 86.9575 9.53674e-07
      vertex 4.89298 86.8491 9.53674e-07
    endloop
  endfacet
  facet normal 0 0 -1
    outer loop
      vertex 4.56718 8.92368 9.53674e-07
      vertex 4.72644 86.9575 9.53674e-07
      vertex 4.72644 9.04253 9.53674e-07
    endloop
  endfacet
  facet normal 0 0 -1
    outer loop
      vertex 4.56718 8.92368 9.53674e-07
      vertex 4.56718 87.0763 9.53674e-07
      vertex 4.72644 86.9575 9.53674e-07
    endloop
  endfacet
  facet normal 0 0 -1
    outer loop
      vertex 4.41587 8.79486 9.53674e-07
      vertex 4.56718 87.0763 9.53674e-07
      vertex 4.56718 8.92368 9.53674e-07
    endloop
  endfacet
  facet normal 0 0 -1
    outer loop
      vertex 4.41587 8.79486 9.53674e-07
      vertex 4.41587 87.2051 9.53674e-07
      vertex 4.56718 87.0763 9.53674e-07
    endloop
  endfacet
  facet normal 0 0 -1
    outer loop
      vertex 4.27312 8.65662 9.53674e-07
      vertex 4.41587 87.2051 9.53674e-07
      vertex 4.41587 8.79486 9.53674e-07
    endloop
  endfacet
  facet normal 0 0 -1
    outer loop
      vertex 4.27312 8.65662 9.53674e-07
      vertex 4.27312 87.3434 9.53674e-07
      vertex 4.41587 87.2051 9.53674e-07
    endloop
  endfacet
  facet normal 0 0 -1
    outer loop
      vertex 4.13952 8.50951 9.53674e-07
      vertex 4.27312 87.3434 9.53674e-07
      vertex 4.27312 8.65662 9.53674e-07
    endloop
  endfacet
  facet normal 0 0 -1
    outer loop
      vertex 4.13952 8.50951 9.53674e-07
      vertex 4.13952 87.4905 9.53674e-07
      vertex 4.27312 87.3434 9.53674e-07
    endloop
  endfacet
  facet normal 0 0 -1
    outer loop
      vertex 0 4 9.53674e-07
      vertex 4.13952 8.50951 9.53674e-07
      vertex 4.01562 8.35414 9.53674e-07
    endloop
  endfacet
  facet normal -0 0 -1
    outer loop
      vertex 4.13952 8.50951 9.53674e-07
      vertex 0 4 9.53674e-07
      vertex 4.13952 87.4905 9.53674e-07
    endloop
  endfacet
  facet normal 0 0 -1
    outer loop
      vertex 0 4 9.53674e-07
      vertex 4.01562 8.35414 9.53674e-07
      vertex 3.90193 8.19116 9.53674e-07
    endloop
  endfacet
  facet normal 0 0 -1
    outer loop
      vertex 0 92 9.53674e-07
      vertex 4.13952 87.4905 9.53674e-07
      vertex 0 4 9.53674e-07
    endloop
  endfacet
  facet normal 0 0 -1
    outer loop
      vertex 0 4 9.53674e-07
      vertex 3.90193 8.19116 9.53674e-07
      vertex 3.79891 8.02122 9.53674e-07
    endloop
  endfacet
  facet normal 0 0 -1
    outer loop
      vertex 4.13952 87.4905 9.53674e-07
      vertex 0 92 9.53674e-07
      vertex 4.01562 87.6459 9.53674e-07
    endloop
  endfacet
  facet normal 0 0 -1
    outer loop
      vertex 0 4 9.53674e-07
      vertex 3.79891 8.02122 9.53674e-07
      vertex 3.707 7.84504 9.53674e-07
    endloop
  endfacet
  facet normal 0 0 -1
    outer loop
      vertex 4.01562 87.6459 9.53674e-07
      vertex 0 92 9.53674e-07
      vertex 3.90193 87.8088 9.53674e-07
    endloop
  endfacet
  facet normal 0 0 -1
    outer loop
      vertex 0 4 9.53674e-07
      vertex 3.707 7.84504 9.53674e-07
      vertex 3.62656 7.66333 9.53674e-07
    endloop
  endfacet
  facet normal 0 0 -1
    outer loop
      vertex 3.90193 87.8088 9.53674e-07
      vertex 0 92 9.53674e-07
      vertex 3.79891 87.9788 9.53674e-07
    endloop
  endfacet
  facet normal 0 0 -1
    outer loop
      vertex 0 4 9.53674e-07
      vertex 3.62656 7.66333 9.53674e-07
      vertex 3.55793 7.47684 9.53674e-07
    endloop
  endfacet
  facet normal 0 0 -1
    outer loop
      vertex 3.79891 87.9788 9.53674e-07
      vertex 0 92 9.53674e-07
      vertex 3.707 88.155 9.53674e-07
    endloop
  endfacet
  facet normal 0 0 -1
    outer loop
      vertex 0 4 9.53674e-07
      vertex 3.55793 7.47684 9.53674e-07
      vertex 3.50139 7.28633 9.53674e-07
    endloop
  endfacet
  facet normal 0 0 -1
    outer loop
      vertex 3.707 88.155 9.53674e-07
      vertex 0 92 9.53674e-07
      vertex 3.62656 88.3367 9.53674e-07
    endloop
  endfacet
  facet normal 0 0 -1
    outer loop
      vertex 0 4 9.53674e-07
      vertex 3.50139 7.28633 9.53674e-07
      vertex 3.45717 7.09259 9.53674e-07
    endloop
  endfacet
  facet normal 0 0 -1
    outer loop
      vertex 3.62656 88.3367 9.53674e-07
      vertex 0 92 9.53674e-07
      vertex 3.55793 88.5232 9.53674e-07
    endloop
  endfacet
  facet normal 0 0 -1
    outer loop
      vertex 0 4 9.53674e-07
      vertex 3.45717 7.09259 9.53674e-07
      vertex 3.42545 6.89642 9.53674e-07
    endloop
  endfacet
  facet normal 0 0 -1
    outer loop
      vertex 3.55793 88.5232 9.53674e-07
      vertex 0 92 9.53674e-07
      vertex 3.50139 88.7137 9.53674e-07
    endloop
  endfacet
  facet normal 0 0 -1
    outer loop
      vertex 0 4 9.53674e-07
      vertex 3.42545 6.89642 9.53674e-07
      vertex 3.40637 6.69862 9.53674e-07
    endloop
  endfacet
  facet normal 0 0 -1
    outer loop
      vertex 3.50139 88.7137 9.53674e-07
      vertex 0 92 9.53674e-07
      vertex 3.45717 88.9074 9.53674e-07
    endloop
  endfacet
  facet normal 0 0 -1
    outer loop
      vertex 0 4 9.53674e-07
      vertex 3.40637 6.69862 9.53674e-07
      vertex 3.4 6.5 9.53674e-07
    endloop
  endfacet
  facet normal 0 0 -1
    outer loop
      vertex 3.45717 88.9074 9.53674e-07
      vertex 0 92 9.53674e-07
      vertex 3.42545 89.1036 9.53674e-07
    endloop
  endfacet
  facet normal 0 0 -1
    outer loop
      vertex 186.543 7.09259 9.53674e-07
      vertex 190 4 9.53674e-07
      vertex 186.575 6.89642 9.53674e-07
    endloop
  endfacet
  facet normal 0 0 -1
    outer loop
      vertex 190 92 9.53674e-07
      vertex 186.594 89.3014 9.53674e-07
      vertex 186.6 89.5 9.53674e-07
    endloop
  endfacet
  facet normal 0 0 -1
    outer loop
      vertex 186.499 7.28633 9.53674e-07
      vertex 190 4 9.53674e-07
      vertex 186.543 7.09259 9.53674e-07
    endloop
  endfacet
  facet normal 0 0 -1
    outer loop
      vertex 190 92 9.53674e-07
      vertex 186.575 89.1036 9.53674e-07
      vertex 186.594 89.3014 9.53674e-07
    endloop
  endfacet
  facet normal 0 0 -1
    outer loop
      vertex 186.442 7.47684 9.53674e-07
      vertex 190 4 9.53674e-07
      vertex 186.499 7.28633 9.53674e-07
    endloop
  endfacet
  facet normal 0 0 -1
    outer loop
      vertex 190 92 9.53674e-07
      vertex 186.543 88.9074 9.53674e-07
      vertex 186.575 89.1036 9.53674e-07
    endloop
  endfacet
  facet normal 0 0 -1
    outer loop
      vertex 186.373 7.66333 9.53674e-07
      vertex 190 4 9.53674e-07
      vertex 186.442 7.47684 9.53674e-07
    endloop
  endfacet
  facet normal 0 0 -1
    outer loop
      vertex 190 92 9.53674e-07
      vertex 186.499 88.7137 9.53674e-07
      vertex 186.543 88.9074 9.53674e-07
    endloop
  endfacet
  facet normal 0 0 -1
    outer loop
      vertex 186.293 7.84504 9.53674e-07
      vertex 190 4 9.53674e-07
      vertex 186.373 7.66333 9.53674e-07
    endloop
  endfacet
  facet normal 0 0 -1
    outer loop
      vertex 190 92 9.53674e-07
      vertex 186.442 88.5232 9.53674e-07
      vertex 186.499 88.7137 9.53674e-07
    endloop
  endfacet
  facet normal 0 0 -1
    outer loop
      vertex 186.201 8.02122 9.53674e-07
      vertex 190 4 9.53674e-07
      vertex 186.293 7.84504 9.53674e-07
    endloop
  endfacet
  facet normal 0 0 -1
    outer loop
      vertex 190 92 9.53674e-07
      vertex 186.373 88.3367 9.53674e-07
      vertex 186.442 88.5232 9.53674e-07
    endloop
  endfacet
  facet normal 0 0 -1
    outer loop
      vertex 186.098 8.19116 9.53674e-07
      vertex 190 4 9.53674e-07
      vertex 186.201 8.02122 9.53674e-07
    endloop
  endfacet
  facet normal 0 0 -1
    outer loop
      vertex 190 92 9.53674e-07
      vertex 186.293 88.155 9.53674e-07
      vertex 186.373 88.3367 9.53674e-07
    endloop
  endfacet
  facet normal 0 0 -1
    outer loop
      vertex 185.984 8.35414 9.53674e-07
      vertex 190 4 9.53674e-07
      vertex 186.098 8.19116 9.53674e-07
    endloop
  endfacet
  facet normal 0 0 -1
    outer loop
      vertex 190 92 9.53674e-07
      vertex 186.201 87.9788 9.53674e-07
      vertex 186.293 88.155 9.53674e-07
    endloop
  endfacet
  facet normal 0 0 -1
    outer loop
      vertex 185.86 8.50951 9.53674e-07
      vertex 190 4 9.53674e-07
      vertex 185.984 8.35414 9.53674e-07
    endloop
  endfacet
  facet normal 0 0 -1
    outer loop
      vertex 190 92 9.53674e-07
      vertex 186.098 87.8088 9.53674e-07
      vertex 186.201 87.9788 9.53674e-07
    endloop
  endfacet
  facet normal 0 0 -1
    outer loop
      vertex 190 4 9.53674e-07
      vertex 185.86 8.50951 9.53674e-07
      vertex 190 92 9.53674e-07
    endloop
  endfacet
  facet normal 0 0 -1
    outer loop
      vertex 190 92 9.53674e-07
      vertex 185.984 87.6459 9.53674e-07
      vertex 186.098 87.8088 9.53674e-07
    endloop
  endfacet
  facet normal 0 0 -1
    outer loop
      vertex 185.86 87.4905 9.53674e-07
      vertex 190 92 9.53674e-07
      vertex 185.86 8.50951 9.53674e-07
    endloop
  endfacet
  facet normal 0 0 -1
    outer loop
      vertex 190 92 9.53674e-07
      vertex 185.86 87.4905 9.53674e-07
      vertex 185.984 87.6459 9.53674e-07
    endloop
  endfacet
  facet normal 0 0 -1
    outer loop
      vertex 185.727 8.65662 9.53674e-07
      vertex 185.86 87.4905 9.53674e-07
      vertex 185.86 8.50951 9.53674e-07
    endloop
  endfacet
  facet normal 0 0 -1
    outer loop
      vertex 185.727 8.65662 9.53674e-07
      vertex 185.727 87.3434 9.53674e-07
      vertex 185.86 87.4905 9.53674e-07
    endloop
  endfacet
  facet normal 0 0 -1
    outer loop
      vertex 185.584 8.79486 9.53674e-07
      vertex 185.727 87.3434 9.53674e-07
      vertex 185.727 8.65662 9.53674e-07
    endloop
  endfacet
  facet normal 0 0 -1
    outer loop
      vertex 185.584 8.79486 9.53674e-07
      vertex 185.584 87.2051 9.53674e-07
      vertex 185.727 87.3434 9.53674e-07
    endloop
  endfacet
  facet normal 0 0 -1
    outer loop
      vertex 185.433 8.92368 9.53674e-07
      vertex 185.584 87.2051 9.53674e-07
      vertex 185.584 8.79486 9.53674e-07
    endloop
  endfacet
  facet normal 0 0 -1
    outer loop
      vertex 185.433 8.92368 9.53674e-07
      vertex 185.433 87.0763 9.53674e-07
      vertex 185.584 87.2051 9.53674e-07
    endloop
  endfacet
  facet normal 0 0 -1
    outer loop
      vertex 185.274 9.04253 9.53674e-07
      vertex 185.433 87.0763 9.53674e-07
      vertex 185.433 8.92368 9.53674e-07
    endloop
  endfacet
  facet normal 0 0 -1
    outer loop
      vertex 185.274 9.04253 9.53674e-07
      vertex 185.274 86.9575 9.53674e-07
      vertex 185.433 87.0763 9.53674e-07
    endloop
  endfacet
  facet normal 0 0 -1
    outer loop
      vertex 185.107 9.15094 9.53674e-07
      vertex 185.274 86.9575 9.53674e-07
      vertex 185.274 9.04253 9.53674e-07
    endloop
  endfacet
  facet normal 0 0 -1
    outer loop
      vertex 185.107 9.15094 9.53674e-07
      vertex 185.107 86.8491 9.53674e-07
      vertex 185.274 86.9575 9.53674e-07
    endloop
  endfacet
  facet normal 0 0 -1
    outer loop
      vertex 184.934 9.24846 9.53674e-07
      vertex 185.107 86.8491 9.53674e-07
      vertex 185.107 9.15094 9.53674e-07
    endloop
  endfacet
  facet normal 0 0 -1
    outer loop
      vertex 184.934 9.24846 9.53674e-07
      vertex 184.934 86.7515 9.53674e-07
      vertex 185.107 86.8491 9.53674e-07
    endloop
  endfacet
  facet normal 0 0 -1
    outer loop
      vertex 184.755 9.33468 9.53674e-07
      vertex 184.934 86.7515 9.53674e-07
      vertex 184.934 9.24846 9.53674e-07
    endloop
  endfacet
  facet normal 0 0 -1
    outer loop
      vertex 184.755 9.33468 9.53674e-07
      vertex 184.755 86.6653 9.53674e-07
      vertex 184.934 86.7515 9.53674e-07
    endloop
  endfacet
  facet normal 0 0 -1
    outer loop
      vertex 184.571 9.40925 9.53674e-07
      vertex 184.755 86.6653 9.53674e-07
      vertex 184.755 9.33468 9.53674e-07
    endloop
  endfacet
  facet normal 0 0 -1
    outer loop
      vertex 184.571 9.40925 9.53674e-07
      vertex 184.571 86.5908 9.53674e-07
      vertex 184.755 86.6653 9.53674e-07
    endloop
  endfacet
  facet normal 0 0 -1
    outer loop
      vertex 159.49 55.9901 9.53674e-07
      vertex 184.571 9.40925 9.53674e-07
      vertex 184.382 9.47187 9.53674e-07
    endloop
  endfacet
  facet normal 0 0 -1
    outer loop
      vertex 184.571 9.40925 9.53674e-07
      vertex 159.49 55.9901 9.53674e-07
      vertex 184.571 86.5908 9.53674e-07
    endloop
  endfacet
  facet normal 0 0 -1
    outer loop
      vertex 159.49 33.0099 9.53674e-07
      vertex 184.382 9.47187 9.53674e-07
      vertex 184.19 9.52228 9.53674e-07
    endloop
  endfacet
  facet normal 0 0 -1
    outer loop
      vertex 184.571 86.5908 9.53674e-07
      vertex 159.49 55.9901 9.53674e-07
      vertex 184.382 86.5281 9.53674e-07
    endloop
  endfacet
  facet normal 0 0 -1
    outer loop
      vertex 159.49 33.0099 9.53674e-07
      vertex 184.19 9.52228 9.53674e-07
      vertex 183.995 9.56026 9.53674e-07
    endloop
  endfacet
  facet normal 0 0 -1
    outer loop
      vertex 184.382 86.5281 9.53674e-07
      vertex 159.49 55.9901 9.53674e-07
      vertex 184.19 86.4777 9.53674e-07
    endloop
  endfacet
  facet normal 0 0 -1
    outer loop
      vertex 159.49 33.0099 9.53674e-07
      vertex 183.995 9.56026 9.53674e-07
      vertex 183.798 9.58568 9.53674e-07
    endloop
  endfacet
  facet normal 0 0 -1
    outer loop
      vertex 184.19 86.4777 9.53674e-07
      vertex 159.49 55.9901 9.53674e-07
      vertex 183.995 86.4397 9.53674e-07
    endloop
  endfacet
  facet normal 0 0 -1
    outer loop
      vertex 159.49 33.0099 9.53674e-07
      vertex 183.798 9.58568 9.53674e-07
      vertex 183.599 9.59841 9.53674e-07
    endloop
  endfacet
  facet normal 0 0 -1
    outer loop
      vertex 183.995 86.4397 9.53674e-07
      vertex 159.49 55.9901 9.53674e-07
      vertex 183.798 86.4143 9.53674e-07
    endloop
  endfacet
  facet normal 0 0 -1
    outer loop
      vertex 159.49 33.0099 9.53674e-07
      vertex 183.599 9.59841 9.53674e-07
      vertex 183.401 9.59841 9.53674e-07
    endloop
  endfacet
  facet normal 0 0 -1
    outer loop
      vertex 183.798 86.4143 9.53674e-07
      vertex 159.49 55.9901 9.53674e-07
      vertex 183.599 86.4016 9.53674e-07
    endloop
  endfacet
  facet normal 0 0 -1
    outer loop
      vertex 159.49 33.0099 9.53674e-07
      vertex 183.401 9.59841 9.53674e-07
      vertex 183.202 9.58568 9.53674e-07
    endloop
  endfacet
  facet normal -0 0 -1
    outer loop
      vertex 183.599 86.4016 9.53674e-07
      vertex 159.49 55.9901 9.53674e-07
      vertex 183.401 86.4016 9.53674e-07
    endloop
  endfacet
  facet normal 0 0 -1
    outer loop
      vertex 159.49 33.0099 9.53674e-07
      vertex 183.202 9.58568 9.53674e-07
      vertex 183.005 9.56026 9.53674e-07
    endloop
  endfacet
  facet normal -0 0 -1
    outer loop
      vertex 183.401 86.4016 9.53674e-07
      vertex 159.49 55.9901 9.53674e-07
      vertex 183.202 86.4143 9.53674e-07
    endloop
  endfacet
  facet normal 0 0 -1
    outer loop
      vertex 159.49 33.0099 9.53674e-07
      vertex 183.005 9.56026 9.53674e-07
      vertex 182.81 9.52228 9.53674e-07
    endloop
  endfacet
  facet normal -0 0 -1
    outer loop
      vertex 183.202 86.4143 9.53674e-07
      vertex 159.49 55.9901 9.53674e-07
      vertex 183.005 86.4397 9.53674e-07
    endloop
  endfacet
  facet normal 0 0 -1
    outer loop
      vertex 159.49 33.0099 9.53674e-07
      vertex 182.81 9.52228 9.53674e-07
      vertex 182.618 9.47187 9.53674e-07
    endloop
  endfacet
  facet normal -0 0 -1
    outer loop
      vertex 183.005 86.4397 9.53674e-07
      vertex 159.49 55.9901 9.53674e-07
      vertex 182.81 86.4777 9.53674e-07
    endloop
  endfacet
  facet normal 0 0 -1
    outer loop
      vertex 159.49 33.0099 9.53674e-07
      vertex 182.618 9.47187 9.53674e-07
      vertex 182.429 9.40925 9.53674e-07
    endloop
  endfacet
  facet normal -0 0 -1
    outer loop
      vertex 182.81 86.4777 9.53674e-07
      vertex 159.49 55.9901 9.53674e-07
      vertex 182.618 86.5281 9.53674e-07
    endloop
  endfacet
  facet normal 0 0 -1
    outer loop
      vertex 159.49 33.0099 9.53674e-07
      vertex 182.429 9.40925 9.53674e-07
      vertex 182.245 9.33468 9.53674e-07
    endloop
  endfacet
  facet normal -0 0 -1
    outer loop
      vertex 182.618 86.5281 9.53674e-07
      vertex 159.49 55.9901 9.53674e-07
      vertex 182.429 86.5908 9.53674e-07
    endloop
  endfacet
  facet normal 0 0 -1
    outer loop
      vertex 159.49 33.0099 9.53674e-07
      vertex 182.245 9.33468 9.53674e-07
      vertex 182.066 9.24846 9.53674e-07
    endloop
  endfacet
  facet normal -0 0 -1
    outer loop
      vertex 182.429 86.5908 9.53674e-07
      vertex 159.49 55.9901 9.53674e-07
      vertex 182.245 86.6653 9.53674e-07
    endloop
  endfacet
  facet normal 0 0 -1
    outer loop
      vertex 159.49 33.0099 9.53674e-07
      vertex 182.066 9.24846 9.53674e-07
      vertex 181.893 9.15094 9.53674e-07
    endloop
  endfacet
  facet normal -0 0 -1
    outer loop
      vertex 182.245 86.6653 9.53674e-07
      vertex 159.49 55.9901 9.53674e-07
      vertex 182.066 86.7515 9.53674e-07
    endloop
  endfacet
  facet normal 0 0 -1
    outer loop
      vertex 159.49 33.0099 9.53674e-07
      vertex 181.893 9.15094 9.53674e-07
      vertex 181.726 9.04253 9.53674e-07
    endloop
  endfacet
  facet normal -0 0 -1
    outer loop
      vertex 182.066 86.7515 9.53674e-07
      vertex 159.49 55.9901 9.53674e-07
      vertex 181.893 86.8491 9.53674e-07
    endloop
  endfacet
  facet normal 0 0 -1
    outer loop
      vertex 159.49 33.0099 9.53674e-07
      vertex 181.726 9.04253 9.53674e-07
      vertex 181.567 8.92368 9.53674e-07
    endloop
  endfacet
  facet normal -0 0 -1
    outer loop
      vertex 181.893 86.8491 9.53674e-07
      vertex 159.49 55.9901 9.53674e-07
      vertex 181.726 86.9575 9.53674e-07
    endloop
  endfacet
  facet normal 0 0 -1
    outer loop
      vertex 159.49 33.0099 9.53674e-07
      vertex 181.567 8.92368 9.53674e-07
      vertex 181.416 8.79486 9.53674e-07
    endloop
  endfacet
  facet normal -0 0 -1
    outer loop
      vertex 181.726 86.9575 9.53674e-07
      vertex 159.49 55.9901 9.53674e-07
      vertex 181.567 87.0763 9.53674e-07
    endloop
  endfacet
  facet normal 0 0 -1
    outer loop
      vertex 159.49 33.0099 9.53674e-07
      vertex 181.416 8.79486 9.53674e-07
      vertex 181.273 8.65662 9.53674e-07
    endloop
  endfacet
  facet normal -0 0 -1
    outer loop
      vertex 181.567 87.0763 9.53674e-07
      vertex 159.49 55.9901 9.53674e-07
      vertex 181.416 87.2051 9.53674e-07
    endloop
  endfacet
  facet normal 0 0 -1
    outer loop
      vertex 159.49 33.0099 9.53674e-07
      vertex 181.273 8.65662 9.53674e-07
      vertex 181.14 8.50951 9.53674e-07
    endloop
  endfacet
  facet normal -0 0 -1
    outer loop
      vertex 181.416 87.2051 9.53674e-07
      vertex 159.49 55.9901 9.53674e-07
      vertex 181.273 87.3434 9.53674e-07
    endloop
  endfacet
  facet normal 0 0 -1
    outer loop
      vertex 159.49 33.0099 9.53674e-07
      vertex 181.14 8.50951 9.53674e-07
      vertex 181.016 8.35414 9.53674e-07
    endloop
  endfacet
  facet normal -0 0 -1
    outer loop
      vertex 181.273 87.3434 9.53674e-07
      vertex 159.49 55.9901 9.53674e-07
      vertex 181.14 87.4905 9.53674e-07
    endloop
  endfacet
  facet normal 0 0 -1
    outer loop
      vertex 159.49 33.0099 9.53674e-07
      vertex 181.016 8.35414 9.53674e-07
      vertex 180.902 8.19116 9.53674e-07
    endloop
  endfacet
  facet normal -0 0 -1
    outer loop
      vertex 181.14 87.4905 9.53674e-07
      vertex 159.49 55.9901 9.53674e-07
      vertex 181.016 87.6459 9.53674e-07
    endloop
  endfacet
  facet normal 0 0 -1
    outer loop
      vertex 159.49 33.0099 9.53674e-07
      vertex 180.902 8.19116 9.53674e-07
      vertex 180.799 8.02122 9.53674e-07
    endloop
  endfacet
  facet normal -0 0 -1
    outer loop
      vertex 181.016 87.6459 9.53674e-07
      vertex 159.49 55.9901 9.53674e-07
      vertex 180.902 87.8088 9.53674e-07
    endloop
  endfacet
  facet normal 0 0 -1
    outer loop
      vertex 159.49 33.0099 9.53674e-07
      vertex 180.799 8.02122 9.53674e-07
      vertex 180.707 7.84504 9.53674e-07
    endloop
  endfacet
  facet normal -0 0 -1
    outer loop
      vertex 180.902 87.8088 9.53674e-07
      vertex 159.49 55.9901 9.53674e-07
      vertex 180.799 87.9788 9.53674e-07
    endloop
  endfacet
  facet normal 0 0 -1
    outer loop
      vertex 159.49 33.0099 9.53674e-07
      vertex 180.707 7.84504 9.53674e-07
      vertex 180.627 7.66333 9.53674e-07
    endloop
  endfacet
  facet normal -0 0 -1
    outer loop
      vertex 180.799 87.9788 9.53674e-07
      vertex 159.49 55.9901 9.53674e-07
      vertex 180.707 88.155 9.53674e-07
    endloop
  endfacet
  facet normal 0 0 -1
    outer loop
      vertex 159.49 33.0099 9.53674e-07
      vertex 180.627 7.66333 9.53674e-07
      vertex 180.558 7.47684 9.53674e-07
    endloop
  endfacet
  facet normal -0 0 -1
    outer loop
      vertex 180.707 88.155 9.53674e-07
      vertex 159.49 55.9901 9.53674e-07
      vertex 180.627 88.3367 9.53674e-07
    endloop
  endfacet
  facet normal 0 0 -1
    outer loop
      vertex 159.49 33.0099 9.53674e-07
      vertex 180.558 7.47684 9.53674e-07
      vertex 180.501 7.28633 9.53674e-07
    endloop
  endfacet
  facet normal -0 0 -1
    outer loop
      vertex 180.627 88.3367 9.53674e-07
      vertex 159.49 55.9901 9.53674e-07
      vertex 180.558 88.5232 9.53674e-07
    endloop
  endfacet
  facet normal 0 0 -1
    outer loop
      vertex 159.49 33.0099 9.53674e-07
      vertex 180.501 7.28633 9.53674e-07
      vertex 180.457 7.09259 9.53674e-07
    endloop
  endfacet
  facet normal -0 0 -1
    outer loop
      vertex 180.558 88.5232 9.53674e-07
      vertex 159.49 55.9901 9.53674e-07
      vertex 180.501 88.7137 9.53674e-07
    endloop
  endfacet
  facet normal 0 0 -1
    outer loop
      vertex 159.49 33.0099 9.53674e-07
      vertex 180.457 7.09259 9.53674e-07
      vertex 180.425 6.89642 9.53674e-07
    endloop
  endfacet
  facet normal -0 0 -1
    outer loop
      vertex 180.501 88.7137 9.53674e-07
      vertex 159.49 55.9901 9.53674e-07
      vertex 180.457 88.9074 9.53674e-07
    endloop
  endfacet
  facet normal 0 0 -1
    outer loop
      vertex 159.49 33.0099 9.53674e-07
      vertex 180.425 6.89642 9.53674e-07
      vertex 180.406 6.69862 9.53674e-07
    endloop
  endfacet
  facet normal -0 0 -1
    outer loop
      vertex 180.457 88.9074 9.53674e-07
      vertex 159.49 55.9901 9.53674e-07
      vertex 180.425 89.1036 9.53674e-07
    endloop
  endfacet
  facet normal 0 0 -1
    outer loop
      vertex 159.49 33.0099 9.53674e-07
      vertex 180.406 6.69862 9.53674e-07
      vertex 180.4 6.5 9.53674e-07
    endloop
  endfacet
  facet normal -0 0 -1
    outer loop
      vertex 180.425 89.1036 9.53674e-07
      vertex 159.49 55.9901 9.53674e-07
      vertex 180.406 89.3014 9.53674e-07
    endloop
  endfacet
  facet normal 0 0 -1
    outer loop
      vertex 186.201 4.97878 9.53674e-07
      vertex 190 4 9.53674e-07
      vertex 189.995 3.80373 9.53674e-07
    endloop
  endfacet
  facet normal 0 0 -1
    outer loop
      vertex 186.594 6.69862 9.53674e-07
      vertex 190 4 9.53674e-07
      vertex 186.6 6.5 9.53674e-07
    endloop
  endfacet
  facet normal 0 0 -1
    outer loop
      vertex 186.201 4.97878 9.53674e-07
      vertex 189.995 3.80373 9.53674e-07
      vertex 189.981 3.60793 9.53674e-07
    endloop
  endfacet
  facet normal 0 0 -1
    outer loop
      vertex 186.575 6.89642 9.53674e-07
      vertex 190 4 9.53674e-07
      vertex 186.594 6.69862 9.53674e-07
    endloop
  endfacet
  facet normal 0 0 -1
    outer loop
      vertex 186.098 4.80884 9.53674e-07
      vertex 189.981 3.60793 9.53674e-07
      vertex 189.957 3.41308 9.53674e-07
    endloop
  endfacet
  facet normal 0 0 -1
    outer loop
      vertex 186.594 89.6986 9.53674e-07
      vertex 190 92 9.53674e-07
      vertex 186.6 89.5 9.53674e-07
    endloop
  endfacet
  facet normal 0 0 -1
    outer loop
      vertex 186.098 4.80884 9.53674e-07
      vertex 189.957 3.41308 9.53674e-07
      vertex 189.923 3.21964 9.53674e-07
    endloop
  endfacet
  facet normal 0 0 -1
    outer loop
      vertex 186.575 89.8964 9.53674e-07
      vertex 190 92 9.53674e-07
      vertex 186.594 89.6986 9.53674e-07
    endloop
  endfacet
  facet normal 0 0 -1
    outer loop
      vertex 186.098 4.80884 9.53674e-07
      vertex 189.923 3.21964 9.53674e-07
      vertex 189.88 3.02808 9.53674e-07
    endloop
  endfacet
  facet normal 0 0 -1
    outer loop
      vertex 186.543 90.0926 9.53674e-07
      vertex 190 92 9.53674e-07
      vertex 186.575 89.8964 9.53674e-07
    endloop
  endfacet
  facet normal 0 0 -1
    outer loop
      vertex 186.098 4.80884 9.53674e-07
      vertex 189.88 3.02808 9.53674e-07
      vertex 189.828 2.83886 9.53674e-07
    endloop
  endfacet
  facet normal 0 0 -1
    outer loop
      vertex 186.499 90.2863 9.53674e-07
      vertex 190 92 9.53674e-07
      vertex 186.543 90.0926 9.53674e-07
    endloop
  endfacet
  facet normal 0 0 -1
    outer loop
      vertex 185.984 4.64586 9.53674e-07
      vertex 189.828 2.83886 9.53674e-07
      vertex 189.766 2.65244 9.53674e-07
    endloop
  endfacet
  facet normal 0 0 -1
    outer loop
      vertex 186.442 90.4768 9.53674e-07
      vertex 190 92 9.53674e-07
      vertex 186.499 90.2863 9.53674e-07
    endloop
  endfacet
  facet normal 0 0 -1
    outer loop
      vertex 185.984 4.64586 9.53674e-07
      vertex 189.766 2.65244 9.53674e-07
      vertex 189.696 2.46927 9.53674e-07
    endloop
  endfacet
  facet normal 0 0 -1
    outer loop
      vertex 186.373 90.6633 9.53674e-07
      vertex 190 92 9.53674e-07
      vertex 186.442 90.4768 9.53674e-07
    endloop
  endfacet
  facet normal 0 0 -1
    outer loop
      vertex 185.984 4.64586 9.53674e-07
      vertex 189.696 2.46927 9.53674e-07
      vertex 189.616 2.28978 9.53674e-07
    endloop
  endfacet
  facet normal 0 0 -1
    outer loop
      vertex 186.293 90.845 9.53674e-07
      vertex 190 92 9.53674e-07
      vertex 186.373 90.6633 9.53674e-07
    endloop
  endfacet
  facet normal 0 0 -1
    outer loop
      vertex 185.86 4.49049 9.53674e-07
      vertex 189.616 2.28978 9.53674e-07
      vertex 189.528 2.11441 9.53674e-07
    endloop
  endfacet
  facet normal 0 0 -1
    outer loop
      vertex 186.201 91.0212 9.53674e-07
      vertex 190 92 9.53674e-07
      vertex 186.293 90.845 9.53674e-07
    endloop
  endfacet
  facet normal 0 0 -1
    outer loop
      vertex 185.86 4.49049 9.53674e-07
      vertex 189.528 2.11441 9.53674e-07
      vertex 189.431 1.94359 9.53674e-07
    endloop
  endfacet
  facet normal -0 0 -1
    outer loop
      vertex 190 92 9.53674e-07
      vertex 186.201 91.0212 9.53674e-07
      vertex 189.995 92.1963 9.53674e-07
    endloop
  endfacet
  facet normal 0 0 -1
    outer loop
      vertex 185.86 4.49049 9.53674e-07
      vertex 189.431 1.94359 9.53674e-07
      vertex 189.326 1.77772 9.53674e-07
    endloop
  endfacet
  facet normal -0 0 -1
    outer loop
      vertex 189.995 92.1963 9.53674e-07
      vertex 186.201 91.0212 9.53674e-07
      vertex 189.981 92.3921 9.53674e-07
    endloop
  endfacet
  facet normal 0 0 -1
    outer loop
      vertex 185.86 4.49049 9.53674e-07
      vertex 189.326 1.77772 9.53674e-07
      vertex 189.213 1.6172 9.53674e-07
    endloop
  endfacet
  facet normal 0 0 -1
    outer loop
      vertex 186.098 91.1912 9.53674e-07
      vertex 189.981 92.3921 9.53674e-07
      vertex 186.201 91.0212 9.53674e-07
    endloop
  endfacet
  facet normal 0 0 -1
    outer loop
      vertex 185.727 4.34338 9.53674e-07
      vertex 189.213 1.6172 9.53674e-07
      vertex 189.092 1.46243 9.53674e-07
    endloop
  endfacet
  facet normal -0 0 -1
    outer loop
      vertex 189.981 92.3921 9.53674e-07
      vertex 186.098 91.1912 9.53674e-07
      vertex 189.957 92.5869 9.53674e-07
    endloop
  endfacet
  facet normal 0 0 -1
    outer loop
      vertex 185.727 4.34338 9.53674e-07
      vertex 189.092 1.46243 9.53674e-07
      vertex 188.964 1.31376 9.53674e-07
    endloop
  endfacet
  facet normal -0 0 -1
    outer loop
      vertex 189.957 92.5869 9.53674e-07
      vertex 186.098 91.1912 9.53674e-07
      vertex 189.923 92.7804 9.53674e-07
    endloop
  endfacet
  facet normal 0 0 -1
    outer loop
      vertex 185.727 4.34338 9.53674e-07
      vertex 188.964 1.31376 9.53674e-07
      vertex 188.828 1.17157 9.53674e-07
    endloop
  endfacet
  facet normal -0 0 -1
    outer loop
      vertex 189.923 92.7804 9.53674e-07
      vertex 186.098 91.1912 9.53674e-07
      vertex 189.88 92.9719 9.53674e-07
    endloop
  endfacet
  facet normal 0 0 -1
    outer loop
      vertex 185.727 4.34338 9.53674e-07
      vertex 188.828 1.17157 9.53674e-07
      vertex 188.686 1.0362 9.53674e-07
    endloop
  endfacet
  facet normal -0 0 -1
    outer loop
      vertex 189.88 92.9719 9.53674e-07
      vertex 186.098 91.1912 9.53674e-07
      vertex 189.828 93.1611 9.53674e-07
    endloop
  endfacet
  facet normal 0 0 -1
    outer loop
      vertex 185.584 4.20514 9.53674e-07
      vertex 188.686 1.0362 9.53674e-07
      vertex 188.538 0.907959 9.53674e-07
    endloop
  endfacet
  facet normal 0 0 -1
    outer loop
      vertex 185.984 91.3541 9.53674e-07
      vertex 189.828 93.1611 9.53674e-07
      vertex 186.098 91.1912 9.53674e-07
    endloop
  endfacet
  facet normal 0 0 -1
    outer loop
      vertex 185.584 4.20514 9.53674e-07
      vertex 188.538 0.907959 9.53674e-07
      vertex 188.383 0.78717 9.53674e-07
    endloop
  endfacet
  facet normal -0 0 -1
    outer loop
      vertex 189.828 93.1611 9.53674e-07
      vertex 185.984 91.3541 9.53674e-07
      vertex 189.766 93.3476 9.53674e-07
    endloop
  endfacet
  facet normal 0 0 -1
    outer loop
      vertex 185.584 4.20514 9.53674e-07
      vertex 188.383 0.78717 9.53674e-07
      vertex 188.222 0.674122 9.53674e-07
    endloop
  endfacet
  facet normal -0 0 -1
    outer loop
      vertex 189.766 93.3476 9.53674e-07
      vertex 185.984 91.3541 9.53674e-07
      vertex 189.696 93.5307 9.53674e-07
    endloop
  endfacet
  facet normal 0 0 -1
    outer loop
      vertex 185.584 4.20514 9.53674e-07
      vertex 188.222 0.674122 9.53674e-07
      vertex 188.056 0.569086 9.53674e-07
    endloop
  endfacet
  facet normal -0 0 -1
    outer loop
      vertex 189.696 93.5307 9.53674e-07
      vertex 185.984 91.3541 9.53674e-07
      vertex 189.616 93.7102 9.53674e-07
    endloop
  endfacet
  facet normal 0 0 -1
    outer loop
      vertex 185.433 4.07632 9.53674e-07
      vertex 188.056 0.569086 9.53674e-07
      vertex 187.886 0.472316 9.53674e-07
    endloop
  endfacet
  facet normal 0 0 -1
    outer loop
      vertex 185.86 91.5095 9.53674e-07
      vertex 189.616 93.7102 9.53674e-07
      vertex 185.984 91.3541 9.53674e-07
    endloop
  endfacet
  facet normal 0 0 -1
    outer loop
      vertex 185.433 4.07632 9.53674e-07
      vertex 187.886 0.472316 9.53674e-07
      vertex 187.71 0.384044 9.53674e-07
    endloop
  endfacet
  facet normal -0 0 -1
    outer loop
      vertex 189.616 93.7102 9.53674e-07
      vertex 185.86 91.5095 9.53674e-07
      vertex 189.528 93.8856 9.53674e-07
    endloop
  endfacet
  facet normal 0 0 -1
    outer loop
      vertex 185.433 4.07632 9.53674e-07
      vertex 187.71 0.384044 9.53674e-07
      vertex 187.531 0.304482 9.53674e-07
    endloop
  endfacet
  facet normal -0 0 -1
    outer loop
      vertex 189.528 93.8856 9.53674e-07
      vertex 185.86 91.5095 9.53674e-07
      vertex 189.431 94.0564 9.53674e-07
    endloop
  endfacet
  facet normal 0 0 -1
    outer loop
      vertex 185.433 4.07632 9.53674e-07
      vertex 187.531 0.304482 9.53674e-07
      vertex 187.348 0.233824 9.53674e-07
    endloop
  endfacet
  facet normal -0 0 -1
    outer loop
      vertex 189.431 94.0564 9.53674e-07
      vertex 185.86 91.5095 9.53674e-07
      vertex 189.326 94.2223 9.53674e-07
    endloop
  endfacet
  facet normal 0 0 -1
    outer loop
      vertex 185.274 3.95747 9.53674e-07
      vertex 187.348 0.233824 9.53674e-07
      vertex 187.161 0.172239 9.53674e-07
    endloop
  endfacet
  facet normal -0 0 -1
    outer loop
      vertex 189.326 94.2223 9.53674e-07
      vertex 185.86 91.5095 9.53674e-07
      vertex 189.213 94.3828 9.53674e-07
    endloop
  endfacet
  facet normal 0 0 -1
    outer loop
      vertex 185.274 3.95747 9.53674e-07
      vertex 187.161 0.172239 9.53674e-07
      vertex 186.972 0.119876 9.53674e-07
    endloop
  endfacet
  facet normal 0 0 -1
    outer loop
      vertex 185.727 91.6566 9.53674e-07
      vertex 189.213 94.3828 9.53674e-07
      vertex 185.86 91.5095 9.53674e-07
    endloop
  endfacet
  facet normal 0 0 -1
    outer loop
      vertex 185.274 3.95747 9.53674e-07
      vertex 186.972 0.119876 9.53674e-07
      vertex 186.78 0.0768595 9.53674e-07
    endloop
  endfacet
  facet normal -0 0 -1
    outer loop
      vertex 189.213 94.3828 9.53674e-07
      vertex 185.727 91.6566 9.53674e-07
      vertex 189.092 94.5376 9.53674e-07
    endloop
  endfacet
  facet normal -0 0 -1
    outer loop
      vertex 189.092 94.5376 9.53674e-07
      vertex 185.727 91.6566 9.53674e-07
      vertex 188.964 94.6862 9.53674e-07
    endloop
  endfacet
  facet normal 0 0 -1
    outer loop
      vertex 190 4 9.53674e-07
      vertex 186.594 6.30138 9.53674e-07
      vertex 186.6 6.5 9.53674e-07
    endloop
  endfacet
  facet normal 0 0 -1
    outer loop
      vertex 185.274 3.95747 9.53674e-07
      vertex 186.78 0.0768595 9.53674e-07
      vertex 186.587 0.0432949 9.53674e-07
    endloop
  endfacet
  facet normal 0 0 -1
    outer loop
      vertex 190 4 9.53674e-07
      vertex 186.575 6.10358 9.53674e-07
      vertex 186.594 6.30138 9.53674e-07
    endloop
  endfacet
  facet normal 0 0 -1
    outer loop
      vertex 190 4 9.53674e-07
      vertex 186.543 5.90741 9.53674e-07
      vertex 186.575 6.10358 9.53674e-07
    endloop
  endfacet
  facet normal 0 0 -1
    outer loop
      vertex 190 4 9.53674e-07
      vertex 186.499 5.71367 9.53674e-07
      vertex 186.543 5.90741 9.53674e-07
    endloop
  endfacet
  facet normal 0 0 -1
    outer loop
      vertex 190 4 9.53674e-07
      vertex 186.442 5.52316 9.53674e-07
      vertex 186.499 5.71367 9.53674e-07
    endloop
  endfacet
  facet normal 0 0 -1
    outer loop
      vertex 185.107 3.84906 9.53674e-07
      vertex 186.587 0.0432949 9.53674e-07
      vertex 186.392 0.0192614 9.53674e-07
    endloop
  endfacet
  facet normal 0 0 -1
    outer loop
      vertex 190 4 9.53674e-07
      vertex 186.373 5.33667 9.53674e-07
      vertex 186.442 5.52316 9.53674e-07
    endloop
  endfacet
  facet normal 0 0 -1
    outer loop
      vertex 190 4 9.53674e-07
      vertex 186.293 5.15496 9.53674e-07
      vertex 186.373 5.33667 9.53674e-07
    endloop
  endfacet
  facet normal 0 0 -1
    outer loop
      vertex 190 4 9.53674e-07
      vertex 186.201 4.97878 9.53674e-07
      vertex 186.293 5.15496 9.53674e-07
    endloop
  endfacet
  facet normal 0 0 -1
    outer loop
      vertex 185.107 3.84906 9.53674e-07
      vertex 186.392 0.0192614 9.53674e-07
      vertex 186.196 0.00481892 9.53674e-07
    endloop
  endfacet
  facet normal 0 0 -1
    outer loop
      vertex 189.981 3.60793 9.53674e-07
      vertex 186.098 4.80884 9.53674e-07
      vertex 186.201 4.97878 9.53674e-07
    endloop
  endfacet
  facet normal 0 0 -1
    outer loop
      vertex 185.107 3.84906 9.53674e-07
      vertex 186.196 0.00481892 9.53674e-07
      vertex 186 0 9.53674e-07
    endloop
  endfacet
  facet normal 0 0 -1
    outer loop
      vertex 189.828 2.83886 9.53674e-07
      vertex 185.984 4.64586 9.53674e-07
      vertex 186.098 4.80884 9.53674e-07
    endloop
  endfacet
  facet normal 0 0 -1
    outer loop
      vertex 189.616 2.28978 9.53674e-07
      vertex 185.86 4.49049 9.53674e-07
      vertex 185.984 4.64586 9.53674e-07
    endloop
  endfacet
  facet normal 0 0 -1
    outer loop
      vertex 189.213 1.6172 9.53674e-07
      vertex 185.727 4.34338 9.53674e-07
      vertex 185.86 4.49049 9.53674e-07
    endloop
  endfacet
  facet normal 0 0 -1
    outer loop
      vertex 188.686 1.0362 9.53674e-07
      vertex 185.584 4.20514 9.53674e-07
      vertex 185.727 4.34338 9.53674e-07
    endloop
  endfacet
  facet normal 0 0 -1
    outer loop
      vertex 188.056 0.569086 9.53674e-07
      vertex 185.433 4.07632 9.53674e-07
      vertex 185.584 4.20514 9.53674e-07
    endloop
  endfacet
  facet normal 0 0 -1
    outer loop
      vertex 187.348 0.233824 9.53674e-07
      vertex 185.274 3.95747 9.53674e-07
      vertex 185.433 4.07632 9.53674e-07
    endloop
  endfacet
  facet normal 0 0 -1
    outer loop
      vertex 186.587 0.0432949 9.53674e-07
      vertex 185.107 3.84906 9.53674e-07
      vertex 185.274 3.95747 9.53674e-07
    endloop
  endfacet
  facet normal 0 0 -1
    outer loop
      vertex 186 0 9.53674e-07
      vertex 184.934 3.75154 9.53674e-07
      vertex 185.107 3.84906 9.53674e-07
    endloop
  endfacet
  facet normal 0 0 -1
    outer loop
      vertex 186 0 9.53674e-07
      vertex 184.755 3.66532 9.53674e-07
      vertex 184.934 3.75154 9.53674e-07
    endloop
  endfacet
  facet normal 0 0 -1
    outer loop
      vertex 186 0 9.53674e-07
      vertex 184.571 3.59075 9.53674e-07
      vertex 184.755 3.66532 9.53674e-07
    endloop
  endfacet
  facet normal 0 0 -1
    outer loop
      vertex 186 0 9.53674e-07
      vertex 184.382 3.52813 9.53674e-07
      vertex 184.571 3.59075 9.53674e-07
    endloop
  endfacet
  facet normal 0 0 -1
    outer loop
      vertex 186 0 9.53674e-07
      vertex 184.19 3.47772 9.53674e-07
      vertex 184.382 3.52813 9.53674e-07
    endloop
  endfacet
  facet normal 0 0 -1
    outer loop
      vertex 186 0 9.53674e-07
      vertex 183.995 3.43974 9.53674e-07
      vertex 184.19 3.47772 9.53674e-07
    endloop
  endfacet
  facet normal 0 0 -1
    outer loop
      vertex 186 0 9.53674e-07
      vertex 183.798 3.41432 9.53674e-07
      vertex 183.995 3.43974 9.53674e-07
    endloop
  endfacet
  facet normal 0 0 -1
    outer loop
      vertex 186 0 9.53674e-07
      vertex 183.599 3.40159 9.53674e-07
      vertex 183.798 3.41432 9.53674e-07
    endloop
  endfacet
  facet normal 0 0 -1
    outer loop
      vertex 186 0 9.53674e-07
      vertex 183.401 3.40159 9.53674e-07
      vertex 183.599 3.40159 9.53674e-07
    endloop
  endfacet
  facet normal 0 0 -1
    outer loop
      vertex 186 0 9.53674e-07
      vertex 183.202 3.41432 9.53674e-07
      vertex 183.401 3.40159 9.53674e-07
    endloop
  endfacet
  facet normal 0 0 -1
    outer loop
      vertex 186 0 9.53674e-07
      vertex 183.005 3.43974 9.53674e-07
      vertex 183.202 3.41432 9.53674e-07
    endloop
  endfacet
  facet normal 0 0 -1
    outer loop
      vertex 186 0 9.53674e-07
      vertex 182.81 3.47772 9.53674e-07
      vertex 183.005 3.43974 9.53674e-07
    endloop
  endfacet
  facet normal 0 0 -1
    outer loop
      vertex 186 0 9.53674e-07
      vertex 182.618 3.52813 9.53674e-07
      vertex 182.81 3.47772 9.53674e-07
    endloop
  endfacet
  facet normal 0 0 -1
    outer loop
      vertex 186 0 9.53674e-07
      vertex 182.429 3.59075 9.53674e-07
      vertex 182.618 3.52813 9.53674e-07
    endloop
  endfacet
  facet normal 0 0 -1
    outer loop
      vertex 186 0 9.53674e-07
      vertex 182.245 3.66532 9.53674e-07
      vertex 182.429 3.59075 9.53674e-07
    endloop
  endfacet
  facet normal 0 0 -1
    outer loop
      vertex 186 0 9.53674e-07
      vertex 182.066 3.75154 9.53674e-07
      vertex 182.245 3.66532 9.53674e-07
    endloop
  endfacet
  facet normal 0 0 -1
    outer loop
      vertex 186 0 9.53674e-07
      vertex 181.893 3.84906 9.53674e-07
      vertex 182.066 3.75154 9.53674e-07
    endloop
  endfacet
  facet normal 0 0 -1
    outer loop
      vertex 186 0 9.53674e-07
      vertex 181.726 3.95747 9.53674e-07
      vertex 181.893 3.84906 9.53674e-07
    endloop
  endfacet
  facet normal 0 0 -1
    outer loop
      vertex 186 0 9.53674e-07
      vertex 181.567 4.07632 9.53674e-07
      vertex 181.726 3.95747 9.53674e-07
    endloop
  endfacet
  facet normal 0 0 -1
    outer loop
      vertex 186 0 9.53674e-07
      vertex 181.416 4.20514 9.53674e-07
      vertex 181.567 4.07632 9.53674e-07
    endloop
  endfacet
  facet normal 0 0 -1
    outer loop
      vertex 184.382 9.47187 9.53674e-07
      vertex 159.49 33.0099 9.53674e-07
      vertex 159.49 55.9901 9.53674e-07
    endloop
  endfacet
  facet normal 0 0 -1
    outer loop
      vertex 180.406 6.30138 9.53674e-07
      vertex 159.49 33.0099 9.53674e-07
      vertex 180.4 6.5 9.53674e-07
    endloop
  endfacet
  facet normal 0 0 -1
    outer loop
      vertex 180.425 6.10358 9.53674e-07
      vertex 159.49 33.0099 9.53674e-07
      vertex 180.406 6.30138 9.53674e-07
    endloop
  endfacet
  facet normal 0 0 -1
    outer loop
      vertex 180.457 5.90741 9.53674e-07
      vertex 159.49 33.0099 9.53674e-07
      vertex 180.425 6.10358 9.53674e-07
    endloop
  endfacet
  facet normal 0 0 -1
    outer loop
      vertex 180.501 5.71367 9.53674e-07
      vertex 159.49 33.0099 9.53674e-07
      vertex 180.457 5.90741 9.53674e-07
    endloop
  endfacet
  facet normal 0 0 -1
    outer loop
      vertex 122.51 33.0099 9.53674e-07
      vertex 180.501 5.71367 9.53674e-07
      vertex 180.558 5.52316 9.53674e-07
    endloop
  endfacet
  facet normal 0 0 -1
    outer loop
      vertex 122.51 33.0099 9.53674e-07
      vertex 180.558 5.52316 9.53674e-07
      vertex 180.627 5.33667 9.53674e-07
    endloop
  endfacet
  facet normal 0 0 -1
    outer loop
      vertex 122.51 33.0099 9.53674e-07
      vertex 180.627 5.33667 9.53674e-07
      vertex 180.707 5.15496 9.53674e-07
    endloop
  endfacet
  facet normal 0 0 -1
    outer loop
      vertex 122.51 33.0099 9.53674e-07
      vertex 180.707 5.15496 9.53674e-07
      vertex 180.799 4.97878 9.53674e-07
    endloop
  endfacet
  facet normal 0 0 -1
    outer loop
      vertex 122.51 33.0099 9.53674e-07
      vertex 180.799 4.97878 9.53674e-07
      vertex 180.902 4.80884 9.53674e-07
    endloop
  endfacet
  facet normal 0 0 -1
    outer loop
      vertex 122.51 33.0099 9.53674e-07
      vertex 180.902 4.80884 9.53674e-07
      vertex 181.016 4.64586 9.53674e-07
    endloop
  endfacet
  facet normal 0 0 -1
    outer loop
      vertex 180.501 5.71367 9.53674e-07
      vertex 122.51 33.0099 9.53674e-07
      vertex 159.49 33.0099 9.53674e-07
    endloop
  endfacet
  facet normal 0 0 -1
    outer loop
      vertex 181.14 4.49049 9.53674e-07
      vertex 122.51 33.0099 9.53674e-07
      vertex 181.016 4.64586 9.53674e-07
    endloop
  endfacet
  facet normal 0 0 -1
    outer loop
      vertex 181.273 4.34338 9.53674e-07
      vertex 122.51 33.0099 9.53674e-07
      vertex 181.14 4.49049 9.53674e-07
    endloop
  endfacet
  facet normal 0 0 -1
    outer loop
      vertex 181.416 4.20514 9.53674e-07
      vertex 122.51 33.0099 9.53674e-07
      vertex 181.273 4.34338 9.53674e-07
    endloop
  endfacet
  facet normal 0 0 -1
    outer loop
      vertex 186 0 9.53674e-07
      vertex 122.51 33.0099 9.53674e-07
      vertex 181.416 4.20514 9.53674e-07
    endloop
  endfacet
  facet normal 0 0 -1
    outer loop
      vertex 9.59363 6.69862 9.53674e-07
      vertex 122.51 33.0099 9.53674e-07
      vertex 9.6 6.5 9.53674e-07
    endloop
  endfacet
  facet normal 0 0 -1
    outer loop
      vertex 4 0 9.53674e-07
      vertex 122.51 33.0099 9.53674e-07
      vertex 186 0 9.53674e-07
    endloop
  endfacet
  facet normal 0 0 -1
    outer loop
      vertex 122.51 33.0099 9.53674e-07
      vertex 9.59363 6.30138 9.53674e-07
      vertex 9.6 6.5 9.53674e-07
    endloop
  endfacet
  facet normal 0 0 -1
    outer loop
      vertex 122.51 33.0099 9.53674e-07
      vertex 9.57455 6.10358 9.53674e-07
      vertex 9.59363 6.30138 9.53674e-07
    endloop
  endfacet
  facet normal 0 0 -1
    outer loop
      vertex 122.51 33.0099 9.53674e-07
      vertex 9.54283 5.90741 9.53674e-07
      vertex 9.57455 6.10358 9.53674e-07
    endloop
  endfacet
  facet normal 0 0 -1
    outer loop
      vertex 122.51 33.0099 9.53674e-07
      vertex 9.49861 5.71367 9.53674e-07
      vertex 9.54283 5.90741 9.53674e-07
    endloop
  endfacet
  facet normal 0 0 -1
    outer loop
      vertex 122.51 33.0099 9.53674e-07
      vertex 9.44207 5.52316 9.53674e-07
      vertex 9.49861 5.71367 9.53674e-07
    endloop
  endfacet
  facet normal 0 0 -1
    outer loop
      vertex 122.51 33.0099 9.53674e-07
      vertex 9.37344 5.33667 9.53674e-07
      vertex 9.44207 5.52316 9.53674e-07
    endloop
  endfacet
  facet normal 0 0 -1
    outer loop
      vertex 122.51 33.0099 9.53674e-07
      vertex 9.293 5.15496 9.53674e-07
      vertex 9.37344 5.33667 9.53674e-07
    endloop
  endfacet
  facet normal 0 0 -1
    outer loop
      vertex 122.51 33.0099 9.53674e-07
      vertex 9.20109 4.97878 9.53674e-07
      vertex 9.293 5.15496 9.53674e-07
    endloop
  endfacet
  facet normal 0 0 -1
    outer loop
      vertex 122.51 33.0099 9.53674e-07
      vertex 9.09807 4.80884 9.53674e-07
      vertex 9.20109 4.97878 9.53674e-07
    endloop
  endfacet
  facet normal 0 0 -1
    outer loop
      vertex 122.51 33.0099 9.53674e-07
      vertex 8.98438 4.64586 9.53674e-07
      vertex 9.09807 4.80884 9.53674e-07
    endloop
  endfacet
  facet normal 0 0 -1
    outer loop
      vertex 122.51 33.0099 9.53674e-07
      vertex 8.86048 4.49049 9.53674e-07
      vertex 8.98438 4.64586 9.53674e-07
    endloop
  endfacet
  facet normal 0 0 -1
    outer loop
      vertex 122.51 33.0099 9.53674e-07
      vertex 8.72688 4.34338 9.53674e-07
      vertex 8.86048 4.49049 9.53674e-07
    endloop
  endfacet
  facet normal 0 0 -1
    outer loop
      vertex 122.51 33.0099 9.53674e-07
      vertex 8.58413 4.20514 9.53674e-07
      vertex 8.72688 4.34338 9.53674e-07
    endloop
  endfacet
  facet normal 0 0 -1
    outer loop
      vertex 122.51 33.0099 9.53674e-07
      vertex 4 0 9.53674e-07
      vertex 8.58413 4.20514 9.53674e-07
    endloop
  endfacet
  facet normal 0 0 -1
    outer loop
      vertex 8.58413 4.20514 9.53674e-07
      vertex 4 0 9.53674e-07
      vertex 8.43282 4.07632 9.53674e-07
    endloop
  endfacet
  facet normal 0 0 -1
    outer loop
      vertex 8.43282 4.07632 9.53674e-07
      vertex 4 0 9.53674e-07
      vertex 8.27356 3.95747 9.53674e-07
    endloop
  endfacet
  facet normal 0 0 -1
    outer loop
      vertex 8.27356 3.95747 9.53674e-07
      vertex 4 0 9.53674e-07
      vertex 8.10702 3.84906 9.53674e-07
    endloop
  endfacet
  facet normal 0 0 -1
    outer loop
      vertex 8.10702 3.84906 9.53674e-07
      vertex 4 0 9.53674e-07
      vertex 7.93387 3.75154 9.53674e-07
    endloop
  endfacet
  facet normal 0 0 -1
    outer loop
      vertex 7.93387 3.75154 9.53674e-07
      vertex 4 0 9.53674e-07
      vertex 7.75483 3.66532 9.53674e-07
    endloop
  endfacet
  facet normal 0 0 -1
    outer loop
      vertex 7.75483 3.66532 9.53674e-07
      vertex 4 0 9.53674e-07
      vertex 7.57063 3.59075 9.53674e-07
    endloop
  endfacet
  facet normal 0 0 -1
    outer loop
      vertex 7.57063 3.59075 9.53674e-07
      vertex 4 0 9.53674e-07
      vertex 7.38204 3.52813 9.53674e-07
    endloop
  endfacet
  facet normal 0 0 -1
    outer loop
      vertex 7.38204 3.52813 9.53674e-07
      vertex 4 0 9.53674e-07
      vertex 7.18981 3.47772 9.53674e-07
    endloop
  endfacet
  facet normal 0 0 -1
    outer loop
      vertex 7.18981 3.47772 9.53674e-07
      vertex 4 0 9.53674e-07
      vertex 6.99476 3.43974 9.53674e-07
    endloop
  endfacet
  facet normal 0 0 -1
    outer loop
      vertex 6.99476 3.43974 9.53674e-07
      vertex 4 0 9.53674e-07
      vertex 6.79767 3.41432 9.53674e-07
    endloop
  endfacet
  facet normal 0 0 -1
    outer loop
      vertex 6.79767 3.41432 9.53674e-07
      vertex 4 0 9.53674e-07
      vertex 6.59936 3.40159 9.53674e-07
    endloop
  endfacet
  facet normal -0 0 -1
    outer loop
      vertex 6.59936 3.40159 9.53674e-07
      vertex 4 0 9.53674e-07
      vertex 6.40064 3.40159 9.53674e-07
    endloop
  endfacet
  facet normal 0 0 -1
    outer loop
      vertex 4 0 9.53674e-07
      vertex 6.20233 3.41432 9.53674e-07
      vertex 6.40064 3.40159 9.53674e-07
    endloop
  endfacet
  facet normal 0 0 -1
    outer loop
      vertex 4 0 9.53674e-07
      vertex 6.00524 3.43974 9.53674e-07
      vertex 6.20233 3.41432 9.53674e-07
    endloop
  endfacet
  facet normal 0 0 -1
    outer loop
      vertex 4 0 9.53674e-07
      vertex 5.81019 3.47772 9.53674e-07
      vertex 6.00524 3.43974 9.53674e-07
    endloop
  endfacet
  facet normal 0 0 -1
    outer loop
      vertex 4 0 9.53674e-07
      vertex 5.61796 3.52813 9.53674e-07
      vertex 5.81019 3.47772 9.53674e-07
    endloop
  endfacet
  facet normal 0 0 -1
    outer loop
      vertex 4 0 9.53674e-07
      vertex 5.42937 3.59075 9.53674e-07
      vertex 5.61796 3.52813 9.53674e-07
    endloop
  endfacet
  facet normal 0 0 -1
    outer loop
      vertex 4 0 9.53674e-07
      vertex 5.24517 3.66532 9.53674e-07
      vertex 5.42937 3.59075 9.53674e-07
    endloop
  endfacet
  facet normal 0 0 -1
    outer loop
      vertex 4 0 9.53674e-07
      vertex 5.06613 3.75154 9.53674e-07
      vertex 5.24517 3.66532 9.53674e-07
    endloop
  endfacet
  facet normal 0 0 -1
    outer loop
      vertex 4 0 9.53674e-07
      vertex 4.89298 3.84906 9.53674e-07
      vertex 5.06613 3.75154 9.53674e-07
    endloop
  endfacet
  facet normal 0 0 -1
    outer loop
      vertex 3.80373 0.00481892 9.53674e-07
      vertex 4.89298 3.84906 9.53674e-07
      vertex 4 0 9.53674e-07
    endloop
  endfacet
  facet normal 0 0 -1
    outer loop
      vertex 3.60793 0.0192614 9.53674e-07
      vertex 4.89298 3.84906 9.53674e-07
      vertex 3.80373 0.00481892 9.53674e-07
    endloop
  endfacet
  facet normal 0 0 -1
    outer loop
      vertex 3.41308 0.0432949 9.53674e-07
      vertex 4.89298 3.84906 9.53674e-07
      vertex 3.60793 0.0192614 9.53674e-07
    endloop
  endfacet
  facet normal -0 0 -1
    outer loop
      vertex 4.89298 3.84906 9.53674e-07
      vertex 3.41308 0.0432949 9.53674e-07
      vertex 4.72644 3.95747 9.53674e-07
    endloop
  endfacet
  facet normal 0 0 -1
    outer loop
      vertex 3.21964 0.0768595 9.53674e-07
      vertex 4.72644 3.95747 9.53674e-07
      vertex 3.41308 0.0432949 9.53674e-07
    endloop
  endfacet
  facet normal 0 0 -1
    outer loop
      vertex 3.02808 0.119876 9.53674e-07
      vertex 4.72644 3.95747 9.53674e-07
      vertex 3.21964 0.0768595 9.53674e-07
    endloop
  endfacet
  facet normal 0 0 -1
    outer loop
      vertex 2.83886 0.172239 9.53674e-07
      vertex 4.72644 3.95747 9.53674e-07
      vertex 3.02808 0.119876 9.53674e-07
    endloop
  endfacet
  facet normal 0 0 -1
    outer loop
      vertex 2.65244 0.233824 9.53674e-07
      vertex 4.72644 3.95747 9.53674e-07
      vertex 2.83886 0.172239 9.53674e-07
    endloop
  endfacet
  facet normal -0 0 -1
    outer loop
      vertex 4.72644 3.95747 9.53674e-07
      vertex 2.65244 0.233824 9.53674e-07
      vertex 4.56718 4.07632 9.53674e-07
    endloop
  endfacet
  facet normal 0 0 -1
    outer loop
      vertex 2.46927 0.304482 9.53674e-07
      vertex 4.56718 4.07632 9.53674e-07
      vertex 2.65244 0.233824 9.53674e-07
    endloop
  endfacet
  facet normal 0 0 -1
    outer loop
      vertex 2.28978 0.384044 9.53674e-07
      vertex 4.56718 4.07632 9.53674e-07
      vertex 2.46927 0.304482 9.53674e-07
    endloop
  endfacet
  facet normal 0 0 -1
    outer loop
      vertex 2.11441 0.472316 9.53674e-07
      vertex 4.56718 4.07632 9.53674e-07
      vertex 2.28978 0.384044 9.53674e-07
    endloop
  endfacet
  facet normal 0 0 -1
    outer loop
      vertex 1.94359 0.569086 9.53674e-07
      vertex 4.56718 4.07632 9.53674e-07
      vertex 2.11441 0.472316 9.53674e-07
    endloop
  endfacet
  facet normal -0 0 -1
    outer loop
      vertex 4.56718 4.07632 9.53674e-07
      vertex 1.94359 0.569086 9.53674e-07
      vertex 4.41587 4.20514 9.53674e-07
    endloop
  endfacet
  facet normal 0 0 -1
    outer loop
      vertex 1.77772 0.674122 9.53674e-07
      vertex 4.41587 4.20514 9.53674e-07
      vertex 1.94359 0.569086 9.53674e-07
    endloop
  endfacet
  facet normal 0 0 -1
    outer loop
      vertex 1.6172 0.78717 9.53674e-07
      vertex 4.41587 4.20514 9.53674e-07
      vertex 1.77772 0.674122 9.53674e-07
    endloop
  endfacet
  facet normal 0 0 -1
    outer loop
      vertex 1.46243 0.907959 9.53674e-07
      vertex 4.41587 4.20514 9.53674e-07
      vertex 1.6172 0.78717 9.53674e-07
    endloop
  endfacet
  facet normal 0 0 -1
    outer loop
      vertex 1.31376 1.0362 9.53674e-07
      vertex 4.41587 4.20514 9.53674e-07
      vertex 1.46243 0.907959 9.53674e-07
    endloop
  endfacet
  facet normal -0 0 -1
    outer loop
      vertex 4.41587 4.20514 9.53674e-07
      vertex 1.31376 1.0362 9.53674e-07
      vertex 4.27312 4.34338 9.53674e-07
    endloop
  endfacet
  facet normal 0 0 -1
    outer loop
      vertex 1.0362 1.31376 9.53674e-07
      vertex 4.27312 4.34338 9.53674e-07
      vertex 1.17157 1.17157 9.53674e-07
    endloop
  endfacet
  facet normal 0 0 -1
    outer loop
      vertex 1.17157 1.17157 9.53674e-07
      vertex 4.27312 4.34338 9.53674e-07
      vertex 1.31376 1.0362 9.53674e-07
    endloop
  endfacet
  facet normal -0 0 -1
    outer loop
      vertex 188.964 94.6862 9.53674e-07
      vertex 185.727 91.6566 9.53674e-07
      vertex 188.828 94.8284 9.53674e-07
    endloop
  endfacet
  facet normal -0 0 -1
    outer loop
      vertex 188.828 94.8284 9.53674e-07
      vertex 185.727 91.6566 9.53674e-07
      vertex 188.686 94.9638 9.53674e-07
    endloop
  endfacet
  facet normal 0 0 -1
    outer loop
      vertex 185.584 91.7949 9.53674e-07
      vertex 188.686 94.9638 9.53674e-07
      vertex 185.727 91.6566 9.53674e-07
    endloop
  endfacet
  facet normal -0 0 -1
    outer loop
      vertex 188.686 94.9638 9.53674e-07
      vertex 185.584 91.7949 9.53674e-07
      vertex 188.538 95.092 9.53674e-07
    endloop
  endfacet
  facet normal -0 0 -1
    outer loop
      vertex 188.538 95.092 9.53674e-07
      vertex 185.584 91.7949 9.53674e-07
      vertex 188.383 95.2128 9.53674e-07
    endloop
  endfacet
  facet normal -0 0 -1
    outer loop
      vertex 188.383 95.2128 9.53674e-07
      vertex 185.584 91.7949 9.53674e-07
      vertex 188.222 95.3259 9.53674e-07
    endloop
  endfacet
  facet normal -0 0 -1
    outer loop
      vertex 188.222 95.3259 9.53674e-07
      vertex 185.584 91.7949 9.53674e-07
      vertex 188.056 95.4309 9.53674e-07
    endloop
  endfacet
  facet normal 0 0 -1
    outer loop
      vertex 185.433 91.9237 9.53674e-07
      vertex 188.056 95.4309 9.53674e-07
      vertex 185.584 91.7949 9.53674e-07
    endloop
  endfacet
  facet normal -0 0 -1
    outer loop
      vertex 188.056 95.4309 9.53674e-07
      vertex 185.433 91.9237 9.53674e-07
      vertex 187.886 95.5277 9.53674e-07
    endloop
  endfacet
  facet normal -0 0 -1
    outer loop
      vertex 187.886 95.5277 9.53674e-07
      vertex 185.433 91.9237 9.53674e-07
      vertex 187.71 95.616 9.53674e-07
    endloop
  endfacet
  facet normal -0 0 -1
    outer loop
      vertex 187.71 95.616 9.53674e-07
      vertex 185.433 91.9237 9.53674e-07
      vertex 187.531 95.6955 9.53674e-07
    endloop
  endfacet
  facet normal -0 0 -1
    outer loop
      vertex 187.531 95.6955 9.53674e-07
      vertex 185.433 91.9237 9.53674e-07
      vertex 187.348 95.7662 9.53674e-07
    endloop
  endfacet
  facet normal 0 0 -1
    outer loop
      vertex 185.274 92.0425 9.53674e-07
      vertex 187.348 95.7662 9.53674e-07
      vertex 185.433 91.9237 9.53674e-07
    endloop
  endfacet
  facet normal -0 0 -1
    outer loop
      vertex 187.348 95.7662 9.53674e-07
      vertex 185.274 92.0425 9.53674e-07
      vertex 187.161 95.8278 9.53674e-07
    endloop
  endfacet
  facet normal -0 0 -1
    outer loop
      vertex 187.161 95.8278 9.53674e-07
      vertex 185.274 92.0425 9.53674e-07
      vertex 186.972 95.8801 9.53674e-07
    endloop
  endfacet
  facet normal -0 0 -1
    outer loop
      vertex 186.972 95.8801 9.53674e-07
      vertex 185.274 92.0425 9.53674e-07
      vertex 186.78 95.9231 9.53674e-07
    endloop
  endfacet
  facet normal -0 0 -1
    outer loop
      vertex 186.78 95.9231 9.53674e-07
      vertex 185.274 92.0425 9.53674e-07
      vertex 186.587 95.9567 9.53674e-07
    endloop
  endfacet
  facet normal 0 0 -1
    outer loop
      vertex 185.107 92.1509 9.53674e-07
      vertex 186.587 95.9567 9.53674e-07
      vertex 185.274 92.0425 9.53674e-07
    endloop
  endfacet
  facet normal -0 0 -1
    outer loop
      vertex 186.587 95.9567 9.53674e-07
      vertex 185.107 92.1509 9.53674e-07
      vertex 186.392 95.9807 9.53674e-07
    endloop
  endfacet
  facet normal -0 0 -1
    outer loop
      vertex 186.392 95.9807 9.53674e-07
      vertex 185.107 92.1509 9.53674e-07
      vertex 186.196 95.9952 9.53674e-07
    endloop
  endfacet
  facet normal -0 0 -1
    outer loop
      vertex 186.196 95.9952 9.53674e-07
      vertex 185.107 92.1509 9.53674e-07
      vertex 186 96 9.53674e-07
    endloop
  endfacet
  facet normal 0 0 -1
    outer loop
      vertex 184.934 92.2485 9.53674e-07
      vertex 186 96 9.53674e-07
      vertex 185.107 92.1509 9.53674e-07
    endloop
  endfacet
  facet normal 0 0 -1
    outer loop
      vertex 184.755 92.3347 9.53674e-07
      vertex 186 96 9.53674e-07
      vertex 184.934 92.2485 9.53674e-07
    endloop
  endfacet
  facet normal 0 0 -1
    outer loop
      vertex 184.571 92.4092 9.53674e-07
      vertex 186 96 9.53674e-07
      vertex 184.755 92.3347 9.53674e-07
    endloop
  endfacet
  facet normal 0 0 -1
    outer loop
      vertex 184.382 92.4719 9.53674e-07
      vertex 186 96 9.53674e-07
      vertex 184.571 92.4092 9.53674e-07
    endloop
  endfacet
  facet normal 0 0 -1
    outer loop
      vertex 184.19 92.5223 9.53674e-07
      vertex 186 96 9.53674e-07
      vertex 184.382 92.4719 9.53674e-07
    endloop
  endfacet
  facet normal 0 0 -1
    outer loop
      vertex 183.995 92.5603 9.53674e-07
      vertex 186 96 9.53674e-07
      vertex 184.19 92.5223 9.53674e-07
    endloop
  endfacet
  facet normal 0 0 -1
    outer loop
      vertex 183.798 92.5857 9.53674e-07
      vertex 186 96 9.53674e-07
      vertex 183.995 92.5603 9.53674e-07
    endloop
  endfacet
  facet normal 0 0 -1
    outer loop
      vertex 183.599 92.5984 9.53674e-07
      vertex 186 96 9.53674e-07
      vertex 183.798 92.5857 9.53674e-07
    endloop
  endfacet
  facet normal 0 0 -1
    outer loop
      vertex 183.401 92.5984 9.53674e-07
      vertex 186 96 9.53674e-07
      vertex 183.599 92.5984 9.53674e-07
    endloop
  endfacet
  facet normal 0 0 -1
    outer loop
      vertex 183.202 92.5857 9.53674e-07
      vertex 186 96 9.53674e-07
      vertex 183.401 92.5984 9.53674e-07
    endloop
  endfacet
  facet normal 0 0 -1
    outer loop
      vertex 183.005 92.5603 9.53674e-07
      vertex 186 96 9.53674e-07
      vertex 183.202 92.5857 9.53674e-07
    endloop
  endfacet
  facet normal 0 0 -1
    outer loop
      vertex 182.81 92.5223 9.53674e-07
      vertex 186 96 9.53674e-07
      vertex 183.005 92.5603 9.53674e-07
    endloop
  endfacet
  facet normal 0 0 -1
    outer loop
      vertex 182.618 92.4719 9.53674e-07
      vertex 186 96 9.53674e-07
      vertex 182.81 92.5223 9.53674e-07
    endloop
  endfacet
  facet normal 0 0 -1
    outer loop
      vertex 182.429 92.4092 9.53674e-07
      vertex 186 96 9.53674e-07
      vertex 182.618 92.4719 9.53674e-07
    endloop
  endfacet
  facet normal 0 0 -1
    outer loop
      vertex 182.245 92.3347 9.53674e-07
      vertex 186 96 9.53674e-07
      vertex 182.429 92.4092 9.53674e-07
    endloop
  endfacet
  facet normal 0 0 -1
    outer loop
      vertex 182.066 92.2485 9.53674e-07
      vertex 186 96 9.53674e-07
      vertex 182.245 92.3347 9.53674e-07
    endloop
  endfacet
  facet normal 0 0 -1
    outer loop
      vertex 181.893 92.1509 9.53674e-07
      vertex 186 96 9.53674e-07
      vertex 182.066 92.2485 9.53674e-07
    endloop
  endfacet
  facet normal 0 0 -1
    outer loop
      vertex 181.726 92.0425 9.53674e-07
      vertex 186 96 9.53674e-07
      vertex 181.893 92.1509 9.53674e-07
    endloop
  endfacet
  facet normal 0 0 -1
    outer loop
      vertex 181.567 91.9237 9.53674e-07
      vertex 186 96 9.53674e-07
      vertex 181.726 92.0425 9.53674e-07
    endloop
  endfacet
  facet normal 0 0 -1
    outer loop
      vertex 181.416 91.7949 9.53674e-07
      vertex 186 96 9.53674e-07
      vertex 181.567 91.9237 9.53674e-07
    endloop
  endfacet
  facet normal -0 0 -1
    outer loop
      vertex 180.406 89.3014 9.53674e-07
      vertex 159.49 55.9901 9.53674e-07
      vertex 180.4 89.5 9.53674e-07
    endloop
  endfacet
  facet normal -0 0 -1
    outer loop
      vertex 180.4 89.5 9.53674e-07
      vertex 159.49 55.9901 9.53674e-07
      vertex 180.406 89.6986 9.53674e-07
    endloop
  endfacet
  facet normal 0 0 -1
    outer loop
      vertex 122.51 55.9901 9.53674e-07
      vertex 180.406 89.6986 9.53674e-07
      vertex 159.49 55.9901 9.53674e-07
    endloop
  endfacet
  facet normal -0 0 -1
    outer loop
      vertex 180.406 89.6986 9.53674e-07
      vertex 122.51 55.9901 9.53674e-07
      vertex 180.425 89.8964 9.53674e-07
    endloop
  endfacet
  facet normal -0 0 -1
    outer loop
      vertex 180.425 89.8964 9.53674e-07
      vertex 122.51 55.9901 9.53674e-07
      vertex 180.457 90.0926 9.53674e-07
    endloop
  endfacet
  facet normal -0 0 -1
    outer loop
      vertex 180.457 90.0926 9.53674e-07
      vertex 122.51 55.9901 9.53674e-07
      vertex 180.501 90.2863 9.53674e-07
    endloop
  endfacet
  facet normal -0 0 -1
    outer loop
      vertex 180.501 90.2863 9.53674e-07
      vertex 122.51 55.9901 9.53674e-07
      vertex 180.558 90.4768 9.53674e-07
    endloop
  endfacet
  facet normal -0 0 -1
    outer loop
      vertex 180.558 90.4768 9.53674e-07
      vertex 122.51 55.9901 9.53674e-07
      vertex 180.627 90.6633 9.53674e-07
    endloop
  endfacet
  facet normal -0 0 -1
    outer loop
      vertex 180.627 90.6633 9.53674e-07
      vertex 122.51 55.9901 9.53674e-07
      vertex 180.707 90.845 9.53674e-07
    endloop
  endfacet
  facet normal -0 0 -1
    outer loop
      vertex 180.707 90.845 9.53674e-07
      vertex 122.51 55.9901 9.53674e-07
      vertex 180.799 91.0212 9.53674e-07
    endloop
  endfacet
  facet normal -0 0 -1
    outer loop
      vertex 180.799 91.0212 9.53674e-07
      vertex 122.51 55.9901 9.53674e-07
      vertex 180.902 91.1912 9.53674e-07
    endloop
  endfacet
  facet normal 0 0 -1
    outer loop
      vertex 122.51 55.9901 9.53674e-07
      vertex 181.016 91.3541 9.53674e-07
      vertex 180.902 91.1912 9.53674e-07
    endloop
  endfacet
  facet normal 0 0 -1
    outer loop
      vertex 122.51 55.9901 9.53674e-07
      vertex 181.14 91.5095 9.53674e-07
      vertex 181.016 91.3541 9.53674e-07
    endloop
  endfacet
  facet normal 0 0 -1
    outer loop
      vertex 8.86048 91.5095 9.53674e-07
      vertex 181.14 91.5095 9.53674e-07
      vertex 122.51 55.9901 9.53674e-07
    endloop
  endfacet
  facet normal 0 0 -1
    outer loop
      vertex 181.14 91.5095 9.53674e-07
      vertex 8.86048 91.5095 9.53674e-07
      vertex 181.273 91.6566 9.53674e-07
    endloop
  endfacet
  facet normal 0 0 -1
    outer loop
      vertex 8.72688 91.6566 9.53674e-07
      vertex 181.273 91.6566 9.53674e-07
      vertex 8.86048 91.5095 9.53674e-07
    endloop
  endfacet
  facet normal 0 0 -1
    outer loop
      vertex 9.57455 6.89642 9.53674e-07
      vertex 122.51 33.0099 9.53674e-07
      vertex 9.59363 6.69862 9.53674e-07
    endloop
  endfacet
  facet normal 0 0 -1
    outer loop
      vertex 9.59363 89.6986 9.53674e-07
      vertex 122.51 55.9901 9.53674e-07
      vertex 9.6 89.5 9.53674e-07
    endloop
  endfacet
  facet normal 0 0 -1
    outer loop
      vertex 9.57455 89.8964 9.53674e-07
      vertex 122.51 55.9901 9.53674e-07
      vertex 9.59363 89.6986 9.53674e-07
    endloop
  endfacet
  facet normal 0 0 -1
    outer loop
      vertex 9.54283 90.0926 9.53674e-07
      vertex 122.51 55.9901 9.53674e-07
      vertex 9.57455 89.8964 9.53674e-07
    endloop
  endfacet
  facet normal 0 0 -1
    outer loop
      vertex 9.49861 90.2863 9.53674e-07
      vertex 122.51 55.9901 9.53674e-07
      vertex 9.54283 90.0926 9.53674e-07
    endloop
  endfacet
  facet normal 0 0 -1
    outer loop
      vertex 9.44207 90.4768 9.53674e-07
      vertex 122.51 55.9901 9.53674e-07
      vertex 9.49861 90.2863 9.53674e-07
    endloop
  endfacet
  facet normal 0 0 -1
    outer loop
      vertex 9.37344 90.6633 9.53674e-07
      vertex 122.51 55.9901 9.53674e-07
      vertex 9.44207 90.4768 9.53674e-07
    endloop
  endfacet
  facet normal 0 0 -1
    outer loop
      vertex 9.293 90.845 9.53674e-07
      vertex 122.51 55.9901 9.53674e-07
      vertex 9.37344 90.6633 9.53674e-07
    endloop
  endfacet
  facet normal 0 0 -1
    outer loop
      vertex 9.20109 91.0212 9.53674e-07
      vertex 122.51 55.9901 9.53674e-07
      vertex 9.293 90.845 9.53674e-07
    endloop
  endfacet
  facet normal 0 0 -1
    outer loop
      vertex 9.09807 91.1912 9.53674e-07
      vertex 122.51 55.9901 9.53674e-07
      vertex 9.20109 91.0212 9.53674e-07
    endloop
  endfacet
  facet normal 0 0 -1
    outer loop
      vertex 8.98438 91.3541 9.53674e-07
      vertex 122.51 55.9901 9.53674e-07
      vertex 9.09807 91.1912 9.53674e-07
    endloop
  endfacet
  facet normal 0 0 -1
    outer loop
      vertex 8.86048 91.5095 9.53674e-07
      vertex 122.51 55.9901 9.53674e-07
      vertex 8.98438 91.3541 9.53674e-07
    endloop
  endfacet
  facet normal 0 0 -1
    outer loop
      vertex 181.273 91.6566 9.53674e-07
      vertex 8.72688 91.6566 9.53674e-07
      vertex 181.416 91.7949 9.53674e-07
    endloop
  endfacet
  facet normal 0 0 -1
    outer loop
      vertex 8.58413 91.7949 9.53674e-07
      vertex 181.416 91.7949 9.53674e-07
      vertex 8.72688 91.6566 9.53674e-07
    endloop
  endfacet
  facet normal 0 0 -1
    outer loop
      vertex 181.416 91.7949 9.53674e-07
      vertex 8.58413 91.7949 9.53674e-07
      vertex 186 96 9.53674e-07
    endloop
  endfacet
  facet normal 0 0 -1
    outer loop
      vertex 4 96 9.53674e-07
      vertex 8.58413 91.7949 9.53674e-07
      vertex 8.43282 91.9237 9.53674e-07
    endloop
  endfacet
  facet normal 0 0 -1
    outer loop
      vertex 4 96 9.53674e-07
      vertex 8.43282 91.9237 9.53674e-07
      vertex 8.27356 92.0425 9.53674e-07
    endloop
  endfacet
  facet normal 0 0 -1
    outer loop
      vertex 4 96 9.53674e-07
      vertex 8.27356 92.0425 9.53674e-07
      vertex 8.10702 92.1509 9.53674e-07
    endloop
  endfacet
  facet normal 0 0 -1
    outer loop
      vertex 4 96 9.53674e-07
      vertex 8.10702 92.1509 9.53674e-07
      vertex 7.93387 92.2485 9.53674e-07
    endloop
  endfacet
  facet normal 0 0 -1
    outer loop
      vertex 4 96 9.53674e-07
      vertex 7.93387 92.2485 9.53674e-07
      vertex 7.75483 92.3347 9.53674e-07
    endloop
  endfacet
  facet normal 0 0 -1
    outer loop
      vertex 4 96 9.53674e-07
      vertex 7.75483 92.3347 9.53674e-07
      vertex 7.57063 92.4092 9.53674e-07
    endloop
  endfacet
  facet normal 0 0 -1
    outer loop
      vertex 4 96 9.53674e-07
      vertex 7.57063 92.4092 9.53674e-07
      vertex 7.38204 92.4719 9.53674e-07
    endloop
  endfacet
  facet normal 0 0 -1
    outer loop
      vertex 4 96 9.53674e-07
      vertex 7.38204 92.4719 9.53674e-07
      vertex 7.18981 92.5223 9.53674e-07
    endloop
  endfacet
  facet normal 0 0 -1
    outer loop
      vertex 4 96 9.53674e-07
      vertex 7.18981 92.5223 9.53674e-07
      vertex 6.99476 92.5603 9.53674e-07
    endloop
  endfacet
  facet normal 0 0 -1
    outer loop
      vertex 4 96 9.53674e-07
      vertex 6.99476 92.5603 9.53674e-07
      vertex 6.79767 92.5857 9.53674e-07
    endloop
  endfacet
  facet normal 0 0 -1
    outer loop
      vertex 4 96 9.53674e-07
      vertex 6.79767 92.5857 9.53674e-07
      vertex 6.59936 92.5984 9.53674e-07
    endloop
  endfacet
  facet normal 0 0 -1
    outer loop
      vertex 4 96 9.53674e-07
      vertex 6.59936 92.5984 9.53674e-07
      vertex 6.40064 92.5984 9.53674e-07
    endloop
  endfacet
  facet normal 0 0 -1
    outer loop
      vertex 8.58413 91.7949 9.53674e-07
      vertex 4 96 9.53674e-07
      vertex 186 96 9.53674e-07
    endloop
  endfacet
  facet normal 0 0 -1
    outer loop
      vertex 6.20233 92.5857 9.53674e-07
      vertex 4 96 9.53674e-07
      vertex 6.40064 92.5984 9.53674e-07
    endloop
  endfacet
  facet normal 0 0 -1
    outer loop
      vertex 6.00524 92.5603 9.53674e-07
      vertex 4 96 9.53674e-07
      vertex 6.20233 92.5857 9.53674e-07
    endloop
  endfacet
  facet normal 0 0 -1
    outer loop
      vertex 5.81019 92.5223 9.53674e-07
      vertex 4 96 9.53674e-07
      vertex 6.00524 92.5603 9.53674e-07
    endloop
  endfacet
  facet normal 0 0 -1
    outer loop
      vertex 5.61796 92.4719 9.53674e-07
      vertex 4 96 9.53674e-07
      vertex 5.81019 92.5223 9.53674e-07
    endloop
  endfacet
  facet normal 0 0 -1
    outer loop
      vertex 5.42937 92.4092 9.53674e-07
      vertex 4 96 9.53674e-07
      vertex 5.61796 92.4719 9.53674e-07
    endloop
  endfacet
  facet normal 0 0 -1
    outer loop
      vertex 5.24517 92.3347 9.53674e-07
      vertex 4 96 9.53674e-07
      vertex 5.42937 92.4092 9.53674e-07
    endloop
  endfacet
  facet normal 0 0 -1
    outer loop
      vertex 5.06613 92.2485 9.53674e-07
      vertex 4 96 9.53674e-07
      vertex 5.24517 92.3347 9.53674e-07
    endloop
  endfacet
  facet normal 0 0 -1
    outer loop
      vertex 4.89298 92.1509 9.53674e-07
      vertex 4 96 9.53674e-07
      vertex 5.06613 92.2485 9.53674e-07
    endloop
  endfacet
  facet normal 0 0 -1
    outer loop
      vertex 3.41308 95.9567 9.53674e-07
      vertex 4.89298 92.1509 9.53674e-07
      vertex 4.72644 92.0425 9.53674e-07
    endloop
  endfacet
  facet normal 0 0 -1
    outer loop
      vertex 2.65244 95.7662 9.53674e-07
      vertex 4.72644 92.0425 9.53674e-07
      vertex 4.56718 91.9237 9.53674e-07
    endloop
  endfacet
  facet normal 0 0 -1
    outer loop
      vertex 1.94359 95.4309 9.53674e-07
      vertex 4.56718 91.9237 9.53674e-07
      vertex 4.41587 91.7949 9.53674e-07
    endloop
  endfacet
  facet normal 0 0 -1
    outer loop
      vertex 1.31376 94.9638 9.53674e-07
      vertex 4.41587 91.7949 9.53674e-07
      vertex 4.27312 91.6566 9.53674e-07
    endloop
  endfacet
  facet normal 0 0 -1
    outer loop
      vertex 0.78717 94.3828 9.53674e-07
      vertex 4.27312 91.6566 9.53674e-07
      vertex 4.13952 91.5095 9.53674e-07
    endloop
  endfacet
  facet normal 0 0 -1
    outer loop
      vertex 0.384044 93.7102 9.53674e-07
      vertex 4.13952 91.5095 9.53674e-07
      vertex 4.01562 91.3541 9.53674e-07
    endloop
  endfacet
  facet normal 0 0 -1
    outer loop
      vertex 0.172239 93.1611 9.53674e-07
      vertex 4.01562 91.3541 9.53674e-07
      vertex 3.90193 91.1912 9.53674e-07
    endloop
  endfacet
  facet normal 0 0 -1
    outer loop
      vertex 4.89298 92.1509 9.53674e-07
      vertex 3.80373 95.9952 9.53674e-07
      vertex 4 96 9.53674e-07
    endloop
  endfacet
  facet normal 0 0 -1
    outer loop
      vertex 0.0192614 92.3921 9.53674e-07
      vertex 3.90193 91.1912 9.53674e-07
      vertex 3.79891 91.0212 9.53674e-07
    endloop
  endfacet
  facet normal 0 0 -1
    outer loop
      vertex 0 92 9.53674e-07
      vertex 3.79891 91.0212 9.53674e-07
      vertex 3.707 90.845 9.53674e-07
    endloop
  endfacet
  facet normal 0 0 -1
    outer loop
      vertex 0 92 9.53674e-07
      vertex 3.707 90.845 9.53674e-07
      vertex 3.62656 90.6633 9.53674e-07
    endloop
  endfacet
  facet normal 0 0 -1
    outer loop
      vertex 4.89298 92.1509 9.53674e-07
      vertex 3.60793 95.9807 9.53674e-07
      vertex 3.80373 95.9952 9.53674e-07
    endloop
  endfacet
  facet normal 0 0 -1
    outer loop
      vertex 0 92 9.53674e-07
      vertex 3.62656 90.6633 9.53674e-07
      vertex 3.55793 90.4768 9.53674e-07
    endloop
  endfacet
  facet normal 0 0 -1
    outer loop
      vertex 0 92 9.53674e-07
      vertex 3.55793 90.4768 9.53674e-07
      vertex 3.50139 90.2863 9.53674e-07
    endloop
  endfacet
  facet normal 0 0 -1
    outer loop
      vertex 0 92 9.53674e-07
      vertex 3.50139 90.2863 9.53674e-07
      vertex 3.45717 90.0926 9.53674e-07
    endloop
  endfacet
  facet normal 0 0 -1
    outer loop
      vertex 0 92 9.53674e-07
      vertex 3.45717 90.0926 9.53674e-07
      vertex 3.42545 89.8964 9.53674e-07
    endloop
  endfacet
  facet normal 0 0 -1
    outer loop
      vertex 4.89298 92.1509 9.53674e-07
      vertex 3.41308 95.9567 9.53674e-07
      vertex 3.60793 95.9807 9.53674e-07
    endloop
  endfacet
  facet normal 0 0 -1
    outer loop
      vertex 0 92 9.53674e-07
      vertex 3.42545 89.8964 9.53674e-07
      vertex 3.40637 89.6986 9.53674e-07
    endloop
  endfacet
  facet normal 0 0 -1
    outer loop
      vertex 0 92 9.53674e-07
      vertex 3.40637 89.6986 9.53674e-07
      vertex 3.4 89.5 9.53674e-07
    endloop
  endfacet
  facet normal 0 0 -1
    outer loop
      vertex 4.72644 92.0425 9.53674e-07
      vertex 3.21964 95.9231 9.53674e-07
      vertex 3.41308 95.9567 9.53674e-07
    endloop
  endfacet
  facet normal 0 0 -1
    outer loop
      vertex 3.42545 89.1036 9.53674e-07
      vertex 0 92 9.53674e-07
      vertex 3.40637 89.3014 9.53674e-07
    endloop
  endfacet
  facet normal 0 0 -1
    outer loop
      vertex 0.907959 1.46243 9.53674e-07
      vertex 4.27312 4.34338 9.53674e-07
      vertex 1.0362 1.31376 9.53674e-07
    endloop
  endfacet
  facet normal 0 0 -1
    outer loop
      vertex 3.40637 89.3014 9.53674e-07
      vertex 0 92 9.53674e-07
      vertex 3.4 89.5 9.53674e-07
    endloop
  endfacet
  facet normal 0 0 -1
    outer loop
      vertex 0.78717 1.6172 9.53674e-07
      vertex 4.27312 4.34338 9.53674e-07
      vertex 0.907959 1.46243 9.53674e-07
    endloop
  endfacet
  facet normal 0 0 -1
    outer loop
      vertex 3.79891 91.0212 9.53674e-07
      vertex 0 92 9.53674e-07
      vertex 0.00481892 92.1963 9.53674e-07
    endloop
  endfacet
  facet normal -0 0 -1
    outer loop
      vertex 4.27312 4.34338 9.53674e-07
      vertex 0.78717 1.6172 9.53674e-07
      vertex 4.13952 4.49049 9.53674e-07
    endloop
  endfacet
  facet normal 0 0 -1
    outer loop
      vertex 4.72644 92.0425 9.53674e-07
      vertex 3.02808 95.8801 9.53674e-07
      vertex 3.21964 95.9231 9.53674e-07
    endloop
  endfacet
  facet normal 0 0 -1
    outer loop
      vertex 0.674122 1.77772 9.53674e-07
      vertex 4.13952 4.49049 9.53674e-07
      vertex 0.78717 1.6172 9.53674e-07
    endloop
  endfacet
  facet normal 0 0 -1
    outer loop
      vertex 4.72644 92.0425 9.53674e-07
      vertex 2.83886 95.8278 9.53674e-07
      vertex 3.02808 95.8801 9.53674e-07
    endloop
  endfacet
  facet normal 0 0 -1
    outer loop
      vertex 0.569086 1.94359 9.53674e-07
      vertex 4.13952 4.49049 9.53674e-07
      vertex 0.674122 1.77772 9.53674e-07
    endloop
  endfacet
  facet normal 0 0 -1
    outer loop
      vertex 4.72644 92.0425 9.53674e-07
      vertex 2.65244 95.7662 9.53674e-07
      vertex 2.83886 95.8278 9.53674e-07
    endloop
  endfacet
  facet normal 0 0 -1
    outer loop
      vertex 0.472316 2.11441 9.53674e-07
      vertex 4.13952 4.49049 9.53674e-07
      vertex 0.569086 1.94359 9.53674e-07
    endloop
  endfacet
  facet normal 0 0 -1
    outer loop
      vertex 4.56718 91.9237 9.53674e-07
      vertex 2.46927 95.6955 9.53674e-07
      vertex 2.65244 95.7662 9.53674e-07
    endloop
  endfacet
  facet normal 0 0 -1
    outer loop
      vertex 0.384044 2.28978 9.53674e-07
      vertex 4.13952 4.49049 9.53674e-07
      vertex 0.472316 2.11441 9.53674e-07
    endloop
  endfacet
  facet normal 0 0 -1
    outer loop
      vertex 4.56718 91.9237 9.53674e-07
      vertex 2.28978 95.616 9.53674e-07
      vertex 2.46927 95.6955 9.53674e-07
    endloop
  endfacet
  facet normal -0 0 -1
    outer loop
      vertex 4.13952 4.49049 9.53674e-07
      vertex 0.384044 2.28978 9.53674e-07
      vertex 4.01562 4.64586 9.53674e-07
    endloop
  endfacet
  facet normal 0 0 -1
    outer loop
      vertex 4.56718 91.9237 9.53674e-07
      vertex 2.11441 95.5277 9.53674e-07
      vertex 2.28978 95.616 9.53674e-07
    endloop
  endfacet
  facet normal 0 0 -1
    outer loop
      vertex 0.304482 2.46927 9.53674e-07
      vertex 4.01562 4.64586 9.53674e-07
      vertex 0.384044 2.28978 9.53674e-07
    endloop
  endfacet
  facet normal 0 0 -1
    outer loop
      vertex 4.56718 91.9237 9.53674e-07
      vertex 1.94359 95.4309 9.53674e-07
      vertex 2.11441 95.5277 9.53674e-07
    endloop
  endfacet
  facet normal 0 0 -1
    outer loop
      vertex 0.233824 2.65244 9.53674e-07
      vertex 4.01562 4.64586 9.53674e-07
      vertex 0.304482 2.46927 9.53674e-07
    endloop
  endfacet
  facet normal 0 0 -1
    outer loop
      vertex 4.41587 91.7949 9.53674e-07
      vertex 1.77772 95.3259 9.53674e-07
      vertex 1.94359 95.4309 9.53674e-07
    endloop
  endfacet
  facet normal 0 0 -1
    outer loop
      vertex 0.172239 2.83886 9.53674e-07
      vertex 4.01562 4.64586 9.53674e-07
      vertex 0.233824 2.65244 9.53674e-07
    endloop
  endfacet
  facet normal 0 0 -1
    outer loop
      vertex 4.41587 91.7949 9.53674e-07
      vertex 1.6172 95.2128 9.53674e-07
      vertex 1.77772 95.3259 9.53674e-07
    endloop
  endfacet
  facet normal -0 0 -1
    outer loop
      vertex 4.01562 4.64586 9.53674e-07
      vertex 0.172239 2.83886 9.53674e-07
      vertex 3.90193 4.80884 9.53674e-07
    endloop
  endfacet
  facet normal 0 0 -1
    outer loop
      vertex 4.41587 91.7949 9.53674e-07
      vertex 1.46243 95.092 9.53674e-07
      vertex 1.6172 95.2128 9.53674e-07
    endloop
  endfacet
  facet normal 0 0 -1
    outer loop
      vertex 0.119876 3.02808 9.53674e-07
      vertex 3.90193 4.80884 9.53674e-07
      vertex 0.172239 2.83886 9.53674e-07
    endloop
  endfacet
  facet normal 0 0 -1
    outer loop
      vertex 4.41587 91.7949 9.53674e-07
      vertex 1.31376 94.9638 9.53674e-07
      vertex 1.46243 95.092 9.53674e-07
    endloop
  endfacet
  facet normal 0 0 -1
    outer loop
      vertex 0.0768595 3.21964 9.53674e-07
      vertex 3.90193 4.80884 9.53674e-07
      vertex 0.119876 3.02808 9.53674e-07
    endloop
  endfacet
  facet normal 0 0 -1
    outer loop
      vertex 4.27312 91.6566 9.53674e-07
      vertex 1.17157 94.8284 9.53674e-07
      vertex 1.31376 94.9638 9.53674e-07
    endloop
  endfacet
  facet normal 0 0 -1
    outer loop
      vertex 0.0432949 3.41308 9.53674e-07
      vertex 3.90193 4.80884 9.53674e-07
      vertex 0.0768595 3.21964 9.53674e-07
    endloop
  endfacet
  facet normal 0 0 -1
    outer loop
      vertex 4.27312 91.6566 9.53674e-07
      vertex 1.0362 94.6862 9.53674e-07
      vertex 1.17157 94.8284 9.53674e-07
    endloop
  endfacet
  facet normal 0 0 -1
    outer loop
      vertex 0.0192614 3.60793 9.53674e-07
      vertex 3.90193 4.80884 9.53674e-07
      vertex 0.0432949 3.41308 9.53674e-07
    endloop
  endfacet
  facet normal 0 0 -1
    outer loop
      vertex 4.27312 91.6566 9.53674e-07
      vertex 0.907959 94.5376 9.53674e-07
      vertex 1.0362 94.6862 9.53674e-07
    endloop
  endfacet
  facet normal -0 0 -1
    outer loop
      vertex 3.90193 4.80884 9.53674e-07
      vertex 0.0192614 3.60793 9.53674e-07
      vertex 3.79891 4.97878 9.53674e-07
    endloop
  endfacet
  facet normal 0 0 -1
    outer loop
      vertex 4.27312 91.6566 9.53674e-07
      vertex 0.78717 94.3828 9.53674e-07
      vertex 0.907959 94.5376 9.53674e-07
    endloop
  endfacet
  facet normal 0 0 -1
    outer loop
      vertex 0.00481892 3.80373 9.53674e-07
      vertex 3.79891 4.97878 9.53674e-07
      vertex 0.0192614 3.60793 9.53674e-07
    endloop
  endfacet
  facet normal 0 0 -1
    outer loop
      vertex 4.13952 91.5095 9.53674e-07
      vertex 0.674122 94.2223 9.53674e-07
      vertex 0.78717 94.3828 9.53674e-07
    endloop
  endfacet
  facet normal 0 0 -1
    outer loop
      vertex 0 4 9.53674e-07
      vertex 3.79891 4.97878 9.53674e-07
      vertex 0.00481892 3.80373 9.53674e-07
    endloop
  endfacet
  facet normal 0 0 -1
    outer loop
      vertex 4.13952 91.5095 9.53674e-07
      vertex 0.569086 94.0564 9.53674e-07
      vertex 0.674122 94.2223 9.53674e-07
    endloop
  endfacet
  facet normal -0 0 -1
    outer loop
      vertex 3.79891 4.97878 9.53674e-07
      vertex 0 4 9.53674e-07
      vertex 3.707 5.15496 9.53674e-07
    endloop
  endfacet
  facet normal 0 0 -1
    outer loop
      vertex 4.13952 91.5095 9.53674e-07
      vertex 0.472316 93.8856 9.53674e-07
      vertex 0.569086 94.0564 9.53674e-07
    endloop
  endfacet
  facet normal -0 0 -1
    outer loop
      vertex 3.707 5.15496 9.53674e-07
      vertex 0 4 9.53674e-07
      vertex 3.62656 5.33667 9.53674e-07
    endloop
  endfacet
  facet normal 0 0 -1
    outer loop
      vertex 4.13952 91.5095 9.53674e-07
      vertex 0.384044 93.7102 9.53674e-07
      vertex 0.472316 93.8856 9.53674e-07
    endloop
  endfacet
  facet normal -0 0 -1
    outer loop
      vertex 3.62656 5.33667 9.53674e-07
      vertex 0 4 9.53674e-07
      vertex 3.55793 5.52316 9.53674e-07
    endloop
  endfacet
  facet normal 0 0 -1
    outer loop
      vertex 4.01562 91.3541 9.53674e-07
      vertex 0.304482 93.5307 9.53674e-07
      vertex 0.384044 93.7102 9.53674e-07
    endloop
  endfacet
  facet normal -0 0 -1
    outer loop
      vertex 3.55793 5.52316 9.53674e-07
      vertex 0 4 9.53674e-07
      vertex 3.50139 5.71367 9.53674e-07
    endloop
  endfacet
  facet normal 0 0 -1
    outer loop
      vertex 4.01562 91.3541 9.53674e-07
      vertex 0.233824 93.3476 9.53674e-07
      vertex 0.304482 93.5307 9.53674e-07
    endloop
  endfacet
  facet normal -0 0 -1
    outer loop
      vertex 3.50139 5.71367 9.53674e-07
      vertex 0 4 9.53674e-07
      vertex 3.45717 5.90741 9.53674e-07
    endloop
  endfacet
  facet normal 0 0 -1
    outer loop
      vertex 4.01562 91.3541 9.53674e-07
      vertex 0.172239 93.1611 9.53674e-07
      vertex 0.233824 93.3476 9.53674e-07
    endloop
  endfacet
  facet normal -0 0 -1
    outer loop
      vertex 3.45717 5.90741 9.53674e-07
      vertex 0 4 9.53674e-07
      vertex 3.42545 6.10358 9.53674e-07
    endloop
  endfacet
  facet normal 0 0 -1
    outer loop
      vertex 3.90193 91.1912 9.53674e-07
      vertex 0.119876 92.9719 9.53674e-07
      vertex 0.172239 93.1611 9.53674e-07
    endloop
  endfacet
  facet normal -0 0 -1
    outer loop
      vertex 3.42545 6.10358 9.53674e-07
      vertex 0 4 9.53674e-07
      vertex 3.40637 6.30138 9.53674e-07
    endloop
  endfacet
  facet normal 0 0 -1
    outer loop
      vertex 3.90193 91.1912 9.53674e-07
      vertex 0.0768595 92.7804 9.53674e-07
      vertex 0.119876 92.9719 9.53674e-07
    endloop
  endfacet
  facet normal -0 0 -1
    outer loop
      vertex 3.40637 6.30138 9.53674e-07
      vertex 0 4 9.53674e-07
      vertex 3.4 6.5 9.53674e-07
    endloop
  endfacet
  facet normal 0 0 -1
    outer loop
      vertex 3.90193 91.1912 9.53674e-07
      vertex 0.0432949 92.5869 9.53674e-07
      vertex 0.0768595 92.7804 9.53674e-07
    endloop
  endfacet
  facet normal 0 0 -1
    outer loop
      vertex 3.90193 91.1912 9.53674e-07
      vertex 0.0192614 92.3921 9.53674e-07
      vertex 0.0432949 92.5869 9.53674e-07
    endloop
  endfacet
  facet normal 0 0 -1
    outer loop
      vertex 3.79891 91.0212 9.53674e-07
      vertex 0.00481892 92.1963 9.53674e-07
      vertex 0.0192614 92.3921 9.53674e-07
    endloop
  endfacet
  facet normal 0.406166 -0.913799 0
    outer loop
      vertex 187.531 0.304482 9.53674e-07
      vertex 187.71 0.384044 3
      vertex 187.531 0.304482 3
    endloop
  endfacet
  facet normal 0.406166 -0.913799 0
    outer loop
      vertex 187.71 0.384044 3
      vertex 187.531 0.304482 9.53674e-07
      vertex 187.71 0.384044 9.53674e-07
    endloop
  endfacet
  facet normal 0.0734869 -0.997296 0
    outer loop
      vertex 186.196 0.00481892 9.53674e-07
      vertex 186.392 0.0192614 3
      vertex 186.196 0.00481892 3
    endloop
  endfacet
  facet normal 0.0734869 -0.997296 0
    outer loop
      vertex 186.392 0.0192614 3
      vertex 186.196 0.00481892 9.53674e-07
      vertex 186.392 0.0192614 9.53674e-07
    endloop
  endfacet
  facet normal -0.992475 0.122447 0
    outer loop
      vertex 0.0192614 92.3921 9.53674e-07
      vertex 0.0432949 92.5869 3
      vertex 0.0432949 92.5869 9.53674e-07
    endloop
  endfacet
  facet normal -0.992475 0.122447 0
    outer loop
      vertex 0.0432949 92.5869 3
      vertex 0.0192614 92.3921 9.53674e-07
      vertex 0.0192614 92.3921 3
    endloop
  endfacet
  facet normal -0.985287 0.170908 0
    outer loop
      vertex 0.0432949 92.5869 9.53674e-07
      vertex 0.0768595 92.7804 3
      vertex 0.0768595 92.7804 9.53674e-07
    endloop
  endfacet
  facet normal -0.985287 0.170908 0
    outer loop
      vertex 0.0768595 92.7804 3
      vertex 0.0432949 92.5869 9.53674e-07
      vertex 0.0432949 92.5869 3
    endloop
  endfacet
  facet normal -0.997291 0.0735615 0
    outer loop
      vertex 0.00481892 92.1963 9.53674e-07
      vertex 0.0192614 92.3921 3
      vertex 0.0192614 92.3921 9.53674e-07
    endloop
  endfacet
  facet normal -0.997291 0.0735615 0
    outer loop
      vertex 0.0192614 92.3921 3
      vertex 0.00481892 92.1963 9.53674e-07
      vertex 0.00481892 92.1963 3
    endloop
  endfacet
  facet normal 0.997454 0.0713195 0
    outer loop
      vertex 189.995 92.1963 3
      vertex 189.981 92.3921 9.53674e-07
      vertex 189.981 92.3921 3
    endloop
  endfacet
  facet normal 0.997454 0.0713195 0
    outer loop
      vertex 189.981 92.3921 9.53674e-07
      vertex 189.995 92.1963 3
      vertex 189.995 92.1963 9.53674e-07
    endloop
  endfacet
  facet normal -0.999699 0.0245414 0
    outer loop
      vertex 0 92 9.53674e-07
      vertex 0.00481892 92.1963 3
      vertex 0.00481892 92.1963 9.53674e-07
    endloop
  endfacet
  facet normal -0.999699 0.0245414 0
    outer loop
      vertex 0.00481892 92.1963 3
      vertex 0 92 9.53674e-07
      vertex 0 92 3
    endloop
  endfacet
  facet normal -0.997291 -0.0735615 0
    outer loop
      vertex 0.0192614 3.60793 9.53674e-07
      vertex 0.00481892 3.80373 3
      vertex 0.00481892 3.80373 9.53674e-07
    endloop
  endfacet
  facet normal -0.997291 -0.0735615 0
    outer loop
      vertex 0.00481892 3.80373 3
      vertex 0.0192614 3.60793 9.53674e-07
      vertex 0.0192614 3.60793 3
    endloop
  endfacet
  facet normal 0.534698 -0.845043 0
    outer loop
      vertex 188.056 0.569086 9.53674e-07
      vertex 188.222 0.674122 3
      vertex 188.056 0.569086 3
    endloop
  endfacet
  facet normal 0.534698 -0.845043 0
    outer loop
      vertex 188.222 0.674122 3
      vertex 188.056 0.569086 9.53674e-07
      vertex 188.222 0.674122 9.53674e-07
    endloop
  endfacet
  facet normal -0.96377 0.266733 0
    outer loop
      vertex 0.119876 92.9719 9.53674e-07
      vertex 0.172239 93.1611 3
      vertex 0.172239 93.1611 9.53674e-07
    endloop
  endfacet
  facet normal -0.96377 0.266733 0
    outer loop
      vertex 0.172239 93.1611 3
      vertex 0.119876 92.9719 9.53674e-07
      vertex 0.119876 92.9719 3
    endloop
  endfacet
  facet normal -0.405239 -0.914211 0
    outer loop
      vertex 2.28978 0.384044 9.53674e-07
      vertex 2.46927 0.304482 3
      vertex 2.28978 0.384044 3
    endloop
  endfacet
  facet normal -0.405239 -0.914211 -0
    outer loop
      vertex 2.46927 0.304482 3
      vertex 2.28978 0.384044 9.53674e-07
      vertex 2.46927 0.304482 9.53674e-07
    endloop
  endfacet
  facet normal -0.724263 -0.689524 0
    outer loop
      vertex 1.17157 1.17157 9.53674e-07
      vertex 1.0362 1.31376 3
      vertex 1.0362 1.31376 9.53674e-07
    endloop
  endfacet
  facet normal -0.724263 -0.689524 0
    outer loop
      vertex 1.0362 1.31376 3
      vertex 1.17157 1.17157 9.53674e-07
      vertex 1.17157 1.17157 3
    endloop
  endfacet
  facet normal -0.266409 0.96386 0
    outer loop
      vertex 3.02808 95.8801 9.53674e-07
      vertex 2.83886 95.8278 3
      vertex 3.02808 95.8801 3
    endloop
  endfacet
  facet normal -0.266409 0.96386 0
    outer loop
      vertex 2.83886 95.8278 3
      vertex 3.02808 95.8801 9.53674e-07
      vertex 2.83886 95.8278 9.53674e-07
    endloop
  endfacet
  facet normal -0.0735615 -0.997291 0
    outer loop
      vertex 3.60793 0.0192614 9.53674e-07
      vertex 3.80373 0.00481892 3
      vertex 3.60793 0.0192614 3
    endloop
  endfacet
  facet normal -0.0735615 -0.997291 -0
    outer loop
      vertex 3.80373 0.00481892 3
      vertex 3.60793 0.0192614 9.53674e-07
      vertex 3.80373 0.00481892 9.53674e-07
    endloop
  endfacet
  facet normal 0.78787 0.615842 0
    outer loop
      vertex 189.213 94.3828 3
      vertex 189.092 94.5376 9.53674e-07
      vertex 189.092 94.5376 3
    endloop
  endfacet
  facet normal 0.78787 0.615842 0
    outer loop
      vertex 189.092 94.5376 9.53674e-07
      vertex 189.213 94.3828 3
      vertex 189.213 94.3828 9.53674e-07
    endloop
  endfacet
  facet normal -0.689604 0.724186 0
    outer loop
      vertex 1.31376 94.9638 9.53674e-07
      vertex 1.17157 94.8284 3
      vertex 1.31376 94.9638 3
    endloop
  endfacet
  facet normal -0.689604 0.724186 0
    outer loop
      vertex 1.17157 94.8284 3
      vertex 1.31376 94.9638 9.53674e-07
      vertex 1.17157 94.8284 9.53674e-07
    endloop
  endfacet
  facet normal -0.914219 0.405221 0
    outer loop
      vertex 0.304482 93.5307 9.53674e-07
      vertex 0.384044 93.7102 3
      vertex 0.384044 93.7102 9.53674e-07
    endloop
  endfacet
  facet normal -0.914219 0.405221 0
    outer loop
      vertex 0.384044 93.7102 3
      vertex 0.304482 93.5307 9.53674e-07
      vertex 0.304482 93.5307 3
    endloop
  endfacet
  facet normal -0.219023 0.97572 0
    outer loop
      vertex 3.21964 95.9231 9.53674e-07
      vertex 3.02808 95.8801 3
      vertex 3.21964 95.9231 3
    endloop
  endfacet
  facet normal -0.219023 0.97572 0
    outer loop
      vertex 3.02808 95.8801 3
      vertex 3.21964 95.9231 9.53674e-07
      vertex 3.02808 95.8801 9.53674e-07
    endloop
  endfacet
  facet normal -0.653165 -0.757215 0
    outer loop
      vertex 1.31376 1.0362 9.53674e-07
      vertex 1.46243 0.907959 3
      vertex 1.31376 1.0362 3
    endloop
  endfacet
  facet normal -0.653165 -0.757215 -0
    outer loop
      vertex 1.46243 0.907959 3
      vertex 1.31376 1.0362 9.53674e-07
      vertex 1.46243 0.907959 9.53674e-07
    endloop
  endfacet
  facet normal -0.963778 -0.266707 0
    outer loop
      vertex 0.172239 2.83886 9.53674e-07
      vertex 0.119876 3.02808 3
      vertex 0.119876 3.02808 9.53674e-07
    endloop
  endfacet
  facet normal -0.963778 -0.266707 0
    outer loop
      vertex 0.119876 3.02808 3
      vertex 0.172239 2.83886 9.53674e-07
      vertex 0.172239 2.83886 3
    endloop
  endfacet
  facet normal -0.615248 -0.788333 0
    outer loop
      vertex 1.46243 0.907959 9.53674e-07
      vertex 1.6172 0.78717 3
      vertex 1.46243 0.907959 3
    endloop
  endfacet
  facet normal -0.615248 -0.788333 -0
    outer loop
      vertex 1.6172 0.78717 3
      vertex 1.46243 0.907959 9.53674e-07
      vertex 1.6172 0.78717 9.53674e-07
    endloop
  endfacet
  facet normal -0.492905 -0.870083 0
    outer loop
      vertex 1.94359 0.569086 9.53674e-07
      vertex 2.11441 0.472316 3
      vertex 1.94359 0.569086 3
    endloop
  endfacet
  facet normal -0.492905 -0.870083 -0
    outer loop
      vertex 2.11441 0.472316 3
      vertex 1.94359 0.569086 9.53674e-07
      vertex 2.11441 0.472316 9.53674e-07
    endloop
  endfacet
  facet normal 0.869581 -0.493791 0
    outer loop
      vertex 189.431 1.94359 3
      vertex 189.528 2.11441 9.53674e-07
      vertex 189.528 2.11441 3
    endloop
  endfacet
  facet normal 0.869581 -0.493791 0
    outer loop
      vertex 189.528 2.11441 9.53674e-07
      vertex 189.431 1.94359 3
      vertex 189.431 1.94359 9.53674e-07
    endloop
  endfacet
  facet normal -0.93299 -0.359902 0
    outer loop
      vertex 0.304482 2.46927 9.53674e-07
      vertex 0.233824 2.65244 3
      vertex 0.233824 2.65244 9.53674e-07
    endloop
  endfacet
  facet normal -0.93299 -0.359902 0
    outer loop
      vertex 0.233824 2.65244 3
      vertex 0.304482 2.46927 9.53674e-07
      vertex 0.304482 2.46927 3
    endloop
  endfacet
  facet normal 0.934067 0.357098 0
    outer loop
      vertex 189.766 93.3476 3
      vertex 189.696 93.5307 9.53674e-07
      vertex 189.696 93.5307 3
    endloop
  endfacet
  facet normal 0.934067 0.357098 0
    outer loop
      vertex 189.696 93.5307 9.53674e-07
      vertex 189.766 93.3476 3
      vertex 189.766 93.3476 9.53674e-07
    endloop
  endfacet
  facet normal 0.97572 -0.219023 0
    outer loop
      vertex 189.88 3.02808 3
      vertex 189.923 3.21964 9.53674e-07
      vertex 189.923 3.21964 3
    endloop
  endfacet
  facet normal 0.97572 -0.219023 0
    outer loop
      vertex 189.923 3.21964 9.53674e-07
      vertex 189.88 3.02808 3
      vertex 189.88 3.02808 9.53674e-07
    endloop
  endfacet
  facet normal 0.614681 -0.788776 0
    outer loop
      vertex 188.383 0.78717 9.53674e-07
      vertex 188.538 0.907959 3
      vertex 188.383 0.78717 3
    endloop
  endfacet
  facet normal 0.614681 -0.788776 0
    outer loop
      vertex 188.538 0.907959 3
      vertex 188.383 0.78717 9.53674e-07
      vertex 188.538 0.907959 9.53674e-07
    endloop
  endfacet
  facet normal 0.9925 -0.122248 0
    outer loop
      vertex 189.957 3.41308 3
      vertex 189.981 3.60793 9.53674e-07
      vertex 189.981 3.60793 3
    endloop
  endfacet
  facet normal 0.9925 -0.122248 0
    outer loop
      vertex 189.981 3.60793 9.53674e-07
      vertex 189.957 3.41308 3
      vertex 189.957 3.41308 9.53674e-07
    endloop
  endfacet
  facet normal -0.844897 0.534928 0
    outer loop
      vertex 0.569086 94.0564 9.53674e-07
      vertex 0.674122 94.2223 3
      vertex 0.674122 94.2223 9.53674e-07
    endloop
  endfacet
  facet normal -0.844897 0.534928 0
    outer loop
      vertex 0.674122 94.2223 3
      vertex 0.569086 94.0564 9.53674e-07
      vertex 0.569086 94.0564 3
    endloop
  endfacet
  facet normal -0.914211 -0.405239 0
    outer loop
      vertex 0.384044 2.28978 9.53674e-07
      vertex 0.304482 2.46927 3
      vertex 0.304482 2.46927 9.53674e-07
    endloop
  endfacet
  facet normal -0.914211 -0.405239 0
    outer loop
      vertex 0.304482 2.46927 3
      vertex 0.384044 2.28978 9.53674e-07
      vertex 0.384044 2.28978 3
    endloop
  endfacet
  facet normal 0.913391 0.407083 0
    outer loop
      vertex 189.696 93.5307 3
      vertex 189.616 93.7102 9.53674e-07
      vertex 189.616 93.7102 3
    endloop
  endfacet
  facet normal 0.913391 0.407083 0
    outer loop
      vertex 189.616 93.7102 9.53674e-07
      vertex 189.696 93.5307 3
      vertex 189.696 93.5307 9.53674e-07
    endloop
  endfacet
  facet normal -0.534998 -0.844854 0
    outer loop
      vertex 1.77772 0.674122 9.53674e-07
      vertex 1.94359 0.569086 3
      vertex 1.77772 0.674122 3
    endloop
  endfacet
  facet normal -0.534998 -0.844854 -0
    outer loop
      vertex 1.94359 0.569086 3
      vertex 1.77772 0.674122 9.53674e-07
      vertex 1.94359 0.569086 9.53674e-07
    endloop
  endfacet
  facet normal 0.574649 -0.8184 0
    outer loop
      vertex 188.222 0.674122 9.53674e-07
      vertex 188.383 0.78717 3
      vertex 188.222 0.674122 3
    endloop
  endfacet
  facet normal 0.574649 -0.8184 0
    outer loop
      vertex 188.383 0.78717 3
      vertex 188.222 0.674122 9.53674e-07
      vertex 188.383 0.78717 9.53674e-07
    endloop
  endfacet
  facet normal 0.999676 0.025463 0
    outer loop
      vertex 190 92 3
      vertex 189.995 92.1963 9.53674e-07
      vertex 189.995 92.1963 3
    endloop
  endfacet
  facet normal 0.999676 0.025463 0
    outer loop
      vertex 189.995 92.1963 9.53674e-07
      vertex 190 92 3
      vertex 190 92 9.53674e-07
    endloop
  endfacet
  facet normal 0.948897 -0.315586 0
    outer loop
      vertex 189.766 2.65244 3
      vertex 189.828 2.83886 9.53674e-07
      vertex 189.828 2.83886 3
    endloop
  endfacet
  facet normal 0.948897 -0.315586 0
    outer loop
      vertex 189.828 2.83886 9.53674e-07
      vertex 189.766 2.65244 3
      vertex 189.766 2.65244 9.53674e-07
    endloop
  endfacet
  facet normal 0.722662 -0.691202 0
    outer loop
      vertex 188.828 1.17157 3
      vertex 188.964 1.31376 9.53674e-07
      vertex 188.964 1.31376 3
    endloop
  endfacet
  facet normal 0.722662 -0.691202 0
    outer loop
      vertex 188.964 1.31376 9.53674e-07
      vertex 188.828 1.17157 3
      vertex 188.828 1.17157 9.53674e-07
    endloop
  endfacet
  facet normal 0 0 1
    outer loop
      vertex 188.363 88.9017 3
      vertex 190 92 3
      vertex 188.384 89.1006 3
    endloop
  endfacet
  facet normal 0 0 1
    outer loop
      vertex 190 4 3
      vertex 188.396 6.69986 3
      vertex 188.4 6.5 3
    endloop
  endfacet
  facet normal 0 0 1
    outer loop
      vertex 188.335 88.7039 3
      vertex 190 92 3
      vertex 188.363 88.9017 3
    endloop
  endfacet
  facet normal 0 0 1
    outer loop
      vertex 190 4 3
      vertex 188.384 6.8994 3
      vertex 188.396 6.69986 3
    endloop
  endfacet
  facet normal 0 0 1
    outer loop
      vertex 188.298 88.5073 3
      vertex 190 92 3
      vertex 188.335 88.7039 3
    endloop
  endfacet
  facet normal 0 0 1
    outer loop
      vertex 190 4 3
      vertex 188.363 7.09826 3
      vertex 188.384 6.8994 3
    endloop
  endfacet
  facet normal 0 0 1
    outer loop
      vertex 188.254 88.3124 3
      vertex 190 92 3
      vertex 188.298 88.5073 3
    endloop
  endfacet
  facet normal 0 0 1
    outer loop
      vertex 190 4 3
      vertex 188.335 7.29613 3
      vertex 188.363 7.09826 3
    endloop
  endfacet
  facet normal 0 0 1
    outer loop
      vertex 188.202 88.1195 3
      vertex 190 92 3
      vertex 188.254 88.3124 3
    endloop
  endfacet
  facet normal 0 0 1
    outer loop
      vertex 190 4 3
      vertex 188.298 7.49268 3
      vertex 188.335 7.29613 3
    endloop
  endfacet
  facet normal 0 0 1
    outer loop
      vertex 188.141 87.9289 3
      vertex 190 92 3
      vertex 188.202 88.1195 3
    endloop
  endfacet
  facet normal 0 0 1
    outer loop
      vertex 190 4 3
      vertex 188.254 7.68757 3
      vertex 188.298 7.49268 3
    endloop
  endfacet
  facet normal 0 0 1
    outer loop
      vertex 188.073 87.7409 3
      vertex 190 92 3
      vertex 188.141 87.9289 3
    endloop
  endfacet
  facet normal 0 0 1
    outer loop
      vertex 190 4 3
      vertex 188.202 7.88049 3
      vertex 188.254 7.68757 3
    endloop
  endfacet
  facet normal 0 0 1
    outer loop
      vertex 187.998 87.5558 3
      vertex 190 92 3
      vertex 188.073 87.7409 3
    endloop
  endfacet
  facet normal 0 0 1
    outer loop
      vertex 190 4 3
      vertex 188.141 8.07111 3
      vertex 188.202 7.88049 3
    endloop
  endfacet
  facet normal 0 0 1
    outer loop
      vertex 190 92 3
      vertex 187.998 87.5558 3
      vertex 190 4 3
    endloop
  endfacet
  facet normal 0 0 1
    outer loop
      vertex 190 4 3
      vertex 188.073 8.25911 3
      vertex 188.141 8.07111 3
    endloop
  endfacet
  facet normal -0 0 1
    outer loop
      vertex 187.998 8.44419 3
      vertex 190 4 3
      vertex 187.998 87.5558 3
    endloop
  endfacet
  facet normal 0 0 1
    outer loop
      vertex 190 4 3
      vertex 187.998 8.44419 3
      vertex 188.073 8.25911 3
    endloop
  endfacet
  facet normal -0 0 1
    outer loop
      vertex 187.915 87.374 3
      vertex 187.998 8.44419 3
      vertex 187.998 87.5558 3
    endloop
  endfacet
  facet normal 0 0 1
    outer loop
      vertex 187.915 87.374 3
      vertex 187.915 8.62603 3
      vertex 187.998 8.44419 3
    endloop
  endfacet
  facet normal -0 0 1
    outer loop
      vertex 187.824 87.1957 3
      vertex 187.915 8.62603 3
      vertex 187.915 87.374 3
    endloop
  endfacet
  facet normal 0 0 1
    outer loop
      vertex 187.824 87.1957 3
      vertex 187.824 8.80433 3
      vertex 187.915 8.62603 3
    endloop
  endfacet
  facet normal -0 0 1
    outer loop
      vertex 187.727 87.0212 3
      vertex 187.824 8.80433 3
      vertex 187.824 87.1957 3
    endloop
  endfacet
  facet normal 0 0 1
    outer loop
      vertex 187.727 87.0212 3
      vertex 187.727 8.9788 3
      vertex 187.824 8.80433 3
    endloop
  endfacet
  facet normal -0 0 1
    outer loop
      vertex 187.622 86.8509 3
      vertex 187.727 8.9788 3
      vertex 187.727 87.0212 3
    endloop
  endfacet
  facet normal 0 0 1
    outer loop
      vertex 187.622 86.8509 3
      vertex 187.622 9.14914 3
      vertex 187.727 8.9788 3
    endloop
  endfacet
  facet normal -0 0 1
    outer loop
      vertex 187.511 86.6849 3
      vertex 187.622 9.14914 3
      vertex 187.622 86.8509 3
    endloop
  endfacet
  facet normal 0 0 1
    outer loop
      vertex 187.511 86.6849 3
      vertex 187.511 9.31507 3
      vertex 187.622 9.14914 3
    endloop
  endfacet
  facet normal -0 0 1
    outer loop
      vertex 187.393 86.5237 3
      vertex 187.511 9.31507 3
      vertex 187.511 86.6849 3
    endloop
  endfacet
  facet normal 0 0 1
    outer loop
      vertex 187.393 86.5237 3
      vertex 187.393 9.47632 3
      vertex 187.511 9.31507 3
    endloop
  endfacet
  facet normal -0 0 1
    outer loop
      vertex 187.268 86.3674 3
      vertex 187.393 9.47632 3
      vertex 187.393 86.5237 3
    endloop
  endfacet
  facet normal 0 0 1
    outer loop
      vertex 187.268 86.3674 3
      vertex 187.268 9.63261 3
      vertex 187.393 9.47632 3
    endloop
  endfacet
  facet normal -0 0 1
    outer loop
      vertex 187.137 86.2163 3
      vertex 187.268 9.63261 3
      vertex 187.268 86.3674 3
    endloop
  endfacet
  facet normal 0 0 1
    outer loop
      vertex 187.137 86.2163 3
      vertex 187.137 9.78369 3
      vertex 187.268 9.63261 3
    endloop
  endfacet
  facet normal -0 0 1
    outer loop
      vertex 187 86.0707 3
      vertex 187.137 9.78369 3
      vertex 187.137 86.2163 3
    endloop
  endfacet
  facet normal 0 0 1
    outer loop
      vertex 187 86.0707 3
      vertex 187 9.9293 3
      vertex 187.137 9.78369 3
    endloop
  endfacet
  facet normal -0 0 1
    outer loop
      vertex 186.857 85.9308 3
      vertex 187 9.9293 3
      vertex 187 86.0707 3
    endloop
  endfacet
  facet normal 0 0 1
    outer loop
      vertex 186.857 85.9308 3
      vertex 186.857 10.0692 3
      vertex 187 9.9293 3
    endloop
  endfacet
  facet normal -0 0 1
    outer loop
      vertex 186.8 85.8792 3
      vertex 186.857 10.0692 3
      vertex 186.857 85.9308 3
    endloop
  endfacet
  facet normal 0 0 1
    outer loop
      vertex 186.857 10.0692 3
      vertex 186.8 85.8792 3
      vertex 186.8 10.1208 3
    endloop
  endfacet
  facet normal 0 0 1
    outer loop
      vertex 187.915 91.626 3
      vertex 190 92 3
      vertex 189.995 92.1963 3
    endloop
  endfacet
  facet normal 0 0 1
    outer loop
      vertex 188.396 89.3001 3
      vertex 190 92 3
      vertex 188.4 89.5 3
    endloop
  endfacet
  facet normal 0 0 1
    outer loop
      vertex 187.915 91.626 3
      vertex 189.995 92.1963 3
      vertex 189.981 92.3921 3
    endloop
  endfacet
  facet normal 0 0 1
    outer loop
      vertex 188.384 89.1006 3
      vertex 190 92 3
      vertex 188.396 89.3001 3
    endloop
  endfacet
  facet normal 0 0 1
    outer loop
      vertex 187.824 91.8043 3
      vertex 189.981 92.3921 3
      vertex 189.957 92.5869 3
    endloop
  endfacet
  facet normal -0 0 1
    outer loop
      vertex 188.396 6.30014 3
      vertex 190 4 3
      vertex 188.4 6.5 3
    endloop
  endfacet
  facet normal 0 0 1
    outer loop
      vertex 187.727 91.9788 3
      vertex 189.957 92.5869 3
      vertex 189.923 92.7804 3
    endloop
  endfacet
  facet normal -0 0 1
    outer loop
      vertex 188.384 6.10061 3
      vertex 190 4 3
      vertex 188.396 6.30014 3
    endloop
  endfacet
  facet normal 0 0 1
    outer loop
      vertex 187.727 91.9788 3
      vertex 189.923 92.7804 3
      vertex 189.88 92.9719 3
    endloop
  endfacet
  facet normal -0 0 1
    outer loop
      vertex 188.363 5.90174 3
      vertex 190 4 3
      vertex 188.384 6.10061 3
    endloop
  endfacet
  facet normal 0 0 1
    outer loop
      vertex 187.622 92.1491 3
      vertex 189.88 92.9719 3
      vertex 189.828 93.1611 3
    endloop
  endfacet
  facet normal -0 0 1
    outer loop
      vertex 188.335 5.70387 3
      vertex 190 4 3
      vertex 188.363 5.90174 3
    endloop
  endfacet
  facet normal 0 0 1
    outer loop
      vertex 187.622 92.1491 3
      vertex 189.828 93.1611 3
      vertex 189.766 93.3476 3
    endloop
  endfacet
  facet normal -0 0 1
    outer loop
      vertex 188.298 5.50732 3
      vertex 190 4 3
      vertex 188.335 5.70387 3
    endloop
  endfacet
  facet normal 0 0 1
    outer loop
      vertex 187.511 92.3151 3
      vertex 189.766 93.3476 3
      vertex 189.696 93.5307 3
    endloop
  endfacet
  facet normal -0 0 1
    outer loop
      vertex 188.254 5.31243 3
      vertex 190 4 3
      vertex 188.298 5.50732 3
    endloop
  endfacet
  facet normal 0 0 1
    outer loop
      vertex 187.511 92.3151 3
      vertex 189.696 93.5307 3
      vertex 189.616 93.7102 3
    endloop
  endfacet
  facet normal -0 0 1
    outer loop
      vertex 188.202 5.11951 3
      vertex 190 4 3
      vertex 188.254 5.31243 3
    endloop
  endfacet
  facet normal 0 0 1
    outer loop
      vertex 187.393 92.4763 3
      vertex 189.616 93.7102 3
      vertex 189.528 93.8856 3
    endloop
  endfacet
  facet normal -0 0 1
    outer loop
      vertex 188.141 4.92889 3
      vertex 190 4 3
      vertex 188.202 5.11951 3
    endloop
  endfacet
  facet normal 0 0 1
    outer loop
      vertex 187.393 92.4763 3
      vertex 189.528 93.8856 3
      vertex 189.431 94.0564 3
    endloop
  endfacet
  facet normal -0 0 1
    outer loop
      vertex 188.073 4.74089 3
      vertex 190 4 3
      vertex 188.141 4.92889 3
    endloop
  endfacet
  facet normal 0 0 1
    outer loop
      vertex 187.268 92.6326 3
      vertex 189.431 94.0564 3
      vertex 189.326 94.2223 3
    endloop
  endfacet
  facet normal -0 0 1
    outer loop
      vertex 187.998 4.55581 3
      vertex 190 4 3
      vertex 188.073 4.74089 3
    endloop
  endfacet
  facet normal 0 0 1
    outer loop
      vertex 187.268 92.6326 3
      vertex 189.326 94.2223 3
      vertex 189.213 94.3828 3
    endloop
  endfacet
  facet normal -0 0 1
    outer loop
      vertex 187.915 4.37397 3
      vertex 190 4 3
      vertex 187.998 4.55581 3
    endloop
  endfacet
  facet normal 0 0 1
    outer loop
      vertex 187.137 92.7837 3
      vertex 189.213 94.3828 3
      vertex 189.092 94.5376 3
    endloop
  endfacet
  facet normal 0 0 1
    outer loop
      vertex 190 4 3
      vertex 187.915 4.37397 3
      vertex 189.995 3.80373 3
    endloop
  endfacet
  facet normal 0 0 1
    outer loop
      vertex 187.137 92.7837 3
      vertex 189.092 94.5376 3
      vertex 188.964 94.6862 3
    endloop
  endfacet
  facet normal 0 0 1
    outer loop
      vertex 189.995 3.80373 3
      vertex 187.915 4.37397 3
      vertex 189.981 3.60793 3
    endloop
  endfacet
  facet normal 0 0 1
    outer loop
      vertex 187 92.9293 3
      vertex 188.964 94.6862 3
      vertex 188.828 94.8284 3
    endloop
  endfacet
  facet normal -0 0 1
    outer loop
      vertex 187.824 4.19567 3
      vertex 189.981 3.60793 3
      vertex 187.915 4.37397 3
    endloop
  endfacet
  facet normal 0 0 1
    outer loop
      vertex 187 92.9293 3
      vertex 188.828 94.8284 3
      vertex 188.686 94.9638 3
    endloop
  endfacet
  facet normal 0 0 1
    outer loop
      vertex 189.981 3.60793 3
      vertex 187.824 4.19567 3
      vertex 189.957 3.41308 3
    endloop
  endfacet
  facet normal 0 0 1
    outer loop
      vertex 186.857 93.0692 3
      vertex 188.686 94.9638 3
      vertex 188.538 95.092 3
    endloop
  endfacet
  facet normal -0 0 1
    outer loop
      vertex 187.727 4.0212 3
      vertex 189.957 3.41308 3
      vertex 187.824 4.19567 3
    endloop
  endfacet
  facet normal 0 0 1
    outer loop
      vertex 189.957 3.41308 3
      vertex 187.727 4.0212 3
      vertex 189.923 3.21964 3
    endloop
  endfacet
  facet normal 0 0 1
    outer loop
      vertex 190 92 3
      vertex 188.396 89.6999 3
      vertex 188.4 89.5 3
    endloop
  endfacet
  facet normal 0 0 1
    outer loop
      vertex 190 92 3
      vertex 188.384 89.8994 3
      vertex 188.396 89.6999 3
    endloop
  endfacet
  facet normal 0 0 1
    outer loop
      vertex 186.857 93.0692 3
      vertex 188.538 95.092 3
      vertex 188.383 95.2128 3
    endloop
  endfacet
  facet normal 0 0 1
    outer loop
      vertex 190 92 3
      vertex 188.363 90.0983 3
      vertex 188.384 89.8994 3
    endloop
  endfacet
  facet normal 0 0 1
    outer loop
      vertex 190 92 3
      vertex 188.335 90.2961 3
      vertex 188.363 90.0983 3
    endloop
  endfacet
  facet normal 0 0 1
    outer loop
      vertex 190 92 3
      vertex 188.298 90.4927 3
      vertex 188.335 90.2961 3
    endloop
  endfacet
  facet normal 0 0 1
    outer loop
      vertex 190 92 3
      vertex 188.254 90.6876 3
      vertex 188.298 90.4927 3
    endloop
  endfacet
  facet normal 0 0 1
    outer loop
      vertex 186.709 93.2032 3
      vertex 188.383 95.2128 3
      vertex 188.222 95.3259 3
    endloop
  endfacet
  facet normal 0 0 1
    outer loop
      vertex 190 92 3
      vertex 188.202 90.8805 3
      vertex 188.254 90.6876 3
    endloop
  endfacet
  facet normal 0 0 1
    outer loop
      vertex 190 92 3
      vertex 188.141 91.0711 3
      vertex 188.202 90.8805 3
    endloop
  endfacet
  facet normal 0 0 1
    outer loop
      vertex 190 92 3
      vertex 188.073 91.2591 3
      vertex 188.141 91.0711 3
    endloop
  endfacet
  facet normal 0 0 1
    outer loop
      vertex 186.555 93.331 3
      vertex 188.222 95.3259 3
      vertex 188.056 95.4309 3
    endloop
  endfacet
  facet normal 0 0 1
    outer loop
      vertex 190 92 3
      vertex 187.998 91.4442 3
      vertex 188.073 91.2591 3
    endloop
  endfacet
  facet normal 0 0 1
    outer loop
      vertex 190 92 3
      vertex 187.915 91.626 3
      vertex 187.998 91.4442 3
    endloop
  endfacet
  facet normal 0 0 1
    outer loop
      vertex 186.555 93.331 3
      vertex 188.056 95.4309 3
      vertex 187.886 95.5277 3
    endloop
  endfacet
  facet normal 0 0 1
    outer loop
      vertex 189.981 92.3921 3
      vertex 187.824 91.8043 3
      vertex 187.915 91.626 3
    endloop
  endfacet
  facet normal 0 0 1
    outer loop
      vertex 189.957 92.5869 3
      vertex 187.727 91.9788 3
      vertex 187.824 91.8043 3
    endloop
  endfacet
  facet normal 0 0 1
    outer loop
      vertex 186.396 93.4524 3
      vertex 187.886 95.5277 3
      vertex 187.71 95.616 3
    endloop
  endfacet
  facet normal 0 0 1
    outer loop
      vertex 189.88 92.9719 3
      vertex 187.622 92.1491 3
      vertex 187.727 91.9788 3
    endloop
  endfacet
  facet normal 0 0 1
    outer loop
      vertex 186.396 93.4524 3
      vertex 187.71 95.616 3
      vertex 187.531 95.6955 3
    endloop
  endfacet
  facet normal 0 0 1
    outer loop
      vertex 189.766 93.3476 3
      vertex 187.511 92.3151 3
      vertex 187.622 92.1491 3
    endloop
  endfacet
  facet normal 0 0 1
    outer loop
      vertex 189.616 93.7102 3
      vertex 187.393 92.4763 3
      vertex 187.511 92.3151 3
    endloop
  endfacet
  facet normal 0 0 1
    outer loop
      vertex 186.233 93.5672 3
      vertex 187.531 95.6955 3
      vertex 187.348 95.7662 3
    endloop
  endfacet
  facet normal 0 0 1
    outer loop
      vertex 189.431 94.0564 3
      vertex 187.268 92.6326 3
      vertex 187.393 92.4763 3
    endloop
  endfacet
  facet normal 0 0 1
    outer loop
      vertex 186.233 93.5672 3
      vertex 187.348 95.7662 3
      vertex 187.161 95.8278 3
    endloop
  endfacet
  facet normal 0 0 1
    outer loop
      vertex 189.213 94.3828 3
      vertex 187.137 92.7837 3
      vertex 187.268 92.6326 3
    endloop
  endfacet
  facet normal 0 0 1
    outer loop
      vertex 188.964 94.6862 3
      vertex 187 92.9293 3
      vertex 187.137 92.7837 3
    endloop
  endfacet
  facet normal 0 0 1
    outer loop
      vertex 186.064 93.6753 3
      vertex 187.161 95.8278 3
      vertex 186.972 95.8801 3
    endloop
  endfacet
  facet normal 0 0 1
    outer loop
      vertex 188.686 94.9638 3
      vertex 186.857 93.0692 3
      vertex 187 92.9293 3
    endloop
  endfacet
  facet normal 0 0 1
    outer loop
      vertex 186.064 93.6753 3
      vertex 186.972 95.8801 3
      vertex 186.78 95.9231 3
    endloop
  endfacet
  facet normal 0 0 1
    outer loop
      vertex 188.383 95.2128 3
      vertex 186.709 93.2032 3
      vertex 186.857 93.0692 3
    endloop
  endfacet
  facet normal 0 0 1
    outer loop
      vertex 185.892 93.7765 3
      vertex 186.78 95.9231 3
      vertex 186.587 95.9567 3
    endloop
  endfacet
  facet normal 0 0 1
    outer loop
      vertex 188.222 95.3259 3
      vertex 186.555 93.331 3
      vertex 186.709 93.2032 3
    endloop
  endfacet
  facet normal 0 0 1
    outer loop
      vertex 187.886 95.5277 3
      vertex 186.396 93.4524 3
      vertex 186.555 93.331 3
    endloop
  endfacet
  facet normal 0 0 1
    outer loop
      vertex 185.892 93.7765 3
      vertex 186.587 95.9567 3
      vertex 186.392 95.9807 3
    endloop
  endfacet
  facet normal 0 0 1
    outer loop
      vertex 187.531 95.6955 3
      vertex 186.233 93.5672 3
      vertex 186.396 93.4524 3
    endloop
  endfacet
  facet normal 0 0 1
    outer loop
      vertex 185.716 93.8705 3
      vertex 186.392 95.9807 3
      vertex 186.196 95.9952 3
    endloop
  endfacet
  facet normal 0 0 1
    outer loop
      vertex 187.161 95.8278 3
      vertex 186.064 93.6753 3
      vertex 186.233 93.5672 3
    endloop
  endfacet
  facet normal 0 0 1
    outer loop
      vertex 185.536 93.9572 3
      vertex 186.196 95.9952 3
      vertex 186 96 3
    endloop
  endfacet
  facet normal 0 0 1
    outer loop
      vertex 186.78 95.9231 3
      vertex 185.892 93.7765 3
      vertex 186.064 93.6753 3
    endloop
  endfacet
  facet normal 0 0 1
    outer loop
      vertex 186.392 95.9807 3
      vertex 185.716 93.8705 3
      vertex 185.892 93.7765 3
    endloop
  endfacet
  facet normal 0 0 1
    outer loop
      vertex 186.196 95.9952 3
      vertex 185.536 93.9572 3
      vertex 185.716 93.8705 3
    endloop
  endfacet
  facet normal 0 0 1
    outer loop
      vertex 186 96 3
      vertex 185.352 94.0365 3
      vertex 185.536 93.9572 3
    endloop
  endfacet
  facet normal 0 0 1
    outer loop
      vertex 186 96 3
      vertex 185.165 94.1083 3
      vertex 185.352 94.0365 3
    endloop
  endfacet
  facet normal 0 0 1
    outer loop
      vertex 186 96 3
      vertex 184.976 94.1724 3
      vertex 185.165 94.1083 3
    endloop
  endfacet
  facet normal 0 0 1
    outer loop
      vertex 186 96 3
      vertex 184.784 94.2287 3
      vertex 184.976 94.1724 3
    endloop
  endfacet
  facet normal 0 0 1
    outer loop
      vertex 186 96 3
      vertex 184.59 94.2771 3
      vertex 184.784 94.2287 3
    endloop
  endfacet
  facet normal 0 0 1
    outer loop
      vertex 186 96 3
      vertex 184.395 94.3176 3
      vertex 184.59 94.2771 3
    endloop
  endfacet
  facet normal 0 0 1
    outer loop
      vertex 186 96 3
      vertex 184.197 94.3501 3
      vertex 184.395 94.3176 3
    endloop
  endfacet
  facet normal 0 0 1
    outer loop
      vertex 186 96 3
      vertex 183.999 94.3745 3
      vertex 184.197 94.3501 3
    endloop
  endfacet
  facet normal 0 0 1
    outer loop
      vertex 186 96 3
      vertex 183.8 94.3908 3
      vertex 183.999 94.3745 3
    endloop
  endfacet
  facet normal 0 0 1
    outer loop
      vertex 186 96 3
      vertex 183.6 94.399 3
      vertex 183.8 94.3908 3
    endloop
  endfacet
  facet normal 0 0 1
    outer loop
      vertex 186 96 3
      vertex 183.4 94.399 3
      vertex 183.6 94.399 3
    endloop
  endfacet
  facet normal 0 0 1
    outer loop
      vertex 186 96 3
      vertex 183.2 94.3908 3
      vertex 183.4 94.399 3
    endloop
  endfacet
  facet normal 0 0 1
    outer loop
      vertex 186 96 3
      vertex 183.001 94.3745 3
      vertex 183.2 94.3908 3
    endloop
  endfacet
  facet normal 0 0 1
    outer loop
      vertex 186 96 3
      vertex 182.803 94.3501 3
      vertex 183.001 94.3745 3
    endloop
  endfacet
  facet normal 0 0 1
    outer loop
      vertex 186 96 3
      vertex 182.605 94.3176 3
      vertex 182.803 94.3501 3
    endloop
  endfacet
  facet normal 0 0 1
    outer loop
      vertex 186 96 3
      vertex 182.41 94.2771 3
      vertex 182.605 94.3176 3
    endloop
  endfacet
  facet normal 0 0 1
    outer loop
      vertex 186 96 3
      vertex 182.216 94.2287 3
      vertex 182.41 94.2771 3
    endloop
  endfacet
  facet normal 0 0 1
    outer loop
      vertex 186 96 3
      vertex 182.024 94.1724 3
      vertex 182.216 94.2287 3
    endloop
  endfacet
  facet normal 0 0 1
    outer loop
      vertex 186 96 3
      vertex 181.835 94.1083 3
      vertex 182.024 94.1724 3
    endloop
  endfacet
  facet normal 0 0 1
    outer loop
      vertex 186 96 3
      vertex 181.648 94.0365 3
      vertex 181.835 94.1083 3
    endloop
  endfacet
  facet normal 0 0 1
    outer loop
      vertex 186 96 3
      vertex 181.464 93.9572 3
      vertex 181.648 94.0365 3
    endloop
  endfacet
  facet normal -0 0 1
    outer loop
      vertex 95.3 96 3
      vertex 181.464 93.9572 3
      vertex 186 96 3
    endloop
  endfacet
  facet normal 0 0 1
    outer loop
      vertex 95.3 96 3
      vertex 181.284 93.8705 3
      vertex 181.464 93.9572 3
    endloop
  endfacet
  facet normal 0 0 1
    outer loop
      vertex 95.3 96 3
      vertex 181.108 93.7765 3
      vertex 181.284 93.8705 3
    endloop
  endfacet
  facet normal 0 0 1
    outer loop
      vertex 95.3 96 3
      vertex 180.936 93.6753 3
      vertex 181.108 93.7765 3
    endloop
  endfacet
  facet normal 0 0 1
    outer loop
      vertex 95.3 96 3
      vertex 180.767 93.5672 3
      vertex 180.936 93.6753 3
    endloop
  endfacet
  facet normal 0 0 1
    outer loop
      vertex 95.3 96 3
      vertex 180.604 93.4524 3
      vertex 180.767 93.5672 3
    endloop
  endfacet
  facet normal 0 0 1
    outer loop
      vertex 95.3 96 3
      vertex 180.445 93.331 3
      vertex 180.604 93.4524 3
    endloop
  endfacet
  facet normal 0 0 1
    outer loop
      vertex 95.3 96 3
      vertex 180.291 93.2032 3
      vertex 180.445 93.331 3
    endloop
  endfacet
  facet normal 0 0 1
    outer loop
      vertex 95.3 96 3
      vertex 180.143 93.0692 3
      vertex 180.291 93.2032 3
    endloop
  endfacet
  facet normal 0 0 1
    outer loop
      vertex 95.3 96 3
      vertex 180 92.9293 3
      vertex 180.143 93.0692 3
    endloop
  endfacet
  facet normal 0 0 1
    outer loop
      vertex 95.3 96 3
      vertex 179.878 92.8 3
      vertex 180 92.9293 3
    endloop
  endfacet
  facet normal 0 0 1
    outer loop
      vertex 179.878 92.8 3
      vertex 95.3 96 3
      vertex 95.3 92.8 3
    endloop
  endfacet
  facet normal 0 0 1
    outer loop
      vertex 189.923 3.21964 3
      vertex 187.727 4.0212 3
      vertex 189.88 3.02808 3
    endloop
  endfacet
  facet normal -0 0 1
    outer loop
      vertex 187.622 3.85086 3
      vertex 189.88 3.02808 3
      vertex 187.727 4.0212 3
    endloop
  endfacet
  facet normal 0 0 1
    outer loop
      vertex 189.88 3.02808 3
      vertex 187.622 3.85086 3
      vertex 189.828 2.83886 3
    endloop
  endfacet
  facet normal 0 0 1
    outer loop
      vertex 189.828 2.83886 3
      vertex 187.622 3.85086 3
      vertex 189.766 2.65244 3
    endloop
  endfacet
  facet normal -0 0 1
    outer loop
      vertex 187.511 3.68493 3
      vertex 189.766 2.65244 3
      vertex 187.622 3.85086 3
    endloop
  endfacet
  facet normal 0 0 1
    outer loop
      vertex 189.766 2.65244 3
      vertex 187.511 3.68493 3
      vertex 189.696 2.46927 3
    endloop
  endfacet
  facet normal 0 0 1
    outer loop
      vertex 189.696 2.46927 3
      vertex 187.511 3.68493 3
      vertex 189.616 2.28978 3
    endloop
  endfacet
  facet normal -0 0 1
    outer loop
      vertex 187.393 3.52368 3
      vertex 189.616 2.28978 3
      vertex 187.511 3.68493 3
    endloop
  endfacet
  facet normal 0 0 1
    outer loop
      vertex 189.616 2.28978 3
      vertex 187.393 3.52368 3
      vertex 189.528 2.11441 3
    endloop
  endfacet
  facet normal 0 0 1
    outer loop
      vertex 189.528 2.11441 3
      vertex 187.393 3.52368 3
      vertex 189.431 1.94359 3
    endloop
  endfacet
  facet normal -0 0 1
    outer loop
      vertex 187.268 3.36739 3
      vertex 189.431 1.94359 3
      vertex 187.393 3.52368 3
    endloop
  endfacet
  facet normal 0 0 1
    outer loop
      vertex 189.431 1.94359 3
      vertex 187.268 3.36739 3
      vertex 189.326 1.77772 3
    endloop
  endfacet
  facet normal 0 0 1
    outer loop
      vertex 189.326 1.77772 3
      vertex 187.268 3.36739 3
      vertex 189.213 1.6172 3
    endloop
  endfacet
  facet normal -0 0 1
    outer loop
      vertex 187.137 3.21631 3
      vertex 189.213 1.6172 3
      vertex 187.268 3.36739 3
    endloop
  endfacet
  facet normal 0 0 1
    outer loop
      vertex 189.213 1.6172 3
      vertex 187.137 3.21631 3
      vertex 189.092 1.46243 3
    endloop
  endfacet
  facet normal 0 0 1
    outer loop
      vertex 189.092 1.46243 3
      vertex 187.137 3.21631 3
      vertex 188.964 1.31376 3
    endloop
  endfacet
  facet normal -0 0 1
    outer loop
      vertex 187 3.0707 3
      vertex 188.964 1.31376 3
      vertex 187.137 3.21631 3
    endloop
  endfacet
  facet normal 0 0 1
    outer loop
      vertex 188.964 1.31376 3
      vertex 187 3.0707 3
      vertex 188.828 1.17157 3
    endloop
  endfacet
  facet normal 0 0 1
    outer loop
      vertex 188.828 1.17157 3
      vertex 187 3.0707 3
      vertex 188.686 1.0362 3
    endloop
  endfacet
  facet normal -0 0 1
    outer loop
      vertex 186.857 2.93079 3
      vertex 188.686 1.0362 3
      vertex 187 3.0707 3
    endloop
  endfacet
  facet normal 0 0 1
    outer loop
      vertex 188.686 1.0362 3
      vertex 186.857 2.93079 3
      vertex 188.538 0.907959 3
    endloop
  endfacet
  facet normal 0 0 1
    outer loop
      vertex 188.538 0.907959 3
      vertex 186.857 2.93079 3
      vertex 188.383 0.78717 3
    endloop
  endfacet
  facet normal -0 0 1
    outer loop
      vertex 186.709 2.79683 3
      vertex 188.383 0.78717 3
      vertex 186.857 2.93079 3
    endloop
  endfacet
  facet normal 0 0 1
    outer loop
      vertex 188.383 0.78717 3
      vertex 186.709 2.79683 3
      vertex 188.222 0.674122 3
    endloop
  endfacet
  facet normal -0 0 1
    outer loop
      vertex 186.555 2.66903 3
      vertex 188.222 0.674122 3
      vertex 186.709 2.79683 3
    endloop
  endfacet
  facet normal 0 0 1
    outer loop
      vertex 188.222 0.674122 3
      vertex 186.555 2.66903 3
      vertex 188.056 0.569086 3
    endloop
  endfacet
  facet normal 0 0 1
    outer loop
      vertex 188.056 0.569086 3
      vertex 186.555 2.66903 3
      vertex 187.886 0.472316 3
    endloop
  endfacet
  facet normal -0 0 1
    outer loop
      vertex 186.396 2.5476 3
      vertex 187.886 0.472316 3
      vertex 186.555 2.66903 3
    endloop
  endfacet
  facet normal 0 0 1
    outer loop
      vertex 187.886 0.472316 3
      vertex 186.396 2.5476 3
      vertex 187.71 0.384044 3
    endloop
  endfacet
  facet normal 0 0 1
    outer loop
      vertex 187.71 0.384044 3
      vertex 186.396 2.5476 3
      vertex 187.531 0.304482 3
    endloop
  endfacet
  facet normal -0 0 1
    outer loop
      vertex 186.233 2.43275 3
      vertex 187.531 0.304482 3
      vertex 186.396 2.5476 3
    endloop
  endfacet
  facet normal 0 0 1
    outer loop
      vertex 187.531 0.304482 3
      vertex 186.233 2.43275 3
      vertex 187.348 0.233824 3
    endloop
  endfacet
  facet normal 0 0 1
    outer loop
      vertex 187.348 0.233824 3
      vertex 186.233 2.43275 3
      vertex 187.161 0.172239 3
    endloop
  endfacet
  facet normal -0 0 1
    outer loop
      vertex 186.064 2.32468 3
      vertex 187.161 0.172239 3
      vertex 186.233 2.43275 3
    endloop
  endfacet
  facet normal 0 0 1
    outer loop
      vertex 187.161 0.172239 3
      vertex 186.064 2.32468 3
      vertex 186.972 0.119876 3
    endloop
  endfacet
  facet normal 0 0 1
    outer loop
      vertex 186.972 0.119876 3
      vertex 186.064 2.32468 3
      vertex 186.78 0.0768595 3
    endloop
  endfacet
  facet normal -0 0 1
    outer loop
      vertex 185.892 2.22355 3
      vertex 186.78 0.0768595 3
      vertex 186.064 2.32468 3
    endloop
  endfacet
  facet normal 0 0 1
    outer loop
      vertex 186.78 0.0768595 3
      vertex 185.892 2.22355 3
      vertex 186.587 0.0432949 3
    endloop
  endfacet
  facet normal 0 0 1
    outer loop
      vertex 186.587 0.0432949 3
      vertex 185.892 2.22355 3
      vertex 186.392 0.0192614 3
    endloop
  endfacet
  facet normal -0 0 1
    outer loop
      vertex 185.716 2.12954 3
      vertex 186.392 0.0192614 3
      vertex 185.892 2.22355 3
    endloop
  endfacet
  facet normal 0 0 1
    outer loop
      vertex 186.392 0.0192614 3
      vertex 185.716 2.12954 3
      vertex 186.196 0.00481892 3
    endloop
  endfacet
  facet normal -0 0 1
    outer loop
      vertex 185.536 2.0428 3
      vertex 186.196 0.00481892 3
      vertex 185.716 2.12954 3
    endloop
  endfacet
  facet normal 0 0 1
    outer loop
      vertex 186.196 0.00481892 3
      vertex 185.536 2.0428 3
      vertex 186 0 3
    endloop
  endfacet
  facet normal -0 0 1
    outer loop
      vertex 185.352 1.96349 3
      vertex 186 0 3
      vertex 185.536 2.0428 3
    endloop
  endfacet
  facet normal -0 0 1
    outer loop
      vertex 185.165 1.89172 3
      vertex 186 0 3
      vertex 185.352 1.96349 3
    endloop
  endfacet
  facet normal -0 0 1
    outer loop
      vertex 184.976 1.82762 3
      vertex 186 0 3
      vertex 185.165 1.89172 3
    endloop
  endfacet
  facet normal -0 0 1
    outer loop
      vertex 184.784 1.7713 3
      vertex 186 0 3
      vertex 184.976 1.82762 3
    endloop
  endfacet
  facet normal -0 0 1
    outer loop
      vertex 184.59 1.72285 3
      vertex 186 0 3
      vertex 184.784 1.7713 3
    endloop
  endfacet
  facet normal -0 0 1
    outer loop
      vertex 184.395 1.68235 3
      vertex 186 0 3
      vertex 184.59 1.72285 3
    endloop
  endfacet
  facet normal -0 0 1
    outer loop
      vertex 184.197 1.64988 3
      vertex 186 0 3
      vertex 184.395 1.68235 3
    endloop
  endfacet
  facet normal -0 0 1
    outer loop
      vertex 183.999 1.62547 3
      vertex 186 0 3
      vertex 184.197 1.64988 3
    endloop
  endfacet
  facet normal -0 0 1
    outer loop
      vertex 183.8 1.60917 3
      vertex 186 0 3
      vertex 183.999 1.62547 3
    endloop
  endfacet
  facet normal -0 0 1
    outer loop
      vertex 183.6 1.60102 3
      vertex 186 0 3
      vertex 183.8 1.60917 3
    endloop
  endfacet
  facet normal -0 0 1
    outer loop
      vertex 183.4 1.60102 3
      vertex 186 0 3
      vertex 183.6 1.60102 3
    endloop
  endfacet
  facet normal 0 0 1
    outer loop
      vertex 183.2 1.60917 3
      vertex 186 0 3
      vertex 183.4 1.60102 3
    endloop
  endfacet
  facet normal 0 0 1
    outer loop
      vertex 183.001 1.62547 3
      vertex 186 0 3
      vertex 183.2 1.60917 3
    endloop
  endfacet
  facet normal 0 0 1
    outer loop
      vertex 182.803 1.64988 3
      vertex 186 0 3
      vertex 183.001 1.62547 3
    endloop
  endfacet
  facet normal 0 0 1
    outer loop
      vertex 182.605 1.68235 3
      vertex 186 0 3
      vertex 182.803 1.64988 3
    endloop
  endfacet
  facet normal 0 0 1
    outer loop
      vertex 182.41 1.72285 3
      vertex 186 0 3
      vertex 182.605 1.68235 3
    endloop
  endfacet
  facet normal 0 0 1
    outer loop
      vertex 182.216 1.7713 3
      vertex 186 0 3
      vertex 182.41 1.72285 3
    endloop
  endfacet
  facet normal 0 0 1
    outer loop
      vertex 182.024 1.82762 3
      vertex 186 0 3
      vertex 182.216 1.7713 3
    endloop
  endfacet
  facet normal 0 0 1
    outer loop
      vertex 181.835 1.89172 3
      vertex 186 0 3
      vertex 182.024 1.82762 3
    endloop
  endfacet
  facet normal 0 0 1
    outer loop
      vertex 181.648 1.96349 3
      vertex 186 0 3
      vertex 181.835 1.89172 3
    endloop
  endfacet
  facet normal 0 0 1
    outer loop
      vertex 181.464 2.0428 3
      vertex 186 0 3
      vertex 181.648 1.96349 3
    endloop
  endfacet
  facet normal 0 0 1
    outer loop
      vertex 95.3 0 3
      vertex 179.878 3.2 3
      vertex 95.3 3.2 3
    endloop
  endfacet
  facet normal 0 0 1
    outer loop
      vertex 179.878 3.2 3
      vertex 95.3 0 3
      vertex 180 3.0707 3
    endloop
  endfacet
  facet normal 0 0 1
    outer loop
      vertex 180 3.0707 3
      vertex 95.3 0 3
      vertex 180.143 2.93079 3
    endloop
  endfacet
  facet normal 0 0 1
    outer loop
      vertex 180.143 2.93079 3
      vertex 95.3 0 3
      vertex 180.291 2.79683 3
    endloop
  endfacet
  facet normal 0 0 1
    outer loop
      vertex 180.291 2.79683 3
      vertex 95.3 0 3
      vertex 180.445 2.66903 3
    endloop
  endfacet
  facet normal 0 0 1
    outer loop
      vertex 180.445 2.66903 3
      vertex 95.3 0 3
      vertex 180.604 2.5476 3
    endloop
  endfacet
  facet normal 0 0 1
    outer loop
      vertex 180.604 2.5476 3
      vertex 95.3 0 3
      vertex 180.767 2.43275 3
    endloop
  endfacet
  facet normal 0 0 1
    outer loop
      vertex 180.767 2.43275 3
      vertex 95.3 0 3
      vertex 180.936 2.32468 3
    endloop
  endfacet
  facet normal 0 0 1
    outer loop
      vertex 180.936 2.32468 3
      vertex 95.3 0 3
      vertex 181.108 2.22355 3
    endloop
  endfacet
  facet normal 0 0 1
    outer loop
      vertex 181.108 2.22355 3
      vertex 95.3 0 3
      vertex 181.284 2.12954 3
    endloop
  endfacet
  facet normal 0 0 1
    outer loop
      vertex 181.284 2.12954 3
      vertex 95.3 0 3
      vertex 181.464 2.0428 3
    endloop
  endfacet
  facet normal 0 0 1
    outer loop
      vertex 181.464 2.0428 3
      vertex 95.3 0 3
      vertex 186 0 3
    endloop
  endfacet
  facet normal 0 0 1
    outer loop
      vertex 92.7 96 3
      vertex 10.1216 92.8 3
      vertex 92.7 92.8 3
    endloop
  endfacet
  facet normal 0 0 1
    outer loop
      vertex 92.7 96 3
      vertex 9.99998 92.9293 3
      vertex 10.1216 92.8 3
    endloop
  endfacet
  facet normal 0 0 1
    outer loop
      vertex 92.7 96 3
      vertex 9.85719 93.0692 3
      vertex 9.99998 92.9293 3
    endloop
  endfacet
  facet normal 0 0 1
    outer loop
      vertex 92.7 96 3
      vertex 9.70882 93.2032 3
      vertex 9.85719 93.0692 3
    endloop
  endfacet
  facet normal 0 0 1
    outer loop
      vertex 92.7 96 3
      vertex 9.5551 93.331 3
      vertex 9.70882 93.2032 3
    endloop
  endfacet
  facet normal 0 0 1
    outer loop
      vertex 92.7 96 3
      vertex 9.3963 93.4524 3
      vertex 9.5551 93.331 3
    endloop
  endfacet
  facet normal 0 0 1
    outer loop
      vertex 92.7 96 3
      vertex 9.23267 93.5672 3
      vertex 9.3963 93.4524 3
    endloop
  endfacet
  facet normal 0 0 1
    outer loop
      vertex 92.7 96 3
      vertex 9.0645 93.6753 3
      vertex 9.23267 93.5672 3
    endloop
  endfacet
  facet normal 0 0 1
    outer loop
      vertex 92.7 96 3
      vertex 8.89206 93.7765 3
      vertex 9.0645 93.6753 3
    endloop
  endfacet
  facet normal 0 0 1
    outer loop
      vertex 92.7 96 3
      vertex 8.71564 93.8705 3
      vertex 8.89206 93.7765 3
    endloop
  endfacet
  facet normal 0 0 1
    outer loop
      vertex 92.7 96 3
      vertex 8.53553 93.9572 3
      vertex 8.71564 93.8705 3
    endloop
  endfacet
  facet normal 0 0 1
    outer loop
      vertex 92.7 96 3
      vertex 8.35204 94.0365 3
      vertex 8.53553 93.9572 3
    endloop
  endfacet
  facet normal -0 0 1
    outer loop
      vertex 4 96 3
      vertex 8.35204 94.0365 3
      vertex 92.7 96 3
    endloop
  endfacet
  facet normal 0 0 1
    outer loop
      vertex 8.35204 94.0365 3
      vertex 4 96 3
      vertex 8.16546 94.1083 3
    endloop
  endfacet
  facet normal 0 0 1
    outer loop
      vertex 8.16546 94.1083 3
      vertex 4 96 3
      vertex 7.97611 94.1724 3
    endloop
  endfacet
  facet normal 0 0 1
    outer loop
      vertex 7.97611 94.1724 3
      vertex 4 96 3
      vertex 7.7843 94.2287 3
    endloop
  endfacet
  facet normal 0 0 1
    outer loop
      vertex 7.7843 94.2287 3
      vertex 4 96 3
      vertex 7.59035 94.2771 3
    endloop
  endfacet
  facet normal 0 0 1
    outer loop
      vertex 7.59035 94.2771 3
      vertex 4 96 3
      vertex 7.39459 94.3176 3
    endloop
  endfacet
  facet normal 0 0 1
    outer loop
      vertex 7.39459 94.3176 3
      vertex 4 96 3
      vertex 7.19734 94.3501 3
    endloop
  endfacet
  facet normal 0 0 1
    outer loop
      vertex 7.19734 94.3501 3
      vertex 4 96 3
      vertex 6.99893 94.3745 3
    endloop
  endfacet
  facet normal 0 0 1
    outer loop
      vertex 6.99893 94.3745 3
      vertex 4 96 3
      vertex 6.79969 94.3908 3
    endloop
  endfacet
  facet normal 0 0 1
    outer loop
      vertex 6.79969 94.3908 3
      vertex 4 96 3
      vertex 6.59995 94.399 3
    endloop
  endfacet
  facet normal 0 0 1
    outer loop
      vertex 6.59995 94.399 3
      vertex 4 96 3
      vertex 6.40005 94.399 3
    endloop
  endfacet
  facet normal 0 0 1
    outer loop
      vertex 4 96 3
      vertex 6.20031 94.3908 3
      vertex 6.40005 94.399 3
    endloop
  endfacet
  facet normal 0 0 1
    outer loop
      vertex 4 96 3
      vertex 6.00107 94.3745 3
      vertex 6.20031 94.3908 3
    endloop
  endfacet
  facet normal 0 0 1
    outer loop
      vertex 4 96 3
      vertex 5.80266 94.3501 3
      vertex 6.00107 94.3745 3
    endloop
  endfacet
  facet normal 0 0 1
    outer loop
      vertex 4 96 3
      vertex 5.60541 94.3176 3
      vertex 5.80266 94.3501 3
    endloop
  endfacet
  facet normal 0 0 1
    outer loop
      vertex 4 96 3
      vertex 5.40965 94.2771 3
      vertex 5.60541 94.3176 3
    endloop
  endfacet
  facet normal 0 0 1
    outer loop
      vertex 4 96 3
      vertex 5.2157 94.2287 3
      vertex 5.40965 94.2771 3
    endloop
  endfacet
  facet normal 0 0 1
    outer loop
      vertex 4 96 3
      vertex 5.02389 94.1724 3
      vertex 5.2157 94.2287 3
    endloop
  endfacet
  facet normal 0 0 1
    outer loop
      vertex 4 96 3
      vertex 4.83454 94.1083 3
      vertex 5.02389 94.1724 3
    endloop
  endfacet
  facet normal 0 0 1
    outer loop
      vertex 4 96 3
      vertex 4.64796 94.0365 3
      vertex 4.83454 94.1083 3
    endloop
  endfacet
  facet normal 0 0 1
    outer loop
      vertex 4 96 3
      vertex 4.46447 93.9572 3
      vertex 4.64796 94.0365 3
    endloop
  endfacet
  facet normal -0 0 1
    outer loop
      vertex 3.80373 95.9952 3
      vertex 4.46447 93.9572 3
      vertex 4 96 3
    endloop
  endfacet
  facet normal 0 0 1
    outer loop
      vertex 4.46447 93.9572 3
      vertex 3.80373 95.9952 3
      vertex 4.28436 93.8705 3
    endloop
  endfacet
  facet normal -0 0 1
    outer loop
      vertex 3.60793 95.9807 3
      vertex 4.28436 93.8705 3
      vertex 3.80373 95.9952 3
    endloop
  endfacet
  facet normal 0 0 1
    outer loop
      vertex 4.28436 93.8705 3
      vertex 3.60793 95.9807 3
      vertex 4.10794 93.7765 3
    endloop
  endfacet
  facet normal -0 0 1
    outer loop
      vertex 3.41308 95.9567 3
      vertex 4.10794 93.7765 3
      vertex 3.60793 95.9807 3
    endloop
  endfacet
  facet normal -0 0 1
    outer loop
      vertex 3.21964 95.9231 3
      vertex 4.10794 93.7765 3
      vertex 3.41308 95.9567 3
    endloop
  endfacet
  facet normal 0 0 1
    outer loop
      vertex 4.10794 93.7765 3
      vertex 3.21964 95.9231 3
      vertex 3.9355 93.6753 3
    endloop
  endfacet
  facet normal -0 0 1
    outer loop
      vertex 3.02808 95.8801 3
      vertex 3.9355 93.6753 3
      vertex 3.21964 95.9231 3
    endloop
  endfacet
  facet normal -0 0 1
    outer loop
      vertex 2.83886 95.8278 3
      vertex 3.9355 93.6753 3
      vertex 3.02808 95.8801 3
    endloop
  endfacet
  facet normal 0 0 1
    outer loop
      vertex 3.9355 93.6753 3
      vertex 2.83886 95.8278 3
      vertex 3.76733 93.5672 3
    endloop
  endfacet
  facet normal -0 0 1
    outer loop
      vertex 2.65244 95.7662 3
      vertex 3.76733 93.5672 3
      vertex 2.83886 95.8278 3
    endloop
  endfacet
  facet normal -0 0 1
    outer loop
      vertex 2.46927 95.6955 3
      vertex 3.76733 93.5672 3
      vertex 2.65244 95.7662 3
    endloop
  endfacet
  facet normal 0 0 1
    outer loop
      vertex 3.76733 93.5672 3
      vertex 2.46927 95.6955 3
      vertex 3.6037 93.4524 3
    endloop
  endfacet
  facet normal -0 0 1
    outer loop
      vertex 2.28978 95.616 3
      vertex 3.6037 93.4524 3
      vertex 2.46927 95.6955 3
    endloop
  endfacet
  facet normal -0 0 1
    outer loop
      vertex 2.11441 95.5277 3
      vertex 3.6037 93.4524 3
      vertex 2.28978 95.616 3
    endloop
  endfacet
  facet normal 0 0 1
    outer loop
      vertex 3.6037 93.4524 3
      vertex 2.11441 95.5277 3
      vertex 3.4449 93.331 3
    endloop
  endfacet
  facet normal -0 0 1
    outer loop
      vertex 1.94359 95.4309 3
      vertex 3.4449 93.331 3
      vertex 2.11441 95.5277 3
    endloop
  endfacet
  facet normal -0 0 1
    outer loop
      vertex 1.77772 95.3259 3
      vertex 3.4449 93.331 3
      vertex 1.94359 95.4309 3
    endloop
  endfacet
  facet normal 0 0 1
    outer loop
      vertex 3.4449 93.331 3
      vertex 1.77772 95.3259 3
      vertex 3.29118 93.2032 3
    endloop
  endfacet
  facet normal -0 0 1
    outer loop
      vertex 1.6172 95.2128 3
      vertex 3.29118 93.2032 3
      vertex 1.77772 95.3259 3
    endloop
  endfacet
  facet normal 0 0 1
    outer loop
      vertex 3.29118 93.2032 3
      vertex 1.6172 95.2128 3
      vertex 3.14281 93.0692 3
    endloop
  endfacet
  facet normal -0 0 1
    outer loop
      vertex 1.46243 95.092 3
      vertex 3.14281 93.0692 3
      vertex 1.6172 95.2128 3
    endloop
  endfacet
  facet normal -0 0 1
    outer loop
      vertex 1.31376 94.9638 3
      vertex 3.14281 93.0692 3
      vertex 1.46243 95.092 3
    endloop
  endfacet
  facet normal 0 0 1
    outer loop
      vertex 3.14281 93.0692 3
      vertex 1.31376 94.9638 3
      vertex 3.00002 92.9293 3
    endloop
  endfacet
  facet normal -0 0 1
    outer loop
      vertex 1.17157 94.8284 3
      vertex 3.00002 92.9293 3
      vertex 1.31376 94.9638 3
    endloop
  endfacet
  facet normal -0 0 1
    outer loop
      vertex 1.0362 94.6862 3
      vertex 3.00002 92.9293 3
      vertex 1.17157 94.8284 3
    endloop
  endfacet
  facet normal 0 0 1
    outer loop
      vertex 3.00002 92.9293 3
      vertex 1.0362 94.6862 3
      vertex 2.86305 92.7837 3
    endloop
  endfacet
  facet normal -0 0 1
    outer loop
      vertex 0.907959 94.5376 3
      vertex 2.86305 92.7837 3
      vertex 1.0362 94.6862 3
    endloop
  endfacet
  facet normal -0 0 1
    outer loop
      vertex 0.78717 94.3828 3
      vertex 2.86305 92.7837 3
      vertex 0.907959 94.5376 3
    endloop
  endfacet
  facet normal 0 0 1
    outer loop
      vertex 2.86305 92.7837 3
      vertex 0.78717 94.3828 3
      vertex 2.73214 92.6326 3
    endloop
  endfacet
  facet normal -0 0 1
    outer loop
      vertex 0.674122 94.2223 3
      vertex 2.73214 92.6326 3
      vertex 0.78717 94.3828 3
    endloop
  endfacet
  facet normal -0 0 1
    outer loop
      vertex 0.569086 94.0564 3
      vertex 2.73214 92.6326 3
      vertex 0.674122 94.2223 3
    endloop
  endfacet
  facet normal 0 0 1
    outer loop
      vertex 2.73214 92.6326 3
      vertex 0.569086 94.0564 3
      vertex 2.6075 92.4763 3
    endloop
  endfacet
  facet normal -0 0 1
    outer loop
      vertex 0.472316 93.8856 3
      vertex 2.6075 92.4763 3
      vertex 0.569086 94.0564 3
    endloop
  endfacet
  facet normal -0 0 1
    outer loop
      vertex 0.384044 93.7102 3
      vertex 2.6075 92.4763 3
      vertex 0.472316 93.8856 3
    endloop
  endfacet
  facet normal 0 0 1
    outer loop
      vertex 2.6075 92.4763 3
      vertex 0.384044 93.7102 3
      vertex 2.48934 92.3151 3
    endloop
  endfacet
  facet normal -0 0 1
    outer loop
      vertex 0.304482 93.5307 3
      vertex 2.48934 92.3151 3
      vertex 0.384044 93.7102 3
    endloop
  endfacet
  facet normal -0 0 1
    outer loop
      vertex 0.233824 93.3476 3
      vertex 2.48934 92.3151 3
      vertex 0.304482 93.5307 3
    endloop
  endfacet
  facet normal 0 0 1
    outer loop
      vertex 2.48934 92.3151 3
      vertex 0.233824 93.3476 3
      vertex 2.37786 92.1491 3
    endloop
  endfacet
  facet normal -0 0 1
    outer loop
      vertex 0.172239 93.1611 3
      vertex 2.37786 92.1491 3
      vertex 0.233824 93.3476 3
    endloop
  endfacet
  facet normal -0 0 1
    outer loop
      vertex 0.119876 92.9719 3
      vertex 2.37786 92.1491 3
      vertex 0.172239 93.1611 3
    endloop
  endfacet
  facet normal -0 0 1
    outer loop
      vertex 0.0768595 92.7804 3
      vertex 2.27323 91.9788 3
      vertex 0.119876 92.9719 3
    endloop
  endfacet
  facet normal 0 0 1
    outer loop
      vertex 2.37786 92.1491 3
      vertex 0.119876 92.9719 3
      vertex 2.27323 91.9788 3
    endloop
  endfacet
  facet normal 0 0 1
    outer loop
      vertex 3.14281 85.9308 3
      vertex 3.2 10.1208 3
      vertex 3.2 85.8792 3
    endloop
  endfacet
  facet normal 0 0 1
    outer loop
      vertex 3.14281 85.9308 3
      vertex 3.14281 10.0692 3
      vertex 3.2 10.1208 3
    endloop
  endfacet
  facet normal 0 0 1
    outer loop
      vertex 3.00002 86.0707 3
      vertex 3.14281 10.0692 3
      vertex 3.14281 85.9308 3
    endloop
  endfacet
  facet normal 0 0 1
    outer loop
      vertex 3.00002 86.0707 3
      vertex 3.00002 9.9293 3
      vertex 3.14281 10.0692 3
    endloop
  endfacet
  facet normal 0 0 1
    outer loop
      vertex 2.86305 86.2163 3
      vertex 3.00002 9.9293 3
      vertex 3.00002 86.0707 3
    endloop
  endfacet
  facet normal 0 0 1
    outer loop
      vertex 2.86305 86.2163 3
      vertex 2.86305 9.78369 3
      vertex 3.00002 9.9293 3
    endloop
  endfacet
  facet normal 0 0 1
    outer loop
      vertex 2.73214 86.3674 3
      vertex 2.86305 9.78369 3
      vertex 2.86305 86.2163 3
    endloop
  endfacet
  facet normal 0 0 1
    outer loop
      vertex 2.73214 86.3674 3
      vertex 2.73214 9.63261 3
      vertex 2.86305 9.78369 3
    endloop
  endfacet
  facet normal 0 0 1
    outer loop
      vertex 2.6075 86.5237 3
      vertex 2.73214 9.63261 3
      vertex 2.73214 86.3674 3
    endloop
  endfacet
  facet normal 0 0 1
    outer loop
      vertex 2.6075 86.5237 3
      vertex 2.6075 9.47632 3
      vertex 2.73214 9.63261 3
    endloop
  endfacet
  facet normal 0 0 1
    outer loop
      vertex 2.48934 86.6849 3
      vertex 2.6075 9.47632 3
      vertex 2.6075 86.5237 3
    endloop
  endfacet
  facet normal 0 0 1
    outer loop
      vertex 2.48934 86.6849 3
      vertex 2.48934 9.31507 3
      vertex 2.6075 9.47632 3
    endloop
  endfacet
  facet normal 0 0 1
    outer loop
      vertex 2.37786 86.8509 3
      vertex 2.48934 9.31507 3
      vertex 2.48934 86.6849 3
    endloop
  endfacet
  facet normal 0 0 1
    outer loop
      vertex 2.37786 86.8509 3
      vertex 2.37786 9.14914 3
      vertex 2.48934 9.31507 3
    endloop
  endfacet
  facet normal 0 0 1
    outer loop
      vertex 2.27323 87.0212 3
      vertex 2.37786 9.14914 3
      vertex 2.37786 86.8509 3
    endloop
  endfacet
  facet normal 0 0 1
    outer loop
      vertex 2.27323 87.0212 3
      vertex 2.27323 8.9788 3
      vertex 2.37786 9.14914 3
    endloop
  endfacet
  facet normal 0 0 1
    outer loop
      vertex 2.17564 87.1957 3
      vertex 2.27323 8.9788 3
      vertex 2.27323 87.0212 3
    endloop
  endfacet
  facet normal 0 0 1
    outer loop
      vertex 2.17564 87.1957 3
      vertex 2.17564 8.80433 3
      vertex 2.27323 8.9788 3
    endloop
  endfacet
  facet normal 0 0 1
    outer loop
      vertex 2.08525 87.374 3
      vertex 2.17564 8.80433 3
      vertex 2.17564 87.1957 3
    endloop
  endfacet
  facet normal 0 0 1
    outer loop
      vertex 2.08525 87.374 3
      vertex 2.08525 8.62603 3
      vertex 2.17564 8.80433 3
    endloop
  endfacet
  facet normal 0 0 1
    outer loop
      vertex 2.00221 87.5558 3
      vertex 2.08525 8.62603 3
      vertex 2.08525 87.374 3
    endloop
  endfacet
  facet normal 0 0 1
    outer loop
      vertex 2.00221 87.5558 3
      vertex 2.00221 8.44419 3
      vertex 2.08525 8.62603 3
    endloop
  endfacet
  facet normal 0 0 1
    outer loop
      vertex 1.92665 87.7409 3
      vertex 2.00221 8.44419 3
      vertex 2.00221 87.5558 3
    endloop
  endfacet
  facet normal 0 0 1
    outer loop
      vertex 1.92665 87.7409 3
      vertex 1.92665 8.25911 3
      vertex 2.00221 8.44419 3
    endloop
  endfacet
  facet normal 0 0 1
    outer loop
      vertex 1.8587 87.9289 3
      vertex 1.92665 8.25911 3
      vertex 1.92665 87.7409 3
    endloop
  endfacet
  facet normal 0 0 1
    outer loop
      vertex 1.8587 87.9289 3
      vertex 1.8587 8.07111 3
      vertex 1.92665 8.25911 3
    endloop
  endfacet
  facet normal 0 0 1
    outer loop
      vertex 1.79848 88.1195 3
      vertex 1.8587 8.07111 3
      vertex 1.8587 87.9289 3
    endloop
  endfacet
  facet normal 0 0 1
    outer loop
      vertex 1.79848 88.1195 3
      vertex 1.79848 7.88049 3
      vertex 1.8587 8.07111 3
    endloop
  endfacet
  facet normal 0 0 1
    outer loop
      vertex 1.74609 88.3124 3
      vertex 1.79848 7.88049 3
      vertex 1.79848 88.1195 3
    endloop
  endfacet
  facet normal 0 0 1
    outer loop
      vertex 1.74609 88.3124 3
      vertex 1.74609 7.68757 3
      vertex 1.79848 7.88049 3
    endloop
  endfacet
  facet normal 0 0 1
    outer loop
      vertex 1.7016 88.5073 3
      vertex 1.74609 7.68757 3
      vertex 1.74609 88.3124 3
    endloop
  endfacet
  facet normal 0 0 1
    outer loop
      vertex 1.7016 88.5073 3
      vertex 1.7016 7.49268 3
      vertex 1.74609 7.68757 3
    endloop
  endfacet
  facet normal 0 0 1
    outer loop
      vertex 1.66511 88.7039 3
      vertex 1.7016 7.49268 3
      vertex 1.7016 88.5073 3
    endloop
  endfacet
  facet normal 0 0 1
    outer loop
      vertex 1.66511 88.7039 3
      vertex 1.66511 7.29613 3
      vertex 1.7016 7.49268 3
    endloop
  endfacet
  facet normal 0 0 1
    outer loop
      vertex 1.63666 88.9017 3
      vertex 1.66511 7.29613 3
      vertex 1.66511 88.7039 3
    endloop
  endfacet
  facet normal 0 0 1
    outer loop
      vertex 1.63666 88.9017 3
      vertex 1.63666 7.09826 3
      vertex 1.66511 7.29613 3
    endloop
  endfacet
  facet normal 0 0 1
    outer loop
      vertex 1.6163 89.1006 3
      vertex 1.63666 7.09826 3
      vertex 1.63666 88.9017 3
    endloop
  endfacet
  facet normal 0 0 1
    outer loop
      vertex 1.6163 89.1006 3
      vertex 1.6163 6.8994 3
      vertex 1.63666 7.09826 3
    endloop
  endfacet
  facet normal 0 0 1
    outer loop
      vertex 1.60408 89.3001 3
      vertex 1.6163 6.8994 3
      vertex 1.6163 89.1006 3
    endloop
  endfacet
  facet normal 0 0 1
    outer loop
      vertex 1.60408 89.3001 3
      vertex 1.60408 6.69986 3
      vertex 1.6163 6.8994 3
    endloop
  endfacet
  facet normal 0 0 1
    outer loop
      vertex 1.6 89.5 3
      vertex 1.60408 6.69986 3
      vertex 1.60408 89.3001 3
    endloop
  endfacet
  facet normal 0 0 1
    outer loop
      vertex 1.60408 6.69986 3
      vertex 1.6 89.5 3
      vertex 1.6 6.5 3
    endloop
  endfacet
  facet normal -0 0 1
    outer loop
      vertex 10.1216 3.2 3
      vertex 92.7 0 3
      vertex 92.7 3.2 3
    endloop
  endfacet
  facet normal -0 0 1
    outer loop
      vertex 9.99998 3.0707 3
      vertex 92.7 0 3
      vertex 10.1216 3.2 3
    endloop
  endfacet
  facet normal -0 0 1
    outer loop
      vertex 9.85719 2.93079 3
      vertex 92.7 0 3
      vertex 9.99998 3.0707 3
    endloop
  endfacet
  facet normal -0 0 1
    outer loop
      vertex 9.70882 2.79683 3
      vertex 92.7 0 3
      vertex 9.85719 2.93079 3
    endloop
  endfacet
  facet normal -0 0 1
    outer loop
      vertex 9.5551 2.66903 3
      vertex 92.7 0 3
      vertex 9.70882 2.79683 3
    endloop
  endfacet
  facet normal -0 0 1
    outer loop
      vertex 9.3963 2.5476 3
      vertex 92.7 0 3
      vertex 9.5551 2.66903 3
    endloop
  endfacet
  facet normal -0 0 1
    outer loop
      vertex 9.23267 2.43275 3
      vertex 92.7 0 3
      vertex 9.3963 2.5476 3
    endloop
  endfacet
  facet normal -0 0 1
    outer loop
      vertex 9.0645 2.32468 3
      vertex 92.7 0 3
      vertex 9.23267 2.43275 3
    endloop
  endfacet
  facet normal -0 0 1
    outer loop
      vertex 8.89206 2.22355 3
      vertex 92.7 0 3
      vertex 9.0645 2.32468 3
    endloop
  endfacet
  facet normal -0 0 1
    outer loop
      vertex 8.71564 2.12954 3
      vertex 92.7 0 3
      vertex 8.89206 2.22355 3
    endloop
  endfacet
  facet normal -0 0 1
    outer loop
      vertex 8.53553 2.0428 3
      vertex 92.7 0 3
      vertex 8.71564 2.12954 3
    endloop
  endfacet
  facet normal -0 0 1
    outer loop
      vertex 8.35204 1.96349 3
      vertex 92.7 0 3
      vertex 8.53553 2.0428 3
    endloop
  endfacet
  facet normal 0 0 1
    outer loop
      vertex 4 0 3
      vertex 8.35204 1.96349 3
      vertex 8.16546 1.89172 3
    endloop
  endfacet
  facet normal 0 0 1
    outer loop
      vertex 4 0 3
      vertex 8.16546 1.89172 3
      vertex 7.97611 1.82762 3
    endloop
  endfacet
  facet normal 0 0 1
    outer loop
      vertex 4 0 3
      vertex 7.97611 1.82762 3
      vertex 7.7843 1.7713 3
    endloop
  endfacet
  facet normal 0 0 1
    outer loop
      vertex 4 0 3
      vertex 7.7843 1.7713 3
      vertex 7.59035 1.72285 3
    endloop
  endfacet
  facet normal 0 0 1
    outer loop
      vertex 4 0 3
      vertex 7.59035 1.72285 3
      vertex 7.39459 1.68235 3
    endloop
  endfacet
  facet normal 0 0 1
    outer loop
      vertex 4 0 3
      vertex 7.39459 1.68235 3
      vertex 7.19734 1.64988 3
    endloop
  endfacet
  facet normal 0 0 1
    outer loop
      vertex 4 0 3
      vertex 7.19734 1.64988 3
      vertex 6.99893 1.62547 3
    endloop
  endfacet
  facet normal 0 0 1
    outer loop
      vertex 4 0 3
      vertex 6.99893 1.62547 3
      vertex 6.79969 1.60917 3
    endloop
  endfacet
  facet normal 0 0 1
    outer loop
      vertex 4 0 3
      vertex 6.79969 1.60917 3
      vertex 6.59995 1.60102 3
    endloop
  endfacet
  facet normal 0 0 1
    outer loop
      vertex 4 0 3
      vertex 6.59995 1.60102 3
      vertex 6.40005 1.60102 3
    endloop
  endfacet
  facet normal 0 0 1
    outer loop
      vertex 8.35204 1.96349 3
      vertex 4 0 3
      vertex 92.7 0 3
    endloop
  endfacet
  facet normal 0 0 1
    outer loop
      vertex 6.20031 1.60917 3
      vertex 4 0 3
      vertex 6.40005 1.60102 3
    endloop
  endfacet
  facet normal 0 0 1
    outer loop
      vertex 6.00107 1.62547 3
      vertex 4 0 3
      vertex 6.20031 1.60917 3
    endloop
  endfacet
  facet normal 0 0 1
    outer loop
      vertex 5.80266 1.64988 3
      vertex 4 0 3
      vertex 6.00107 1.62547 3
    endloop
  endfacet
  facet normal 0 0 1
    outer loop
      vertex 5.60541 1.68235 3
      vertex 4 0 3
      vertex 5.80266 1.64988 3
    endloop
  endfacet
  facet normal 0 0 1
    outer loop
      vertex 5.40965 1.72285 3
      vertex 4 0 3
      vertex 5.60541 1.68235 3
    endloop
  endfacet
  facet normal 0 0 1
    outer loop
      vertex 5.2157 1.7713 3
      vertex 4 0 3
      vertex 5.40965 1.72285 3
    endloop
  endfacet
  facet normal 0 0 1
    outer loop
      vertex 5.02389 1.82762 3
      vertex 4 0 3
      vertex 5.2157 1.7713 3
    endloop
  endfacet
  facet normal 0 0 1
    outer loop
      vertex 4.83454 1.89172 3
      vertex 4 0 3
      vertex 5.02389 1.82762 3
    endloop
  endfacet
  facet normal 0 0 1
    outer loop
      vertex 4.64796 1.96349 3
      vertex 4 0 3
      vertex 4.83454 1.89172 3
    endloop
  endfacet
  facet normal 0 0 1
    outer loop
      vertex 4.46447 2.0428 3
      vertex 4 0 3
      vertex 4.64796 1.96349 3
    endloop
  endfacet
  facet normal 0 0 1
    outer loop
      vertex 3.80373 0.00481892 3
      vertex 4.46447 2.0428 3
      vertex 4.28436 2.12954 3
    endloop
  endfacet
  facet normal 0 0 1
    outer loop
      vertex 3.60793 0.0192614 3
      vertex 4.28436 2.12954 3
      vertex 4.10794 2.22355 3
    endloop
  endfacet
  facet normal 0 0 1
    outer loop
      vertex 3.21964 0.0768595 3
      vertex 4.10794 2.22355 3
      vertex 3.9355 2.32468 3
    endloop
  endfacet
  facet normal 0 0 1
    outer loop
      vertex 4.46447 2.0428 3
      vertex 3.80373 0.00481892 3
      vertex 4 0 3
    endloop
  endfacet
  facet normal 0 0 1
    outer loop
      vertex 2.83886 0.172239 3
      vertex 3.9355 2.32468 3
      vertex 3.76733 2.43275 3
    endloop
  endfacet
  facet normal 0 0 1
    outer loop
      vertex 4.28436 2.12954 3
      vertex 3.60793 0.0192614 3
      vertex 3.80373 0.00481892 3
    endloop
  endfacet
  facet normal 0 0 1
    outer loop
      vertex 2.46927 0.304482 3
      vertex 3.76733 2.43275 3
      vertex 3.6037 2.5476 3
    endloop
  endfacet
  facet normal 0 0 1
    outer loop
      vertex 2.11441 0.472316 3
      vertex 3.6037 2.5476 3
      vertex 3.4449 2.66903 3
    endloop
  endfacet
  facet normal 0 0 1
    outer loop
      vertex 4.10794 2.22355 3
      vertex 3.41308 0.0432949 3
      vertex 3.60793 0.0192614 3
    endloop
  endfacet
  facet normal 0 0 1
    outer loop
      vertex 1.77772 0.674122 3
      vertex 3.4449 2.66903 3
      vertex 3.29118 2.79683 3
    endloop
  endfacet
  facet normal 0 0 1
    outer loop
      vertex 4.10794 2.22355 3
      vertex 3.21964 0.0768595 3
      vertex 3.41308 0.0432949 3
    endloop
  endfacet
  facet normal 0 0 1
    outer loop
      vertex 1.6172 0.78717 3
      vertex 3.29118 2.79683 3
      vertex 3.14281 2.93079 3
    endloop
  endfacet
  facet normal 0 0 1
    outer loop
      vertex 3.9355 2.32468 3
      vertex 3.02808 0.119876 3
      vertex 3.21964 0.0768595 3
    endloop
  endfacet
  facet normal 0 0 1
    outer loop
      vertex 1.31376 1.0362 3
      vertex 3.14281 2.93079 3
      vertex 3.00002 3.0707 3
    endloop
  endfacet
  facet normal 0 0 1
    outer loop
      vertex 1.0362 1.31376 3
      vertex 3.00002 3.0707 3
      vertex 2.86305 3.21631 3
    endloop
  endfacet
  facet normal 0 0 1
    outer loop
      vertex 3.9355 2.32468 3
      vertex 2.83886 0.172239 3
      vertex 3.02808 0.119876 3
    endloop
  endfacet
  facet normal 0 0 1
    outer loop
      vertex 0.78717 1.6172 3
      vertex 2.86305 3.21631 3
      vertex 2.73214 3.36739 3
    endloop
  endfacet
  facet normal 0 0 1
    outer loop
      vertex 3.76733 2.43275 3
      vertex 2.65244 0.233824 3
      vertex 2.83886 0.172239 3
    endloop
  endfacet
  facet normal 0 0 1
    outer loop
      vertex 0.569086 1.94359 3
      vertex 2.73214 3.36739 3
      vertex 2.6075 3.52368 3
    endloop
  endfacet
  facet normal 0 0 1
    outer loop
      vertex 0.384044 2.28978 3
      vertex 2.6075 3.52368 3
      vertex 2.48934 3.68493 3
    endloop
  endfacet
  facet normal 0 0 1
    outer loop
      vertex 3.76733 2.43275 3
      vertex 2.46927 0.304482 3
      vertex 2.65244 0.233824 3
    endloop
  endfacet
  facet normal 0 0 1
    outer loop
      vertex 0.233824 2.65244 3
      vertex 2.48934 3.68493 3
      vertex 2.37786 3.85086 3
    endloop
  endfacet
  facet normal 0 0 1
    outer loop
      vertex 3.6037 2.5476 3
      vertex 2.28978 0.384044 3
      vertex 2.46927 0.304482 3
    endloop
  endfacet
  facet normal 0 0 1
    outer loop
      vertex 0.119876 3.02808 3
      vertex 2.37786 3.85086 3
      vertex 2.27323 4.0212 3
    endloop
  endfacet
  facet normal 0 0 1
    outer loop
      vertex 0.0432949 3.41308 3
      vertex 2.27323 4.0212 3
      vertex 2.17564 4.19567 3
    endloop
  endfacet
  facet normal 0 0 1
    outer loop
      vertex 3.6037 2.5476 3
      vertex 2.11441 0.472316 3
      vertex 2.28978 0.384044 3
    endloop
  endfacet
  facet normal 0 0 1
    outer loop
      vertex 0.0192614 3.60793 3
      vertex 2.17564 4.19567 3
      vertex 2.08525 4.37397 3
    endloop
  endfacet
  facet normal 0 0 1
    outer loop
      vertex 0 4 3
      vertex 2.08525 4.37397 3
      vertex 2.00221 4.55581 3
    endloop
  endfacet
  facet normal 0 0 1
    outer loop
      vertex 3.4449 2.66903 3
      vertex 1.94359 0.569086 3
      vertex 2.11441 0.472316 3
    endloop
  endfacet
  facet normal 0 0 1
    outer loop
      vertex 0 4 3
      vertex 2.00221 4.55581 3
      vertex 1.92665 4.74089 3
    endloop
  endfacet
  facet normal 0 0 1
    outer loop
      vertex 0 4 3
      vertex 1.92665 4.74089 3
      vertex 1.8587 4.92889 3
    endloop
  endfacet
  facet normal 0 0 1
    outer loop
      vertex 0 4 3
      vertex 1.8587 4.92889 3
      vertex 1.79848 5.11951 3
    endloop
  endfacet
  facet normal 0 0 1
    outer loop
      vertex 3.4449 2.66903 3
      vertex 1.77772 0.674122 3
      vertex 1.94359 0.569086 3
    endloop
  endfacet
  facet normal 0 0 1
    outer loop
      vertex 0 4 3
      vertex 1.79848 5.11951 3
      vertex 1.74609 5.31243 3
    endloop
  endfacet
  facet normal 0 0 1
    outer loop
      vertex 0 4 3
      vertex 1.74609 5.31243 3
      vertex 1.7016 5.50732 3
    endloop
  endfacet
  facet normal 0 0 1
    outer loop
      vertex 0 4 3
      vertex 1.7016 5.50732 3
      vertex 1.66511 5.70387 3
    endloop
  endfacet
  facet normal 0 0 1
    outer loop
      vertex 0 4 3
      vertex 1.66511 5.70387 3
      vertex 1.63666 5.90174 3
    endloop
  endfacet
  facet normal 0 0 1
    outer loop
      vertex 3.29118 2.79683 3
      vertex 1.6172 0.78717 3
      vertex 1.77772 0.674122 3
    endloop
  endfacet
  facet normal 0 0 1
    outer loop
      vertex 0 4 3
      vertex 1.63666 5.90174 3
      vertex 1.6163 6.10061 3
    endloop
  endfacet
  facet normal 0 0 1
    outer loop
      vertex 0 4 3
      vertex 1.6163 6.10061 3
      vertex 1.60408 6.30014 3
    endloop
  endfacet
  facet normal 0 0 1
    outer loop
      vertex 0 4 3
      vertex 1.60408 6.30014 3
      vertex 1.6 6.5 3
    endloop
  endfacet
  facet normal 0 0 1
    outer loop
      vertex 3.14281 2.93079 3
      vertex 1.46243 0.907959 3
      vertex 1.6172 0.78717 3
    endloop
  endfacet
  facet normal 0 0 1
    outer loop
      vertex 1.6 89.5 3
      vertex 0 92 3
      vertex 1.6 6.5 3
    endloop
  endfacet
  facet normal -0 0 1
    outer loop
      vertex 0.0432949 92.5869 3
      vertex 2.27323 91.9788 3
      vertex 0.0768595 92.7804 3
    endloop
  endfacet
  facet normal 0 0 1
    outer loop
      vertex 0 4 3
      vertex 1.6 6.5 3
      vertex 0 92 3
    endloop
  endfacet
  facet normal 0 0 1
    outer loop
      vertex 2.27323 91.9788 3
      vertex 0.0432949 92.5869 3
      vertex 2.17564 91.8043 3
    endloop
  endfacet
  facet normal 0 0 1
    outer loop
      vertex 2.08525 4.37397 3
      vertex 0 4 3
      vertex 0.00481892 3.80373 3
    endloop
  endfacet
  facet normal -0 0 1
    outer loop
      vertex 0.0192614 92.3921 3
      vertex 2.17564 91.8043 3
      vertex 0.0432949 92.5869 3
    endloop
  endfacet
  facet normal 0 0 1
    outer loop
      vertex 3.14281 2.93079 3
      vertex 1.31376 1.0362 3
      vertex 1.46243 0.907959 3
    endloop
  endfacet
  facet normal 0 0 1
    outer loop
      vertex 2.17564 91.8043 3
      vertex 0.0192614 92.3921 3
      vertex 2.08525 91.626 3
    endloop
  endfacet
  facet normal 0 0 1
    outer loop
      vertex 3.00002 3.0707 3
      vertex 1.17157 1.17157 3
      vertex 1.31376 1.0362 3
    endloop
  endfacet
  facet normal -0 0 1
    outer loop
      vertex 0.00481892 92.1963 3
      vertex 2.08525 91.626 3
      vertex 0.0192614 92.3921 3
    endloop
  endfacet
  facet normal 0 0 1
    outer loop
      vertex 3.00002 3.0707 3
      vertex 1.0362 1.31376 3
      vertex 1.17157 1.17157 3
    endloop
  endfacet
  facet normal -0 0 1
    outer loop
      vertex 0 92 3
      vertex 2.08525 91.626 3
      vertex 0.00481892 92.1963 3
    endloop
  endfacet
  facet normal 0 0 1
    outer loop
      vertex 2.86305 3.21631 3
      vertex 0.907959 1.46243 3
      vertex 1.0362 1.31376 3
    endloop
  endfacet
  facet normal 0 0 1
    outer loop
      vertex 2.08525 91.626 3
      vertex 0 92 3
      vertex 2.00221 91.4442 3
    endloop
  endfacet
  facet normal 0 0 1
    outer loop
      vertex 2.86305 3.21631 3
      vertex 0.78717 1.6172 3
      vertex 0.907959 1.46243 3
    endloop
  endfacet
  facet normal 0 0 1
    outer loop
      vertex 2.00221 91.4442 3
      vertex 0 92 3
      vertex 1.92665 91.2591 3
    endloop
  endfacet
  facet normal 0 0 1
    outer loop
      vertex 2.73214 3.36739 3
      vertex 0.674122 1.77772 3
      vertex 0.78717 1.6172 3
    endloop
  endfacet
  facet normal 0 0 1
    outer loop
      vertex 1.92665 91.2591 3
      vertex 0 92 3
      vertex 1.8587 91.0711 3
    endloop
  endfacet
  facet normal 0 0 1
    outer loop
      vertex 2.73214 3.36739 3
      vertex 0.569086 1.94359 3
      vertex 0.674122 1.77772 3
    endloop
  endfacet
  facet normal 0 0 1
    outer loop
      vertex 1.8587 91.0711 3
      vertex 0 92 3
      vertex 1.79848 90.8805 3
    endloop
  endfacet
  facet normal 0 0 1
    outer loop
      vertex 2.6075 3.52368 3
      vertex 0.472316 2.11441 3
      vertex 0.569086 1.94359 3
    endloop
  endfacet
  facet normal 0 0 1
    outer loop
      vertex 1.79848 90.8805 3
      vertex 0 92 3
      vertex 1.74609 90.6876 3
    endloop
  endfacet
  facet normal 0 0 1
    outer loop
      vertex 2.6075 3.52368 3
      vertex 0.384044 2.28978 3
      vertex 0.472316 2.11441 3
    endloop
  endfacet
  facet normal 0 0 1
    outer loop
      vertex 1.74609 90.6876 3
      vertex 0 92 3
      vertex 1.7016 90.4927 3
    endloop
  endfacet
  facet normal 0 0 1
    outer loop
      vertex 2.48934 3.68493 3
      vertex 0.304482 2.46927 3
      vertex 0.384044 2.28978 3
    endloop
  endfacet
  facet normal 0 0 1
    outer loop
      vertex 1.7016 90.4927 3
      vertex 0 92 3
      vertex 1.66511 90.2961 3
    endloop
  endfacet
  facet normal 0 0 1
    outer loop
      vertex 2.48934 3.68493 3
      vertex 0.233824 2.65244 3
      vertex 0.304482 2.46927 3
    endloop
  endfacet
  facet normal 0 0 1
    outer loop
      vertex 1.66511 90.2961 3
      vertex 0 92 3
      vertex 1.63666 90.0983 3
    endloop
  endfacet
  facet normal 0 0 1
    outer loop
      vertex 2.37786 3.85086 3
      vertex 0.172239 2.83886 3
      vertex 0.233824 2.65244 3
    endloop
  endfacet
  facet normal 0 0 1
    outer loop
      vertex 1.63666 90.0983 3
      vertex 0 92 3
      vertex 1.6163 89.8994 3
    endloop
  endfacet
  facet normal 0 0 1
    outer loop
      vertex 2.37786 3.85086 3
      vertex 0.119876 3.02808 3
      vertex 0.172239 2.83886 3
    endloop
  endfacet
  facet normal 0 0 1
    outer loop
      vertex 1.6163 89.8994 3
      vertex 0 92 3
      vertex 1.60408 89.6999 3
    endloop
  endfacet
  facet normal 0 0 1
    outer loop
      vertex 2.27323 4.0212 3
      vertex 0.0768595 3.21964 3
      vertex 0.119876 3.02808 3
    endloop
  endfacet
  facet normal 0 0 1
    outer loop
      vertex 1.60408 89.6999 3
      vertex 0 92 3
      vertex 1.6 89.5 3
    endloop
  endfacet
  facet normal 0 0 1
    outer loop
      vertex 2.27323 4.0212 3
      vertex 0.0432949 3.41308 3
      vertex 0.0768595 3.21964 3
    endloop
  endfacet
  facet normal 0 0 1
    outer loop
      vertex 2.17564 4.19567 3
      vertex 0.0192614 3.60793 3
      vertex 0.0432949 3.41308 3
    endloop
  endfacet
  facet normal 0 0 1
    outer loop
      vertex 2.08525 4.37397 3
      vertex 0.00481892 3.80373 3
      vertex 0.0192614 3.60793 3
    endloop
  endfacet
  facet normal 0 0 1
    outer loop
      vertex 8.2 89.5 3
      vertex 11.4 89.5 3
      vertex 11.3959 89.6999 3
    endloop
  endfacet
  facet normal 0 0 1
    outer loop
      vertex 8.2 89.5 3
      vertex 11.3959 89.6999 3
      vertex 11.3837 89.8994 3
    endloop
  endfacet
  facet normal 0 0 1
    outer loop
      vertex 11.4 89.5 3
      vertex 8.2 89.5 3
      vertex 11.3959 89.3001 3
    endloop
  endfacet
  facet normal 0 0 1
    outer loop
      vertex 8.18851 89.6974 3
      vertex 11.3837 89.8994 3
      vertex 11.3633 90.0983 3
    endloop
  endfacet
  facet normal 0 0 1
    outer loop
      vertex 11.3959 89.3001 3
      vertex 8.2 89.5 3
      vertex 11.3837 89.1006 3
    endloop
  endfacet
  facet normal 0 0 1
    outer loop
      vertex 8.18851 89.6974 3
      vertex 11.3633 90.0983 3
      vertex 11.3349 90.2961 3
    endloop
  endfacet
  facet normal -0 0 1
    outer loop
      vertex 8.18851 89.3026 3
      vertex 11.3837 89.1006 3
      vertex 8.2 89.5 3
    endloop
  endfacet
  facet normal 0 0 1
    outer loop
      vertex 8.15418 89.892 3
      vertex 11.3349 90.2961 3
      vertex 11.2984 90.4927 3
    endloop
  endfacet
  facet normal 0 0 1
    outer loop
      vertex 11.3837 89.1006 3
      vertex 8.18851 89.3026 3
      vertex 11.3633 88.9017 3
    endloop
  endfacet
  facet normal 0 0 1
    outer loop
      vertex 8.15418 89.892 3
      vertex 11.2984 90.4927 3
      vertex 11.2539 90.6876 3
    endloop
  endfacet
  facet normal 0 0 1
    outer loop
      vertex 11.3633 88.9017 3
      vertex 8.18851 89.3026 3
      vertex 11.3349 88.7039 3
    endloop
  endfacet
  facet normal 0 0 1
    outer loop
      vertex 8.15418 89.892 3
      vertex 11.2539 90.6876 3
      vertex 11.2015 90.8805 3
    endloop
  endfacet
  facet normal -0 0 1
    outer loop
      vertex 8.15418 89.108 3
      vertex 11.3349 88.7039 3
      vertex 8.18851 89.3026 3
    endloop
  endfacet
  facet normal 0 0 1
    outer loop
      vertex 8.09748 90.0814 3
      vertex 11.2015 90.8805 3
      vertex 11.1413 91.0711 3
    endloop
  endfacet
  facet normal 0 0 1
    outer loop
      vertex 11.3349 88.7039 3
      vertex 8.15418 89.108 3
      vertex 11.2984 88.5073 3
    endloop
  endfacet
  facet normal 0 0 1
    outer loop
      vertex 8.09748 90.0814 3
      vertex 11.1413 91.0711 3
      vertex 11.0947 91.2 3
    endloop
  endfacet
  facet normal 0 0 1
    outer loop
      vertex 8.09748 90.0814 3
      vertex 11.0947 91.2 3
      vertex 11.0733 91.2591 3
    endloop
  endfacet
  facet normal 0 0 1
    outer loop
      vertex 11.2984 88.5073 3
      vertex 8.15418 89.108 3
      vertex 11.2539 88.3124 3
    endloop
  endfacet
  facet normal 0 0 1
    outer loop
      vertex 8.09748 90.0814 3
      vertex 11.0733 91.2591 3
      vertex 10.9978 91.4442 3
    endloop
  endfacet
  facet normal 0 0 1
    outer loop
      vertex 11.2539 88.3124 3
      vertex 8.15418 89.108 3
      vertex 11.2015 88.1195 3
    endloop
  endfacet
  facet normal 0 0 1
    outer loop
      vertex 8.01917 90.263 3
      vertex 10.9978 91.4442 3
      vertex 10.9147 91.626 3
    endloop
  endfacet
  facet normal -0 0 1
    outer loop
      vertex 8.09748 88.9186 3
      vertex 11.2015 88.1195 3
      vertex 8.15418 89.108 3
    endloop
  endfacet
  facet normal 0 0 1
    outer loop
      vertex 8.01917 90.263 3
      vertex 10.9147 91.626 3
      vertex 10.8244 91.8043 3
    endloop
  endfacet
  facet normal 0 0 1
    outer loop
      vertex 11.2015 88.1195 3
      vertex 8.09748 88.9186 3
      vertex 11.1413 87.9289 3
    endloop
  endfacet
  facet normal 0 0 1
    outer loop
      vertex 8.01917 90.263 3
      vertex 10.8244 91.8043 3
      vertex 10.7268 91.9788 3
    endloop
  endfacet
  facet normal 0 0 1
    outer loop
      vertex 11.1413 87.9289 3
      vertex 8.09748 88.9186 3
      vertex 11.0733 87.7409 3
    endloop
  endfacet
  facet normal 0 0 1
    outer loop
      vertex 7.92033 90.4342 3
      vertex 10.7268 91.9788 3
      vertex 10.6221 92.1491 3
    endloop
  endfacet
  facet normal 0 0 1
    outer loop
      vertex 11.0733 87.7409 3
      vertex 8.09748 88.9186 3
      vertex 10.9978 87.5558 3
    endloop
  endfacet
  facet normal 0 0 1
    outer loop
      vertex 7.92033 90.4342 3
      vertex 10.6221 92.1491 3
      vertex 10.5107 92.3151 3
    endloop
  endfacet
  facet normal -0 0 1
    outer loop
      vertex 8.01917 88.737 3
      vertex 10.9978 87.5558 3
      vertex 8.09748 88.9186 3
    endloop
  endfacet
  facet normal 0 0 1
    outer loop
      vertex 7.92033 90.4342 3
      vertex 10.5107 92.3151 3
      vertex 10.3925 92.4763 3
    endloop
  endfacet
  facet normal 0 0 1
    outer loop
      vertex 10.9978 87.5558 3
      vertex 8.01917 88.737 3
      vertex 10.9147 87.374 3
    endloop
  endfacet
  facet normal 0 0 1
    outer loop
      vertex 7.80227 90.5927 3
      vertex 10.3925 92.4763 3
      vertex 10.2679 92.6326 3
    endloop
  endfacet
  facet normal 0 0 1
    outer loop
      vertex 10.9147 87.374 3
      vertex 8.01917 88.737 3
      vertex 10.8244 87.1957 3
    endloop
  endfacet
  facet normal 0 0 1
    outer loop
      vertex 7.80227 90.5927 3
      vertex 10.2679 92.6326 3
      vertex 10.1369 92.7837 3
    endloop
  endfacet
  facet normal 0 0 1
    outer loop
      vertex 10.8244 87.1957 3
      vertex 8.01917 88.737 3
      vertex 10.7268 87.0212 3
    endloop
  endfacet
  facet normal 0 0 1
    outer loop
      vertex 7.80227 90.5927 3
      vertex 10.1369 92.7837 3
      vertex 10.1216 92.8 3
    endloop
  endfacet
  facet normal 0 0 1
    outer loop
      vertex 7.80227 90.5927 3
      vertex 10.1216 92.8 3
      vertex 9.99998 92.9293 3
    endloop
  endfacet
  facet normal -0 0 1
    outer loop
      vertex 7.92033 88.5658 3
      vertex 10.7268 87.0212 3
      vertex 8.01917 88.737 3
    endloop
  endfacet
  facet normal 0 0 1
    outer loop
      vertex 7.66661 90.7365 3
      vertex 9.99998 92.9293 3
      vertex 9.85719 93.0692 3
    endloop
  endfacet
  facet normal 0 0 1
    outer loop
      vertex 10.7268 87.0212 3
      vertex 7.92033 88.5658 3
      vertex 10.6221 86.8509 3
    endloop
  endfacet
  facet normal 0 0 1
    outer loop
      vertex 7.66661 90.7365 3
      vertex 9.85719 93.0692 3
      vertex 9.70882 93.2032 3
    endloop
  endfacet
  facet normal 0 0 1
    outer loop
      vertex 10.6221 86.8509 3
      vertex 7.92033 88.5658 3
      vertex 10.5107 86.6849 3
    endloop
  endfacet
  facet normal 0 0 1
    outer loop
      vertex 7.66661 90.7365 3
      vertex 9.70882 93.2032 3
      vertex 9.5551 93.331 3
    endloop
  endfacet
  facet normal 0 0 1
    outer loop
      vertex 10.5107 86.6849 3
      vertex 7.92033 88.5658 3
      vertex 10.3925 86.5237 3
    endloop
  endfacet
  facet normal 0 0 1
    outer loop
      vertex 7.51517 90.8636 3
      vertex 9.5551 93.331 3
      vertex 9.3963 93.4524 3
    endloop
  endfacet
  facet normal -0 0 1
    outer loop
      vertex 7.80227 88.4073 3
      vertex 10.3925 86.5237 3
      vertex 7.92033 88.5658 3
    endloop
  endfacet
  facet normal 0 0 1
    outer loop
      vertex 7.51517 90.8636 3
      vertex 9.3963 93.4524 3
      vertex 9.23267 93.5672 3
    endloop
  endfacet
  facet normal 0 0 1
    outer loop
      vertex 10.3925 86.5237 3
      vertex 7.80227 88.4073 3
      vertex 10.2679 86.3674 3
    endloop
  endfacet
  facet normal 0 0 1
    outer loop
      vertex 7.35 90.9722 3
      vertex 9.23267 93.5672 3
      vertex 9.0645 93.6753 3
    endloop
  endfacet
  facet normal 0 0 1
    outer loop
      vertex 10.2679 86.3674 3
      vertex 7.80227 88.4073 3
      vertex 10.1369 86.2163 3
    endloop
  endfacet
  facet normal 0 0 1
    outer loop
      vertex 7.35 90.9722 3
      vertex 9.0645 93.6753 3
      vertex 8.89206 93.7765 3
    endloop
  endfacet
  facet normal 0 0 1
    outer loop
      vertex 10.1369 86.2163 3
      vertex 7.80227 88.4073 3
      vertex 9.99998 86.0707 3
    endloop
  endfacet
  facet normal 0 0 1
    outer loop
      vertex 7.35 90.9722 3
      vertex 8.89206 93.7765 3
      vertex 8.71564 93.8705 3
    endloop
  endfacet
  facet normal -0 0 1
    outer loop
      vertex 7.66661 88.2635 3
      vertex 9.99998 86.0707 3
      vertex 7.80227 88.4073 3
    endloop
  endfacet
  facet normal 0 0 1
    outer loop
      vertex 7.17334 91.061 3
      vertex 8.71564 93.8705 3
      vertex 8.53553 93.9572 3
    endloop
  endfacet
  facet normal 0 0 1
    outer loop
      vertex 9.99998 86.0707 3
      vertex 7.66661 88.2635 3
      vertex 9.85719 85.9308 3
    endloop
  endfacet
  facet normal 0 0 1
    outer loop
      vertex 7.17334 91.061 3
      vertex 8.53553 93.9572 3
      vertex 8.35204 94.0365 3
    endloop
  endfacet
  facet normal 0 0 1
    outer loop
      vertex 9.85719 85.9308 3
      vertex 7.66661 88.2635 3
      vertex 9.70882 85.7968 3
    endloop
  endfacet
  facet normal 0 0 1
    outer loop
      vertex 9.70882 85.7968 3
      vertex 7.66661 88.2635 3
      vertex 9.5551 85.669 3
    endloop
  endfacet
  facet normal 0 0 1
    outer loop
      vertex 11.3837 89.8994 3
      vertex 8.18851 89.6974 3
      vertex 8.2 89.5 3
    endloop
  endfacet
  facet normal 0 0 1
    outer loop
      vertex 7.17334 91.061 3
      vertex 8.35204 94.0365 3
      vertex 8.16546 94.1083 3
    endloop
  endfacet
  facet normal 0 0 1
    outer loop
      vertex 11.3349 90.2961 3
      vertex 8.15418 89.892 3
      vertex 8.18851 89.6974 3
    endloop
  endfacet
  facet normal 0 0 1
    outer loop
      vertex 11.2015 90.8805 3
      vertex 8.09748 90.0814 3
      vertex 8.15418 89.892 3
    endloop
  endfacet
  facet normal 0 0 1
    outer loop
      vertex 10.9978 91.4442 3
      vertex 8.01917 90.263 3
      vertex 8.09748 90.0814 3
    endloop
  endfacet
  facet normal 0 0 1
    outer loop
      vertex 6.98757 91.1286 3
      vertex 8.16546 94.1083 3
      vertex 7.97611 94.1724 3
    endloop
  endfacet
  facet normal 0 0 1
    outer loop
      vertex 10.7268 91.9788 3
      vertex 7.92033 90.4342 3
      vertex 8.01917 90.263 3
    endloop
  endfacet
  facet normal 0 0 1
    outer loop
      vertex 10.3925 92.4763 3
      vertex 7.80227 90.5927 3
      vertex 7.92033 90.4342 3
    endloop
  endfacet
  facet normal 0 0 1
    outer loop
      vertex 6.98757 91.1286 3
      vertex 7.97611 94.1724 3
      vertex 7.7843 94.2287 3
    endloop
  endfacet
  facet normal 0 0 1
    outer loop
      vertex 9.99998 92.9293 3
      vertex 7.66661 90.7365 3
      vertex 7.80227 90.5927 3
    endloop
  endfacet
  facet normal 0 0 1
    outer loop
      vertex 6.98757 91.1286 3
      vertex 7.7843 94.2287 3
      vertex 7.59035 94.2771 3
    endloop
  endfacet
  facet normal 0 0 1
    outer loop
      vertex 9.5551 93.331 3
      vertex 7.51517 90.8636 3
      vertex 7.66661 90.7365 3
    endloop
  endfacet
  facet normal 0 0 1
    outer loop
      vertex 6.7952 91.1742 3
      vertex 7.59035 94.2771 3
      vertex 7.39459 94.3176 3
    endloop
  endfacet
  facet normal 0 0 1
    outer loop
      vertex 9.23267 93.5672 3
      vertex 7.35 90.9722 3
      vertex 7.51517 90.8636 3
    endloop
  endfacet
  facet normal 0 0 1
    outer loop
      vertex 6.7952 91.1742 3
      vertex 7.39459 94.3176 3
      vertex 7.19734 94.3501 3
    endloop
  endfacet
  facet normal 0 0 1
    outer loop
      vertex 8.71564 93.8705 3
      vertex 7.17334 91.061 3
      vertex 7.35 90.9722 3
    endloop
  endfacet
  facet normal 0 0 1
    outer loop
      vertex 6.7952 91.1742 3
      vertex 7.19734 94.3501 3
      vertex 6.99893 94.3745 3
    endloop
  endfacet
  facet normal 0 0 1
    outer loop
      vertex 8.16546 94.1083 3
      vertex 6.98757 91.1286 3
      vertex 7.17334 91.061 3
    endloop
  endfacet
  facet normal 0 0 1
    outer loop
      vertex 6.59885 91.1971 3
      vertex 6.99893 94.3745 3
      vertex 6.79969 94.3908 3
    endloop
  endfacet
  facet normal 0 0 1
    outer loop
      vertex 7.59035 94.2771 3
      vertex 6.7952 91.1742 3
      vertex 6.98757 91.1286 3
    endloop
  endfacet
  facet normal 0 0 1
    outer loop
      vertex 6.59885 91.1971 3
      vertex 6.79969 94.3908 3
      vertex 6.59995 94.399 3
    endloop
  endfacet
  facet normal 0 0 1
    outer loop
      vertex 6.99893 94.3745 3
      vertex 6.59885 91.1971 3
      vertex 6.7952 91.1742 3
    endloop
  endfacet
  facet normal 0 0 1
    outer loop
      vertex 6.59995 94.399 3
      vertex 6.40115 91.1971 3
      vertex 6.59885 91.1971 3
    endloop
  endfacet
  facet normal -0 0 1
    outer loop
      vertex 6.40005 94.399 3
      vertex 6.40115 91.1971 3
      vertex 6.59995 94.399 3
    endloop
  endfacet
  facet normal -0 0 1
    outer loop
      vertex 6.20031 94.3908 3
      vertex 6.40115 91.1971 3
      vertex 6.40005 94.399 3
    endloop
  endfacet
  facet normal -0 0 1
    outer loop
      vertex 6.00107 94.3745 3
      vertex 6.40115 91.1971 3
      vertex 6.20031 94.3908 3
    endloop
  endfacet
  facet normal 0 0 1
    outer loop
      vertex 6.40115 91.1971 3
      vertex 6.00107 94.3745 3
      vertex 6.2048 91.1742 3
    endloop
  endfacet
  facet normal -0 0 1
    outer loop
      vertex 5.80266 94.3501 3
      vertex 6.2048 91.1742 3
      vertex 6.00107 94.3745 3
    endloop
  endfacet
  facet normal -0 0 1
    outer loop
      vertex 5.60541 94.3176 3
      vertex 6.2048 91.1742 3
      vertex 5.80266 94.3501 3
    endloop
  endfacet
  facet normal -0 0 1
    outer loop
      vertex 5.40965 94.2771 3
      vertex 6.2048 91.1742 3
      vertex 5.60541 94.3176 3
    endloop
  endfacet
  facet normal 0 0 1
    outer loop
      vertex 6.2048 91.1742 3
      vertex 5.40965 94.2771 3
      vertex 6.01243 91.1286 3
    endloop
  endfacet
  facet normal -0 0 1
    outer loop
      vertex 5.2157 94.2287 3
      vertex 6.01243 91.1286 3
      vertex 5.40965 94.2771 3
    endloop
  endfacet
  facet normal -0 0 1
    outer loop
      vertex 5.02389 94.1724 3
      vertex 6.01243 91.1286 3
      vertex 5.2157 94.2287 3
    endloop
  endfacet
  facet normal -0 0 1
    outer loop
      vertex 4.83454 94.1083 3
      vertex 6.01243 91.1286 3
      vertex 5.02389 94.1724 3
    endloop
  endfacet
  facet normal 0 0 1
    outer loop
      vertex 6.01243 91.1286 3
      vertex 4.83454 94.1083 3
      vertex 5.82666 91.061 3
    endloop
  endfacet
  facet normal -0 0 1
    outer loop
      vertex 4.64796 94.0365 3
      vertex 5.82666 91.061 3
      vertex 4.83454 94.1083 3
    endloop
  endfacet
  facet normal -0 0 1
    outer loop
      vertex 4.46447 93.9572 3
      vertex 5.82666 91.061 3
      vertex 4.64796 94.0365 3
    endloop
  endfacet
  facet normal -0 0 1
    outer loop
      vertex 4.28436 93.8705 3
      vertex 5.82666 91.061 3
      vertex 4.46447 93.9572 3
    endloop
  endfacet
  facet normal 0 0 1
    outer loop
      vertex 5.82666 91.061 3
      vertex 4.28436 93.8705 3
      vertex 5.65 90.9722 3
    endloop
  endfacet
  facet normal -0 0 1
    outer loop
      vertex 4.10794 93.7765 3
      vertex 5.65 90.9722 3
      vertex 4.28436 93.8705 3
    endloop
  endfacet
  facet normal -0 0 1
    outer loop
      vertex 3.9355 93.6753 3
      vertex 5.65 90.9722 3
      vertex 4.10794 93.7765 3
    endloop
  endfacet
  facet normal -0 0 1
    outer loop
      vertex 3.76733 93.5672 3
      vertex 5.65 90.9722 3
      vertex 3.9355 93.6753 3
    endloop
  endfacet
  facet normal 0 0 1
    outer loop
      vertex 5.65 90.9722 3
      vertex 3.76733 93.5672 3
      vertex 5.48483 90.8636 3
    endloop
  endfacet
  facet normal -0 0 1
    outer loop
      vertex 3.6037 93.4524 3
      vertex 5.48483 90.8636 3
      vertex 3.76733 93.5672 3
    endloop
  endfacet
  facet normal -0 0 1
    outer loop
      vertex 3.4449 93.331 3
      vertex 5.48483 90.8636 3
      vertex 3.6037 93.4524 3
    endloop
  endfacet
  facet normal 0 0 1
    outer loop
      vertex 5.48483 90.8636 3
      vertex 3.4449 93.331 3
      vertex 5.33339 90.7365 3
    endloop
  endfacet
  facet normal -0 0 1
    outer loop
      vertex 3.29118 93.2032 3
      vertex 5.33339 90.7365 3
      vertex 3.4449 93.331 3
    endloop
  endfacet
  facet normal 0 0 1
    outer loop
      vertex 4.8 89.5 3
      vertex 4.64796 84.9635 3
      vertex 4.8 84.905 3
    endloop
  endfacet
  facet normal -0 0 1
    outer loop
      vertex 3.14281 93.0692 3
      vertex 5.33339 90.7365 3
      vertex 3.29118 93.2032 3
    endloop
  endfacet
  facet normal 0 0 1
    outer loop
      vertex 4.8 89.5 3
      vertex 4.46447 85.0428 3
      vertex 4.64796 84.9635 3
    endloop
  endfacet
  facet normal -0 0 1
    outer loop
      vertex 3.00002 92.9293 3
      vertex 5.33339 90.7365 3
      vertex 3.14281 93.0692 3
    endloop
  endfacet
  facet normal 0 0 1
    outer loop
      vertex 4.8 89.5 3
      vertex 4.28436 85.1295 3
      vertex 4.46447 85.0428 3
    endloop
  endfacet
  facet normal 0 0 1
    outer loop
      vertex 5.33339 90.7365 3
      vertex 3.00002 92.9293 3
      vertex 5.19773 90.5927 3
    endloop
  endfacet
  facet normal 0 0 1
    outer loop
      vertex 4.8 89.5 3
      vertex 4.10794 85.2235 3
      vertex 4.28436 85.1295 3
    endloop
  endfacet
  facet normal -0 0 1
    outer loop
      vertex 2.86305 92.7837 3
      vertex 5.19773 90.5927 3
      vertex 3.00002 92.9293 3
    endloop
  endfacet
  facet normal 0 0 1
    outer loop
      vertex 4.8 89.5 3
      vertex 3.9355 85.3247 3
      vertex 4.10794 85.2235 3
    endloop
  endfacet
  facet normal -0 0 1
    outer loop
      vertex 2.73214 92.6326 3
      vertex 5.19773 90.5927 3
      vertex 2.86305 92.7837 3
    endloop
  endfacet
  facet normal 0 0 1
    outer loop
      vertex 4.8 89.5 3
      vertex 3.76733 85.4328 3
      vertex 3.9355 85.3247 3
    endloop
  endfacet
  facet normal -0 0 1
    outer loop
      vertex 2.6075 92.4763 3
      vertex 5.19773 90.5927 3
      vertex 2.73214 92.6326 3
    endloop
  endfacet
  facet normal 0 0 1
    outer loop
      vertex 4.8 89.5 3
      vertex 3.6037 85.5476 3
      vertex 3.76733 85.4328 3
    endloop
  endfacet
  facet normal 0 0 1
    outer loop
      vertex 5.19773 90.5927 3
      vertex 2.6075 92.4763 3
      vertex 5.07967 90.4342 3
    endloop
  endfacet
  facet normal 0 0 1
    outer loop
      vertex 4.8 89.5 3
      vertex 3.4449 85.669 3
      vertex 3.6037 85.5476 3
    endloop
  endfacet
  facet normal -0 0 1
    outer loop
      vertex 2.48934 92.3151 3
      vertex 5.07967 90.4342 3
      vertex 2.6075 92.4763 3
    endloop
  endfacet
  facet normal 0 0 1
    outer loop
      vertex 4.8 89.5 3
      vertex 3.29118 85.7968 3
      vertex 3.4449 85.669 3
    endloop
  endfacet
  facet normal 0 0 1
    outer loop
      vertex 4.8 89.5 3
      vertex 3.2 85.8792 3
      vertex 3.29118 85.7968 3
    endloop
  endfacet
  facet normal -0 0 1
    outer loop
      vertex 2.37786 92.1491 3
      vertex 5.07967 90.4342 3
      vertex 2.48934 92.3151 3
    endloop
  endfacet
  facet normal -0 0 1
    outer loop
      vertex 2.27323 91.9788 3
      vertex 5.07967 90.4342 3
      vertex 2.37786 92.1491 3
    endloop
  endfacet
  facet normal 0 -0 1
    outer loop
      vertex 3.14281 85.9308 3
      vertex 4.8 89.5 3
      vertex 3.00002 86.0707 3
    endloop
  endfacet
  facet normal 0 0 1
    outer loop
      vertex 4.8 89.5 3
      vertex 3.14281 85.9308 3
      vertex 3.2 85.8792 3
    endloop
  endfacet
  facet normal 0 0 1
    outer loop
      vertex 5.07967 90.4342 3
      vertex 2.27323 91.9788 3
      vertex 4.98083 90.263 3
    endloop
  endfacet
  facet normal 0 0 1
    outer loop
      vertex 4.8 89.5 3
      vertex 2.86305 86.2163 3
      vertex 3.00002 86.0707 3
    endloop
  endfacet
  facet normal -0 0 1
    outer loop
      vertex 2.17564 91.8043 3
      vertex 4.98083 90.263 3
      vertex 2.27323 91.9788 3
    endloop
  endfacet
  facet normal 0 0 1
    outer loop
      vertex 4.8 89.5 3
      vertex 2.73214 86.3674 3
      vertex 2.86305 86.2163 3
    endloop
  endfacet
  facet normal -0 0 1
    outer loop
      vertex 2.08525 91.626 3
      vertex 4.98083 90.263 3
      vertex 2.17564 91.8043 3
    endloop
  endfacet
  facet normal 0 0 1
    outer loop
      vertex 4.8 89.5 3
      vertex 2.6075 86.5237 3
      vertex 2.73214 86.3674 3
    endloop
  endfacet
  facet normal -0 0 1
    outer loop
      vertex 2.00221 91.4442 3
      vertex 4.98083 90.263 3
      vertex 2.08525 91.626 3
    endloop
  endfacet
  facet normal 0 0 1
    outer loop
      vertex 4.8 89.5 3
      vertex 2.48934 86.6849 3
      vertex 2.6075 86.5237 3
    endloop
  endfacet
  facet normal 0 0 1
    outer loop
      vertex 4.98083 90.263 3
      vertex 2.00221 91.4442 3
      vertex 4.90252 90.0814 3
    endloop
  endfacet
  facet normal 0 0 1
    outer loop
      vertex 4.8 89.5 3
      vertex 2.37786 86.8509 3
      vertex 2.48934 86.6849 3
    endloop
  endfacet
  facet normal -0 0 1
    outer loop
      vertex 1.92665 91.2591 3
      vertex 4.90252 90.0814 3
      vertex 2.00221 91.4442 3
    endloop
  endfacet
  facet normal 0 0 1
    outer loop
      vertex 4.8 89.5 3
      vertex 2.27323 87.0212 3
      vertex 2.37786 86.8509 3
    endloop
  endfacet
  facet normal -0 0 1
    outer loop
      vertex 1.8587 91.0711 3
      vertex 4.90252 90.0814 3
      vertex 1.92665 91.2591 3
    endloop
  endfacet
  facet normal 0 0 1
    outer loop
      vertex 4.8 89.5 3
      vertex 2.17564 87.1957 3
      vertex 2.27323 87.0212 3
    endloop
  endfacet
  facet normal -0 0 1
    outer loop
      vertex 1.79848 90.8805 3
      vertex 4.90252 90.0814 3
      vertex 1.8587 91.0711 3
    endloop
  endfacet
  facet normal 0 0 1
    outer loop
      vertex 4.8 89.5 3
      vertex 2.08525 87.374 3
      vertex 2.17564 87.1957 3
    endloop
  endfacet
  facet normal 0 0 1
    outer loop
      vertex 4.90252 90.0814 3
      vertex 1.79848 90.8805 3
      vertex 4.84582 89.892 3
    endloop
  endfacet
  facet normal 0 0 1
    outer loop
      vertex 4.8 89.5 3
      vertex 2.00221 87.5558 3
      vertex 2.08525 87.374 3
    endloop
  endfacet
  facet normal -0 0 1
    outer loop
      vertex 1.74609 90.6876 3
      vertex 4.84582 89.892 3
      vertex 1.79848 90.8805 3
    endloop
  endfacet
  facet normal 0 0 1
    outer loop
      vertex 4.8 89.5 3
      vertex 1.92665 87.7409 3
      vertex 2.00221 87.5558 3
    endloop
  endfacet
  facet normal -0 0 1
    outer loop
      vertex 1.7016 90.4927 3
      vertex 4.84582 89.892 3
      vertex 1.74609 90.6876 3
    endloop
  endfacet
  facet normal 0 0 1
    outer loop
      vertex 4.8 89.5 3
      vertex 1.8587 87.9289 3
      vertex 1.92665 87.7409 3
    endloop
  endfacet
  facet normal -0 0 1
    outer loop
      vertex 1.66511 90.2961 3
      vertex 4.84582 89.892 3
      vertex 1.7016 90.4927 3
    endloop
  endfacet
  facet normal 0 0 1
    outer loop
      vertex 4.8 89.5 3
      vertex 1.79848 88.1195 3
      vertex 1.8587 87.9289 3
    endloop
  endfacet
  facet normal 0 0 1
    outer loop
      vertex 4.84582 89.892 3
      vertex 1.66511 90.2961 3
      vertex 4.81149 89.6974 3
    endloop
  endfacet
  facet normal 0 0 1
    outer loop
      vertex 4.8 89.5 3
      vertex 1.74609 88.3124 3
      vertex 1.79848 88.1195 3
    endloop
  endfacet
  facet normal -0 0 1
    outer loop
      vertex 1.63666 90.0983 3
      vertex 4.81149 89.6974 3
      vertex 1.66511 90.2961 3
    endloop
  endfacet
  facet normal 0 0 1
    outer loop
      vertex 4.8 89.5 3
      vertex 1.7016 88.5073 3
      vertex 1.74609 88.3124 3
    endloop
  endfacet
  facet normal -0 0 1
    outer loop
      vertex 1.6163 89.8994 3
      vertex 4.81149 89.6974 3
      vertex 1.63666 90.0983 3
    endloop
  endfacet
  facet normal 0 0 1
    outer loop
      vertex 4.8 89.5 3
      vertex 1.66511 88.7039 3
      vertex 1.7016 88.5073 3
    endloop
  endfacet
  facet normal 0 0 1
    outer loop
      vertex 4.81149 89.6974 3
      vertex 1.6163 89.8994 3
      vertex 4.8 89.5 3
    endloop
  endfacet
  facet normal 0 0 1
    outer loop
      vertex 4.8 89.5 3
      vertex 1.63666 88.9017 3
      vertex 1.66511 88.7039 3
    endloop
  endfacet
  facet normal -0 0 1
    outer loop
      vertex 1.60408 89.6999 3
      vertex 4.8 89.5 3
      vertex 1.6163 89.8994 3
    endloop
  endfacet
  facet normal 0 0 1
    outer loop
      vertex 4.8 89.5 3
      vertex 1.6163 89.1006 3
      vertex 1.63666 88.9017 3
    endloop
  endfacet
  facet normal 0 0 1
    outer loop
      vertex 1.6 89.5 3
      vertex 4.8 89.5 3
      vertex 1.60408 89.6999 3
    endloop
  endfacet
  facet normal 0 0 1
    outer loop
      vertex 4.8 89.5 3
      vertex 1.60408 89.3001 3
      vertex 1.6163 89.1006 3
    endloop
  endfacet
  facet normal 0 0 1
    outer loop
      vertex 4.8 89.5 3
      vertex 1.6 89.5 3
      vertex 1.60408 89.3001 3
    endloop
  endfacet
  facet normal -0 0 1
    outer loop
      vertex 7.51517 88.1364 3
      vertex 9.5551 85.669 3
      vertex 7.66661 88.2635 3
    endloop
  endfacet
  facet normal 0 0 1
    outer loop
      vertex 9.5551 85.669 3
      vertex 7.51517 88.1364 3
      vertex 9.3963 85.5476 3
    endloop
  endfacet
  facet normal 0 0 1
    outer loop
      vertex 9.3963 85.5476 3
      vertex 7.51517 88.1364 3
      vertex 9.23267 85.4328 3
    endloop
  endfacet
  facet normal -0 0 1
    outer loop
      vertex 7.35 88.0278 3
      vertex 9.23267 85.4328 3
      vertex 7.51517 88.1364 3
    endloop
  endfacet
  facet normal 0 0 1
    outer loop
      vertex 9.23267 85.4328 3
      vertex 7.35 88.0278 3
      vertex 9.0645 85.3247 3
    endloop
  endfacet
  facet normal 0 0 1
    outer loop
      vertex 9.0645 85.3247 3
      vertex 7.35 88.0278 3
      vertex 8.89206 85.2235 3
    endloop
  endfacet
  facet normal 0 0 1
    outer loop
      vertex 8.89206 85.2235 3
      vertex 7.35 88.0278 3
      vertex 8.71564 85.1295 3
    endloop
  endfacet
  facet normal -0 0 1
    outer loop
      vertex 7.17334 87.939 3
      vertex 8.71564 85.1295 3
      vertex 7.35 88.0278 3
    endloop
  endfacet
  facet normal 0 0 1
    outer loop
      vertex 8.71564 85.1295 3
      vertex 7.17334 87.939 3
      vertex 8.53553 85.0428 3
    endloop
  endfacet
  facet normal 0 0 1
    outer loop
      vertex 8.53553 85.0428 3
      vertex 7.17334 87.939 3
      vertex 8.35204 84.9635 3
    endloop
  endfacet
  facet normal 0 0 1
    outer loop
      vertex 8.35204 84.9635 3
      vertex 7.17334 87.939 3
      vertex 8.16546 84.8917 3
    endloop
  endfacet
  facet normal -0 0 1
    outer loop
      vertex 6.98757 87.8714 3
      vertex 8.16546 84.8917 3
      vertex 7.17334 87.939 3
    endloop
  endfacet
  facet normal 0 0 1
    outer loop
      vertex 8.16546 84.8917 3
      vertex 6.98757 87.8714 3
      vertex 7.97611 84.8276 3
    endloop
  endfacet
  facet normal 0 0 1
    outer loop
      vertex 7.97611 84.8276 3
      vertex 6.98757 87.8714 3
      vertex 7.7843 84.7713 3
    endloop
  endfacet
  facet normal 0 0 1
    outer loop
      vertex 7.7843 84.7713 3
      vertex 6.98757 87.8714 3
      vertex 7.59035 84.7229 3
    endloop
  endfacet
  facet normal -0 0 1
    outer loop
      vertex 6.7952 87.8258 3
      vertex 7.59035 84.7229 3
      vertex 6.98757 87.8714 3
    endloop
  endfacet
  facet normal 0 0 1
    outer loop
      vertex 7.59035 84.7229 3
      vertex 6.7952 87.8258 3
      vertex 7.39459 84.6824 3
    endloop
  endfacet
  facet normal 0 0 1
    outer loop
      vertex 7.39459 84.6824 3
      vertex 6.7952 87.8258 3
      vertex 7.19734 84.6499 3
    endloop
  endfacet
  facet normal 0 0 1
    outer loop
      vertex 7.19734 84.6499 3
      vertex 6.7952 87.8258 3
      vertex 6.99893 84.6255 3
    endloop
  endfacet
  facet normal -0 0 1
    outer loop
      vertex 6.59885 87.8029 3
      vertex 6.99893 84.6255 3
      vertex 6.7952 87.8258 3
    endloop
  endfacet
  facet normal 0 0 1
    outer loop
      vertex 6.99893 84.6255 3
      vertex 6.59885 87.8029 3
      vertex 6.79969 84.6092 3
    endloop
  endfacet
  facet normal 0 0 1
    outer loop
      vertex 6.79969 84.6092 3
      vertex 6.59885 87.8029 3
      vertex 6.59995 84.601 3
    endloop
  endfacet
  facet normal -0 0 1
    outer loop
      vertex 6.40115 87.8029 3
      vertex 6.59995 84.601 3
      vertex 6.59885 87.8029 3
    endloop
  endfacet
  facet normal 0 0 1
    outer loop
      vertex 6.40115 87.8029 3
      vertex 6.40005 84.601 3
      vertex 6.59995 84.601 3
    endloop
  endfacet
  facet normal 0 0 1
    outer loop
      vertex 6.00107 84.6255 3
      vertex 6.40115 87.8029 3
      vertex 6.2048 87.8258 3
    endloop
  endfacet
  facet normal 0 0 1
    outer loop
      vertex 6.40115 87.8029 3
      vertex 6.20031 84.6092 3
      vertex 6.40005 84.601 3
    endloop
  endfacet
  facet normal 0 0 1
    outer loop
      vertex 5.40965 84.7229 3
      vertex 6.2048 87.8258 3
      vertex 6.01243 87.8714 3
    endloop
  endfacet
  facet normal 0 0 1
    outer loop
      vertex 6.40115 87.8029 3
      vertex 6.00107 84.6255 3
      vertex 6.20031 84.6092 3
    endloop
  endfacet
  facet normal 0 0 1
    outer loop
      vertex 4.8 84.905 3
      vertex 6.01243 87.8714 3
      vertex 5.82666 87.939 3
    endloop
  endfacet
  facet normal 0 0 1
    outer loop
      vertex 6.2048 87.8258 3
      vertex 5.80266 84.6499 3
      vertex 6.00107 84.6255 3
    endloop
  endfacet
  facet normal 0 0 1
    outer loop
      vertex 4.8 84.905 3
      vertex 5.82666 87.939 3
      vertex 5.65 88.0278 3
    endloop
  endfacet
  facet normal 0 0 1
    outer loop
      vertex 6.2048 87.8258 3
      vertex 5.60541 84.6824 3
      vertex 5.80266 84.6499 3
    endloop
  endfacet
  facet normal 0 0 1
    outer loop
      vertex 4.8 84.905 3
      vertex 5.65 88.0278 3
      vertex 5.48483 88.1364 3
    endloop
  endfacet
  facet normal 0 0 1
    outer loop
      vertex 6.2048 87.8258 3
      vertex 5.40965 84.7229 3
      vertex 5.60541 84.6824 3
    endloop
  endfacet
  facet normal 0 0 1
    outer loop
      vertex 4.8 84.905 3
      vertex 5.48483 88.1364 3
      vertex 5.33339 88.2635 3
    endloop
  endfacet
  facet normal 0 0 1
    outer loop
      vertex 6.01243 87.8714 3
      vertex 5.2157 84.7713 3
      vertex 5.40965 84.7229 3
    endloop
  endfacet
  facet normal 0 0 1
    outer loop
      vertex 4.8 84.905 3
      vertex 5.33339 88.2635 3
      vertex 5.19773 88.4073 3
    endloop
  endfacet
  facet normal 0 0 1
    outer loop
      vertex 4.8 84.905 3
      vertex 5.19773 88.4073 3
      vertex 5.07967 88.5658 3
    endloop
  endfacet
  facet normal 0 0 1
    outer loop
      vertex 6.01243 87.8714 3
      vertex 5.02389 84.8276 3
      vertex 5.2157 84.7713 3
    endloop
  endfacet
  facet normal 0 0 1
    outer loop
      vertex 4.8 84.905 3
      vertex 5.07967 88.5658 3
      vertex 4.98083 88.737 3
    endloop
  endfacet
  facet normal 0 0 1
    outer loop
      vertex 4.8 84.905 3
      vertex 4.98083 88.737 3
      vertex 4.90252 88.9186 3
    endloop
  endfacet
  facet normal 0 0 1
    outer loop
      vertex 4.8 84.905 3
      vertex 4.90252 88.9186 3
      vertex 4.84582 89.108 3
    endloop
  endfacet
  facet normal 0 0 1
    outer loop
      vertex 6.01243 87.8714 3
      vertex 4.83454 84.8917 3
      vertex 5.02389 84.8276 3
    endloop
  endfacet
  facet normal 0 0 1
    outer loop
      vertex 4.8 84.905 3
      vertex 4.84582 89.108 3
      vertex 4.81149 89.3026 3
    endloop
  endfacet
  facet normal 0 0 1
    outer loop
      vertex 4.8 84.905 3
      vertex 4.81149 89.3026 3
      vertex 4.8 89.5 3
    endloop
  endfacet
  facet normal 0 0 1
    outer loop
      vertex 6.01243 87.8714 3
      vertex 4.8 84.905 3
      vertex 4.83454 84.8917 3
    endloop
  endfacet
  facet normal 0 0 1
    outer loop
      vertex 11.3633 88.9017 3
      vertex 92.7 91.2 3
      vertex 11.3837 89.1006 3
    endloop
  endfacet
  facet normal 0 0 1
    outer loop
      vertex 92.7 4.8 3
      vertex 11.3959 6.69986 3
      vertex 11.4 6.5 3
    endloop
  endfacet
  facet normal 0 0 1
    outer loop
      vertex 11.3349 88.7039 3
      vertex 92.7 91.2 3
      vertex 11.3633 88.9017 3
    endloop
  endfacet
  facet normal 0 0 1
    outer loop
      vertex 92.7 4.8 3
      vertex 11.3837 6.8994 3
      vertex 11.3959 6.69986 3
    endloop
  endfacet
  facet normal 0 0 1
    outer loop
      vertex 11.2984 88.5073 3
      vertex 92.7 91.2 3
      vertex 11.3349 88.7039 3
    endloop
  endfacet
  facet normal 0 0 1
    outer loop
      vertex 92.7 4.8 3
      vertex 11.3633 7.09826 3
      vertex 11.3837 6.8994 3
    endloop
  endfacet
  facet normal 0 0 1
    outer loop
      vertex 11.2539 88.3124 3
      vertex 92.7 91.2 3
      vertex 11.2984 88.5073 3
    endloop
  endfacet
  facet normal 0 0 1
    outer loop
      vertex 92.7 4.8 3
      vertex 11.3349 7.29613 3
      vertex 11.3633 7.09826 3
    endloop
  endfacet
  facet normal 0 0 1
    outer loop
      vertex 11.2015 88.1195 3
      vertex 92.7 91.2 3
      vertex 11.2539 88.3124 3
    endloop
  endfacet
  facet normal 0 0 1
    outer loop
      vertex 92.7 4.8 3
      vertex 11.2984 7.49268 3
      vertex 11.3349 7.29613 3
    endloop
  endfacet
  facet normal 0 0 1
    outer loop
      vertex 11.1413 87.9289 3
      vertex 92.7 91.2 3
      vertex 11.2015 88.1195 3
    endloop
  endfacet
  facet normal 0 0 1
    outer loop
      vertex 92.7 4.8 3
      vertex 11.2539 7.68757 3
      vertex 11.2984 7.49268 3
    endloop
  endfacet
  facet normal 0 0 1
    outer loop
      vertex 11.0733 87.7409 3
      vertex 92.7 91.2 3
      vertex 11.1413 87.9289 3
    endloop
  endfacet
  facet normal 0 0 1
    outer loop
      vertex 92.7 4.8 3
      vertex 11.2015 7.88049 3
      vertex 11.2539 7.68757 3
    endloop
  endfacet
  facet normal 0 0 1
    outer loop
      vertex 10.9978 87.5558 3
      vertex 92.7 91.2 3
      vertex 11.0733 87.7409 3
    endloop
  endfacet
  facet normal 0 0 1
    outer loop
      vertex 92.7 4.8 3
      vertex 11.1413 8.07111 3
      vertex 11.2015 7.88049 3
    endloop
  endfacet
  facet normal 0 0 1
    outer loop
      vertex 10.9147 87.374 3
      vertex 92.7 91.2 3
      vertex 10.9978 87.5558 3
    endloop
  endfacet
  facet normal 0 0 1
    outer loop
      vertex 92.7 4.8 3
      vertex 11.0733 8.25911 3
      vertex 11.1413 8.07111 3
    endloop
  endfacet
  facet normal 0 0 1
    outer loop
      vertex 10.8244 87.1957 3
      vertex 92.7 91.2 3
      vertex 10.9147 87.374 3
    endloop
  endfacet
  facet normal 0 0 1
    outer loop
      vertex 92.7 4.8 3
      vertex 10.9978 8.44419 3
      vertex 11.0733 8.25911 3
    endloop
  endfacet
  facet normal 0 0 1
    outer loop
      vertex 10.7268 87.0212 3
      vertex 92.7 91.2 3
      vertex 10.8244 87.1957 3
    endloop
  endfacet
  facet normal 0 0 1
    outer loop
      vertex 92.7 4.8 3
      vertex 10.9147 8.62603 3
      vertex 10.9978 8.44419 3
    endloop
  endfacet
  facet normal 0 0 1
    outer loop
      vertex 10.6221 86.8509 3
      vertex 92.7 91.2 3
      vertex 10.7268 87.0212 3
    endloop
  endfacet
  facet normal 0 0 1
    outer loop
      vertex 92.7 4.8 3
      vertex 10.8244 8.80433 3
      vertex 10.9147 8.62603 3
    endloop
  endfacet
  facet normal 0 0 1
    outer loop
      vertex 10.5107 86.6849 3
      vertex 92.7 91.2 3
      vertex 10.6221 86.8509 3
    endloop
  endfacet
  facet normal 0 0 1
    outer loop
      vertex 92.7 4.8 3
      vertex 10.7268 8.9788 3
      vertex 10.8244 8.80433 3
    endloop
  endfacet
  facet normal 0 0 1
    outer loop
      vertex 10.3925 86.5237 3
      vertex 92.7 91.2 3
      vertex 10.5107 86.6849 3
    endloop
  endfacet
  facet normal 0 0 1
    outer loop
      vertex 92.7 4.8 3
      vertex 10.6221 9.14914 3
      vertex 10.7268 8.9788 3
    endloop
  endfacet
  facet normal 0 0 1
    outer loop
      vertex 10.2679 86.3674 3
      vertex 92.7 91.2 3
      vertex 10.3925 86.5237 3
    endloop
  endfacet
  facet normal 0 0 1
    outer loop
      vertex 92.7 4.8 3
      vertex 10.5107 9.31507 3
      vertex 10.6221 9.14914 3
    endloop
  endfacet
  facet normal 0 0 1
    outer loop
      vertex 92.7 91.2 3
      vertex 10.2679 86.3674 3
      vertex 92.7 4.8 3
    endloop
  endfacet
  facet normal 0 0 1
    outer loop
      vertex 92.7 4.8 3
      vertex 10.3925 9.47632 3
      vertex 10.5107 9.31507 3
    endloop
  endfacet
  facet normal -0 0 1
    outer loop
      vertex 10.2679 9.63261 3
      vertex 92.7 4.8 3
      vertex 10.2679 86.3674 3
    endloop
  endfacet
  facet normal 0 0 1
    outer loop
      vertex 92.7 4.8 3
      vertex 10.2679 9.63261 3
      vertex 10.3925 9.47632 3
    endloop
  endfacet
  facet normal -0 0 1
    outer loop
      vertex 10.1369 86.2163 3
      vertex 10.2679 9.63261 3
      vertex 10.2679 86.3674 3
    endloop
  endfacet
  facet normal 0 0 1
    outer loop
      vertex 10.1369 86.2163 3
      vertex 10.1369 9.78369 3
      vertex 10.2679 9.63261 3
    endloop
  endfacet
  facet normal -0 0 1
    outer loop
      vertex 9.99998 86.0707 3
      vertex 10.1369 9.78369 3
      vertex 10.1369 86.2163 3
    endloop
  endfacet
  facet normal 0 0 1
    outer loop
      vertex 9.99998 86.0707 3
      vertex 9.99998 9.9293 3
      vertex 10.1369 9.78369 3
    endloop
  endfacet
  facet normal -0 0 1
    outer loop
      vertex 9.85719 85.9308 3
      vertex 9.99998 9.9293 3
      vertex 9.99998 86.0707 3
    endloop
  endfacet
  facet normal 0 0 1
    outer loop
      vertex 9.85719 85.9308 3
      vertex 9.85719 10.0692 3
      vertex 9.99998 9.9293 3
    endloop
  endfacet
  facet normal -0 0 1
    outer loop
      vertex 9.70882 85.7968 3
      vertex 9.85719 10.0692 3
      vertex 9.85719 85.9308 3
    endloop
  endfacet
  facet normal 0 0 1
    outer loop
      vertex 9.70882 85.7968 3
      vertex 9.70882 10.2032 3
      vertex 9.85719 10.0692 3
    endloop
  endfacet
  facet normal -0 0 1
    outer loop
      vertex 9.5551 85.669 3
      vertex 9.70882 10.2032 3
      vertex 9.70882 85.7968 3
    endloop
  endfacet
  facet normal 0 0 1
    outer loop
      vertex 9.5551 85.669 3
      vertex 9.5551 10.331 3
      vertex 9.70882 10.2032 3
    endloop
  endfacet
  facet normal -0 0 1
    outer loop
      vertex 9.3963 85.5476 3
      vertex 9.5551 10.331 3
      vertex 9.5551 85.669 3
    endloop
  endfacet
  facet normal 0 0 1
    outer loop
      vertex 9.3963 85.5476 3
      vertex 9.3963 10.4524 3
      vertex 9.5551 10.331 3
    endloop
  endfacet
  facet normal -0 0 1
    outer loop
      vertex 9.23267 85.4328 3
      vertex 9.3963 10.4524 3
      vertex 9.3963 85.5476 3
    endloop
  endfacet
  facet normal 0 0 1
    outer loop
      vertex 9.23267 85.4328 3
      vertex 9.23267 10.5672 3
      vertex 9.3963 10.4524 3
    endloop
  endfacet
  facet normal -0 0 1
    outer loop
      vertex 9.0645 85.3247 3
      vertex 9.23267 10.5672 3
      vertex 9.23267 85.4328 3
    endloop
  endfacet
  facet normal 0 0 1
    outer loop
      vertex 9.0645 85.3247 3
      vertex 9.0645 10.6753 3
      vertex 9.23267 10.5672 3
    endloop
  endfacet
  facet normal -0 0 1
    outer loop
      vertex 8.89206 85.2235 3
      vertex 9.0645 10.6753 3
      vertex 9.0645 85.3247 3
    endloop
  endfacet
  facet normal 0 0 1
    outer loop
      vertex 8.89206 85.2235 3
      vertex 8.89206 10.7765 3
      vertex 9.0645 10.6753 3
    endloop
  endfacet
  facet normal -0 0 1
    outer loop
      vertex 8.71564 85.1295 3
      vertex 8.89206 10.7765 3
      vertex 8.89206 85.2235 3
    endloop
  endfacet
  facet normal 0 0 1
    outer loop
      vertex 8.71564 85.1295 3
      vertex 8.71564 10.8705 3
      vertex 8.89206 10.7765 3
    endloop
  endfacet
  facet normal -0 0 1
    outer loop
      vertex 8.53553 85.0428 3
      vertex 8.71564 10.8705 3
      vertex 8.71564 85.1295 3
    endloop
  endfacet
  facet normal 0 0 1
    outer loop
      vertex 8.53553 85.0428 3
      vertex 8.53553 10.9572 3
      vertex 8.71564 10.8705 3
    endloop
  endfacet
  facet normal -0 0 1
    outer loop
      vertex 8.35204 84.9635 3
      vertex 8.53553 10.9572 3
      vertex 8.53553 85.0428 3
    endloop
  endfacet
  facet normal 0 0 1
    outer loop
      vertex 8.35204 84.9635 3
      vertex 8.35204 11.0365 3
      vertex 8.53553 10.9572 3
    endloop
  endfacet
  facet normal -0 0 1
    outer loop
      vertex 8.16546 84.8917 3
      vertex 8.35204 11.0365 3
      vertex 8.35204 84.9635 3
    endloop
  endfacet
  facet normal 0 0 1
    outer loop
      vertex 8.16546 84.8917 3
      vertex 8.16546 11.1083 3
      vertex 8.35204 11.0365 3
    endloop
  endfacet
  facet normal -0 0 1
    outer loop
      vertex 7.97611 84.8276 3
      vertex 8.16546 11.1083 3
      vertex 8.16546 84.8917 3
    endloop
  endfacet
  facet normal 0 0 1
    outer loop
      vertex 7.97611 84.8276 3
      vertex 7.97611 11.1724 3
      vertex 8.16546 11.1083 3
    endloop
  endfacet
  facet normal -0 0 1
    outer loop
      vertex 7.7843 84.7713 3
      vertex 7.97611 11.1724 3
      vertex 7.97611 84.8276 3
    endloop
  endfacet
  facet normal 0 0 1
    outer loop
      vertex 7.7843 84.7713 3
      vertex 7.7843 11.2287 3
      vertex 7.97611 11.1724 3
    endloop
  endfacet
  facet normal -0 0 1
    outer loop
      vertex 7.59035 84.7229 3
      vertex 7.7843 11.2287 3
      vertex 7.7843 84.7713 3
    endloop
  endfacet
  facet normal 0 0 1
    outer loop
      vertex 7.59035 84.7229 3
      vertex 7.59035 11.2771 3
      vertex 7.7843 11.2287 3
    endloop
  endfacet
  facet normal -0 0 1
    outer loop
      vertex 7.39459 84.6824 3
      vertex 7.59035 11.2771 3
      vertex 7.59035 84.7229 3
    endloop
  endfacet
  facet normal 0 0 1
    outer loop
      vertex 7.39459 84.6824 3
      vertex 7.39459 11.3176 3
      vertex 7.59035 11.2771 3
    endloop
  endfacet
  facet normal -0 0 1
    outer loop
      vertex 7.19734 84.6499 3
      vertex 7.39459 11.3176 3
      vertex 7.39459 84.6824 3
    endloop
  endfacet
  facet normal 0 0 1
    outer loop
      vertex 7.19734 84.6499 3
      vertex 7.19734 11.3501 3
      vertex 7.39459 11.3176 3
    endloop
  endfacet
  facet normal -0 0 1
    outer loop
      vertex 6.99893 84.6255 3
      vertex 7.19734 11.3501 3
      vertex 7.19734 84.6499 3
    endloop
  endfacet
  facet normal 0 0 1
    outer loop
      vertex 6.99893 84.6255 3
      vertex 6.99893 11.3745 3
      vertex 7.19734 11.3501 3
    endloop
  endfacet
  facet normal -0 0 1
    outer loop
      vertex 6.79969 84.6092 3
      vertex 6.99893 11.3745 3
      vertex 6.99893 84.6255 3
    endloop
  endfacet
  facet normal 0 0 1
    outer loop
      vertex 6.79969 84.6092 3
      vertex 6.79969 11.3908 3
      vertex 6.99893 11.3745 3
    endloop
  endfacet
  facet normal -0 0 1
    outer loop
      vertex 6.59995 84.601 3
      vertex 6.79969 11.3908 3
      vertex 6.79969 84.6092 3
    endloop
  endfacet
  facet normal 0 0 1
    outer loop
      vertex 6.59995 84.601 3
      vertex 6.59995 11.399 3
      vertex 6.79969 11.3908 3
    endloop
  endfacet
  facet normal -0 0 1
    outer loop
      vertex 6.40005 84.601 3
      vertex 6.59995 11.399 3
      vertex 6.59995 84.601 3
    endloop
  endfacet
  facet normal 0 0 1
    outer loop
      vertex 6.40005 84.601 3
      vertex 6.40005 11.399 3
      vertex 6.59995 11.399 3
    endloop
  endfacet
  facet normal 0 0 1
    outer loop
      vertex 6.20031 84.6092 3
      vertex 6.40005 11.399 3
      vertex 6.40005 84.601 3
    endloop
  endfacet
  facet normal 0 0 1
    outer loop
      vertex 6.20031 84.6092 3
      vertex 6.20031 11.3908 3
      vertex 6.40005 11.399 3
    endloop
  endfacet
  facet normal 0 0 1
    outer loop
      vertex 6.00107 84.6255 3
      vertex 6.20031 11.3908 3
      vertex 6.20031 84.6092 3
    endloop
  endfacet
  facet normal 0 0 1
    outer loop
      vertex 6.00107 84.6255 3
      vertex 6.00107 11.3745 3
      vertex 6.20031 11.3908 3
    endloop
  endfacet
  facet normal 0 0 1
    outer loop
      vertex 5.80266 84.6499 3
      vertex 6.00107 11.3745 3
      vertex 6.00107 84.6255 3
    endloop
  endfacet
  facet normal 0 0 1
    outer loop
      vertex 5.80266 84.6499 3
      vertex 5.80266 11.3501 3
      vertex 6.00107 11.3745 3
    endloop
  endfacet
  facet normal 0 0 1
    outer loop
      vertex 5.60541 84.6824 3
      vertex 5.80266 11.3501 3
      vertex 5.80266 84.6499 3
    endloop
  endfacet
  facet normal 0 0 1
    outer loop
      vertex 5.60541 84.6824 3
      vertex 5.60541 11.3176 3
      vertex 5.80266 11.3501 3
    endloop
  endfacet
  facet normal 0 0 1
    outer loop
      vertex 5.40965 84.7229 3
      vertex 5.60541 11.3176 3
      vertex 5.60541 84.6824 3
    endloop
  endfacet
  facet normal 0 0 1
    outer loop
      vertex 5.40965 84.7229 3
      vertex 5.40965 11.2771 3
      vertex 5.60541 11.3176 3
    endloop
  endfacet
  facet normal 0 0 1
    outer loop
      vertex 5.2157 84.7713 3
      vertex 5.40965 11.2771 3
      vertex 5.40965 84.7229 3
    endloop
  endfacet
  facet normal 0 0 1
    outer loop
      vertex 5.2157 84.7713 3
      vertex 5.2157 11.2287 3
      vertex 5.40965 11.2771 3
    endloop
  endfacet
  facet normal 0 0 1
    outer loop
      vertex 5.02389 84.8276 3
      vertex 5.2157 11.2287 3
      vertex 5.2157 84.7713 3
    endloop
  endfacet
  facet normal 0 0 1
    outer loop
      vertex 5.02389 84.8276 3
      vertex 5.02389 11.1724 3
      vertex 5.2157 11.2287 3
    endloop
  endfacet
  facet normal 0 0 1
    outer loop
      vertex 4.83454 84.8917 3
      vertex 5.02389 11.1724 3
      vertex 5.02389 84.8276 3
    endloop
  endfacet
  facet normal 0 0 1
    outer loop
      vertex 4.83454 84.8917 3
      vertex 4.83454 11.1083 3
      vertex 5.02389 11.1724 3
    endloop
  endfacet
  facet normal 0 0 1
    outer loop
      vertex 4.8 84.905 3
      vertex 4.83454 11.1083 3
      vertex 4.83454 84.8917 3
    endloop
  endfacet
  facet normal 0 0 1
    outer loop
      vertex 4.83454 11.1083 3
      vertex 4.8 84.905 3
      vertex 4.8 11.095 3
    endloop
  endfacet
  facet normal 0 0 1
    outer loop
      vertex 11.3959 89.3001 3
      vertex 92.7 91.2 3
      vertex 11.4 89.5 3
    endloop
  endfacet
  facet normal 0 0 1
    outer loop
      vertex 92.7 91.2 3
      vertex 11.3959 89.6999 3
      vertex 11.4 89.5 3
    endloop
  endfacet
  facet normal 0 0 1
    outer loop
      vertex 92.7 91.2 3
      vertex 11.3837 89.8994 3
      vertex 11.3959 89.6999 3
    endloop
  endfacet
  facet normal 0 0 1
    outer loop
      vertex 92.7 91.2 3
      vertex 11.3633 90.0983 3
      vertex 11.3837 89.8994 3
    endloop
  endfacet
  facet normal 0 0 1
    outer loop
      vertex 92.7 91.2 3
      vertex 11.3349 90.2961 3
      vertex 11.3633 90.0983 3
    endloop
  endfacet
  facet normal 0 0 1
    outer loop
      vertex 92.7 91.2 3
      vertex 11.2984 90.4927 3
      vertex 11.3349 90.2961 3
    endloop
  endfacet
  facet normal 0 0 1
    outer loop
      vertex 92.7 91.2 3
      vertex 11.2539 90.6876 3
      vertex 11.2984 90.4927 3
    endloop
  endfacet
  facet normal 0 0 1
    outer loop
      vertex 92.7 91.2 3
      vertex 11.2015 90.8805 3
      vertex 11.2539 90.6876 3
    endloop
  endfacet
  facet normal 0 0 1
    outer loop
      vertex 92.7 91.2 3
      vertex 11.1413 91.0711 3
      vertex 11.2015 90.8805 3
    endloop
  endfacet
  facet normal 0 -0 1
    outer loop
      vertex 11.1413 91.0711 3
      vertex 92.7 91.2 3
      vertex 11.0947 91.2 3
    endloop
  endfacet
  facet normal 0 0 1
    outer loop
      vertex 11.3837 89.1006 3
      vertex 92.7 91.2 3
      vertex 11.3959 89.3001 3
    endloop
  endfacet
  facet normal -0 0 1
    outer loop
      vertex 11.3959 6.30014 3
      vertex 92.7 4.8 3
      vertex 11.4 6.5 3
    endloop
  endfacet
  facet normal -0 0 1
    outer loop
      vertex 11.3837 6.10061 3
      vertex 92.7 4.8 3
      vertex 11.3959 6.30014 3
    endloop
  endfacet
  facet normal -0 0 1
    outer loop
      vertex 11.3633 5.90174 3
      vertex 92.7 4.8 3
      vertex 11.3837 6.10061 3
    endloop
  endfacet
  facet normal -0 0 1
    outer loop
      vertex 11.3349 5.70387 3
      vertex 92.7 4.8 3
      vertex 11.3633 5.90174 3
    endloop
  endfacet
  facet normal -0 0 1
    outer loop
      vertex 11.2984 5.50732 3
      vertex 92.7 4.8 3
      vertex 11.3349 5.70387 3
    endloop
  endfacet
  facet normal -0 0 1
    outer loop
      vertex 11.2539 5.31243 3
      vertex 92.7 4.8 3
      vertex 11.2984 5.50732 3
    endloop
  endfacet
  facet normal -0 0 1
    outer loop
      vertex 11.2015 5.11951 3
      vertex 92.7 4.8 3
      vertex 11.2539 5.31243 3
    endloop
  endfacet
  facet normal -0 0 1
    outer loop
      vertex 11.1413 4.92889 3
      vertex 92.7 4.8 3
      vertex 11.2015 5.11951 3
    endloop
  endfacet
  facet normal 0 0 1
    outer loop
      vertex 92.7 4.8 3
      vertex 11.1413 4.92889 3
      vertex 11.0947 4.8 3
    endloop
  endfacet
  facet normal 0 0 1
    outer loop
      vertex 185.2 89.5 3
      vertex 188.4 89.5 3
      vertex 188.396 89.6999 3
    endloop
  endfacet
  facet normal 0 0 1
    outer loop
      vertex 185.2 89.5 3
      vertex 188.396 89.6999 3
      vertex 188.384 89.8994 3
    endloop
  endfacet
  facet normal 0 0 1
    outer loop
      vertex 188.4 89.5 3
      vertex 185.2 89.5 3
      vertex 188.396 89.3001 3
    endloop
  endfacet
  facet normal 0 0 1
    outer loop
      vertex 185.189 89.6974 3
      vertex 188.384 89.8994 3
      vertex 188.363 90.0983 3
    endloop
  endfacet
  facet normal 0 0 1
    outer loop
      vertex 188.396 89.3001 3
      vertex 185.2 89.5 3
      vertex 188.384 89.1006 3
    endloop
  endfacet
  facet normal 0 0 1
    outer loop
      vertex 185.189 89.6974 3
      vertex 188.363 90.0983 3
      vertex 188.335 90.2961 3
    endloop
  endfacet
  facet normal -0 0 1
    outer loop
      vertex 185.189 89.3026 3
      vertex 188.384 89.1006 3
      vertex 185.2 89.5 3
    endloop
  endfacet
  facet normal 0 0 1
    outer loop
      vertex 185.154 89.892 3
      vertex 188.335 90.2961 3
      vertex 188.298 90.4927 3
    endloop
  endfacet
  facet normal 0 0 1
    outer loop
      vertex 188.384 89.1006 3
      vertex 185.189 89.3026 3
      vertex 188.363 88.9017 3
    endloop
  endfacet
  facet normal 0 0 1
    outer loop
      vertex 185.154 89.892 3
      vertex 188.298 90.4927 3
      vertex 188.254 90.6876 3
    endloop
  endfacet
  facet normal 0 0 1
    outer loop
      vertex 188.363 88.9017 3
      vertex 185.189 89.3026 3
      vertex 188.335 88.7039 3
    endloop
  endfacet
  facet normal 0 0 1
    outer loop
      vertex 185.154 89.892 3
      vertex 188.254 90.6876 3
      vertex 188.202 90.8805 3
    endloop
  endfacet
  facet normal -0 0 1
    outer loop
      vertex 185.154 89.108 3
      vertex 188.335 88.7039 3
      vertex 185.189 89.3026 3
    endloop
  endfacet
  facet normal 0 0 1
    outer loop
      vertex 185.097 90.0814 3
      vertex 188.202 90.8805 3
      vertex 188.141 91.0711 3
    endloop
  endfacet
  facet normal 0 0 1
    outer loop
      vertex 188.335 88.7039 3
      vertex 185.154 89.108 3
      vertex 188.298 88.5073 3
    endloop
  endfacet
  facet normal 0 0 1
    outer loop
      vertex 185.097 90.0814 3
      vertex 188.141 91.0711 3
      vertex 188.073 91.2591 3
    endloop
  endfacet
  facet normal 0 0 1
    outer loop
      vertex 188.298 88.5073 3
      vertex 185.154 89.108 3
      vertex 188.254 88.3124 3
    endloop
  endfacet
  facet normal 0 0 1
    outer loop
      vertex 185.097 90.0814 3
      vertex 188.073 91.2591 3
      vertex 187.998 91.4442 3
    endloop
  endfacet
  facet normal 0 0 1
    outer loop
      vertex 188.254 88.3124 3
      vertex 185.154 89.108 3
      vertex 188.202 88.1195 3
    endloop
  endfacet
  facet normal 0 0 1
    outer loop
      vertex 185.019 90.263 3
      vertex 187.998 91.4442 3
      vertex 187.915 91.626 3
    endloop
  endfacet
  facet normal -0 0 1
    outer loop
      vertex 185.097 88.9186 3
      vertex 188.202 88.1195 3
      vertex 185.154 89.108 3
    endloop
  endfacet
  facet normal 0 0 1
    outer loop
      vertex 185.019 90.263 3
      vertex 187.915 91.626 3
      vertex 187.824 91.8043 3
    endloop
  endfacet
  facet normal 0 0 1
    outer loop
      vertex 188.202 88.1195 3
      vertex 185.097 88.9186 3
      vertex 188.141 87.9289 3
    endloop
  endfacet
  facet normal 0 0 1
    outer loop
      vertex 185.019 90.263 3
      vertex 187.824 91.8043 3
      vertex 187.727 91.9788 3
    endloop
  endfacet
  facet normal 0 0 1
    outer loop
      vertex 188.141 87.9289 3
      vertex 185.097 88.9186 3
      vertex 188.073 87.7409 3
    endloop
  endfacet
  facet normal 0 0 1
    outer loop
      vertex 184.92 90.4342 3
      vertex 187.727 91.9788 3
      vertex 187.622 92.1491 3
    endloop
  endfacet
  facet normal 0 0 1
    outer loop
      vertex 188.073 87.7409 3
      vertex 185.097 88.9186 3
      vertex 187.998 87.5558 3
    endloop
  endfacet
  facet normal 0 0 1
    outer loop
      vertex 184.92 90.4342 3
      vertex 187.622 92.1491 3
      vertex 187.511 92.3151 3
    endloop
  endfacet
  facet normal -0 0 1
    outer loop
      vertex 185.019 88.737 3
      vertex 187.998 87.5558 3
      vertex 185.097 88.9186 3
    endloop
  endfacet
  facet normal 0 0 1
    outer loop
      vertex 184.92 90.4342 3
      vertex 187.511 92.3151 3
      vertex 187.393 92.4763 3
    endloop
  endfacet
  facet normal 0 0 1
    outer loop
      vertex 187.998 87.5558 3
      vertex 185.019 88.737 3
      vertex 187.915 87.374 3
    endloop
  endfacet
  facet normal 0 0 1
    outer loop
      vertex 184.802 90.5927 3
      vertex 187.393 92.4763 3
      vertex 187.268 92.6326 3
    endloop
  endfacet
  facet normal 0 0 1
    outer loop
      vertex 187.915 87.374 3
      vertex 185.019 88.737 3
      vertex 187.824 87.1957 3
    endloop
  endfacet
  facet normal 0 0 1
    outer loop
      vertex 184.802 90.5927 3
      vertex 187.268 92.6326 3
      vertex 187.137 92.7837 3
    endloop
  endfacet
  facet normal 0 0 1
    outer loop
      vertex 187.824 87.1957 3
      vertex 185.019 88.737 3
      vertex 187.727 87.0212 3
    endloop
  endfacet
  facet normal 0 0 1
    outer loop
      vertex 184.802 90.5927 3
      vertex 187.137 92.7837 3
      vertex 187 92.9293 3
    endloop
  endfacet
  facet normal -0 0 1
    outer loop
      vertex 184.92 88.5658 3
      vertex 187.727 87.0212 3
      vertex 185.019 88.737 3
    endloop
  endfacet
  facet normal 0 0 1
    outer loop
      vertex 184.667 90.7365 3
      vertex 187 92.9293 3
      vertex 186.857 93.0692 3
    endloop
  endfacet
  facet normal 0 0 1
    outer loop
      vertex 187.727 87.0212 3
      vertex 184.92 88.5658 3
      vertex 187.622 86.8509 3
    endloop
  endfacet
  facet normal 0 0 1
    outer loop
      vertex 187.622 86.8509 3
      vertex 184.92 88.5658 3
      vertex 187.511 86.6849 3
    endloop
  endfacet
  facet normal 0 0 1
    outer loop
      vertex 184.667 90.7365 3
      vertex 186.857 93.0692 3
      vertex 186.709 93.2032 3
    endloop
  endfacet
  facet normal 0 0 1
    outer loop
      vertex 187.511 86.6849 3
      vertex 184.92 88.5658 3
      vertex 187.393 86.5237 3
    endloop
  endfacet
  facet normal 0 0 1
    outer loop
      vertex 184.667 90.7365 3
      vertex 186.709 93.2032 3
      vertex 186.555 93.331 3
    endloop
  endfacet
  facet normal -0 0 1
    outer loop
      vertex 184.802 88.4073 3
      vertex 187.393 86.5237 3
      vertex 184.92 88.5658 3
    endloop
  endfacet
  facet normal 0 0 1
    outer loop
      vertex 184.515 90.8636 3
      vertex 186.555 93.331 3
      vertex 186.396 93.4524 3
    endloop
  endfacet
  facet normal 0 0 1
    outer loop
      vertex 187.393 86.5237 3
      vertex 184.802 88.4073 3
      vertex 187.268 86.3674 3
    endloop
  endfacet
  facet normal 0 0 1
    outer loop
      vertex 184.515 90.8636 3
      vertex 186.396 93.4524 3
      vertex 186.233 93.5672 3
    endloop
  endfacet
  facet normal 0 0 1
    outer loop
      vertex 187.268 86.3674 3
      vertex 184.802 88.4073 3
      vertex 187.137 86.2163 3
    endloop
  endfacet
  facet normal 0 0 1
    outer loop
      vertex 184.35 90.9722 3
      vertex 186.233 93.5672 3
      vertex 186.064 93.6753 3
    endloop
  endfacet
  facet normal 0 0 1
    outer loop
      vertex 187.137 86.2163 3
      vertex 184.802 88.4073 3
      vertex 187 86.0707 3
    endloop
  endfacet
  facet normal 0 0 1
    outer loop
      vertex 184.35 90.9722 3
      vertex 186.064 93.6753 3
      vertex 185.892 93.7765 3
    endloop
  endfacet
  facet normal -0 0 1
    outer loop
      vertex 184.667 88.2635 3
      vertex 187 86.0707 3
      vertex 184.802 88.4073 3
    endloop
  endfacet
  facet normal 0 0 1
    outer loop
      vertex 184.35 90.9722 3
      vertex 185.892 93.7765 3
      vertex 185.716 93.8705 3
    endloop
  endfacet
  facet normal 0 0 1
    outer loop
      vertex 187 86.0707 3
      vertex 184.667 88.2635 3
      vertex 186.857 85.9308 3
    endloop
  endfacet
  facet normal 0 0 1
    outer loop
      vertex 184.173 91.061 3
      vertex 185.716 93.8705 3
      vertex 185.536 93.9572 3
    endloop
  endfacet
  facet normal 0 0 1
    outer loop
      vertex 186.857 85.9308 3
      vertex 184.667 88.2635 3
      vertex 186.8 85.8792 3
    endloop
  endfacet
  facet normal 0 0 1
    outer loop
      vertex 184.173 91.061 3
      vertex 185.536 93.9572 3
      vertex 185.352 94.0365 3
    endloop
  endfacet
  facet normal 0 0 1
    outer loop
      vertex 186.8 85.8792 3
      vertex 184.667 88.2635 3
      vertex 186.709 85.7968 3
    endloop
  endfacet
  facet normal 0 0 1
    outer loop
      vertex 186.709 85.7968 3
      vertex 184.667 88.2635 3
      vertex 186.555 85.669 3
    endloop
  endfacet
  facet normal 0 0 1
    outer loop
      vertex 188.384 89.8994 3
      vertex 185.189 89.6974 3
      vertex 185.2 89.5 3
    endloop
  endfacet
  facet normal 0 0 1
    outer loop
      vertex 184.173 91.061 3
      vertex 185.352 94.0365 3
      vertex 185.165 94.1083 3
    endloop
  endfacet
  facet normal 0 0 1
    outer loop
      vertex 188.335 90.2961 3
      vertex 185.154 89.892 3
      vertex 185.189 89.6974 3
    endloop
  endfacet
  facet normal 0 0 1
    outer loop
      vertex 188.202 90.8805 3
      vertex 185.097 90.0814 3
      vertex 185.154 89.892 3
    endloop
  endfacet
  facet normal 0 0 1
    outer loop
      vertex 187.998 91.4442 3
      vertex 185.019 90.263 3
      vertex 185.097 90.0814 3
    endloop
  endfacet
  facet normal 0 0 1
    outer loop
      vertex 183.988 91.1286 3
      vertex 185.165 94.1083 3
      vertex 184.976 94.1724 3
    endloop
  endfacet
  facet normal 0 0 1
    outer loop
      vertex 187.727 91.9788 3
      vertex 184.92 90.4342 3
      vertex 185.019 90.263 3
    endloop
  endfacet
  facet normal 0 0 1
    outer loop
      vertex 187.393 92.4763 3
      vertex 184.802 90.5927 3
      vertex 184.92 90.4342 3
    endloop
  endfacet
  facet normal 0 0 1
    outer loop
      vertex 183.988 91.1286 3
      vertex 184.976 94.1724 3
      vertex 184.784 94.2287 3
    endloop
  endfacet
  facet normal 0 0 1
    outer loop
      vertex 187 92.9293 3
      vertex 184.667 90.7365 3
      vertex 184.802 90.5927 3
    endloop
  endfacet
  facet normal 0 0 1
    outer loop
      vertex 183.988 91.1286 3
      vertex 184.784 94.2287 3
      vertex 184.59 94.2771 3
    endloop
  endfacet
  facet normal 0 0 1
    outer loop
      vertex 186.555 93.331 3
      vertex 184.515 90.8636 3
      vertex 184.667 90.7365 3
    endloop
  endfacet
  facet normal 0 0 1
    outer loop
      vertex 183.795 91.1742 3
      vertex 184.59 94.2771 3
      vertex 184.395 94.3176 3
    endloop
  endfacet
  facet normal 0 0 1
    outer loop
      vertex 186.233 93.5672 3
      vertex 184.35 90.9722 3
      vertex 184.515 90.8636 3
    endloop
  endfacet
  facet normal 0 0 1
    outer loop
      vertex 183.795 91.1742 3
      vertex 184.395 94.3176 3
      vertex 184.197 94.3501 3
    endloop
  endfacet
  facet normal 0 0 1
    outer loop
      vertex 185.716 93.8705 3
      vertex 184.173 91.061 3
      vertex 184.35 90.9722 3
    endloop
  endfacet
  facet normal 0 0 1
    outer loop
      vertex 183.795 91.1742 3
      vertex 184.197 94.3501 3
      vertex 183.999 94.3745 3
    endloop
  endfacet
  facet normal 0 0 1
    outer loop
      vertex 185.165 94.1083 3
      vertex 183.988 91.1286 3
      vertex 184.173 91.061 3
    endloop
  endfacet
  facet normal 0 0 1
    outer loop
      vertex 183.599 91.1971 3
      vertex 183.999 94.3745 3
      vertex 183.8 94.3908 3
    endloop
  endfacet
  facet normal 0 0 1
    outer loop
      vertex 184.59 94.2771 3
      vertex 183.795 91.1742 3
      vertex 183.988 91.1286 3
    endloop
  endfacet
  facet normal 0 0 1
    outer loop
      vertex 183.599 91.1971 3
      vertex 183.8 94.3908 3
      vertex 183.6 94.399 3
    endloop
  endfacet
  facet normal 0 0 1
    outer loop
      vertex 183.999 94.3745 3
      vertex 183.599 91.1971 3
      vertex 183.795 91.1742 3
    endloop
  endfacet
  facet normal 0 0 1
    outer loop
      vertex 183.6 94.399 3
      vertex 183.401 91.1971 3
      vertex 183.599 91.1971 3
    endloop
  endfacet
  facet normal -0 0 1
    outer loop
      vertex 183.4 94.399 3
      vertex 183.401 91.1971 3
      vertex 183.6 94.399 3
    endloop
  endfacet
  facet normal -0 0 1
    outer loop
      vertex 183.2 94.3908 3
      vertex 183.401 91.1971 3
      vertex 183.4 94.399 3
    endloop
  endfacet
  facet normal -0 0 1
    outer loop
      vertex 183.001 94.3745 3
      vertex 183.401 91.1971 3
      vertex 183.2 94.3908 3
    endloop
  endfacet
  facet normal 0 0 1
    outer loop
      vertex 183.401 91.1971 3
      vertex 183.001 94.3745 3
      vertex 183.205 91.1742 3
    endloop
  endfacet
  facet normal -0 0 1
    outer loop
      vertex 182.803 94.3501 3
      vertex 183.205 91.1742 3
      vertex 183.001 94.3745 3
    endloop
  endfacet
  facet normal -0 0 1
    outer loop
      vertex 182.605 94.3176 3
      vertex 183.205 91.1742 3
      vertex 182.803 94.3501 3
    endloop
  endfacet
  facet normal -0 0 1
    outer loop
      vertex 182.41 94.2771 3
      vertex 183.205 91.1742 3
      vertex 182.605 94.3176 3
    endloop
  endfacet
  facet normal 0 0 1
    outer loop
      vertex 183.205 91.1742 3
      vertex 182.41 94.2771 3
      vertex 183.012 91.1286 3
    endloop
  endfacet
  facet normal -0 0 1
    outer loop
      vertex 182.216 94.2287 3
      vertex 183.012 91.1286 3
      vertex 182.41 94.2771 3
    endloop
  endfacet
  facet normal -0 0 1
    outer loop
      vertex 182.024 94.1724 3
      vertex 183.012 91.1286 3
      vertex 182.216 94.2287 3
    endloop
  endfacet
  facet normal -0 0 1
    outer loop
      vertex 181.835 94.1083 3
      vertex 183.012 91.1286 3
      vertex 182.024 94.1724 3
    endloop
  endfacet
  facet normal 0 0 1
    outer loop
      vertex 183.012 91.1286 3
      vertex 181.835 94.1083 3
      vertex 182.827 91.061 3
    endloop
  endfacet
  facet normal -0 0 1
    outer loop
      vertex 181.648 94.0365 3
      vertex 182.827 91.061 3
      vertex 181.835 94.1083 3
    endloop
  endfacet
  facet normal -0 0 1
    outer loop
      vertex 181.464 93.9572 3
      vertex 182.827 91.061 3
      vertex 181.648 94.0365 3
    endloop
  endfacet
  facet normal -0 0 1
    outer loop
      vertex 181.284 93.8705 3
      vertex 182.827 91.061 3
      vertex 181.464 93.9572 3
    endloop
  endfacet
  facet normal 0 0 1
    outer loop
      vertex 182.827 91.061 3
      vertex 181.284 93.8705 3
      vertex 182.65 90.9722 3
    endloop
  endfacet
  facet normal -0 0 1
    outer loop
      vertex 181.108 93.7765 3
      vertex 182.65 90.9722 3
      vertex 181.284 93.8705 3
    endloop
  endfacet
  facet normal -0 0 1
    outer loop
      vertex 180.936 93.6753 3
      vertex 182.65 90.9722 3
      vertex 181.108 93.7765 3
    endloop
  endfacet
  facet normal -0 0 1
    outer loop
      vertex 180.767 93.5672 3
      vertex 182.65 90.9722 3
      vertex 180.936 93.6753 3
    endloop
  endfacet
  facet normal 0 0 1
    outer loop
      vertex 182.65 90.9722 3
      vertex 180.767 93.5672 3
      vertex 182.485 90.8636 3
    endloop
  endfacet
  facet normal -0 0 1
    outer loop
      vertex 180.604 93.4524 3
      vertex 182.485 90.8636 3
      vertex 180.767 93.5672 3
    endloop
  endfacet
  facet normal -0 0 1
    outer loop
      vertex 180.445 93.331 3
      vertex 182.485 90.8636 3
      vertex 180.604 93.4524 3
    endloop
  endfacet
  facet normal 0 0 1
    outer loop
      vertex 182.485 90.8636 3
      vertex 180.445 93.331 3
      vertex 182.333 90.7365 3
    endloop
  endfacet
  facet normal -0 0 1
    outer loop
      vertex 184.515 88.1364 3
      vertex 186.555 85.669 3
      vertex 184.667 88.2635 3
    endloop
  endfacet
  facet normal 0 0 1
    outer loop
      vertex 186.555 85.669 3
      vertex 184.515 88.1364 3
      vertex 186.396 85.5476 3
    endloop
  endfacet
  facet normal 0 0 1
    outer loop
      vertex 186.396 85.5476 3
      vertex 184.515 88.1364 3
      vertex 186.233 85.4328 3
    endloop
  endfacet
  facet normal -0 0 1
    outer loop
      vertex 184.35 88.0278 3
      vertex 186.233 85.4328 3
      vertex 184.515 88.1364 3
    endloop
  endfacet
  facet normal 0 0 1
    outer loop
      vertex 186.233 85.4328 3
      vertex 184.35 88.0278 3
      vertex 186.064 85.3247 3
    endloop
  endfacet
  facet normal 0 0 1
    outer loop
      vertex 186.064 85.3247 3
      vertex 184.35 88.0278 3
      vertex 185.892 85.2235 3
    endloop
  endfacet
  facet normal 0 0 1
    outer loop
      vertex 185.892 85.2235 3
      vertex 184.35 88.0278 3
      vertex 185.716 85.1295 3
    endloop
  endfacet
  facet normal -0 0 1
    outer loop
      vertex 184.173 87.939 3
      vertex 185.716 85.1295 3
      vertex 184.35 88.0278 3
    endloop
  endfacet
  facet normal 0 0 1
    outer loop
      vertex 185.716 85.1295 3
      vertex 184.173 87.939 3
      vertex 185.536 85.0428 3
    endloop
  endfacet
  facet normal 0 0 1
    outer loop
      vertex 185.536 85.0428 3
      vertex 184.173 87.939 3
      vertex 185.352 84.9635 3
    endloop
  endfacet
  facet normal 0 0 1
    outer loop
      vertex 185.352 84.9635 3
      vertex 184.173 87.939 3
      vertex 185.2 84.905 3
    endloop
  endfacet
  facet normal -0 0 1
    outer loop
      vertex 183.988 87.8714 3
      vertex 185.2 84.905 3
      vertex 184.173 87.939 3
    endloop
  endfacet
  facet normal 0 0 1
    outer loop
      vertex 185.2 84.905 3
      vertex 183.988 87.8714 3
      vertex 185.165 84.8917 3
    endloop
  endfacet
  facet normal 0 0 1
    outer loop
      vertex 185.165 84.8917 3
      vertex 183.988 87.8714 3
      vertex 184.976 84.8276 3
    endloop
  endfacet
  facet normal 0 0 1
    outer loop
      vertex 184.976 84.8276 3
      vertex 183.988 87.8714 3
      vertex 184.784 84.7713 3
    endloop
  endfacet
  facet normal 0 0 1
    outer loop
      vertex 184.784 84.7713 3
      vertex 183.988 87.8714 3
      vertex 184.59 84.7229 3
    endloop
  endfacet
  facet normal -0 0 1
    outer loop
      vertex 183.795 87.8258 3
      vertex 184.59 84.7229 3
      vertex 183.988 87.8714 3
    endloop
  endfacet
  facet normal 0 0 1
    outer loop
      vertex 184.59 84.7229 3
      vertex 183.795 87.8258 3
      vertex 184.395 84.6824 3
    endloop
  endfacet
  facet normal 0 0 1
    outer loop
      vertex 184.395 84.6824 3
      vertex 183.795 87.8258 3
      vertex 184.197 84.6499 3
    endloop
  endfacet
  facet normal 0 0 1
    outer loop
      vertex 184.197 84.6499 3
      vertex 183.795 87.8258 3
      vertex 183.999 84.6255 3
    endloop
  endfacet
  facet normal -0 0 1
    outer loop
      vertex 183.599 87.8029 3
      vertex 183.999 84.6255 3
      vertex 183.795 87.8258 3
    endloop
  endfacet
  facet normal 0 0 1
    outer loop
      vertex 183.999 84.6255 3
      vertex 183.599 87.8029 3
      vertex 183.8 84.6092 3
    endloop
  endfacet
  facet normal 0 0 1
    outer loop
      vertex 183.8 84.6092 3
      vertex 183.599 87.8029 3
      vertex 183.6 84.601 3
    endloop
  endfacet
  facet normal -0 0 1
    outer loop
      vertex 183.401 87.8029 3
      vertex 183.6 84.601 3
      vertex 183.599 87.8029 3
    endloop
  endfacet
  facet normal 0 0 1
    outer loop
      vertex 183.401 87.8029 3
      vertex 183.4 84.601 3
      vertex 183.6 84.601 3
    endloop
  endfacet
  facet normal 0 0 1
    outer loop
      vertex 183.001 84.6255 3
      vertex 183.401 87.8029 3
      vertex 183.205 87.8258 3
    endloop
  endfacet
  facet normal 0 0 1
    outer loop
      vertex 183.401 87.8029 3
      vertex 183.2 84.6092 3
      vertex 183.4 84.601 3
    endloop
  endfacet
  facet normal 0 0 1
    outer loop
      vertex 182.41 84.7229 3
      vertex 183.205 87.8258 3
      vertex 183.012 87.8714 3
    endloop
  endfacet
  facet normal 0 0 1
    outer loop
      vertex 183.401 87.8029 3
      vertex 183.001 84.6255 3
      vertex 183.2 84.6092 3
    endloop
  endfacet
  facet normal 0 0 1
    outer loop
      vertex 181.835 84.8917 3
      vertex 183.012 87.8714 3
      vertex 182.827 87.939 3
    endloop
  endfacet
  facet normal 0 0 1
    outer loop
      vertex 183.205 87.8258 3
      vertex 182.803 84.6499 3
      vertex 183.001 84.6255 3
    endloop
  endfacet
  facet normal 0 0 1
    outer loop
      vertex 181.284 85.1295 3
      vertex 182.827 87.939 3
      vertex 182.65 88.0278 3
    endloop
  endfacet
  facet normal 0 0 1
    outer loop
      vertex 183.205 87.8258 3
      vertex 182.605 84.6824 3
      vertex 182.803 84.6499 3
    endloop
  endfacet
  facet normal 0 0 1
    outer loop
      vertex 180.767 85.4328 3
      vertex 182.65 88.0278 3
      vertex 182.485 88.1364 3
    endloop
  endfacet
  facet normal 0 0 1
    outer loop
      vertex 183.205 87.8258 3
      vertex 182.41 84.7229 3
      vertex 182.605 84.6824 3
    endloop
  endfacet
  facet normal 0 0 1
    outer loop
      vertex 180.445 85.669 3
      vertex 182.485 88.1364 3
      vertex 182.333 88.2635 3
    endloop
  endfacet
  facet normal 0 0 1
    outer loop
      vertex 183.012 87.8714 3
      vertex 182.216 84.7713 3
      vertex 182.41 84.7229 3
    endloop
  endfacet
  facet normal 0 0 1
    outer loop
      vertex 180 86.0707 3
      vertex 182.333 88.2635 3
      vertex 182.198 88.4073 3
    endloop
  endfacet
  facet normal 0 0 1
    outer loop
      vertex 179.607 86.5237 3
      vertex 182.198 88.4073 3
      vertex 182.08 88.5658 3
    endloop
  endfacet
  facet normal 0 0 1
    outer loop
      vertex 183.012 87.8714 3
      vertex 182.024 84.8276 3
      vertex 182.216 84.7713 3
    endloop
  endfacet
  facet normal 0 0 1
    outer loop
      vertex 179.273 87.0212 3
      vertex 182.08 88.5658 3
      vertex 181.981 88.737 3
    endloop
  endfacet
  facet normal 0 0 1
    outer loop
      vertex 179.002 87.5558 3
      vertex 181.981 88.737 3
      vertex 181.903 88.9186 3
    endloop
  endfacet
  facet normal 0 0 1
    outer loop
      vertex 178.798 88.1195 3
      vertex 181.903 88.9186 3
      vertex 181.846 89.108 3
    endloop
  endfacet
  facet normal 0 0 1
    outer loop
      vertex 183.012 87.8714 3
      vertex 181.835 84.8917 3
      vertex 182.024 84.8276 3
    endloop
  endfacet
  facet normal 0 0 1
    outer loop
      vertex 178.665 88.7039 3
      vertex 181.846 89.108 3
      vertex 181.811 89.3026 3
    endloop
  endfacet
  facet normal 0 0 1
    outer loop
      vertex 178.616 89.1006 3
      vertex 181.811 89.3026 3
      vertex 181.8 89.5 3
    endloop
  endfacet
  facet normal -0 0 1
    outer loop
      vertex 180.291 93.2032 3
      vertex 182.333 90.7365 3
      vertex 180.445 93.331 3
    endloop
  endfacet
  facet normal 0 0 1
    outer loop
      vertex 182.827 87.939 3
      vertex 181.648 84.9635 3
      vertex 181.835 84.8917 3
    endloop
  endfacet
  facet normal -0 0 1
    outer loop
      vertex 180.143 93.0692 3
      vertex 182.333 90.7365 3
      vertex 180.291 93.2032 3
    endloop
  endfacet
  facet normal 0 0 1
    outer loop
      vertex 182.827 87.939 3
      vertex 181.464 85.0428 3
      vertex 181.648 84.9635 3
    endloop
  endfacet
  facet normal -0 0 1
    outer loop
      vertex 180 92.9293 3
      vertex 182.333 90.7365 3
      vertex 180.143 93.0692 3
    endloop
  endfacet
  facet normal 0 0 1
    outer loop
      vertex 182.827 87.939 3
      vertex 181.284 85.1295 3
      vertex 181.464 85.0428 3
    endloop
  endfacet
  facet normal 0 0 1
    outer loop
      vertex 182.333 90.7365 3
      vertex 180 92.9293 3
      vertex 182.198 90.5927 3
    endloop
  endfacet
  facet normal 0 0 1
    outer loop
      vertex 182.65 88.0278 3
      vertex 181.108 85.2235 3
      vertex 181.284 85.1295 3
    endloop
  endfacet
  facet normal -0 0 1
    outer loop
      vertex 179.878 92.8 3
      vertex 182.198 90.5927 3
      vertex 180 92.9293 3
    endloop
  endfacet
  facet normal 0 0 1
    outer loop
      vertex 182.65 88.0278 3
      vertex 180.936 85.3247 3
      vertex 181.108 85.2235 3
    endloop
  endfacet
  facet normal -0 0 1
    outer loop
      vertex 179.863 92.7837 3
      vertex 182.198 90.5927 3
      vertex 179.878 92.8 3
    endloop
  endfacet
  facet normal 0 0 1
    outer loop
      vertex 182.65 88.0278 3
      vertex 180.767 85.4328 3
      vertex 180.936 85.3247 3
    endloop
  endfacet
  facet normal -0 0 1
    outer loop
      vertex 179.732 92.6326 3
      vertex 182.198 90.5927 3
      vertex 179.863 92.7837 3
    endloop
  endfacet
  facet normal 0 0 1
    outer loop
      vertex 182.485 88.1364 3
      vertex 180.604 85.5476 3
      vertex 180.767 85.4328 3
    endloop
  endfacet
  facet normal -0 0 1
    outer loop
      vertex 179.607 92.4763 3
      vertex 182.198 90.5927 3
      vertex 179.732 92.6326 3
    endloop
  endfacet
  facet normal 0 0 1
    outer loop
      vertex 182.485 88.1364 3
      vertex 180.445 85.669 3
      vertex 180.604 85.5476 3
    endloop
  endfacet
  facet normal 0 0 1
    outer loop
      vertex 182.198 90.5927 3
      vertex 179.607 92.4763 3
      vertex 182.08 90.4342 3
    endloop
  endfacet
  facet normal 0 0 1
    outer loop
      vertex 182.333 88.2635 3
      vertex 180.291 85.7968 3
      vertex 180.445 85.669 3
    endloop
  endfacet
  facet normal -0 0 1
    outer loop
      vertex 179.489 92.3151 3
      vertex 182.08 90.4342 3
      vertex 179.607 92.4763 3
    endloop
  endfacet
  facet normal 0 0 1
    outer loop
      vertex 182.333 88.2635 3
      vertex 180.143 85.9308 3
      vertex 180.291 85.7968 3
    endloop
  endfacet
  facet normal -0 0 1
    outer loop
      vertex 179.378 92.1491 3
      vertex 182.08 90.4342 3
      vertex 179.489 92.3151 3
    endloop
  endfacet
  facet normal 0 0 1
    outer loop
      vertex 182.333 88.2635 3
      vertex 180 86.0707 3
      vertex 180.143 85.9308 3
    endloop
  endfacet
  facet normal -0 0 1
    outer loop
      vertex 179.273 91.9788 3
      vertex 182.08 90.4342 3
      vertex 179.378 92.1491 3
    endloop
  endfacet
  facet normal 0 0 1
    outer loop
      vertex 182.08 90.4342 3
      vertex 179.273 91.9788 3
      vertex 181.981 90.263 3
    endloop
  endfacet
  facet normal 0 0 1
    outer loop
      vertex 182.198 88.4073 3
      vertex 179.863 86.2163 3
      vertex 180 86.0707 3
    endloop
  endfacet
  facet normal -0 0 1
    outer loop
      vertex 179.176 91.8043 3
      vertex 181.981 90.263 3
      vertex 179.273 91.9788 3
    endloop
  endfacet
  facet normal 0 0 1
    outer loop
      vertex 182.198 88.4073 3
      vertex 179.732 86.3674 3
      vertex 179.863 86.2163 3
    endloop
  endfacet
  facet normal -0 0 1
    outer loop
      vertex 179.085 91.626 3
      vertex 181.981 90.263 3
      vertex 179.176 91.8043 3
    endloop
  endfacet
  facet normal 0 0 1
    outer loop
      vertex 182.198 88.4073 3
      vertex 179.607 86.5237 3
      vertex 179.732 86.3674 3
    endloop
  endfacet
  facet normal -0 0 1
    outer loop
      vertex 179.002 91.4442 3
      vertex 181.981 90.263 3
      vertex 179.085 91.626 3
    endloop
  endfacet
  facet normal 0 0 1
    outer loop
      vertex 182.08 88.5658 3
      vertex 179.489 86.6849 3
      vertex 179.607 86.5237 3
    endloop
  endfacet
  facet normal 0 0 1
    outer loop
      vertex 181.981 90.263 3
      vertex 179.002 91.4442 3
      vertex 181.903 90.0814 3
    endloop
  endfacet
  facet normal 0 0 1
    outer loop
      vertex 182.08 88.5658 3
      vertex 179.378 86.8509 3
      vertex 179.489 86.6849 3
    endloop
  endfacet
  facet normal -0 0 1
    outer loop
      vertex 178.927 91.2591 3
      vertex 181.903 90.0814 3
      vertex 179.002 91.4442 3
    endloop
  endfacet
  facet normal 0 0 1
    outer loop
      vertex 182.08 88.5658 3
      vertex 179.273 87.0212 3
      vertex 179.378 86.8509 3
    endloop
  endfacet
  facet normal -0 0 1
    outer loop
      vertex 178.905 91.2 3
      vertex 181.903 90.0814 3
      vertex 178.927 91.2591 3
    endloop
  endfacet
  facet normal 0 0 1
    outer loop
      vertex 181.981 88.737 3
      vertex 179.176 87.1957 3
      vertex 179.273 87.0212 3
    endloop
  endfacet
  facet normal -0 0 1
    outer loop
      vertex 178.859 91.0711 3
      vertex 181.903 90.0814 3
      vertex 178.905 91.2 3
    endloop
  endfacet
  facet normal 0 0 1
    outer loop
      vertex 181.981 88.737 3
      vertex 179.085 87.374 3
      vertex 179.176 87.1957 3
    endloop
  endfacet
  facet normal -0 0 1
    outer loop
      vertex 178.798 90.8805 3
      vertex 181.903 90.0814 3
      vertex 178.859 91.0711 3
    endloop
  endfacet
  facet normal 0 0 1
    outer loop
      vertex 181.981 88.737 3
      vertex 179.002 87.5558 3
      vertex 179.085 87.374 3
    endloop
  endfacet
  facet normal 0 0 1
    outer loop
      vertex 181.903 90.0814 3
      vertex 178.798 90.8805 3
      vertex 181.846 89.892 3
    endloop
  endfacet
  facet normal -0 0 1
    outer loop
      vertex 178.746 90.6876 3
      vertex 181.846 89.892 3
      vertex 178.798 90.8805 3
    endloop
  endfacet
  facet normal 0 0 1
    outer loop
      vertex 181.903 88.9186 3
      vertex 178.927 87.7409 3
      vertex 179.002 87.5558 3
    endloop
  endfacet
  facet normal -0 0 1
    outer loop
      vertex 178.702 90.4927 3
      vertex 181.846 89.892 3
      vertex 178.746 90.6876 3
    endloop
  endfacet
  facet normal 0 0 1
    outer loop
      vertex 181.903 88.9186 3
      vertex 178.859 87.9289 3
      vertex 178.927 87.7409 3
    endloop
  endfacet
  facet normal -0 0 1
    outer loop
      vertex 178.665 90.2961 3
      vertex 181.846 89.892 3
      vertex 178.702 90.4927 3
    endloop
  endfacet
  facet normal 0 0 1
    outer loop
      vertex 181.903 88.9186 3
      vertex 178.798 88.1195 3
      vertex 178.859 87.9289 3
    endloop
  endfacet
  facet normal 0 0 1
    outer loop
      vertex 181.846 89.892 3
      vertex 178.665 90.2961 3
      vertex 181.811 89.6974 3
    endloop
  endfacet
  facet normal 0 0 1
    outer loop
      vertex 181.846 89.108 3
      vertex 178.746 88.3124 3
      vertex 178.798 88.1195 3
    endloop
  endfacet
  facet normal -0 0 1
    outer loop
      vertex 178.637 90.0983 3
      vertex 181.811 89.6974 3
      vertex 178.665 90.2961 3
    endloop
  endfacet
  facet normal 0 0 1
    outer loop
      vertex 181.846 89.108 3
      vertex 178.702 88.5073 3
      vertex 178.746 88.3124 3
    endloop
  endfacet
  facet normal -0 0 1
    outer loop
      vertex 178.616 89.8994 3
      vertex 181.811 89.6974 3
      vertex 178.637 90.0983 3
    endloop
  endfacet
  facet normal 0 0 1
    outer loop
      vertex 181.846 89.108 3
      vertex 178.665 88.7039 3
      vertex 178.702 88.5073 3
    endloop
  endfacet
  facet normal 0 0 1
    outer loop
      vertex 181.811 89.6974 3
      vertex 178.616 89.8994 3
      vertex 181.8 89.5 3
    endloop
  endfacet
  facet normal 0 0 1
    outer loop
      vertex 181.811 89.3026 3
      vertex 178.637 88.9017 3
      vertex 178.665 88.7039 3
    endloop
  endfacet
  facet normal -0 0 1
    outer loop
      vertex 178.604 89.6999 3
      vertex 181.8 89.5 3
      vertex 178.616 89.8994 3
    endloop
  endfacet
  facet normal 0 0 1
    outer loop
      vertex 181.811 89.3026 3
      vertex 178.616 89.1006 3
      vertex 178.637 88.9017 3
    endloop
  endfacet
  facet normal 0 0 1
    outer loop
      vertex 178.6 89.5 3
      vertex 181.8 89.5 3
      vertex 178.604 89.6999 3
    endloop
  endfacet
  facet normal 0 0 1
    outer loop
      vertex 181.8 89.5 3
      vertex 178.604 89.3001 3
      vertex 178.616 89.1006 3
    endloop
  endfacet
  facet normal 0 0 1
    outer loop
      vertex 181.8 89.5 3
      vertex 178.6 89.5 3
      vertex 178.604 89.3001 3
    endloop
  endfacet
  facet normal -0 0 1
    outer loop
      vertex 158.311 59.4701 3
      vertex 184.784 11.2287 3
      vertex 158.371 59.6596 3
    endloop
  endfacet
  facet normal 0 0 1
    outer loop
      vertex 184.395 11.3176 3
      vertex 158.441 31.9489 3
      vertex 158.45 31.75 3
    endloop
  endfacet
  facet normal 0 0 1
    outer loop
      vertex 184.784 11.2287 3
      vertex 158.311 59.4701 3
      vertex 184.59 11.2771 3
    endloop
  endfacet
  facet normal 0 0 1
    outer loop
      vertex 184.395 11.3176 3
      vertex 158.415 32.1462 3
      vertex 158.441 31.9489 3
    endloop
  endfacet
  facet normal 0 0 1
    outer loop
      vertex 184.59 11.2771 3
      vertex 158.311 59.4701 3
      vertex 184.395 11.3176 3
    endloop
  endfacet
  facet normal 0 0 1
    outer loop
      vertex 184.395 11.3176 3
      vertex 158.371 32.3404 3
      vertex 158.415 32.1462 3
    endloop
  endfacet
  facet normal -0 0 1
    outer loop
      vertex 156.51 53.0099 3
      vertex 184.395 11.3176 3
      vertex 158.311 59.4701 3
    endloop
  endfacet
  facet normal 0 0 1
    outer loop
      vertex 184.395 11.3176 3
      vertex 158.311 32.5299 3
      vertex 158.371 32.3404 3
    endloop
  endfacet
  facet normal 0 0 1
    outer loop
      vertex 156.51 53.0099 3
      vertex 158.311 59.4701 3
      vertex 158.233 59.2866 3
    endloop
  endfacet
  facet normal 0 0 1
    outer loop
      vertex 184.395 11.3176 3
      vertex 156.51 53.0099 3
      vertex 158.311 32.5299 3
    endloop
  endfacet
  facet normal 0 0 1
    outer loop
      vertex 156.51 53.0099 3
      vertex 158.233 59.2866 3
      vertex 158.14 59.1107 3
    endloop
  endfacet
  facet normal 0 0 1
    outer loop
      vertex 158.311 32.5299 3
      vertex 156.51 53.0099 3
      vertex 158.233 32.7134 3
    endloop
  endfacet
  facet normal 0 0 1
    outer loop
      vertex 156.51 53.0099 3
      vertex 158.14 59.1107 3
      vertex 158.032 58.9436 3
    endloop
  endfacet
  facet normal 0 0 1
    outer loop
      vertex 158.233 32.7134 3
      vertex 156.51 53.0099 3
      vertex 158.14 32.8893 3
    endloop
  endfacet
  facet normal 0 0 1
    outer loop
      vertex 156.51 53.0099 3
      vertex 158.032 58.9436 3
      vertex 157.909 58.7868 3
    endloop
  endfacet
  facet normal -0 0 1
    outer loop
      vertex 156.51 35.9901 3
      vertex 158.14 32.8893 3
      vertex 156.51 53.0099 3
    endloop
  endfacet
  facet normal 0 0 1
    outer loop
      vertex 156.51 53.0099 3
      vertex 157.909 58.7868 3
      vertex 157.773 58.6415 3
    endloop
  endfacet
  facet normal 0 0 1
    outer loop
      vertex 158.14 32.8893 3
      vertex 156.51 35.9901 3
      vertex 158.032 33.0564 3
    endloop
  endfacet
  facet normal 0 0 1
    outer loop
      vertex 156.51 53.0099 3
      vertex 157.773 58.6415 3
      vertex 157.625 58.5088 3
    endloop
  endfacet
  facet normal 0 0 1
    outer loop
      vertex 158.032 33.0564 3
      vertex 156.51 35.9901 3
      vertex 157.909 33.2132 3
    endloop
  endfacet
  facet normal 0 0 1
    outer loop
      vertex 156.51 53.0099 3
      vertex 157.625 58.5088 3
      vertex 157.466 58.3896 3
    endloop
  endfacet
  facet normal 0 0 1
    outer loop
      vertex 157.909 33.2132 3
      vertex 156.51 35.9901 3
      vertex 157.773 33.3585 3
    endloop
  endfacet
  facet normal 0 0 1
    outer loop
      vertex 156.51 53.0099 3
      vertex 157.466 58.3896 3
      vertex 157.296 58.2851 3
    endloop
  endfacet
  facet normal 0 0 1
    outer loop
      vertex 157.773 33.3585 3
      vertex 156.51 35.9901 3
      vertex 157.625 33.4912 3
    endloop
  endfacet
  facet normal 0 0 1
    outer loop
      vertex 156.51 53.0099 3
      vertex 157.296 58.2851 3
      vertex 157.118 58.1959 3
    endloop
  endfacet
  facet normal 0 0 1
    outer loop
      vertex 157.625 33.4912 3
      vertex 156.51 35.9901 3
      vertex 157.466 33.6104 3
    endloop
  endfacet
  facet normal 0 0 1
    outer loop
      vertex 156.51 53.0099 3
      vertex 157.118 58.1959 3
      vertex 156.933 58.1228 3
    endloop
  endfacet
  facet normal 0 0 1
    outer loop
      vertex 157.466 33.6104 3
      vertex 156.51 35.9901 3
      vertex 157.296 33.7149 3
    endloop
  endfacet
  facet normal 0 0 1
    outer loop
      vertex 156.51 53.0099 3
      vertex 156.933 58.1228 3
      vertex 156.742 58.0663 3
    endloop
  endfacet
  facet normal 0 0 1
    outer loop
      vertex 157.296 33.7149 3
      vertex 156.51 35.9901 3
      vertex 157.118 33.8041 3
    endloop
  endfacet
  facet normal 0 0 1
    outer loop
      vertex 156.51 53.0099 3
      vertex 156.742 58.0663 3
      vertex 156.547 58.0269 3
    endloop
  endfacet
  facet normal 0 0 1
    outer loop
      vertex 157.118 33.8041 3
      vertex 156.51 35.9901 3
      vertex 156.933 33.8772 3
    endloop
  endfacet
  facet normal 0 0 1
    outer loop
      vertex 156.933 33.8772 3
      vertex 156.51 35.9901 3
      vertex 156.742 33.9337 3
    endloop
  endfacet
  facet normal -0 0 1
    outer loop
      vertex 156.349 58.005 3
      vertex 156.51 53.0099 3
      vertex 156.547 58.0269 3
    endloop
  endfacet
  facet normal -0 0 1
    outer loop
      vertex 156.15 58.0005 3
      vertex 156.51 53.0099 3
      vertex 156.349 58.005 3
    endloop
  endfacet
  facet normal 0 0 1
    outer loop
      vertex 155.952 58.0138 3
      vertex 156.51 53.0099 3
      vertex 156.15 58.0005 3
    endloop
  endfacet
  facet normal 0 0 1
    outer loop
      vertex 155.755 58.0445 3
      vertex 156.51 53.0099 3
      vertex 155.952 58.0138 3
    endloop
  endfacet
  facet normal 0 0 1
    outer loop
      vertex 155.562 58.0924 3
      vertex 156.51 53.0099 3
      vertex 155.755 58.0445 3
    endloop
  endfacet
  facet normal 0 0 1
    outer loop
      vertex 155.374 58.1573 3
      vertex 156.51 53.0099 3
      vertex 155.562 58.0924 3
    endloop
  endfacet
  facet normal 0 0 1
    outer loop
      vertex 155.192 58.2385 3
      vertex 156.51 53.0099 3
      vertex 155.374 58.1573 3
    endloop
  endfacet
  facet normal 0 0 1
    outer loop
      vertex 155.018 58.3355 3
      vertex 156.51 53.0099 3
      vertex 155.192 58.2385 3
    endloop
  endfacet
  facet normal 0 0 1
    outer loop
      vertex 154.853 58.4474 3
      vertex 156.51 53.0099 3
      vertex 155.018 58.3355 3
    endloop
  endfacet
  facet normal 0 0 1
    outer loop
      vertex 154.699 58.5735 3
      vertex 156.51 53.0099 3
      vertex 154.853 58.4474 3
    endloop
  endfacet
  facet normal 0 0 1
    outer loop
      vertex 154.557 58.7127 3
      vertex 156.51 53.0099 3
      vertex 154.699 58.5735 3
    endloop
  endfacet
  facet normal 0 0 1
    outer loop
      vertex 154.428 58.8639 3
      vertex 156.51 53.0099 3
      vertex 154.557 58.7127 3
    endloop
  endfacet
  facet normal 0 0 1
    outer loop
      vertex 154.312 59.026 3
      vertex 156.51 53.0099 3
      vertex 154.428 58.8639 3
    endloop
  endfacet
  facet normal -0 0 1
    outer loop
      vertex 127.74 59.1107 3
      vertex 154.312 59.026 3
      vertex 154.211 59.1976 3
    endloop
  endfacet
  facet normal -0 0 1
    outer loop
      vertex 127.833 59.2866 3
      vertex 154.211 59.1976 3
      vertex 154.126 59.3775 3
    endloop
  endfacet
  facet normal 0 0 1
    outer loop
      vertex 128.041 60.0511 3
      vertex 153.952 60.1505 3
      vertex 128.05 60.25 3
    endloop
  endfacet
  facet normal 0 0 1
    outer loop
      vertex 153.952 60.1505 3
      vertex 128.041 60.0511 3
      vertex 153.97 59.9522 3
    endloop
  endfacet
  facet normal 0 0 1
    outer loop
      vertex 128.015 59.8538 3
      vertex 153.97 59.9522 3
      vertex 128.041 60.0511 3
    endloop
  endfacet
  facet normal 0 0 1
    outer loop
      vertex 153.97 59.9522 3
      vertex 128.015 59.8538 3
      vertex 154.005 59.7563 3
    endloop
  endfacet
  facet normal 0 0 1
    outer loop
      vertex 127.971 59.6596 3
      vertex 154.005 59.7563 3
      vertex 128.015 59.8538 3
    endloop
  endfacet
  facet normal 0 0 1
    outer loop
      vertex 154.005 59.7563 3
      vertex 127.971 59.6596 3
      vertex 154.057 59.5642 3
    endloop
  endfacet
  facet normal 0 0 1
    outer loop
      vertex 127.91 59.4701 3
      vertex 154.057 59.5642 3
      vertex 127.971 59.6596 3
    endloop
  endfacet
  facet normal 0 0 1
    outer loop
      vertex 154.057 59.5642 3
      vertex 127.91 59.4701 3
      vertex 154.126 59.3775 3
    endloop
  endfacet
  facet normal 0 0 1
    outer loop
      vertex 127.833 59.2866 3
      vertex 154.126 59.3775 3
      vertex 127.91 59.4701 3
    endloop
  endfacet
  facet normal 0 0 1
    outer loop
      vertex 154.211 59.1976 3
      vertex 127.833 59.2866 3
      vertex 127.74 59.1107 3
    endloop
  endfacet
  facet normal 0 0 1
    outer loop
      vertex 154.312 59.026 3
      vertex 127.74 59.1107 3
      vertex 156.51 53.0099 3
    endloop
  endfacet
  facet normal 0 0 1
    outer loop
      vertex 125.49 53.0099 3
      vertex 127.74 59.1107 3
      vertex 127.632 58.9436 3
    endloop
  endfacet
  facet normal 0 0 1
    outer loop
      vertex 125.49 53.0099 3
      vertex 127.632 58.9436 3
      vertex 127.509 58.7868 3
    endloop
  endfacet
  facet normal 0 0 1
    outer loop
      vertex 125.49 53.0099 3
      vertex 127.509 58.7868 3
      vertex 127.373 58.6415 3
    endloop
  endfacet
  facet normal 0 0 1
    outer loop
      vertex 125.49 53.0099 3
      vertex 127.373 58.6415 3
      vertex 127.225 58.5088 3
    endloop
  endfacet
  facet normal 0 0 1
    outer loop
      vertex 125.49 53.0099 3
      vertex 127.225 58.5088 3
      vertex 127.066 58.3896 3
    endloop
  endfacet
  facet normal 0 0 1
    outer loop
      vertex 125.49 53.0099 3
      vertex 127.066 58.3896 3
      vertex 126.896 58.2851 3
    endloop
  endfacet
  facet normal 0 0 1
    outer loop
      vertex 125.49 53.0099 3
      vertex 126.896 58.2851 3
      vertex 126.718 58.1959 3
    endloop
  endfacet
  facet normal 0 0 1
    outer loop
      vertex 125.49 53.0099 3
      vertex 126.718 58.1959 3
      vertex 126.533 58.1228 3
    endloop
  endfacet
  facet normal 0 0 1
    outer loop
      vertex 125.49 53.0099 3
      vertex 126.533 58.1228 3
      vertex 126.342 58.0663 3
    endloop
  endfacet
  facet normal 0 0 1
    outer loop
      vertex 125.49 53.0099 3
      vertex 126.342 58.0663 3
      vertex 126.147 58.0269 3
    endloop
  endfacet
  facet normal 0 0 1
    outer loop
      vertex 125.49 53.0099 3
      vertex 126.147 58.0269 3
      vertex 125.949 58.005 3
    endloop
  endfacet
  facet normal 0 0 1
    outer loop
      vertex 125.49 53.0099 3
      vertex 125.949 58.005 3
      vertex 125.75 58.0005 3
    endloop
  endfacet
  facet normal 0 0 1
    outer loop
      vertex 125.49 53.0099 3
      vertex 125.75 58.0005 3
      vertex 125.552 58.0138 3
    endloop
  endfacet
  facet normal 0 0 1
    outer loop
      vertex 127.74 59.1107 3
      vertex 125.49 53.0099 3
      vertex 156.51 53.0099 3
    endloop
  endfacet
  facet normal 0 0 1
    outer loop
      vertex 125.162 58.0924 3
      vertex 125.49 53.0099 3
      vertex 125.355 58.0445 3
    endloop
  endfacet
  facet normal 0 0 1
    outer loop
      vertex 125.355 58.0445 3
      vertex 125.49 53.0099 3
      vertex 125.552 58.0138 3
    endloop
  endfacet
  facet normal 0 0 1
    outer loop
      vertex 179.273 8.9788 3
      vertex 157.466 29.8896 3
      vertex 179.176 8.80433 3
    endloop
  endfacet
  facet normal 0 0 1
    outer loop
      vertex 155.755 62.4555 3
      vertex 178.6 89.5 3
      vertex 178.604 89.6999 3
    endloop
  endfacet
  facet normal 0 0 1
    outer loop
      vertex 155.755 62.4555 3
      vertex 178.604 89.6999 3
      vertex 178.616 89.8994 3
    endloop
  endfacet
  facet normal 0 0 1
    outer loop
      vertex 155.562 62.4076 3
      vertex 178.616 89.8994 3
      vertex 178.637 90.0983 3
    endloop
  endfacet
  facet normal 0 0 1
    outer loop
      vertex 155.562 62.4076 3
      vertex 178.637 90.0983 3
      vertex 178.665 90.2961 3
    endloop
  endfacet
  facet normal 0 0 1
    outer loop
      vertex 155.374 62.3427 3
      vertex 178.665 90.2961 3
      vertex 178.702 90.4927 3
    endloop
  endfacet
  facet normal 0 0 1
    outer loop
      vertex 126.533 62.3772 3
      vertex 178.702 90.4927 3
      vertex 178.746 90.6876 3
    endloop
  endfacet
  facet normal 0 0 1
    outer loop
      vertex 126.533 62.3772 3
      vertex 178.746 90.6876 3
      vertex 178.798 90.8805 3
    endloop
  endfacet
  facet normal 0 0 1
    outer loop
      vertex 126.342 62.4337 3
      vertex 178.798 90.8805 3
      vertex 178.859 91.0711 3
    endloop
  endfacet
  facet normal -0 0 1
    outer loop
      vertex 95.3 91.2 3
      vertex 178.859 91.0711 3
      vertex 178.905 91.2 3
    endloop
  endfacet
  facet normal 0 0 1
    outer loop
      vertex 178.604 89.3001 3
      vertex 158.441 60.4489 3
      vertex 158.45 60.25 3
    endloop
  endfacet
  facet normal 0 0 1
    outer loop
      vertex 178.604 89.3001 3
      vertex 158.415 60.6462 3
      vertex 158.441 60.4489 3
    endloop
  endfacet
  facet normal 0 0 1
    outer loop
      vertex 178.604 89.3001 3
      vertex 158.371 60.8404 3
      vertex 158.415 60.6462 3
    endloop
  endfacet
  facet normal 0 0 1
    outer loop
      vertex 178.604 89.3001 3
      vertex 158.311 61.0299 3
      vertex 158.371 60.8404 3
    endloop
  endfacet
  facet normal 0 0 1
    outer loop
      vertex 178.604 89.3001 3
      vertex 158.233 61.2134 3
      vertex 158.311 61.0299 3
    endloop
  endfacet
  facet normal 0 0 1
    outer loop
      vertex 178.604 89.3001 3
      vertex 158.14 61.3893 3
      vertex 158.233 61.2134 3
    endloop
  endfacet
  facet normal 0 0 1
    outer loop
      vertex 178.604 89.3001 3
      vertex 158.032 61.5564 3
      vertex 158.14 61.3893 3
    endloop
  endfacet
  facet normal 0 0 1
    outer loop
      vertex 178.604 89.3001 3
      vertex 157.909 61.7132 3
      vertex 158.032 61.5564 3
    endloop
  endfacet
  facet normal 0 0 1
    outer loop
      vertex 178.604 89.3001 3
      vertex 157.773 61.8585 3
      vertex 157.909 61.7132 3
    endloop
  endfacet
  facet normal 0 0 1
    outer loop
      vertex 178.604 89.3001 3
      vertex 157.625 61.9912 3
      vertex 157.773 61.8585 3
    endloop
  endfacet
  facet normal 0 0 1
    outer loop
      vertex 178.604 89.3001 3
      vertex 157.466 62.1104 3
      vertex 157.625 61.9912 3
    endloop
  endfacet
  facet normal 0 0 1
    outer loop
      vertex 178.604 89.3001 3
      vertex 157.296 62.2149 3
      vertex 157.466 62.1104 3
    endloop
  endfacet
  facet normal 0 0 1
    outer loop
      vertex 178.604 89.3001 3
      vertex 157.118 62.3041 3
      vertex 157.296 62.2149 3
    endloop
  endfacet
  facet normal 0 0 1
    outer loop
      vertex 178.604 89.3001 3
      vertex 156.933 62.3772 3
      vertex 157.118 62.3041 3
    endloop
  endfacet
  facet normal 0 0 1
    outer loop
      vertex 178.604 89.3001 3
      vertex 156.742 62.4337 3
      vertex 156.933 62.3772 3
    endloop
  endfacet
  facet normal 0 0 1
    outer loop
      vertex 178.604 89.3001 3
      vertex 156.547 62.4731 3
      vertex 156.742 62.4337 3
    endloop
  endfacet
  facet normal 0 0 1
    outer loop
      vertex 178.604 89.3001 3
      vertex 156.349 62.495 3
      vertex 156.547 62.4731 3
    endloop
  endfacet
  facet normal 0 0 1
    outer loop
      vertex 178.604 89.3001 3
      vertex 156.15 62.4995 3
      vertex 156.349 62.495 3
    endloop
  endfacet
  facet normal 0 0 1
    outer loop
      vertex 178.604 89.3001 3
      vertex 155.952 62.4862 3
      vertex 156.15 62.4995 3
    endloop
  endfacet
  facet normal 0 0 1
    outer loop
      vertex 178.6 89.5 3
      vertex 155.755 62.4555 3
      vertex 155.952 62.4862 3
    endloop
  endfacet
  facet normal 0 0 1
    outer loop
      vertex 178.616 89.8994 3
      vertex 155.562 62.4076 3
      vertex 155.755 62.4555 3
    endloop
  endfacet
  facet normal 0 0 1
    outer loop
      vertex 178.665 90.2961 3
      vertex 155.374 62.3427 3
      vertex 155.562 62.4076 3
    endloop
  endfacet
  facet normal 0 0 1
    outer loop
      vertex 178.702 90.4927 3
      vertex 126.718 62.3041 3
      vertex 155.374 62.3427 3
    endloop
  endfacet
  facet normal 0 0 1
    outer loop
      vertex 155.374 62.3427 3
      vertex 126.718 62.3041 3
      vertex 155.192 62.2615 3
    endloop
  endfacet
  facet normal 0 -0 1
    outer loop
      vertex 126.896 62.2149 3
      vertex 155.192 62.2615 3
      vertex 126.718 62.3041 3
    endloop
  endfacet
  facet normal 0 0 1
    outer loop
      vertex 155.192 62.2615 3
      vertex 126.896 62.2149 3
      vertex 155.018 62.1645 3
    endloop
  endfacet
  facet normal 0 -0 1
    outer loop
      vertex 127.066 62.1104 3
      vertex 155.018 62.1645 3
      vertex 126.896 62.2149 3
    endloop
  endfacet
  facet normal 0 0 1
    outer loop
      vertex 155.018 62.1645 3
      vertex 127.066 62.1104 3
      vertex 154.853 62.0526 3
    endloop
  endfacet
  facet normal 0 0 1
    outer loop
      vertex 153.952 60.3495 3
      vertex 128.05 60.25 3
      vertex 153.952 60.1505 3
    endloop
  endfacet
  facet normal -0 0 1
    outer loop
      vertex 128.041 60.4489 3
      vertex 153.952 60.3495 3
      vertex 153.97 60.5478 3
    endloop
  endfacet
  facet normal -0 0 1
    outer loop
      vertex 128.015 60.6462 3
      vertex 153.97 60.5478 3
      vertex 154.005 60.7437 3
    endloop
  endfacet
  facet normal -0 0 1
    outer loop
      vertex 127.971 60.8404 3
      vertex 154.005 60.7437 3
      vertex 154.057 60.9358 3
    endloop
  endfacet
  facet normal -0 0 1
    outer loop
      vertex 127.91 61.0299 3
      vertex 154.057 60.9358 3
      vertex 154.126 61.1225 3
    endloop
  endfacet
  facet normal -0 0 1
    outer loop
      vertex 127.833 61.2134 3
      vertex 154.126 61.1225 3
      vertex 154.211 61.3024 3
    endloop
  endfacet
  facet normal -0 0 1
    outer loop
      vertex 127.74 61.3893 3
      vertex 154.211 61.3024 3
      vertex 154.312 61.474 3
    endloop
  endfacet
  facet normal -0 0 1
    outer loop
      vertex 127.632 61.5564 3
      vertex 154.312 61.474 3
      vertex 154.428 61.6361 3
    endloop
  endfacet
  facet normal 0 -0 1
    outer loop
      vertex 127.225 61.9912 3
      vertex 154.853 62.0526 3
      vertex 127.066 62.1104 3
    endloop
  endfacet
  facet normal 0 0 1
    outer loop
      vertex 153.952 60.3495 3
      vertex 128.041 60.4489 3
      vertex 128.05 60.25 3
    endloop
  endfacet
  facet normal 0 0 1
    outer loop
      vertex 153.97 60.5478 3
      vertex 128.015 60.6462 3
      vertex 128.041 60.4489 3
    endloop
  endfacet
  facet normal 0 0 1
    outer loop
      vertex 154.005 60.7437 3
      vertex 127.971 60.8404 3
      vertex 128.015 60.6462 3
    endloop
  endfacet
  facet normal 0 0 1
    outer loop
      vertex 154.057 60.9358 3
      vertex 127.91 61.0299 3
      vertex 127.971 60.8404 3
    endloop
  endfacet
  facet normal 0 0 1
    outer loop
      vertex 154.126 61.1225 3
      vertex 127.833 61.2134 3
      vertex 127.91 61.0299 3
    endloop
  endfacet
  facet normal 0 0 1
    outer loop
      vertex 154.211 61.3024 3
      vertex 127.74 61.3893 3
      vertex 127.833 61.2134 3
    endloop
  endfacet
  facet normal 0 0 1
    outer loop
      vertex 154.312 61.474 3
      vertex 127.632 61.5564 3
      vertex 127.74 61.3893 3
    endloop
  endfacet
  facet normal 0 0 1
    outer loop
      vertex 154.428 61.6361 3
      vertex 127.509 61.7132 3
      vertex 127.632 61.5564 3
    endloop
  endfacet
  facet normal 0 0 1
    outer loop
      vertex 154.557 61.7873 3
      vertex 127.509 61.7132 3
      vertex 154.428 61.6361 3
    endloop
  endfacet
  facet normal 0 -0 1
    outer loop
      vertex 127.509 61.7132 3
      vertex 154.557 61.7873 3
      vertex 127.373 61.8585 3
    endloop
  endfacet
  facet normal 0 0 1
    outer loop
      vertex 154.699 61.9265 3
      vertex 127.373 61.8585 3
      vertex 154.557 61.7873 3
    endloop
  endfacet
  facet normal 0 -0 1
    outer loop
      vertex 127.373 61.8585 3
      vertex 154.699 61.9265 3
      vertex 127.225 61.9912 3
    endloop
  endfacet
  facet normal 0 0 1
    outer loop
      vertex 154.853 62.0526 3
      vertex 127.225 61.9912 3
      vertex 154.699 61.9265 3
    endloop
  endfacet
  facet normal 0 0 1
    outer loop
      vertex 178.702 90.4927 3
      vertex 126.533 62.3772 3
      vertex 126.718 62.3041 3
    endloop
  endfacet
  facet normal 0 0 1
    outer loop
      vertex 178.798 90.8805 3
      vertex 126.342 62.4337 3
      vertex 126.533 62.3772 3
    endloop
  endfacet
  facet normal 0 0 1
    outer loop
      vertex 178.859 91.0711 3
      vertex 95.3 91.2 3
      vertex 126.342 62.4337 3
    endloop
  endfacet
  facet normal 0 0 1
    outer loop
      vertex 126.342 62.4337 3
      vertex 95.3 91.2 3
      vertex 126.147 62.4731 3
    endloop
  endfacet
  facet normal 0 0 1
    outer loop
      vertex 126.147 62.4731 3
      vertex 95.3 91.2 3
      vertex 125.949 62.495 3
    endloop
  endfacet
  facet normal 0 0 1
    outer loop
      vertex 125.949 62.495 3
      vertex 95.3 91.2 3
      vertex 125.75 62.4995 3
    endloop
  endfacet
  facet normal 0 0 1
    outer loop
      vertex 125.75 62.4995 3
      vertex 95.3 91.2 3
      vertex 125.552 62.4862 3
    endloop
  endfacet
  facet normal 0 0 1
    outer loop
      vertex 125.552 62.4862 3
      vertex 95.3 91.2 3
      vertex 125.355 62.4555 3
    endloop
  endfacet
  facet normal 0 0 1
    outer loop
      vertex 125.355 62.4555 3
      vertex 95.3 91.2 3
      vertex 125.162 62.4076 3
    endloop
  endfacet
  facet normal 0 0 1
    outer loop
      vertex 125.162 62.4076 3
      vertex 95.3 91.2 3
      vertex 124.974 62.3427 3
    endloop
  endfacet
  facet normal 0 0 1
    outer loop
      vertex 95.3 91.2 3
      vertex 123.552 60.1505 3
      vertex 123.552 60.3495 3
    endloop
  endfacet
  facet normal 0 0 1
    outer loop
      vertex 123.552 60.1505 3
      vertex 95.3 4.8 3
      vertex 123.552 31.8495 3
    endloop
  endfacet
  facet normal 0 0 1
    outer loop
      vertex 123.552 60.1505 3
      vertex 95.3 91.2 3
      vertex 95.3 4.8 3
    endloop
  endfacet
  facet normal 0 0 1
    outer loop
      vertex 123.57 60.5478 3
      vertex 95.3 91.2 3
      vertex 123.552 60.3495 3
    endloop
  endfacet
  facet normal 0 0 1
    outer loop
      vertex 123.605 60.7437 3
      vertex 95.3 91.2 3
      vertex 123.57 60.5478 3
    endloop
  endfacet
  facet normal 0 0 1
    outer loop
      vertex 123.657 60.9358 3
      vertex 95.3 91.2 3
      vertex 123.605 60.7437 3
    endloop
  endfacet
  facet normal 0 0 1
    outer loop
      vertex 123.726 61.1225 3
      vertex 95.3 91.2 3
      vertex 123.657 60.9358 3
    endloop
  endfacet
  facet normal 0 0 1
    outer loop
      vertex 123.811 61.3024 3
      vertex 95.3 91.2 3
      vertex 123.726 61.1225 3
    endloop
  endfacet
  facet normal 0 0 1
    outer loop
      vertex 123.912 61.474 3
      vertex 95.3 91.2 3
      vertex 123.811 61.3024 3
    endloop
  endfacet
  facet normal 0 0 1
    outer loop
      vertex 124.028 61.6361 3
      vertex 95.3 91.2 3
      vertex 123.912 61.474 3
    endloop
  endfacet
  facet normal 0 0 1
    outer loop
      vertex 124.157 61.7873 3
      vertex 95.3 91.2 3
      vertex 124.028 61.6361 3
    endloop
  endfacet
  facet normal 0 0 1
    outer loop
      vertex 124.299 61.9265 3
      vertex 95.3 91.2 3
      vertex 124.157 61.7873 3
    endloop
  endfacet
  facet normal 0 0 1
    outer loop
      vertex 124.453 62.0526 3
      vertex 95.3 91.2 3
      vertex 124.299 61.9265 3
    endloop
  endfacet
  facet normal 0 0 1
    outer loop
      vertex 124.618 62.1645 3
      vertex 95.3 91.2 3
      vertex 124.453 62.0526 3
    endloop
  endfacet
  facet normal 0 0 1
    outer loop
      vertex 124.792 62.2615 3
      vertex 95.3 91.2 3
      vertex 124.618 62.1645 3
    endloop
  endfacet
  facet normal 0 0 1
    outer loop
      vertex 124.974 62.3427 3
      vertex 95.3 91.2 3
      vertex 124.792 62.2615 3
    endloop
  endfacet
  facet normal -0 0 1
    outer loop
      vertex 185.165 84.8917 3
      vertex 185.2 11.095 3
      vertex 185.2 84.905 3
    endloop
  endfacet
  facet normal 0 0 1
    outer loop
      vertex 185.165 84.8917 3
      vertex 185.165 11.1083 3
      vertex 185.2 11.095 3
    endloop
  endfacet
  facet normal -0 0 1
    outer loop
      vertex 184.976 84.8276 3
      vertex 185.165 11.1083 3
      vertex 185.165 84.8917 3
    endloop
  endfacet
  facet normal 0 0 1
    outer loop
      vertex 184.976 84.8276 3
      vertex 184.976 11.1724 3
      vertex 185.165 11.1083 3
    endloop
  endfacet
  facet normal -0 0 1
    outer loop
      vertex 184.784 84.7713 3
      vertex 184.976 11.1724 3
      vertex 184.976 84.8276 3
    endloop
  endfacet
  facet normal 0 0 1
    outer loop
      vertex 184.784 84.7713 3
      vertex 184.784 11.2287 3
      vertex 184.976 11.1724 3
    endloop
  endfacet
  facet normal -0 0 1
    outer loop
      vertex 184.197 84.6499 3
      vertex 158.415 59.8538 3
      vertex 184.395 84.6824 3
    endloop
  endfacet
  facet normal 0 0 1
    outer loop
      vertex 158.371 59.6596 3
      vertex 184.395 84.6824 3
      vertex 158.415 59.8538 3
    endloop
  endfacet
  facet normal -0 0 1
    outer loop
      vertex 183.999 84.6255 3
      vertex 158.415 59.8538 3
      vertex 184.197 84.6499 3
    endloop
  endfacet
  facet normal -0 0 1
    outer loop
      vertex 184.395 84.6824 3
      vertex 158.371 59.6596 3
      vertex 184.59 84.7229 3
    endloop
  endfacet
  facet normal 0 0 1
    outer loop
      vertex 158.415 59.8538 3
      vertex 183.999 84.6255 3
      vertex 158.441 60.0511 3
    endloop
  endfacet
  facet normal -0 0 1
    outer loop
      vertex 184.59 84.7229 3
      vertex 158.371 59.6596 3
      vertex 184.784 84.7713 3
    endloop
  endfacet
  facet normal -0 0 1
    outer loop
      vertex 183.8 84.6092 3
      vertex 158.441 60.0511 3
      vertex 183.999 84.6255 3
    endloop
  endfacet
  facet normal 0 0 1
    outer loop
      vertex 184.784 84.7713 3
      vertex 158.371 59.6596 3
      vertex 184.784 11.2287 3
    endloop
  endfacet
  facet normal -0 0 1
    outer loop
      vertex 183.6 84.601 3
      vertex 158.441 60.0511 3
      vertex 183.8 84.6092 3
    endloop
  endfacet
  facet normal 0 0 1
    outer loop
      vertex 184.395 11.3176 3
      vertex 158.45 31.75 3
      vertex 184.197 11.3501 3
    endloop
  endfacet
  facet normal 0 0 1
    outer loop
      vertex 158.441 60.0511 3
      vertex 183.6 84.601 3
      vertex 158.45 60.25 3
    endloop
  endfacet
  facet normal 0 0 1
    outer loop
      vertex 184.197 11.3501 3
      vertex 158.45 31.75 3
      vertex 183.999 11.3745 3
    endloop
  endfacet
  facet normal 0 0 1
    outer loop
      vertex 158.45 60.25 3
      vertex 183.6 84.601 3
      vertex 183.4 84.601 3
    endloop
  endfacet
  facet normal 0 0 1
    outer loop
      vertex 183.999 11.3745 3
      vertex 158.45 31.75 3
      vertex 183.8 11.3908 3
    endloop
  endfacet
  facet normal 0 0 1
    outer loop
      vertex 158.45 60.25 3
      vertex 183.4 84.601 3
      vertex 183.2 84.6092 3
    endloop
  endfacet
  facet normal 0 0 1
    outer loop
      vertex 183.8 11.3908 3
      vertex 158.45 31.75 3
      vertex 183.6 11.399 3
    endloop
  endfacet
  facet normal 0 0 1
    outer loop
      vertex 158.45 60.25 3
      vertex 183.2 84.6092 3
      vertex 183.001 84.6255 3
    endloop
  endfacet
  facet normal 0 0 1
    outer loop
      vertex 183.6 11.399 3
      vertex 158.45 31.75 3
      vertex 183.4 11.399 3
    endloop
  endfacet
  facet normal 0 0 1
    outer loop
      vertex 158.45 60.25 3
      vertex 183.001 84.6255 3
      vertex 182.803 84.6499 3
    endloop
  endfacet
  facet normal 0 0 1
    outer loop
      vertex 183.4 11.399 3
      vertex 158.45 31.75 3
      vertex 183.2 11.3908 3
    endloop
  endfacet
  facet normal 0 0 1
    outer loop
      vertex 158.45 60.25 3
      vertex 182.803 84.6499 3
      vertex 182.605 84.6824 3
    endloop
  endfacet
  facet normal 0 0 1
    outer loop
      vertex 183.2 11.3908 3
      vertex 158.45 31.75 3
      vertex 183.001 11.3745 3
    endloop
  endfacet
  facet normal 0 0 1
    outer loop
      vertex 158.45 60.25 3
      vertex 182.605 84.6824 3
      vertex 182.41 84.7229 3
    endloop
  endfacet
  facet normal 0 0 1
    outer loop
      vertex 183.001 11.3745 3
      vertex 158.45 31.75 3
      vertex 182.803 11.3501 3
    endloop
  endfacet
  facet normal 0 0 1
    outer loop
      vertex 158.45 60.25 3
      vertex 182.41 84.7229 3
      vertex 182.216 84.7713 3
    endloop
  endfacet
  facet normal 0 0 1
    outer loop
      vertex 182.803 11.3501 3
      vertex 158.45 31.75 3
      vertex 182.605 11.3176 3
    endloop
  endfacet
  facet normal 0 0 1
    outer loop
      vertex 158.45 60.25 3
      vertex 182.216 84.7713 3
      vertex 182.024 84.8276 3
    endloop
  endfacet
  facet normal 0 0 1
    outer loop
      vertex 182.605 11.3176 3
      vertex 158.45 31.75 3
      vertex 182.41 11.2771 3
    endloop
  endfacet
  facet normal 0 0 1
    outer loop
      vertex 158.45 60.25 3
      vertex 182.024 84.8276 3
      vertex 181.835 84.8917 3
    endloop
  endfacet
  facet normal -0 0 1
    outer loop
      vertex 158.441 31.5511 3
      vertex 182.41 11.2771 3
      vertex 158.45 31.75 3
    endloop
  endfacet
  facet normal 0 0 1
    outer loop
      vertex 158.45 60.25 3
      vertex 181.835 84.8917 3
      vertex 181.648 84.9635 3
    endloop
  endfacet
  facet normal 0 0 1
    outer loop
      vertex 182.41 11.2771 3
      vertex 158.441 31.5511 3
      vertex 182.216 11.2287 3
    endloop
  endfacet
  facet normal 0 0 1
    outer loop
      vertex 158.45 60.25 3
      vertex 181.648 84.9635 3
      vertex 181.464 85.0428 3
    endloop
  endfacet
  facet normal 0 0 1
    outer loop
      vertex 182.216 11.2287 3
      vertex 158.441 31.5511 3
      vertex 182.024 11.1724 3
    endloop
  endfacet
  facet normal 0 0 1
    outer loop
      vertex 158.45 60.25 3
      vertex 181.464 85.0428 3
      vertex 181.284 85.1295 3
    endloop
  endfacet
  facet normal -0 0 1
    outer loop
      vertex 158.415 31.3538 3
      vertex 182.024 11.1724 3
      vertex 158.441 31.5511 3
    endloop
  endfacet
  facet normal 0 0 1
    outer loop
      vertex 158.45 60.25 3
      vertex 181.284 85.1295 3
      vertex 181.108 85.2235 3
    endloop
  endfacet
  facet normal 0 0 1
    outer loop
      vertex 182.024 11.1724 3
      vertex 158.415 31.3538 3
      vertex 181.835 11.1083 3
    endloop
  endfacet
  facet normal 0 0 1
    outer loop
      vertex 158.45 60.25 3
      vertex 181.108 85.2235 3
      vertex 180.936 85.3247 3
    endloop
  endfacet
  facet normal 0 0 1
    outer loop
      vertex 181.835 11.1083 3
      vertex 158.415 31.3538 3
      vertex 181.648 11.0365 3
    endloop
  endfacet
  facet normal 0 0 1
    outer loop
      vertex 158.45 60.25 3
      vertex 180.936 85.3247 3
      vertex 180.767 85.4328 3
    endloop
  endfacet
  facet normal -0 0 1
    outer loop
      vertex 158.371 31.1596 3
      vertex 181.648 11.0365 3
      vertex 158.415 31.3538 3
    endloop
  endfacet
  facet normal 0 0 1
    outer loop
      vertex 158.45 60.25 3
      vertex 180.767 85.4328 3
      vertex 180.604 85.5476 3
    endloop
  endfacet
  facet normal 0 0 1
    outer loop
      vertex 181.648 11.0365 3
      vertex 158.371 31.1596 3
      vertex 181.464 10.9572 3
    endloop
  endfacet
  facet normal 0 0 1
    outer loop
      vertex 158.45 60.25 3
      vertex 180.604 85.5476 3
      vertex 180.445 85.669 3
    endloop
  endfacet
  facet normal 0 0 1
    outer loop
      vertex 181.464 10.9572 3
      vertex 158.371 31.1596 3
      vertex 181.284 10.8705 3
    endloop
  endfacet
  facet normal 0 0 1
    outer loop
      vertex 158.45 60.25 3
      vertex 180.445 85.669 3
      vertex 180.291 85.7968 3
    endloop
  endfacet
  facet normal -0 0 1
    outer loop
      vertex 158.311 30.9701 3
      vertex 181.284 10.8705 3
      vertex 158.371 31.1596 3
    endloop
  endfacet
  facet normal 0 0 1
    outer loop
      vertex 158.45 60.25 3
      vertex 180.291 85.7968 3
      vertex 180.143 85.9308 3
    endloop
  endfacet
  facet normal 0 0 1
    outer loop
      vertex 181.284 10.8705 3
      vertex 158.311 30.9701 3
      vertex 181.108 10.7765 3
    endloop
  endfacet
  facet normal 0 0 1
    outer loop
      vertex 158.45 60.25 3
      vertex 180.143 85.9308 3
      vertex 180 86.0707 3
    endloop
  endfacet
  facet normal -0 0 1
    outer loop
      vertex 158.233 30.7866 3
      vertex 181.108 10.7765 3
      vertex 158.311 30.9701 3
    endloop
  endfacet
  facet normal 0 0 1
    outer loop
      vertex 158.45 60.25 3
      vertex 180 86.0707 3
      vertex 179.863 86.2163 3
    endloop
  endfacet
  facet normal 0 0 1
    outer loop
      vertex 181.108 10.7765 3
      vertex 158.233 30.7866 3
      vertex 180.936 10.6753 3
    endloop
  endfacet
  facet normal 0 0 1
    outer loop
      vertex 158.45 60.25 3
      vertex 179.863 86.2163 3
      vertex 179.732 86.3674 3
    endloop
  endfacet
  facet normal 0 0 1
    outer loop
      vertex 180.936 10.6753 3
      vertex 158.233 30.7866 3
      vertex 180.767 10.5672 3
    endloop
  endfacet
  facet normal 0 0 1
    outer loop
      vertex 158.45 60.25 3
      vertex 179.732 86.3674 3
      vertex 179.607 86.5237 3
    endloop
  endfacet
  facet normal -0 0 1
    outer loop
      vertex 158.14 30.6107 3
      vertex 180.767 10.5672 3
      vertex 158.233 30.7866 3
    endloop
  endfacet
  facet normal 0 0 1
    outer loop
      vertex 158.45 60.25 3
      vertex 179.607 86.5237 3
      vertex 179.489 86.6849 3
    endloop
  endfacet
  facet normal 0 0 1
    outer loop
      vertex 180.767 10.5672 3
      vertex 158.14 30.6107 3
      vertex 180.604 10.4524 3
    endloop
  endfacet
  facet normal 0 0 1
    outer loop
      vertex 158.45 60.25 3
      vertex 179.489 86.6849 3
      vertex 179.378 86.8509 3
    endloop
  endfacet
  facet normal 0 0 1
    outer loop
      vertex 180.604 10.4524 3
      vertex 158.14 30.6107 3
      vertex 180.445 10.331 3
    endloop
  endfacet
  facet normal 0 0 1
    outer loop
      vertex 158.45 60.25 3
      vertex 179.378 86.8509 3
      vertex 179.273 87.0212 3
    endloop
  endfacet
  facet normal -0 0 1
    outer loop
      vertex 158.032 30.4436 3
      vertex 180.445 10.331 3
      vertex 158.14 30.6107 3
    endloop
  endfacet
  facet normal 0 0 1
    outer loop
      vertex 158.45 60.25 3
      vertex 179.273 87.0212 3
      vertex 179.176 87.1957 3
    endloop
  endfacet
  facet normal 0 0 1
    outer loop
      vertex 180.445 10.331 3
      vertex 158.032 30.4436 3
      vertex 180.291 10.2032 3
    endloop
  endfacet
  facet normal 0 0 1
    outer loop
      vertex 158.45 60.25 3
      vertex 179.176 87.1957 3
      vertex 179.085 87.374 3
    endloop
  endfacet
  facet normal 0 0 1
    outer loop
      vertex 180.291 10.2032 3
      vertex 158.032 30.4436 3
      vertex 180.143 10.0692 3
    endloop
  endfacet
  facet normal 0 0 1
    outer loop
      vertex 158.45 60.25 3
      vertex 179.085 87.374 3
      vertex 179.002 87.5558 3
    endloop
  endfacet
  facet normal -0 0 1
    outer loop
      vertex 157.909 30.2868 3
      vertex 180.143 10.0692 3
      vertex 158.032 30.4436 3
    endloop
  endfacet
  facet normal 0 0 1
    outer loop
      vertex 158.45 60.25 3
      vertex 179.002 87.5558 3
      vertex 178.927 87.7409 3
    endloop
  endfacet
  facet normal 0 0 1
    outer loop
      vertex 180.143 10.0692 3
      vertex 157.909 30.2868 3
      vertex 180 9.9293 3
    endloop
  endfacet
  facet normal 0 0 1
    outer loop
      vertex 158.45 60.25 3
      vertex 178.927 87.7409 3
      vertex 178.859 87.9289 3
    endloop
  endfacet
  facet normal 0 0 1
    outer loop
      vertex 180 9.9293 3
      vertex 157.909 30.2868 3
      vertex 179.863 9.78369 3
    endloop
  endfacet
  facet normal 0 0 1
    outer loop
      vertex 158.45 60.25 3
      vertex 178.859 87.9289 3
      vertex 178.798 88.1195 3
    endloop
  endfacet
  facet normal -0 0 1
    outer loop
      vertex 157.773 30.1415 3
      vertex 179.863 9.78369 3
      vertex 157.909 30.2868 3
    endloop
  endfacet
  facet normal 0 0 1
    outer loop
      vertex 158.45 60.25 3
      vertex 178.798 88.1195 3
      vertex 178.746 88.3124 3
    endloop
  endfacet
  facet normal 0 0 1
    outer loop
      vertex 179.863 9.78369 3
      vertex 157.773 30.1415 3
      vertex 179.732 9.63261 3
    endloop
  endfacet
  facet normal 0 0 1
    outer loop
      vertex 158.45 60.25 3
      vertex 178.746 88.3124 3
      vertex 178.702 88.5073 3
    endloop
  endfacet
  facet normal 0 0 1
    outer loop
      vertex 179.732 9.63261 3
      vertex 157.773 30.1415 3
      vertex 179.607 9.47632 3
    endloop
  endfacet
  facet normal 0 0 1
    outer loop
      vertex 158.45 60.25 3
      vertex 178.702 88.5073 3
      vertex 178.665 88.7039 3
    endloop
  endfacet
  facet normal -0 0 1
    outer loop
      vertex 157.625 30.0088 3
      vertex 179.607 9.47632 3
      vertex 157.773 30.1415 3
    endloop
  endfacet
  facet normal 0 0 1
    outer loop
      vertex 158.45 60.25 3
      vertex 178.665 88.7039 3
      vertex 178.637 88.9017 3
    endloop
  endfacet
  facet normal 0 0 1
    outer loop
      vertex 179.607 9.47632 3
      vertex 157.625 30.0088 3
      vertex 179.489 9.31507 3
    endloop
  endfacet
  facet normal 0 0 1
    outer loop
      vertex 158.45 60.25 3
      vertex 178.637 88.9017 3
      vertex 178.616 89.1006 3
    endloop
  endfacet
  facet normal 0 0 1
    outer loop
      vertex 179.489 9.31507 3
      vertex 157.625 30.0088 3
      vertex 179.378 9.14914 3
    endloop
  endfacet
  facet normal 0 0 1
    outer loop
      vertex 158.45 60.25 3
      vertex 178.616 89.1006 3
      vertex 178.604 89.3001 3
    endloop
  endfacet
  facet normal -0 0 1
    outer loop
      vertex 157.466 29.8896 3
      vertex 179.378 9.14914 3
      vertex 157.625 30.0088 3
    endloop
  endfacet
  facet normal 0 0 1
    outer loop
      vertex 155.952 62.4862 3
      vertex 178.604 89.3001 3
      vertex 178.6 89.5 3
    endloop
  endfacet
  facet normal 0 0 1
    outer loop
      vertex 179.378 9.14914 3
      vertex 157.466 29.8896 3
      vertex 179.273 8.9788 3
    endloop
  endfacet
  facet normal -0 0 1
    outer loop
      vertex 157.296 29.7851 3
      vertex 179.176 8.80433 3
      vertex 157.466 29.8896 3
    endloop
  endfacet
  facet normal 0 0 1
    outer loop
      vertex 179.176 8.80433 3
      vertex 157.296 29.7851 3
      vertex 179.085 8.62603 3
    endloop
  endfacet
  facet normal 0 0 1
    outer loop
      vertex 179.085 8.62603 3
      vertex 157.296 29.7851 3
      vertex 179.002 8.44419 3
    endloop
  endfacet
  facet normal -0 0 1
    outer loop
      vertex 157.118 29.6959 3
      vertex 179.002 8.44419 3
      vertex 157.296 29.7851 3
    endloop
  endfacet
  facet normal 0 0 1
    outer loop
      vertex 179.002 8.44419 3
      vertex 157.118 29.6959 3
      vertex 178.927 8.25911 3
    endloop
  endfacet
  facet normal -0 0 1
    outer loop
      vertex 156.933 29.6228 3
      vertex 178.927 8.25911 3
      vertex 157.118 29.6959 3
    endloop
  endfacet
  facet normal 0 0 1
    outer loop
      vertex 178.927 8.25911 3
      vertex 156.933 29.6228 3
      vertex 178.859 8.07111 3
    endloop
  endfacet
  facet normal 0 0 1
    outer loop
      vertex 178.859 8.07111 3
      vertex 156.933 29.6228 3
      vertex 178.798 7.88049 3
    endloop
  endfacet
  facet normal -0 0 1
    outer loop
      vertex 156.742 29.5663 3
      vertex 178.798 7.88049 3
      vertex 156.933 29.6228 3
    endloop
  endfacet
  facet normal 0 0 1
    outer loop
      vertex 178.798 7.88049 3
      vertex 156.742 29.5663 3
      vertex 178.746 7.68757 3
    endloop
  endfacet
  facet normal 0 0 1
    outer loop
      vertex 178.746 7.68757 3
      vertex 156.742 29.5663 3
      vertex 178.702 7.49268 3
    endloop
  endfacet
  facet normal -0 0 1
    outer loop
      vertex 156.547 29.5269 3
      vertex 178.702 7.49268 3
      vertex 156.742 29.5663 3
    endloop
  endfacet
  facet normal 0 0 1
    outer loop
      vertex 178.702 7.49268 3
      vertex 156.547 29.5269 3
      vertex 178.665 7.29613 3
    endloop
  endfacet
  facet normal 0 0 1
    outer loop
      vertex 178.665 7.29613 3
      vertex 156.547 29.5269 3
      vertex 178.637 7.09826 3
    endloop
  endfacet
  facet normal -0 0 1
    outer loop
      vertex 156.349 29.505 3
      vertex 178.637 7.09826 3
      vertex 156.547 29.5269 3
    endloop
  endfacet
  facet normal 0 0 1
    outer loop
      vertex 178.637 7.09826 3
      vertex 156.349 29.505 3
      vertex 178.616 6.8994 3
    endloop
  endfacet
  facet normal 0 0 1
    outer loop
      vertex 178.616 6.8994 3
      vertex 156.349 29.505 3
      vertex 178.604 6.69986 3
    endloop
  endfacet
  facet normal -0 0 1
    outer loop
      vertex 156.15 29.5006 3
      vertex 178.604 6.69986 3
      vertex 156.349 29.505 3
    endloop
  endfacet
  facet normal 0 0 1
    outer loop
      vertex 178.604 6.69986 3
      vertex 156.15 29.5006 3
      vertex 178.6 6.5 3
    endloop
  endfacet
  facet normal 0 0 1
    outer loop
      vertex 178.6 6.5 3
      vertex 156.15 29.5006 3
      vertex 178.604 6.30014 3
    endloop
  endfacet
  facet normal 0 0 1
    outer loop
      vertex 155.952 29.5138 3
      vertex 178.604 6.30014 3
      vertex 156.15 29.5006 3
    endloop
  endfacet
  facet normal 0 0 1
    outer loop
      vertex 178.604 6.30014 3
      vertex 155.952 29.5138 3
      vertex 178.616 6.10061 3
    endloop
  endfacet
  facet normal 0 0 1
    outer loop
      vertex 178.616 6.10061 3
      vertex 155.952 29.5138 3
      vertex 178.637 5.90174 3
    endloop
  endfacet
  facet normal 0 0 1
    outer loop
      vertex 155.755 29.5445 3
      vertex 178.637 5.90174 3
      vertex 155.952 29.5138 3
    endloop
  endfacet
  facet normal 0 0 1
    outer loop
      vertex 178.637 5.90174 3
      vertex 155.755 29.5445 3
      vertex 178.665 5.70387 3
    endloop
  endfacet
  facet normal 0 0 1
    outer loop
      vertex 178.665 5.70387 3
      vertex 155.755 29.5445 3
      vertex 178.702 5.50732 3
    endloop
  endfacet
  facet normal 0 0 1
    outer loop
      vertex 155.562 29.5924 3
      vertex 178.702 5.50732 3
      vertex 155.755 29.5445 3
    endloop
  endfacet
  facet normal 0 0 1
    outer loop
      vertex 178.702 5.50732 3
      vertex 155.562 29.5924 3
      vertex 178.746 5.31243 3
    endloop
  endfacet
  facet normal 0 0 1
    outer loop
      vertex 178.746 5.31243 3
      vertex 155.562 29.5924 3
      vertex 178.798 5.11951 3
    endloop
  endfacet
  facet normal 0 0 1
    outer loop
      vertex 155.374 29.6573 3
      vertex 178.798 5.11951 3
      vertex 155.562 29.5924 3
    endloop
  endfacet
  facet normal 0 0 1
    outer loop
      vertex 178.798 5.11951 3
      vertex 155.374 29.6573 3
      vertex 178.859 4.92889 3
    endloop
  endfacet
  facet normal 0 0 1
    outer loop
      vertex 126.718 29.6959 3
      vertex 178.859 4.92889 3
      vertex 155.374 29.6573 3
    endloop
  endfacet
  facet normal -0 0 1
    outer loop
      vertex 126.718 29.6959 3
      vertex 155.374 29.6573 3
      vertex 155.192 29.7385 3
    endloop
  endfacet
  facet normal -0 0 1
    outer loop
      vertex 126.896 29.7851 3
      vertex 155.192 29.7385 3
      vertex 155.018 29.8355 3
    endloop
  endfacet
  facet normal -0 0 1
    outer loop
      vertex 127.066 29.8896 3
      vertex 155.018 29.8355 3
      vertex 154.853 29.9474 3
    endloop
  endfacet
  facet normal -0 0 1
    outer loop
      vertex 127.225 30.0088 3
      vertex 154.853 29.9474 3
      vertex 154.699 30.0735 3
    endloop
  endfacet
  facet normal -0 0 1
    outer loop
      vertex 127.373 30.1415 3
      vertex 154.699 30.0735 3
      vertex 154.557 30.2127 3
    endloop
  endfacet
  facet normal 0 0 1
    outer loop
      vertex 128.041 31.5511 3
      vertex 153.952 31.6505 3
      vertex 128.05 31.75 3
    endloop
  endfacet
  facet normal 0 0 1
    outer loop
      vertex 153.952 31.6505 3
      vertex 128.041 31.5511 3
      vertex 153.97 31.4522 3
    endloop
  endfacet
  facet normal 0 0 1
    outer loop
      vertex 128.015 31.3538 3
      vertex 153.97 31.4522 3
      vertex 128.041 31.5511 3
    endloop
  endfacet
  facet normal 0 0 1
    outer loop
      vertex 153.97 31.4522 3
      vertex 128.015 31.3538 3
      vertex 154.005 31.2563 3
    endloop
  endfacet
  facet normal 0 0 1
    outer loop
      vertex 127.971 31.1596 3
      vertex 154.005 31.2563 3
      vertex 128.015 31.3538 3
    endloop
  endfacet
  facet normal 0 0 1
    outer loop
      vertex 154.005 31.2563 3
      vertex 127.971 31.1596 3
      vertex 154.057 31.0642 3
    endloop
  endfacet
  facet normal 0 0 1
    outer loop
      vertex 127.91 30.9701 3
      vertex 154.057 31.0642 3
      vertex 127.971 31.1596 3
    endloop
  endfacet
  facet normal 0 0 1
    outer loop
      vertex 154.057 31.0642 3
      vertex 127.91 30.9701 3
      vertex 154.126 30.8775 3
    endloop
  endfacet
  facet normal 0 0 1
    outer loop
      vertex 127.833 30.7866 3
      vertex 154.126 30.8775 3
      vertex 127.91 30.9701 3
    endloop
  endfacet
  facet normal 0 0 1
    outer loop
      vertex 154.126 30.8775 3
      vertex 127.833 30.7866 3
      vertex 154.211 30.6976 3
    endloop
  endfacet
  facet normal 0 0 1
    outer loop
      vertex 127.74 30.6107 3
      vertex 154.211 30.6976 3
      vertex 127.833 30.7866 3
    endloop
  endfacet
  facet normal 0 0 1
    outer loop
      vertex 154.211 30.6976 3
      vertex 127.74 30.6107 3
      vertex 154.312 30.526 3
    endloop
  endfacet
  facet normal 0 0 1
    outer loop
      vertex 127.632 30.4436 3
      vertex 154.312 30.526 3
      vertex 127.74 30.6107 3
    endloop
  endfacet
  facet normal 0 0 1
    outer loop
      vertex 154.312 30.526 3
      vertex 127.632 30.4436 3
      vertex 154.428 30.3639 3
    endloop
  endfacet
  facet normal 0 0 1
    outer loop
      vertex 127.509 30.2868 3
      vertex 154.428 30.3639 3
      vertex 127.632 30.4436 3
    endloop
  endfacet
  facet normal 0 0 1
    outer loop
      vertex 154.428 30.3639 3
      vertex 127.509 30.2868 3
      vertex 154.557 30.2127 3
    endloop
  endfacet
  facet normal 0 0 1
    outer loop
      vertex 127.373 30.1415 3
      vertex 154.557 30.2127 3
      vertex 127.509 30.2868 3
    endloop
  endfacet
  facet normal 0 0 1
    outer loop
      vertex 154.699 30.0735 3
      vertex 127.373 30.1415 3
      vertex 127.225 30.0088 3
    endloop
  endfacet
  facet normal 0 0 1
    outer loop
      vertex 154.853 29.9474 3
      vertex 127.225 30.0088 3
      vertex 127.066 29.8896 3
    endloop
  endfacet
  facet normal 0 0 1
    outer loop
      vertex 155.018 29.8355 3
      vertex 127.066 29.8896 3
      vertex 126.896 29.7851 3
    endloop
  endfacet
  facet normal 0 0 1
    outer loop
      vertex 155.192 29.7385 3
      vertex 126.896 29.7851 3
      vertex 126.718 29.6959 3
    endloop
  endfacet
  facet normal -0 0 1
    outer loop
      vertex 126.533 29.6228 3
      vertex 178.859 4.92889 3
      vertex 126.718 29.6959 3
    endloop
  endfacet
  facet normal 0 0 1
    outer loop
      vertex 178.859 4.92889 3
      vertex 126.533 29.6228 3
      vertex 178.905 4.8 3
    endloop
  endfacet
  facet normal -0 0 1
    outer loop
      vertex 126.342 29.5663 3
      vertex 178.905 4.8 3
      vertex 126.533 29.6228 3
    endloop
  endfacet
  facet normal 0 0 1
    outer loop
      vertex 95.3 4.8 3
      vertex 126.342 29.5663 3
      vertex 126.147 29.5269 3
    endloop
  endfacet
  facet normal 0 0 1
    outer loop
      vertex 95.3 4.8 3
      vertex 126.147 29.5269 3
      vertex 125.949 29.505 3
    endloop
  endfacet
  facet normal 0 0 1
    outer loop
      vertex 95.3 4.8 3
      vertex 125.949 29.505 3
      vertex 125.75 29.5006 3
    endloop
  endfacet
  facet normal 0 0 1
    outer loop
      vertex 95.3 4.8 3
      vertex 125.75 29.5006 3
      vertex 125.552 29.5138 3
    endloop
  endfacet
  facet normal 0 0 1
    outer loop
      vertex 95.3 4.8 3
      vertex 125.552 29.5138 3
      vertex 125.355 29.5445 3
    endloop
  endfacet
  facet normal 0 0 1
    outer loop
      vertex 95.3 4.8 3
      vertex 125.355 29.5445 3
      vertex 125.162 29.5924 3
    endloop
  endfacet
  facet normal 0 0 1
    outer loop
      vertex 95.3 4.8 3
      vertex 125.162 29.5924 3
      vertex 124.974 29.6573 3
    endloop
  endfacet
  facet normal 0 0 1
    outer loop
      vertex 95.3 4.8 3
      vertex 124.974 29.6573 3
      vertex 124.792 29.7385 3
    endloop
  endfacet
  facet normal 0 0 1
    outer loop
      vertex 123.552 31.8495 3
      vertex 95.3 4.8 3
      vertex 123.552 31.6505 3
    endloop
  endfacet
  facet normal 0 0 1
    outer loop
      vertex 123.552 31.6505 3
      vertex 95.3 4.8 3
      vertex 123.57 31.4522 3
    endloop
  endfacet
  facet normal 0 0 1
    outer loop
      vertex 123.57 31.4522 3
      vertex 95.3 4.8 3
      vertex 123.605 31.2563 3
    endloop
  endfacet
  facet normal 0 0 1
    outer loop
      vertex 123.605 31.2563 3
      vertex 95.3 4.8 3
      vertex 123.657 31.0642 3
    endloop
  endfacet
  facet normal 0 0 1
    outer loop
      vertex 126.342 29.5663 3
      vertex 95.3 4.8 3
      vertex 178.905 4.8 3
    endloop
  endfacet
  facet normal 0 0 1
    outer loop
      vertex 124.618 29.8355 3
      vertex 95.3 4.8 3
      vertex 124.792 29.7385 3
    endloop
  endfacet
  facet normal 0 0 1
    outer loop
      vertex 124.453 29.9474 3
      vertex 95.3 4.8 3
      vertex 124.618 29.8355 3
    endloop
  endfacet
  facet normal 0 0 1
    outer loop
      vertex 124.299 30.0735 3
      vertex 95.3 4.8 3
      vertex 124.453 29.9474 3
    endloop
  endfacet
  facet normal 0 0 1
    outer loop
      vertex 124.157 30.2127 3
      vertex 95.3 4.8 3
      vertex 124.299 30.0735 3
    endloop
  endfacet
  facet normal 0 0 1
    outer loop
      vertex 124.028 30.3639 3
      vertex 95.3 4.8 3
      vertex 124.157 30.2127 3
    endloop
  endfacet
  facet normal 0 0 1
    outer loop
      vertex 123.912 30.526 3
      vertex 95.3 4.8 3
      vertex 124.028 30.3639 3
    endloop
  endfacet
  facet normal 0 0 1
    outer loop
      vertex 123.811 30.6976 3
      vertex 95.3 4.8 3
      vertex 123.912 30.526 3
    endloop
  endfacet
  facet normal 0 0 1
    outer loop
      vertex 123.726 30.8775 3
      vertex 95.3 4.8 3
      vertex 123.811 30.6976 3
    endloop
  endfacet
  facet normal 0 0 1
    outer loop
      vertex 123.657 31.0642 3
      vertex 95.3 4.8 3
      vertex 123.726 30.8775 3
    endloop
  endfacet
  facet normal 0 0 1
    outer loop
      vertex 156.742 33.9337 3
      vertex 156.51 35.9901 3
      vertex 156.547 33.9731 3
    endloop
  endfacet
  facet normal 0 0 1
    outer loop
      vertex 156.51 35.9901 3
      vertex 156.349 33.995 3
      vertex 156.547 33.9731 3
    endloop
  endfacet
  facet normal 0 0 1
    outer loop
      vertex 156.51 35.9901 3
      vertex 156.15 33.9995 3
      vertex 156.349 33.995 3
    endloop
  endfacet
  facet normal 0 0 1
    outer loop
      vertex 156.51 35.9901 3
      vertex 155.952 33.9862 3
      vertex 156.15 33.9995 3
    endloop
  endfacet
  facet normal 0 0 1
    outer loop
      vertex 156.51 35.9901 3
      vertex 155.755 33.9555 3
      vertex 155.952 33.9862 3
    endloop
  endfacet
  facet normal 0 0 1
    outer loop
      vertex 156.51 35.9901 3
      vertex 155.562 33.9076 3
      vertex 155.755 33.9555 3
    endloop
  endfacet
  facet normal 0 0 1
    outer loop
      vertex 156.51 35.9901 3
      vertex 155.374 33.8427 3
      vertex 155.562 33.9076 3
    endloop
  endfacet
  facet normal 0 0 1
    outer loop
      vertex 156.51 35.9901 3
      vertex 155.192 33.7615 3
      vertex 155.374 33.8427 3
    endloop
  endfacet
  facet normal 0 0 1
    outer loop
      vertex 156.51 35.9901 3
      vertex 155.018 33.6645 3
      vertex 155.192 33.7615 3
    endloop
  endfacet
  facet normal 0 0 1
    outer loop
      vertex 156.51 35.9901 3
      vertex 154.853 33.5526 3
      vertex 155.018 33.6645 3
    endloop
  endfacet
  facet normal 0 0 1
    outer loop
      vertex 156.51 35.9901 3
      vertex 154.699 33.4265 3
      vertex 154.853 33.5526 3
    endloop
  endfacet
  facet normal 0 0 1
    outer loop
      vertex 156.51 35.9901 3
      vertex 154.557 33.2873 3
      vertex 154.699 33.4265 3
    endloop
  endfacet
  facet normal 0 0 1
    outer loop
      vertex 127.509 33.2132 3
      vertex 154.557 33.2873 3
      vertex 156.51 35.9901 3
    endloop
  endfacet
  facet normal 0 0 1
    outer loop
      vertex 153.952 31.8495 3
      vertex 128.05 31.75 3
      vertex 153.952 31.6505 3
    endloop
  endfacet
  facet normal -0 0 1
    outer loop
      vertex 128.041 31.9489 3
      vertex 153.952 31.8495 3
      vertex 153.97 32.0478 3
    endloop
  endfacet
  facet normal -0 0 1
    outer loop
      vertex 128.015 32.1462 3
      vertex 153.97 32.0478 3
      vertex 154.005 32.2437 3
    endloop
  endfacet
  facet normal -0 0 1
    outer loop
      vertex 127.971 32.3404 3
      vertex 154.005 32.2437 3
      vertex 154.057 32.4358 3
    endloop
  endfacet
  facet normal -0 0 1
    outer loop
      vertex 127.91 32.5299 3
      vertex 154.057 32.4358 3
      vertex 154.126 32.6225 3
    endloop
  endfacet
  facet normal -0 0 1
    outer loop
      vertex 127.833 32.7134 3
      vertex 154.126 32.6225 3
      vertex 154.211 32.8024 3
    endloop
  endfacet
  facet normal -0 0 1
    outer loop
      vertex 127.74 32.8893 3
      vertex 154.211 32.8024 3
      vertex 154.312 32.974 3
    endloop
  endfacet
  facet normal -0 0 1
    outer loop
      vertex 127.632 33.0564 3
      vertex 154.312 32.974 3
      vertex 154.428 33.1361 3
    endloop
  endfacet
  facet normal 0 0 1
    outer loop
      vertex 154.557 33.2873 3
      vertex 127.509 33.2132 3
      vertex 154.428 33.1361 3
    endloop
  endfacet
  facet normal 0 0 1
    outer loop
      vertex 153.952 31.8495 3
      vertex 128.041 31.9489 3
      vertex 128.05 31.75 3
    endloop
  endfacet
  facet normal 0 0 1
    outer loop
      vertex 153.97 32.0478 3
      vertex 128.015 32.1462 3
      vertex 128.041 31.9489 3
    endloop
  endfacet
  facet normal 0 0 1
    outer loop
      vertex 154.005 32.2437 3
      vertex 127.971 32.3404 3
      vertex 128.015 32.1462 3
    endloop
  endfacet
  facet normal 0 0 1
    outer loop
      vertex 154.057 32.4358 3
      vertex 127.91 32.5299 3
      vertex 127.971 32.3404 3
    endloop
  endfacet
  facet normal 0 0 1
    outer loop
      vertex 154.126 32.6225 3
      vertex 127.833 32.7134 3
      vertex 127.91 32.5299 3
    endloop
  endfacet
  facet normal 0 0 1
    outer loop
      vertex 154.211 32.8024 3
      vertex 127.74 32.8893 3
      vertex 127.833 32.7134 3
    endloop
  endfacet
  facet normal 0 0 1
    outer loop
      vertex 154.312 32.974 3
      vertex 127.632 33.0564 3
      vertex 127.74 32.8893 3
    endloop
  endfacet
  facet normal 0 0 1
    outer loop
      vertex 154.428 33.1361 3
      vertex 127.509 33.2132 3
      vertex 127.632 33.0564 3
    endloop
  endfacet
  facet normal -0 0 1
    outer loop
      vertex 125.49 35.9901 3
      vertex 127.509 33.2132 3
      vertex 156.51 35.9901 3
    endloop
  endfacet
  facet normal 0 0 1
    outer loop
      vertex 127.509 33.2132 3
      vertex 125.49 35.9901 3
      vertex 127.373 33.3585 3
    endloop
  endfacet
  facet normal 0 0 1
    outer loop
      vertex 127.373 33.3585 3
      vertex 125.49 35.9901 3
      vertex 127.225 33.4912 3
    endloop
  endfacet
  facet normal 0 0 1
    outer loop
      vertex 127.225 33.4912 3
      vertex 125.49 35.9901 3
      vertex 127.066 33.6104 3
    endloop
  endfacet
  facet normal 0 0 1
    outer loop
      vertex 127.066 33.6104 3
      vertex 125.49 35.9901 3
      vertex 126.896 33.7149 3
    endloop
  endfacet
  facet normal 0 0 1
    outer loop
      vertex 126.896 33.7149 3
      vertex 125.49 35.9901 3
      vertex 126.718 33.8041 3
    endloop
  endfacet
  facet normal 0 0 1
    outer loop
      vertex 126.718 33.8041 3
      vertex 125.49 35.9901 3
      vertex 126.533 33.8772 3
    endloop
  endfacet
  facet normal 0 0 1
    outer loop
      vertex 126.533 33.8772 3
      vertex 125.49 35.9901 3
      vertex 126.342 33.9337 3
    endloop
  endfacet
  facet normal 0 0 1
    outer loop
      vertex 126.342 33.9337 3
      vertex 125.49 35.9901 3
      vertex 126.147 33.9731 3
    endloop
  endfacet
  facet normal 0 0 1
    outer loop
      vertex 126.147 33.9731 3
      vertex 125.49 35.9901 3
      vertex 125.949 33.995 3
    endloop
  endfacet
  facet normal 0 0 1
    outer loop
      vertex 125.949 33.995 3
      vertex 125.49 35.9901 3
      vertex 125.75 33.9995 3
    endloop
  endfacet
  facet normal 0 0 1
    outer loop
      vertex 125.49 35.9901 3
      vertex 125.552 33.9862 3
      vertex 125.75 33.9995 3
    endloop
  endfacet
  facet normal 0 0 1
    outer loop
      vertex 125.49 35.9901 3
      vertex 125.355 33.9555 3
      vertex 125.552 33.9862 3
    endloop
  endfacet
  facet normal 0 0 1
    outer loop
      vertex 124.974 58.1573 3
      vertex 125.49 53.0099 3
      vertex 125.162 58.0924 3
    endloop
  endfacet
  facet normal 0 0 1
    outer loop
      vertex 124.792 58.2385 3
      vertex 125.49 53.0099 3
      vertex 124.974 58.1573 3
    endloop
  endfacet
  facet normal 0 0 1
    outer loop
      vertex 125.49 35.9901 3
      vertex 125.162 33.9076 3
      vertex 125.355 33.9555 3
    endloop
  endfacet
  facet normal 0 0 1
    outer loop
      vertex 124.618 58.3355 3
      vertex 125.49 53.0099 3
      vertex 124.792 58.2385 3
    endloop
  endfacet
  facet normal 0 0 1
    outer loop
      vertex 125.49 35.9901 3
      vertex 124.974 33.8427 3
      vertex 125.162 33.9076 3
    endloop
  endfacet
  facet normal 0 0 1
    outer loop
      vertex 124.453 58.4474 3
      vertex 125.49 53.0099 3
      vertex 124.618 58.3355 3
    endloop
  endfacet
  facet normal 0 0 1
    outer loop
      vertex 125.49 35.9901 3
      vertex 124.792 33.7615 3
      vertex 124.974 33.8427 3
    endloop
  endfacet
  facet normal 0 0 1
    outer loop
      vertex 124.299 58.5735 3
      vertex 125.49 53.0099 3
      vertex 124.453 58.4474 3
    endloop
  endfacet
  facet normal 0 0 1
    outer loop
      vertex 125.49 35.9901 3
      vertex 124.618 33.6645 3
      vertex 124.792 33.7615 3
    endloop
  endfacet
  facet normal 0 0 1
    outer loop
      vertex 124.157 58.7127 3
      vertex 125.49 53.0099 3
      vertex 124.299 58.5735 3
    endloop
  endfacet
  facet normal 0 0 1
    outer loop
      vertex 125.49 35.9901 3
      vertex 124.453 33.5526 3
      vertex 124.618 33.6645 3
    endloop
  endfacet
  facet normal 0 0 1
    outer loop
      vertex 124.028 58.8639 3
      vertex 125.49 53.0099 3
      vertex 124.157 58.7127 3
    endloop
  endfacet
  facet normal 0 0 1
    outer loop
      vertex 125.49 35.9901 3
      vertex 124.299 33.4265 3
      vertex 124.453 33.5526 3
    endloop
  endfacet
  facet normal 0 0 1
    outer loop
      vertex 123.912 59.026 3
      vertex 125.49 53.0099 3
      vertex 124.028 58.8639 3
    endloop
  endfacet
  facet normal 0 0 1
    outer loop
      vertex 125.49 35.9901 3
      vertex 124.157 33.2873 3
      vertex 124.299 33.4265 3
    endloop
  endfacet
  facet normal 0 0 1
    outer loop
      vertex 123.811 59.1976 3
      vertex 125.49 53.0099 3
      vertex 123.912 59.026 3
    endloop
  endfacet
  facet normal 0 0 1
    outer loop
      vertex 125.49 35.9901 3
      vertex 124.028 33.1361 3
      vertex 124.157 33.2873 3
    endloop
  endfacet
  facet normal 0 0 1
    outer loop
      vertex 125.49 53.0099 3
      vertex 123.912 32.974 3
      vertex 125.49 35.9901 3
    endloop
  endfacet
  facet normal 0 0 1
    outer loop
      vertex 125.49 35.9901 3
      vertex 123.912 32.974 3
      vertex 124.028 33.1361 3
    endloop
  endfacet
  facet normal 0 0 1
    outer loop
      vertex 123.726 59.3775 3
      vertex 125.49 53.0099 3
      vertex 123.811 59.1976 3
    endloop
  endfacet
  facet normal 0 0 1
    outer loop
      vertex 125.49 53.0099 3
      vertex 123.811 32.8024 3
      vertex 123.912 32.974 3
    endloop
  endfacet
  facet normal 0 0 1
    outer loop
      vertex 123.726 32.6225 3
      vertex 125.49 53.0099 3
      vertex 123.726 59.3775 3
    endloop
  endfacet
  facet normal 0 0 1
    outer loop
      vertex 125.49 53.0099 3
      vertex 123.726 32.6225 3
      vertex 123.811 32.8024 3
    endloop
  endfacet
  facet normal 0 0 1
    outer loop
      vertex 123.657 59.5642 3
      vertex 123.726 32.6225 3
      vertex 123.726 59.3775 3
    endloop
  endfacet
  facet normal 0 0 1
    outer loop
      vertex 123.657 59.5642 3
      vertex 123.657 32.4358 3
      vertex 123.726 32.6225 3
    endloop
  endfacet
  facet normal 0 0 1
    outer loop
      vertex 123.605 59.7563 3
      vertex 123.657 32.4358 3
      vertex 123.657 59.5642 3
    endloop
  endfacet
  facet normal 0 0 1
    outer loop
      vertex 123.605 59.7563 3
      vertex 123.605 32.2437 3
      vertex 123.657 32.4358 3
    endloop
  endfacet
  facet normal 0 0 1
    outer loop
      vertex 123.57 59.9522 3
      vertex 123.605 32.2437 3
      vertex 123.605 59.7563 3
    endloop
  endfacet
  facet normal 0 0 1
    outer loop
      vertex 123.57 59.9522 3
      vertex 123.57 32.0478 3
      vertex 123.605 32.2437 3
    endloop
  endfacet
  facet normal 0 0 1
    outer loop
      vertex 123.552 60.1505 3
      vertex 123.57 32.0478 3
      vertex 123.57 59.9522 3
    endloop
  endfacet
  facet normal 0 0 1
    outer loop
      vertex 123.57 32.0478 3
      vertex 123.552 60.1505 3
      vertex 123.552 31.8495 3
    endloop
  endfacet
  facet normal 0 0 1
    outer loop
      vertex 8.2 6.5 3
      vertex 11.4 6.5 3
      vertex 11.3959 6.69986 3
    endloop
  endfacet
  facet normal 0 0 1
    outer loop
      vertex 8.2 6.5 3
      vertex 11.3959 6.69986 3
      vertex 11.3837 6.8994 3
    endloop
  endfacet
  facet normal 0 0 1
    outer loop
      vertex 11.4 6.5 3
      vertex 8.2 6.5 3
      vertex 11.3959 6.30014 3
    endloop
  endfacet
  facet normal 0 0 1
    outer loop
      vertex 8.18851 6.69736 3
      vertex 11.3837 6.8994 3
      vertex 11.3633 7.09826 3
    endloop
  endfacet
  facet normal 0 0 1
    outer loop
      vertex 11.3959 6.30014 3
      vertex 8.2 6.5 3
      vertex 11.3837 6.10061 3
    endloop
  endfacet
  facet normal 0 0 1
    outer loop
      vertex 8.18851 6.69736 3
      vertex 11.3633 7.09826 3
      vertex 11.3349 7.29613 3
    endloop
  endfacet
  facet normal -0 0 1
    outer loop
      vertex 8.18851 6.30264 3
      vertex 11.3837 6.10061 3
      vertex 8.2 6.5 3
    endloop
  endfacet
  facet normal 0 0 1
    outer loop
      vertex 8.15418 6.89205 3
      vertex 11.3349 7.29613 3
      vertex 11.2984 7.49268 3
    endloop
  endfacet
  facet normal 0 0 1
    outer loop
      vertex 11.3837 6.10061 3
      vertex 8.18851 6.30264 3
      vertex 11.3633 5.90174 3
    endloop
  endfacet
  facet normal 0 0 1
    outer loop
      vertex 8.15418 6.89205 3
      vertex 11.2984 7.49268 3
      vertex 11.2539 7.68757 3
    endloop
  endfacet
  facet normal 0 0 1
    outer loop
      vertex 11.3633 5.90174 3
      vertex 8.18851 6.30264 3
      vertex 11.3349 5.70387 3
    endloop
  endfacet
  facet normal 0 0 1
    outer loop
      vertex 8.15418 6.89205 3
      vertex 11.2539 7.68757 3
      vertex 11.2015 7.88049 3
    endloop
  endfacet
  facet normal -0 0 1
    outer loop
      vertex 8.15418 6.10795 3
      vertex 11.3349 5.70387 3
      vertex 8.18851 6.30264 3
    endloop
  endfacet
  facet normal 0 0 1
    outer loop
      vertex 8.09748 7.08143 3
      vertex 11.2015 7.88049 3
      vertex 11.1413 8.07111 3
    endloop
  endfacet
  facet normal 0 0 1
    outer loop
      vertex 11.3349 5.70387 3
      vertex 8.15418 6.10795 3
      vertex 11.2984 5.50732 3
    endloop
  endfacet
  facet normal 0 0 1
    outer loop
      vertex 11.2984 5.50732 3
      vertex 8.15418 6.10795 3
      vertex 11.2539 5.31243 3
    endloop
  endfacet
  facet normal 0 0 1
    outer loop
      vertex 8.09748 7.08143 3
      vertex 11.1413 8.07111 3
      vertex 11.0733 8.25911 3
    endloop
  endfacet
  facet normal 0 0 1
    outer loop
      vertex 11.2539 5.31243 3
      vertex 8.15418 6.10795 3
      vertex 11.2015 5.11951 3
    endloop
  endfacet
  facet normal 0 0 1
    outer loop
      vertex 8.09748 7.08143 3
      vertex 11.0733 8.25911 3
      vertex 10.9978 8.44419 3
    endloop
  endfacet
  facet normal -0 0 1
    outer loop
      vertex 8.09748 5.91857 3
      vertex 11.2015 5.11951 3
      vertex 8.15418 6.10795 3
    endloop
  endfacet
  facet normal 0 0 1
    outer loop
      vertex 8.01917 7.26296 3
      vertex 10.9978 8.44419 3
      vertex 10.9147 8.62603 3
    endloop
  endfacet
  facet normal 0 0 1
    outer loop
      vertex 11.2015 5.11951 3
      vertex 8.09748 5.91857 3
      vertex 11.1413 4.92889 3
    endloop
  endfacet
  facet normal 0 0 1
    outer loop
      vertex 8.01917 7.26296 3
      vertex 10.9147 8.62603 3
      vertex 10.8244 8.80433 3
    endloop
  endfacet
  facet normal 0 0 1
    outer loop
      vertex 11.1413 4.92889 3
      vertex 8.09748 5.91857 3
      vertex 11.0947 4.8 3
    endloop
  endfacet
  facet normal 0 0 1
    outer loop
      vertex 8.01917 7.26296 3
      vertex 10.8244 8.80433 3
      vertex 10.7268 8.9788 3
    endloop
  endfacet
  facet normal 0 0 1
    outer loop
      vertex 11.0947 4.8 3
      vertex 8.09748 5.91857 3
      vertex 11.0733 4.74089 3
    endloop
  endfacet
  facet normal 0 0 1
    outer loop
      vertex 7.92033 7.43417 3
      vertex 10.7268 8.9788 3
      vertex 10.6221 9.14914 3
    endloop
  endfacet
  facet normal 0 0 1
    outer loop
      vertex 11.0733 4.74089 3
      vertex 8.09748 5.91857 3
      vertex 10.9978 4.55581 3
    endloop
  endfacet
  facet normal 0 0 1
    outer loop
      vertex 7.92033 7.43417 3
      vertex 10.6221 9.14914 3
      vertex 10.5107 9.31507 3
    endloop
  endfacet
  facet normal -0 0 1
    outer loop
      vertex 8.01917 5.73704 3
      vertex 10.9978 4.55581 3
      vertex 8.09748 5.91857 3
    endloop
  endfacet
  facet normal 0 0 1
    outer loop
      vertex 7.92033 7.43417 3
      vertex 10.5107 9.31507 3
      vertex 10.3925 9.47632 3
    endloop
  endfacet
  facet normal 0 0 1
    outer loop
      vertex 10.9978 4.55581 3
      vertex 8.01917 5.73704 3
      vertex 10.9147 4.37397 3
    endloop
  endfacet
  facet normal 0 0 1
    outer loop
      vertex 7.80227 7.59274 3
      vertex 10.3925 9.47632 3
      vertex 10.2679 9.63261 3
    endloop
  endfacet
  facet normal 0 0 1
    outer loop
      vertex 10.9147 4.37397 3
      vertex 8.01917 5.73704 3
      vertex 10.8244 4.19567 3
    endloop
  endfacet
  facet normal 0 0 1
    outer loop
      vertex 7.80227 7.59274 3
      vertex 10.2679 9.63261 3
      vertex 10.1369 9.78369 3
    endloop
  endfacet
  facet normal 0 0 1
    outer loop
      vertex 10.8244 4.19567 3
      vertex 8.01917 5.73704 3
      vertex 10.7268 4.0212 3
    endloop
  endfacet
  facet normal -0 0 1
    outer loop
      vertex 7.92033 5.56583 3
      vertex 10.7268 4.0212 3
      vertex 8.01917 5.73704 3
    endloop
  endfacet
  facet normal 0 0 1
    outer loop
      vertex 7.80227 7.59274 3
      vertex 10.1369 9.78369 3
      vertex 9.99998 9.9293 3
    endloop
  endfacet
  facet normal 0 0 1
    outer loop
      vertex 10.7268 4.0212 3
      vertex 7.92033 5.56583 3
      vertex 10.6221 3.85086 3
    endloop
  endfacet
  facet normal 0 0 1
    outer loop
      vertex 7.66661 7.73654 3
      vertex 9.99998 9.9293 3
      vertex 9.85719 10.0692 3
    endloop
  endfacet
  facet normal 0 0 1
    outer loop
      vertex 10.6221 3.85086 3
      vertex 7.92033 5.56583 3
      vertex 10.5107 3.68493 3
    endloop
  endfacet
  facet normal 0 0 1
    outer loop
      vertex 7.66661 7.73654 3
      vertex 9.85719 10.0692 3
      vertex 9.70882 10.2032 3
    endloop
  endfacet
  facet normal 0 0 1
    outer loop
      vertex 10.5107 3.68493 3
      vertex 7.92033 5.56583 3
      vertex 10.3925 3.52368 3
    endloop
  endfacet
  facet normal 0 0 1
    outer loop
      vertex 7.66661 7.73654 3
      vertex 9.70882 10.2032 3
      vertex 9.5551 10.331 3
    endloop
  endfacet
  facet normal -0 0 1
    outer loop
      vertex 7.80227 5.40726 3
      vertex 10.3925 3.52368 3
      vertex 7.92033 5.56583 3
    endloop
  endfacet
  facet normal 0 0 1
    outer loop
      vertex 7.51517 7.86361 3
      vertex 9.5551 10.331 3
      vertex 9.3963 10.4524 3
    endloop
  endfacet
  facet normal 0 0 1
    outer loop
      vertex 10.3925 3.52368 3
      vertex 7.80227 5.40726 3
      vertex 10.2679 3.36739 3
    endloop
  endfacet
  facet normal 0 0 1
    outer loop
      vertex 7.51517 7.86361 3
      vertex 9.3963 10.4524 3
      vertex 9.23267 10.5672 3
    endloop
  endfacet
  facet normal 0 0 1
    outer loop
      vertex 10.2679 3.36739 3
      vertex 7.80227 5.40726 3
      vertex 10.1369 3.21631 3
    endloop
  endfacet
  facet normal 0 0 1
    outer loop
      vertex 7.35 7.97224 3
      vertex 9.23267 10.5672 3
      vertex 9.0645 10.6753 3
    endloop
  endfacet
  facet normal 0 0 1
    outer loop
      vertex 10.1369 3.21631 3
      vertex 7.80227 5.40726 3
      vertex 10.1216 3.2 3
    endloop
  endfacet
  facet normal 0 0 1
    outer loop
      vertex 7.35 7.97224 3
      vertex 9.0645 10.6753 3
      vertex 8.89206 10.7765 3
    endloop
  endfacet
  facet normal 0 0 1
    outer loop
      vertex 10.1216 3.2 3
      vertex 7.80227 5.40726 3
      vertex 9.99998 3.0707 3
    endloop
  endfacet
  facet normal 0 0 1
    outer loop
      vertex 7.35 7.97224 3
      vertex 8.89206 10.7765 3
      vertex 8.71564 10.8705 3
    endloop
  endfacet
  facet normal -0 0 1
    outer loop
      vertex 7.66661 5.26346 3
      vertex 9.99998 3.0707 3
      vertex 7.80227 5.40726 3
    endloop
  endfacet
  facet normal 0 0 1
    outer loop
      vertex 7.17334 8.06097 3
      vertex 8.71564 10.8705 3
      vertex 8.53553 10.9572 3
    endloop
  endfacet
  facet normal 0 0 1
    outer loop
      vertex 9.99998 3.0707 3
      vertex 7.66661 5.26346 3
      vertex 9.85719 2.93079 3
    endloop
  endfacet
  facet normal 0 0 1
    outer loop
      vertex 7.17334 8.06097 3
      vertex 8.53553 10.9572 3
      vertex 8.35204 11.0365 3
    endloop
  endfacet
  facet normal 0 0 1
    outer loop
      vertex 9.85719 2.93079 3
      vertex 7.66661 5.26346 3
      vertex 9.70882 2.79683 3
    endloop
  endfacet
  facet normal 0 0 1
    outer loop
      vertex 9.70882 2.79683 3
      vertex 7.66661 5.26346 3
      vertex 9.5551 2.66903 3
    endloop
  endfacet
  facet normal 0 0 1
    outer loop
      vertex 11.3837 6.8994 3
      vertex 8.18851 6.69736 3
      vertex 8.2 6.5 3
    endloop
  endfacet
  facet normal 0 0 1
    outer loop
      vertex 7.17334 8.06097 3
      vertex 8.35204 11.0365 3
      vertex 8.16546 11.1083 3
    endloop
  endfacet
  facet normal 0 0 1
    outer loop
      vertex 11.3349 7.29613 3
      vertex 8.15418 6.89205 3
      vertex 8.18851 6.69736 3
    endloop
  endfacet
  facet normal 0 0 1
    outer loop
      vertex 11.2015 7.88049 3
      vertex 8.09748 7.08143 3
      vertex 8.15418 6.89205 3
    endloop
  endfacet
  facet normal 0 0 1
    outer loop
      vertex 10.9978 8.44419 3
      vertex 8.01917 7.26296 3
      vertex 8.09748 7.08143 3
    endloop
  endfacet
  facet normal 0 0 1
    outer loop
      vertex 6.98757 8.12858 3
      vertex 8.16546 11.1083 3
      vertex 7.97611 11.1724 3
    endloop
  endfacet
  facet normal 0 0 1
    outer loop
      vertex 10.7268 8.9788 3
      vertex 7.92033 7.43417 3
      vertex 8.01917 7.26296 3
    endloop
  endfacet
  facet normal 0 0 1
    outer loop
      vertex 10.3925 9.47632 3
      vertex 7.80227 7.59274 3
      vertex 7.92033 7.43417 3
    endloop
  endfacet
  facet normal 0 0 1
    outer loop
      vertex 6.98757 8.12858 3
      vertex 7.97611 11.1724 3
      vertex 7.7843 11.2287 3
    endloop
  endfacet
  facet normal 0 0 1
    outer loop
      vertex 9.99998 9.9293 3
      vertex 7.66661 7.73654 3
      vertex 7.80227 7.59274 3
    endloop
  endfacet
  facet normal 0 0 1
    outer loop
      vertex 6.98757 8.12858 3
      vertex 7.7843 11.2287 3
      vertex 7.59035 11.2771 3
    endloop
  endfacet
  facet normal 0 0 1
    outer loop
      vertex 9.5551 10.331 3
      vertex 7.51517 7.86361 3
      vertex 7.66661 7.73654 3
    endloop
  endfacet
  facet normal 0 0 1
    outer loop
      vertex 6.7952 8.17417 3
      vertex 7.59035 11.2771 3
      vertex 7.39459 11.3176 3
    endloop
  endfacet
  facet normal 0 0 1
    outer loop
      vertex 9.23267 10.5672 3
      vertex 7.35 7.97224 3
      vertex 7.51517 7.86361 3
    endloop
  endfacet
  facet normal 0 0 1
    outer loop
      vertex 6.7952 8.17417 3
      vertex 7.39459 11.3176 3
      vertex 7.19734 11.3501 3
    endloop
  endfacet
  facet normal 0 0 1
    outer loop
      vertex 8.71564 10.8705 3
      vertex 7.17334 8.06097 3
      vertex 7.35 7.97224 3
    endloop
  endfacet
  facet normal 0 0 1
    outer loop
      vertex 6.7952 8.17417 3
      vertex 7.19734 11.3501 3
      vertex 6.99893 11.3745 3
    endloop
  endfacet
  facet normal 0 0 1
    outer loop
      vertex 8.16546 11.1083 3
      vertex 6.98757 8.12858 3
      vertex 7.17334 8.06097 3
    endloop
  endfacet
  facet normal 0 0 1
    outer loop
      vertex 6.59885 8.19712 3
      vertex 6.99893 11.3745 3
      vertex 6.79969 11.3908 3
    endloop
  endfacet
  facet normal 0 0 1
    outer loop
      vertex 7.59035 11.2771 3
      vertex 6.7952 8.17417 3
      vertex 6.98757 8.12858 3
    endloop
  endfacet
  facet normal 0 0 1
    outer loop
      vertex 6.59885 8.19712 3
      vertex 6.79969 11.3908 3
      vertex 6.59995 11.399 3
    endloop
  endfacet
  facet normal 0 0 1
    outer loop
      vertex 6.99893 11.3745 3
      vertex 6.59885 8.19712 3
      vertex 6.7952 8.17417 3
    endloop
  endfacet
  facet normal 0 0 1
    outer loop
      vertex 6.59995 11.399 3
      vertex 6.40115 8.19712 3
      vertex 6.59885 8.19712 3
    endloop
  endfacet
  facet normal -0 0 1
    outer loop
      vertex 6.40005 11.399 3
      vertex 6.40115 8.19712 3
      vertex 6.59995 11.399 3
    endloop
  endfacet
  facet normal -0 0 1
    outer loop
      vertex 6.20031 11.3908 3
      vertex 6.40115 8.19712 3
      vertex 6.40005 11.399 3
    endloop
  endfacet
  facet normal -0 0 1
    outer loop
      vertex 6.00107 11.3745 3
      vertex 6.40115 8.19712 3
      vertex 6.20031 11.3908 3
    endloop
  endfacet
  facet normal 0 0 1
    outer loop
      vertex 6.40115 8.19712 3
      vertex 6.00107 11.3745 3
      vertex 6.2048 8.17417 3
    endloop
  endfacet
  facet normal -0 0 1
    outer loop
      vertex 5.80266 11.3501 3
      vertex 6.2048 8.17417 3
      vertex 6.00107 11.3745 3
    endloop
  endfacet
  facet normal -0 0 1
    outer loop
      vertex 5.60541 11.3176 3
      vertex 6.2048 8.17417 3
      vertex 5.80266 11.3501 3
    endloop
  endfacet
  facet normal -0 0 1
    outer loop
      vertex 5.40965 11.2771 3
      vertex 6.2048 8.17417 3
      vertex 5.60541 11.3176 3
    endloop
  endfacet
  facet normal 0 0 1
    outer loop
      vertex 6.2048 8.17417 3
      vertex 5.40965 11.2771 3
      vertex 6.01243 8.12858 3
    endloop
  endfacet
  facet normal -0 0 1
    outer loop
      vertex 5.2157 11.2287 3
      vertex 6.01243 8.12858 3
      vertex 5.40965 11.2771 3
    endloop
  endfacet
  facet normal -0 0 1
    outer loop
      vertex 5.02389 11.1724 3
      vertex 6.01243 8.12858 3
      vertex 5.2157 11.2287 3
    endloop
  endfacet
  facet normal -0 0 1
    outer loop
      vertex 4.83454 11.1083 3
      vertex 6.01243 8.12858 3
      vertex 5.02389 11.1724 3
    endloop
  endfacet
  facet normal -0 0 1
    outer loop
      vertex 4.8 11.095 3
      vertex 6.01243 8.12858 3
      vertex 4.83454 11.1083 3
    endloop
  endfacet
  facet normal 0 0 1
    outer loop
      vertex 6.01243 8.12858 3
      vertex 4.8 11.095 3
      vertex 5.82666 8.06097 3
    endloop
  endfacet
  facet normal -0 0 1
    outer loop
      vertex 4.64796 11.0365 3
      vertex 5.82666 8.06097 3
      vertex 4.8 11.095 3
    endloop
  endfacet
  facet normal -0 0 1
    outer loop
      vertex 4.46447 10.9572 3
      vertex 5.82666 8.06097 3
      vertex 4.64796 11.0365 3
    endloop
  endfacet
  facet normal -0 0 1
    outer loop
      vertex 4.28436 10.8705 3
      vertex 5.82666 8.06097 3
      vertex 4.46447 10.9572 3
    endloop
  endfacet
  facet normal 0 0 1
    outer loop
      vertex 5.82666 8.06097 3
      vertex 4.28436 10.8705 3
      vertex 5.65 7.97224 3
    endloop
  endfacet
  facet normal -0 0 1
    outer loop
      vertex 4.10794 10.7765 3
      vertex 5.65 7.97224 3
      vertex 4.28436 10.8705 3
    endloop
  endfacet
  facet normal -0 0 1
    outer loop
      vertex 3.9355 10.6753 3
      vertex 5.65 7.97224 3
      vertex 4.10794 10.7765 3
    endloop
  endfacet
  facet normal -0 0 1
    outer loop
      vertex 3.76733 10.5672 3
      vertex 5.65 7.97224 3
      vertex 3.9355 10.6753 3
    endloop
  endfacet
  facet normal 0 0 1
    outer loop
      vertex 5.65 7.97224 3
      vertex 3.76733 10.5672 3
      vertex 5.48483 7.86361 3
    endloop
  endfacet
  facet normal -0 0 1
    outer loop
      vertex 3.6037 10.4524 3
      vertex 5.48483 7.86361 3
      vertex 3.76733 10.5672 3
    endloop
  endfacet
  facet normal -0 0 1
    outer loop
      vertex 3.4449 10.331 3
      vertex 5.48483 7.86361 3
      vertex 3.6037 10.4524 3
    endloop
  endfacet
  facet normal -0 0 1
    outer loop
      vertex 7.51517 5.13639 3
      vertex 9.5551 2.66903 3
      vertex 7.66661 5.26346 3
    endloop
  endfacet
  facet normal 0 0 1
    outer loop
      vertex 9.5551 2.66903 3
      vertex 7.51517 5.13639 3
      vertex 9.3963 2.5476 3
    endloop
  endfacet
  facet normal 0 0 1
    outer loop
      vertex 9.3963 2.5476 3
      vertex 7.51517 5.13639 3
      vertex 9.23267 2.43275 3
    endloop
  endfacet
  facet normal -0 0 1
    outer loop
      vertex 7.35 5.02776 3
      vertex 9.23267 2.43275 3
      vertex 7.51517 5.13639 3
    endloop
  endfacet
  facet normal 0 0 1
    outer loop
      vertex 9.23267 2.43275 3
      vertex 7.35 5.02776 3
      vertex 9.0645 2.32468 3
    endloop
  endfacet
  facet normal 0 0 1
    outer loop
      vertex 9.0645 2.32468 3
      vertex 7.35 5.02776 3
      vertex 8.89206 2.22355 3
    endloop
  endfacet
  facet normal 0 0 1
    outer loop
      vertex 8.89206 2.22355 3
      vertex 7.35 5.02776 3
      vertex 8.71564 2.12954 3
    endloop
  endfacet
  facet normal -0 0 1
    outer loop
      vertex 7.17334 4.93903 3
      vertex 8.71564 2.12954 3
      vertex 7.35 5.02776 3
    endloop
  endfacet
  facet normal 0 0 1
    outer loop
      vertex 8.71564 2.12954 3
      vertex 7.17334 4.93903 3
      vertex 8.53553 2.0428 3
    endloop
  endfacet
  facet normal 0 0 1
    outer loop
      vertex 8.53553 2.0428 3
      vertex 7.17334 4.93903 3
      vertex 8.35204 1.96349 3
    endloop
  endfacet
  facet normal 0 0 1
    outer loop
      vertex 8.35204 1.96349 3
      vertex 7.17334 4.93903 3
      vertex 8.16546 1.89172 3
    endloop
  endfacet
  facet normal -0 0 1
    outer loop
      vertex 6.98757 4.87142 3
      vertex 8.16546 1.89172 3
      vertex 7.17334 4.93903 3
    endloop
  endfacet
  facet normal 0 0 1
    outer loop
      vertex 8.16546 1.89172 3
      vertex 6.98757 4.87142 3
      vertex 7.97611 1.82762 3
    endloop
  endfacet
  facet normal 0 0 1
    outer loop
      vertex 7.97611 1.82762 3
      vertex 6.98757 4.87142 3
      vertex 7.7843 1.7713 3
    endloop
  endfacet
  facet normal 0 0 1
    outer loop
      vertex 7.7843 1.7713 3
      vertex 6.98757 4.87142 3
      vertex 7.59035 1.72285 3
    endloop
  endfacet
  facet normal -0 0 1
    outer loop
      vertex 6.7952 4.82583 3
      vertex 7.59035 1.72285 3
      vertex 6.98757 4.87142 3
    endloop
  endfacet
  facet normal 0 0 1
    outer loop
      vertex 7.59035 1.72285 3
      vertex 6.7952 4.82583 3
      vertex 7.39459 1.68235 3
    endloop
  endfacet
  facet normal 0 0 1
    outer loop
      vertex 7.39459 1.68235 3
      vertex 6.7952 4.82583 3
      vertex 7.19734 1.64988 3
    endloop
  endfacet
  facet normal 0 0 1
    outer loop
      vertex 7.19734 1.64988 3
      vertex 6.7952 4.82583 3
      vertex 6.99893 1.62547 3
    endloop
  endfacet
  facet normal -0 0 1
    outer loop
      vertex 6.59885 4.80288 3
      vertex 6.99893 1.62547 3
      vertex 6.7952 4.82583 3
    endloop
  endfacet
  facet normal 0 0 1
    outer loop
      vertex 6.99893 1.62547 3
      vertex 6.59885 4.80288 3
      vertex 6.79969 1.60917 3
    endloop
  endfacet
  facet normal 0 0 1
    outer loop
      vertex 6.79969 1.60917 3
      vertex 6.59885 4.80288 3
      vertex 6.59995 1.60102 3
    endloop
  endfacet
  facet normal -0 0 1
    outer loop
      vertex 6.40115 4.80288 3
      vertex 6.59995 1.60102 3
      vertex 6.59885 4.80288 3
    endloop
  endfacet
  facet normal 0 0 1
    outer loop
      vertex 6.40115 4.80288 3
      vertex 6.40005 1.60102 3
      vertex 6.59995 1.60102 3
    endloop
  endfacet
  facet normal 0 0 1
    outer loop
      vertex 6.00107 1.62547 3
      vertex 6.40115 4.80288 3
      vertex 6.2048 4.82583 3
    endloop
  endfacet
  facet normal 0 0 1
    outer loop
      vertex 6.40115 4.80288 3
      vertex 6.20031 1.60917 3
      vertex 6.40005 1.60102 3
    endloop
  endfacet
  facet normal 0 0 1
    outer loop
      vertex 5.40965 1.72285 3
      vertex 6.2048 4.82583 3
      vertex 6.01243 4.87142 3
    endloop
  endfacet
  facet normal 0 0 1
    outer loop
      vertex 6.40115 4.80288 3
      vertex 6.00107 1.62547 3
      vertex 6.20031 1.60917 3
    endloop
  endfacet
  facet normal 0 0 1
    outer loop
      vertex 4.83454 1.89172 3
      vertex 6.01243 4.87142 3
      vertex 5.82666 4.93903 3
    endloop
  endfacet
  facet normal 0 0 1
    outer loop
      vertex 6.2048 4.82583 3
      vertex 5.80266 1.64988 3
      vertex 6.00107 1.62547 3
    endloop
  endfacet
  facet normal 0 0 1
    outer loop
      vertex 4.28436 2.12954 3
      vertex 5.82666 4.93903 3
      vertex 5.65 5.02776 3
    endloop
  endfacet
  facet normal 0 0 1
    outer loop
      vertex 6.2048 4.82583 3
      vertex 5.60541 1.68235 3
      vertex 5.80266 1.64988 3
    endloop
  endfacet
  facet normal 0 0 1
    outer loop
      vertex 3.76733 2.43275 3
      vertex 5.65 5.02776 3
      vertex 5.48483 5.13639 3
    endloop
  endfacet
  facet normal 0 0 1
    outer loop
      vertex 6.2048 4.82583 3
      vertex 5.40965 1.72285 3
      vertex 5.60541 1.68235 3
    endloop
  endfacet
  facet normal 0 0 1
    outer loop
      vertex 3.4449 2.66903 3
      vertex 5.48483 5.13639 3
      vertex 5.33339 5.26346 3
    endloop
  endfacet
  facet normal 0 0 1
    outer loop
      vertex 6.01243 4.87142 3
      vertex 5.2157 1.7713 3
      vertex 5.40965 1.72285 3
    endloop
  endfacet
  facet normal 0 0 1
    outer loop
      vertex 3.00002 3.0707 3
      vertex 5.33339 5.26346 3
      vertex 5.19773 5.40726 3
    endloop
  endfacet
  facet normal 0 0 1
    outer loop
      vertex 2.6075 3.52368 3
      vertex 5.19773 5.40726 3
      vertex 5.07967 5.56583 3
    endloop
  endfacet
  facet normal 0 0 1
    outer loop
      vertex 6.01243 4.87142 3
      vertex 5.02389 1.82762 3
      vertex 5.2157 1.7713 3
    endloop
  endfacet
  facet normal 0 0 1
    outer loop
      vertex 2.27323 4.0212 3
      vertex 5.07967 5.56583 3
      vertex 4.98083 5.73704 3
    endloop
  endfacet
  facet normal 0 0 1
    outer loop
      vertex 2.00221 4.55581 3
      vertex 4.98083 5.73704 3
      vertex 4.90252 5.91857 3
    endloop
  endfacet
  facet normal 0 0 1
    outer loop
      vertex 1.79848 5.11951 3
      vertex 4.90252 5.91857 3
      vertex 4.84582 6.10795 3
    endloop
  endfacet
  facet normal 0 0 1
    outer loop
      vertex 6.01243 4.87142 3
      vertex 4.83454 1.89172 3
      vertex 5.02389 1.82762 3
    endloop
  endfacet
  facet normal 0 0 1
    outer loop
      vertex 1.66511 5.70387 3
      vertex 4.84582 6.10795 3
      vertex 4.81149 6.30264 3
    endloop
  endfacet
  facet normal 0 0 1
    outer loop
      vertex 1.6163 6.10061 3
      vertex 4.81149 6.30264 3
      vertex 4.8 6.5 3
    endloop
  endfacet
  facet normal 0 0 1
    outer loop
      vertex 5.48483 7.86361 3
      vertex 3.4449 10.331 3
      vertex 5.33339 7.73654 3
    endloop
  endfacet
  facet normal -0 0 1
    outer loop
      vertex 3.29118 10.2032 3
      vertex 5.33339 7.73654 3
      vertex 3.4449 10.331 3
    endloop
  endfacet
  facet normal 0 0 1
    outer loop
      vertex 5.82666 4.93903 3
      vertex 4.64796 1.96349 3
      vertex 4.83454 1.89172 3
    endloop
  endfacet
  facet normal -0 0 1
    outer loop
      vertex 3.2 10.1208 3
      vertex 5.33339 7.73654 3
      vertex 3.29118 10.2032 3
    endloop
  endfacet
  facet normal 0 0 1
    outer loop
      vertex 5.82666 4.93903 3
      vertex 4.46447 2.0428 3
      vertex 4.64796 1.96349 3
    endloop
  endfacet
  facet normal -0 0 1
    outer loop
      vertex 3.14281 10.0692 3
      vertex 5.33339 7.73654 3
      vertex 3.2 10.1208 3
    endloop
  endfacet
  facet normal 0 0 1
    outer loop
      vertex 5.82666 4.93903 3
      vertex 4.28436 2.12954 3
      vertex 4.46447 2.0428 3
    endloop
  endfacet
  facet normal -0 0 1
    outer loop
      vertex 3.00002 9.9293 3
      vertex 5.33339 7.73654 3
      vertex 3.14281 10.0692 3
    endloop
  endfacet
  facet normal 0 0 1
    outer loop
      vertex 5.65 5.02776 3
      vertex 4.10794 2.22355 3
      vertex 4.28436 2.12954 3
    endloop
  endfacet
  facet normal 0 0 1
    outer loop
      vertex 5.33339 7.73654 3
      vertex 3.00002 9.9293 3
      vertex 5.19773 7.59274 3
    endloop
  endfacet
  facet normal 0 0 1
    outer loop
      vertex 5.65 5.02776 3
      vertex 3.9355 2.32468 3
      vertex 4.10794 2.22355 3
    endloop
  endfacet
  facet normal -0 0 1
    outer loop
      vertex 2.86305 9.78369 3
      vertex 5.19773 7.59274 3
      vertex 3.00002 9.9293 3
    endloop
  endfacet
  facet normal 0 0 1
    outer loop
      vertex 5.65 5.02776 3
      vertex 3.76733 2.43275 3
      vertex 3.9355 2.32468 3
    endloop
  endfacet
  facet normal -0 0 1
    outer loop
      vertex 2.73214 9.63261 3
      vertex 5.19773 7.59274 3
      vertex 2.86305 9.78369 3
    endloop
  endfacet
  facet normal 0 0 1
    outer loop
      vertex 5.48483 5.13639 3
      vertex 3.6037 2.5476 3
      vertex 3.76733 2.43275 3
    endloop
  endfacet
  facet normal -0 0 1
    outer loop
      vertex 2.6075 9.47632 3
      vertex 5.19773 7.59274 3
      vertex 2.73214 9.63261 3
    endloop
  endfacet
  facet normal 0 0 1
    outer loop
      vertex 5.48483 5.13639 3
      vertex 3.4449 2.66903 3
      vertex 3.6037 2.5476 3
    endloop
  endfacet
  facet normal 0 0 1
    outer loop
      vertex 5.19773 7.59274 3
      vertex 2.6075 9.47632 3
      vertex 5.07967 7.43417 3
    endloop
  endfacet
  facet normal 0 0 1
    outer loop
      vertex 5.33339 5.26346 3
      vertex 3.29118 2.79683 3
      vertex 3.4449 2.66903 3
    endloop
  endfacet
  facet normal -0 0 1
    outer loop
      vertex 2.48934 9.31507 3
      vertex 5.07967 7.43417 3
      vertex 2.6075 9.47632 3
    endloop
  endfacet
  facet normal -0 0 1
    outer loop
      vertex 2.37786 9.14914 3
      vertex 5.07967 7.43417 3
      vertex 2.48934 9.31507 3
    endloop
  endfacet
  facet normal 0 0 1
    outer loop
      vertex 5.33339 5.26346 3
      vertex 3.14281 2.93079 3
      vertex 3.29118 2.79683 3
    endloop
  endfacet
  facet normal -0 0 1
    outer loop
      vertex 2.27323 8.9788 3
      vertex 5.07967 7.43417 3
      vertex 2.37786 9.14914 3
    endloop
  endfacet
  facet normal 0 0 1
    outer loop
      vertex 5.33339 5.26346 3
      vertex 3.00002 3.0707 3
      vertex 3.14281 2.93079 3
    endloop
  endfacet
  facet normal 0 0 1
    outer loop
      vertex 5.07967 7.43417 3
      vertex 2.27323 8.9788 3
      vertex 4.98083 7.26296 3
    endloop
  endfacet
  facet normal 0 0 1
    outer loop
      vertex 5.19773 5.40726 3
      vertex 2.86305 3.21631 3
      vertex 3.00002 3.0707 3
    endloop
  endfacet
  facet normal -0 0 1
    outer loop
      vertex 2.17564 8.80433 3
      vertex 4.98083 7.26296 3
      vertex 2.27323 8.9788 3
    endloop
  endfacet
  facet normal 0 0 1
    outer loop
      vertex 5.19773 5.40726 3
      vertex 2.73214 3.36739 3
      vertex 2.86305 3.21631 3
    endloop
  endfacet
  facet normal -0 0 1
    outer loop
      vertex 2.08525 8.62603 3
      vertex 4.98083 7.26296 3
      vertex 2.17564 8.80433 3
    endloop
  endfacet
  facet normal 0 0 1
    outer loop
      vertex 5.19773 5.40726 3
      vertex 2.6075 3.52368 3
      vertex 2.73214 3.36739 3
    endloop
  endfacet
  facet normal -0 0 1
    outer loop
      vertex 2.00221 8.44419 3
      vertex 4.98083 7.26296 3
      vertex 2.08525 8.62603 3
    endloop
  endfacet
  facet normal 0 0 1
    outer loop
      vertex 5.07967 5.56583 3
      vertex 2.48934 3.68493 3
      vertex 2.6075 3.52368 3
    endloop
  endfacet
  facet normal 0 0 1
    outer loop
      vertex 4.98083 7.26296 3
      vertex 2.00221 8.44419 3
      vertex 4.90252 7.08143 3
    endloop
  endfacet
  facet normal 0 0 1
    outer loop
      vertex 5.07967 5.56583 3
      vertex 2.37786 3.85086 3
      vertex 2.48934 3.68493 3
    endloop
  endfacet
  facet normal -0 0 1
    outer loop
      vertex 1.92665 8.25911 3
      vertex 4.90252 7.08143 3
      vertex 2.00221 8.44419 3
    endloop
  endfacet
  facet normal 0 0 1
    outer loop
      vertex 5.07967 5.56583 3
      vertex 2.27323 4.0212 3
      vertex 2.37786 3.85086 3
    endloop
  endfacet
  facet normal -0 0 1
    outer loop
      vertex 1.8587 8.07111 3
      vertex 4.90252 7.08143 3
      vertex 1.92665 8.25911 3
    endloop
  endfacet
  facet normal 0 0 1
    outer loop
      vertex 4.98083 5.73704 3
      vertex 2.17564 4.19567 3
      vertex 2.27323 4.0212 3
    endloop
  endfacet
  facet normal -0 0 1
    outer loop
      vertex 1.79848 7.88049 3
      vertex 4.90252 7.08143 3
      vertex 1.8587 8.07111 3
    endloop
  endfacet
  facet normal 0 0 1
    outer loop
      vertex 4.98083 5.73704 3
      vertex 2.08525 4.37397 3
      vertex 2.17564 4.19567 3
    endloop
  endfacet
  facet normal 0 0 1
    outer loop
      vertex 4.90252 7.08143 3
      vertex 1.79848 7.88049 3
      vertex 4.84582 6.89205 3
    endloop
  endfacet
  facet normal 0 0 1
    outer loop
      vertex 4.98083 5.73704 3
      vertex 2.00221 4.55581 3
      vertex 2.08525 4.37397 3
    endloop
  endfacet
  facet normal -0 0 1
    outer loop
      vertex 1.74609 7.68757 3
      vertex 4.84582 6.89205 3
      vertex 1.79848 7.88049 3
    endloop
  endfacet
  facet normal 0 0 1
    outer loop
      vertex 4.90252 5.91857 3
      vertex 1.92665 4.74089 3
      vertex 2.00221 4.55581 3
    endloop
  endfacet
  facet normal -0 0 1
    outer loop
      vertex 1.7016 7.49268 3
      vertex 4.84582 6.89205 3
      vertex 1.74609 7.68757 3
    endloop
  endfacet
  facet normal 0 0 1
    outer loop
      vertex 4.90252 5.91857 3
      vertex 1.8587 4.92889 3
      vertex 1.92665 4.74089 3
    endloop
  endfacet
  facet normal -0 0 1
    outer loop
      vertex 1.66511 7.29613 3
      vertex 4.84582 6.89205 3
      vertex 1.7016 7.49268 3
    endloop
  endfacet
  facet normal 0 0 1
    outer loop
      vertex 4.90252 5.91857 3
      vertex 1.79848 5.11951 3
      vertex 1.8587 4.92889 3
    endloop
  endfacet
  facet normal 0 0 1
    outer loop
      vertex 4.84582 6.89205 3
      vertex 1.66511 7.29613 3
      vertex 4.81149 6.69736 3
    endloop
  endfacet
  facet normal 0 0 1
    outer loop
      vertex 4.84582 6.10795 3
      vertex 1.74609 5.31243 3
      vertex 1.79848 5.11951 3
    endloop
  endfacet
  facet normal -0 0 1
    outer loop
      vertex 1.63666 7.09826 3
      vertex 4.81149 6.69736 3
      vertex 1.66511 7.29613 3
    endloop
  endfacet
  facet normal 0 0 1
    outer loop
      vertex 4.84582 6.10795 3
      vertex 1.7016 5.50732 3
      vertex 1.74609 5.31243 3
    endloop
  endfacet
  facet normal -0 0 1
    outer loop
      vertex 1.6163 6.8994 3
      vertex 4.81149 6.69736 3
      vertex 1.63666 7.09826 3
    endloop
  endfacet
  facet normal 0 0 1
    outer loop
      vertex 4.84582 6.10795 3
      vertex 1.66511 5.70387 3
      vertex 1.7016 5.50732 3
    endloop
  endfacet
  facet normal 0 0 1
    outer loop
      vertex 4.81149 6.69736 3
      vertex 1.6163 6.8994 3
      vertex 4.8 6.5 3
    endloop
  endfacet
  facet normal 0 0 1
    outer loop
      vertex 4.81149 6.30264 3
      vertex 1.63666 5.90174 3
      vertex 1.66511 5.70387 3
    endloop
  endfacet
  facet normal -0 0 1
    outer loop
      vertex 1.60408 6.69986 3
      vertex 4.8 6.5 3
      vertex 1.6163 6.8994 3
    endloop
  endfacet
  facet normal 0 0 1
    outer loop
      vertex 4.81149 6.30264 3
      vertex 1.6163 6.10061 3
      vertex 1.63666 5.90174 3
    endloop
  endfacet
  facet normal 0 0 1
    outer loop
      vertex 1.6 6.5 3
      vertex 4.8 6.5 3
      vertex 1.60408 6.69986 3
    endloop
  endfacet
  facet normal 0 0 1
    outer loop
      vertex 4.8 6.5 3
      vertex 1.60408 6.30014 3
      vertex 1.6163 6.10061 3
    endloop
  endfacet
  facet normal 0 0 1
    outer loop
      vertex 4.8 6.5 3
      vertex 1.6 6.5 3
      vertex 1.60408 6.30014 3
    endloop
  endfacet
  facet normal 0 0 1
    outer loop
      vertex 188.384 6.8994 3
      vertex 185.189 6.69736 3
      vertex 185.2 6.5 3
    endloop
  endfacet
  facet normal 0 0 1
    outer loop
      vertex 183.988 8.12858 3
      vertex 185.2 11.095 3
      vertex 185.165 11.1083 3
    endloop
  endfacet
  facet normal 0 0 1
    outer loop
      vertex 185.352 11.0365 3
      vertex 185.154 6.89205 3
      vertex 185.189 6.69736 3
    endloop
  endfacet
  facet normal 0 0 1
    outer loop
      vertex 185.352 11.0365 3
      vertex 185.097 7.08143 3
      vertex 185.154 6.89205 3
    endloop
  endfacet
  facet normal 0 0 1
    outer loop
      vertex 185.352 11.0365 3
      vertex 185.019 7.26296 3
      vertex 185.097 7.08143 3
    endloop
  endfacet
  facet normal 0 0 1
    outer loop
      vertex 183.988 8.12858 3
      vertex 185.165 11.1083 3
      vertex 184.976 11.1724 3
    endloop
  endfacet
  facet normal 0 0 1
    outer loop
      vertex 185.352 11.0365 3
      vertex 184.92 7.43417 3
      vertex 185.019 7.26296 3
    endloop
  endfacet
  facet normal 0 0 1
    outer loop
      vertex 185.352 11.0365 3
      vertex 184.802 7.59274 3
      vertex 184.92 7.43417 3
    endloop
  endfacet
  facet normal 0 0 1
    outer loop
      vertex 183.988 8.12858 3
      vertex 184.976 11.1724 3
      vertex 184.784 11.2287 3
    endloop
  endfacet
  facet normal 0 0 1
    outer loop
      vertex 185.352 11.0365 3
      vertex 184.667 7.73654 3
      vertex 184.802 7.59274 3
    endloop
  endfacet
  facet normal 0 0 1
    outer loop
      vertex 183.988 8.12858 3
      vertex 184.784 11.2287 3
      vertex 184.59 11.2771 3
    endloop
  endfacet
  facet normal 0 0 1
    outer loop
      vertex 185.352 11.0365 3
      vertex 184.515 7.86361 3
      vertex 184.667 7.73654 3
    endloop
  endfacet
  facet normal 0 0 1
    outer loop
      vertex 183.795 8.17417 3
      vertex 184.59 11.2771 3
      vertex 184.395 11.3176 3
    endloop
  endfacet
  facet normal 0 0 1
    outer loop
      vertex 185.352 11.0365 3
      vertex 184.35 7.97224 3
      vertex 184.515 7.86361 3
    endloop
  endfacet
  facet normal 0 0 1
    outer loop
      vertex 183.795 8.17417 3
      vertex 184.395 11.3176 3
      vertex 184.197 11.3501 3
    endloop
  endfacet
  facet normal 0 0 1
    outer loop
      vertex 185.352 11.0365 3
      vertex 184.173 8.06097 3
      vertex 184.35 7.97224 3
    endloop
  endfacet
  facet normal 0 0 1
    outer loop
      vertex 183.795 8.17417 3
      vertex 184.197 11.3501 3
      vertex 183.999 11.3745 3
    endloop
  endfacet
  facet normal 0 0 1
    outer loop
      vertex 185.2 11.095 3
      vertex 183.988 8.12858 3
      vertex 184.173 8.06097 3
    endloop
  endfacet
  facet normal 0 0 1
    outer loop
      vertex 183.599 8.19712 3
      vertex 183.999 11.3745 3
      vertex 183.8 11.3908 3
    endloop
  endfacet
  facet normal 0 0 1
    outer loop
      vertex 184.59 11.2771 3
      vertex 183.795 8.17417 3
      vertex 183.988 8.12858 3
    endloop
  endfacet
  facet normal 0 0 1
    outer loop
      vertex 183.599 8.19712 3
      vertex 183.8 11.3908 3
      vertex 183.6 11.399 3
    endloop
  endfacet
  facet normal 0 0 1
    outer loop
      vertex 183.999 11.3745 3
      vertex 183.599 8.19712 3
      vertex 183.795 8.17417 3
    endloop
  endfacet
  facet normal 0 0 1
    outer loop
      vertex 183.6 11.399 3
      vertex 183.401 8.19712 3
      vertex 183.599 8.19712 3
    endloop
  endfacet
  facet normal -0 0 1
    outer loop
      vertex 183.4 11.399 3
      vertex 183.401 8.19712 3
      vertex 183.6 11.399 3
    endloop
  endfacet
  facet normal -0 0 1
    outer loop
      vertex 183.2 11.3908 3
      vertex 183.401 8.19712 3
      vertex 183.4 11.399 3
    endloop
  endfacet
  facet normal -0 0 1
    outer loop
      vertex 183.001 11.3745 3
      vertex 183.401 8.19712 3
      vertex 183.2 11.3908 3
    endloop
  endfacet
  facet normal 0 0 1
    outer loop
      vertex 183.401 8.19712 3
      vertex 183.001 11.3745 3
      vertex 183.205 8.17417 3
    endloop
  endfacet
  facet normal -0 0 1
    outer loop
      vertex 182.803 11.3501 3
      vertex 183.205 8.17417 3
      vertex 183.001 11.3745 3
    endloop
  endfacet
  facet normal -0 0 1
    outer loop
      vertex 182.605 11.3176 3
      vertex 183.205 8.17417 3
      vertex 182.803 11.3501 3
    endloop
  endfacet
  facet normal -0 0 1
    outer loop
      vertex 182.41 11.2771 3
      vertex 183.205 8.17417 3
      vertex 182.605 11.3176 3
    endloop
  endfacet
  facet normal 0 0 1
    outer loop
      vertex 183.205 8.17417 3
      vertex 182.41 11.2771 3
      vertex 183.012 8.12858 3
    endloop
  endfacet
  facet normal -0 0 1
    outer loop
      vertex 182.216 11.2287 3
      vertex 183.012 8.12858 3
      vertex 182.41 11.2771 3
    endloop
  endfacet
  facet normal -0 0 1
    outer loop
      vertex 182.024 11.1724 3
      vertex 183.012 8.12858 3
      vertex 182.216 11.2287 3
    endloop
  endfacet
  facet normal -0 0 1
    outer loop
      vertex 181.835 11.1083 3
      vertex 183.012 8.12858 3
      vertex 182.024 11.1724 3
    endloop
  endfacet
  facet normal 0 0 1
    outer loop
      vertex 183.012 8.12858 3
      vertex 181.835 11.1083 3
      vertex 182.827 8.06097 3
    endloop
  endfacet
  facet normal -0 0 1
    outer loop
      vertex 181.648 11.0365 3
      vertex 182.827 8.06097 3
      vertex 181.835 11.1083 3
    endloop
  endfacet
  facet normal -0 0 1
    outer loop
      vertex 181.464 10.9572 3
      vertex 182.827 8.06097 3
      vertex 181.648 11.0365 3
    endloop
  endfacet
  facet normal -0 0 1
    outer loop
      vertex 181.284 10.8705 3
      vertex 182.827 8.06097 3
      vertex 181.464 10.9572 3
    endloop
  endfacet
  facet normal 0 0 1
    outer loop
      vertex 182.827 8.06097 3
      vertex 181.284 10.8705 3
      vertex 182.65 7.97224 3
    endloop
  endfacet
  facet normal -0 0 1
    outer loop
      vertex 181.108 10.7765 3
      vertex 182.65 7.97224 3
      vertex 181.284 10.8705 3
    endloop
  endfacet
  facet normal -0 0 1
    outer loop
      vertex 180.936 10.6753 3
      vertex 182.65 7.97224 3
      vertex 181.108 10.7765 3
    endloop
  endfacet
  facet normal -0 0 1
    outer loop
      vertex 180.767 10.5672 3
      vertex 182.65 7.97224 3
      vertex 180.936 10.6753 3
    endloop
  endfacet
  facet normal 0 0 1
    outer loop
      vertex 182.65 7.97224 3
      vertex 180.767 10.5672 3
      vertex 182.485 7.86361 3
    endloop
  endfacet
  facet normal -0 0 1
    outer loop
      vertex 180.604 10.4524 3
      vertex 182.485 7.86361 3
      vertex 180.767 10.5672 3
    endloop
  endfacet
  facet normal -0 0 1
    outer loop
      vertex 180.445 10.331 3
      vertex 182.485 7.86361 3
      vertex 180.604 10.4524 3
    endloop
  endfacet
  facet normal 0 0 1
    outer loop
      vertex 182.485 7.86361 3
      vertex 180.445 10.331 3
      vertex 182.333 7.73654 3
    endloop
  endfacet
  facet normal 0 0 1
    outer loop
      vertex 185.2 6.5 3
      vertex 188.4 6.5 3
      vertex 188.396 6.69986 3
    endloop
  endfacet
  facet normal 0 0 1
    outer loop
      vertex 185.2 6.5 3
      vertex 188.396 6.69986 3
      vertex 188.384 6.8994 3
    endloop
  endfacet
  facet normal 0 0 1
    outer loop
      vertex 188.4 6.5 3
      vertex 185.2 6.5 3
      vertex 188.396 6.30014 3
    endloop
  endfacet
  facet normal 0 0 1
    outer loop
      vertex 185.189 6.69736 3
      vertex 188.384 6.8994 3
      vertex 188.363 7.09826 3
    endloop
  endfacet
  facet normal 0 0 1
    outer loop
      vertex 188.396 6.30014 3
      vertex 185.2 6.5 3
      vertex 188.384 6.10061 3
    endloop
  endfacet
  facet normal 0 0 1
    outer loop
      vertex 185.189 6.69736 3
      vertex 188.363 7.09826 3
      vertex 188.335 7.29613 3
    endloop
  endfacet
  facet normal -0 0 1
    outer loop
      vertex 185.189 6.30264 3
      vertex 188.384 6.10061 3
      vertex 185.2 6.5 3
    endloop
  endfacet
  facet normal 0 0 1
    outer loop
      vertex 185.189 6.69736 3
      vertex 188.335 7.29613 3
      vertex 188.298 7.49268 3
    endloop
  endfacet
  facet normal 0 0 1
    outer loop
      vertex 188.384 6.10061 3
      vertex 185.189 6.30264 3
      vertex 188.363 5.90174 3
    endloop
  endfacet
  facet normal 0 0 1
    outer loop
      vertex 185.189 6.69736 3
      vertex 188.298 7.49268 3
      vertex 188.254 7.68757 3
    endloop
  endfacet
  facet normal 0 0 1
    outer loop
      vertex 188.363 5.90174 3
      vertex 185.189 6.30264 3
      vertex 188.335 5.70387 3
    endloop
  endfacet
  facet normal 0 0 1
    outer loop
      vertex 185.189 6.69736 3
      vertex 188.254 7.68757 3
      vertex 188.202 7.88049 3
    endloop
  endfacet
  facet normal -0 0 1
    outer loop
      vertex 185.154 6.10795 3
      vertex 188.335 5.70387 3
      vertex 185.189 6.30264 3
    endloop
  endfacet
  facet normal 0 0 1
    outer loop
      vertex 185.189 6.69736 3
      vertex 188.202 7.88049 3
      vertex 188.141 8.07111 3
    endloop
  endfacet
  facet normal 0 0 1
    outer loop
      vertex 188.335 5.70387 3
      vertex 185.154 6.10795 3
      vertex 188.298 5.50732 3
    endloop
  endfacet
  facet normal 0 0 1
    outer loop
      vertex 185.189 6.69736 3
      vertex 188.141 8.07111 3
      vertex 188.073 8.25911 3
    endloop
  endfacet
  facet normal 0 0 1
    outer loop
      vertex 188.298 5.50732 3
      vertex 185.154 6.10795 3
      vertex 188.254 5.31243 3
    endloop
  endfacet
  facet normal 0 0 1
    outer loop
      vertex 185.189 6.69736 3
      vertex 188.073 8.25911 3
      vertex 187.998 8.44419 3
    endloop
  endfacet
  facet normal 0 0 1
    outer loop
      vertex 188.254 5.31243 3
      vertex 185.154 6.10795 3
      vertex 188.202 5.11951 3
    endloop
  endfacet
  facet normal 0 0 1
    outer loop
      vertex 185.189 6.69736 3
      vertex 187.998 8.44419 3
      vertex 187.915 8.62603 3
    endloop
  endfacet
  facet normal -0 0 1
    outer loop
      vertex 185.097 5.91857 3
      vertex 188.202 5.11951 3
      vertex 185.154 6.10795 3
    endloop
  endfacet
  facet normal 0 0 1
    outer loop
      vertex 185.189 6.69736 3
      vertex 187.915 8.62603 3
      vertex 187.824 8.80433 3
    endloop
  endfacet
  facet normal 0 0 1
    outer loop
      vertex 188.202 5.11951 3
      vertex 185.097 5.91857 3
      vertex 188.141 4.92889 3
    endloop
  endfacet
  facet normal 0 0 1
    outer loop
      vertex 185.189 6.69736 3
      vertex 187.824 8.80433 3
      vertex 187.727 8.9788 3
    endloop
  endfacet
  facet normal 0 0 1
    outer loop
      vertex 188.141 4.92889 3
      vertex 185.097 5.91857 3
      vertex 188.073 4.74089 3
    endloop
  endfacet
  facet normal 0 0 1
    outer loop
      vertex 185.189 6.69736 3
      vertex 187.727 8.9788 3
      vertex 187.622 9.14914 3
    endloop
  endfacet
  facet normal 0 0 1
    outer loop
      vertex 188.073 4.74089 3
      vertex 185.097 5.91857 3
      vertex 187.998 4.55581 3
    endloop
  endfacet
  facet normal 0 0 1
    outer loop
      vertex 185.189 6.69736 3
      vertex 187.622 9.14914 3
      vertex 187.511 9.31507 3
    endloop
  endfacet
  facet normal -0 0 1
    outer loop
      vertex 185.019 5.73704 3
      vertex 187.998 4.55581 3
      vertex 185.097 5.91857 3
    endloop
  endfacet
  facet normal 0 0 1
    outer loop
      vertex 185.189 6.69736 3
      vertex 187.511 9.31507 3
      vertex 187.393 9.47632 3
    endloop
  endfacet
  facet normal 0 0 1
    outer loop
      vertex 187.998 4.55581 3
      vertex 185.019 5.73704 3
      vertex 187.915 4.37397 3
    endloop
  endfacet
  facet normal 0 0 1
    outer loop
      vertex 185.189 6.69736 3
      vertex 187.393 9.47632 3
      vertex 187.268 9.63261 3
    endloop
  endfacet
  facet normal 0 0 1
    outer loop
      vertex 187.915 4.37397 3
      vertex 185.019 5.73704 3
      vertex 187.824 4.19567 3
    endloop
  endfacet
  facet normal 0 0 1
    outer loop
      vertex 185.189 6.69736 3
      vertex 187.268 9.63261 3
      vertex 187.137 9.78369 3
    endloop
  endfacet
  facet normal 0 0 1
    outer loop
      vertex 187.824 4.19567 3
      vertex 185.019 5.73704 3
      vertex 187.727 4.0212 3
    endloop
  endfacet
  facet normal 0 0 1
    outer loop
      vertex 185.189 6.69736 3
      vertex 187.137 9.78369 3
      vertex 187 9.9293 3
    endloop
  endfacet
  facet normal -0 0 1
    outer loop
      vertex 184.92 5.56583 3
      vertex 187.727 4.0212 3
      vertex 185.019 5.73704 3
    endloop
  endfacet
  facet normal 0 0 1
    outer loop
      vertex 185.189 6.69736 3
      vertex 187 9.9293 3
      vertex 186.857 10.0692 3
    endloop
  endfacet
  facet normal 0 0 1
    outer loop
      vertex 187.727 4.0212 3
      vertex 184.92 5.56583 3
      vertex 187.622 3.85086 3
    endloop
  endfacet
  facet normal 0 0 1
    outer loop
      vertex 185.189 6.69736 3
      vertex 186.857 10.0692 3
      vertex 186.8 10.1208 3
    endloop
  endfacet
  facet normal 0 0 1
    outer loop
      vertex 185.189 6.69736 3
      vertex 186.8 10.1208 3
      vertex 186.709 10.2032 3
    endloop
  endfacet
  facet normal 0 0 1
    outer loop
      vertex 187.622 3.85086 3
      vertex 184.92 5.56583 3
      vertex 187.511 3.68493 3
    endloop
  endfacet
  facet normal 0 0 1
    outer loop
      vertex 185.189 6.69736 3
      vertex 186.709 10.2032 3
      vertex 186.555 10.331 3
    endloop
  endfacet
  facet normal 0 0 1
    outer loop
      vertex 187.511 3.68493 3
      vertex 184.92 5.56583 3
      vertex 187.393 3.52368 3
    endloop
  endfacet
  facet normal 0 0 1
    outer loop
      vertex 185.189 6.69736 3
      vertex 186.555 10.331 3
      vertex 186.396 10.4524 3
    endloop
  endfacet
  facet normal -0 0 1
    outer loop
      vertex 184.802 5.40726 3
      vertex 187.393 3.52368 3
      vertex 184.92 5.56583 3
    endloop
  endfacet
  facet normal 0 0 1
    outer loop
      vertex 185.189 6.69736 3
      vertex 186.396 10.4524 3
      vertex 186.233 10.5672 3
    endloop
  endfacet
  facet normal 0 0 1
    outer loop
      vertex 187.393 3.52368 3
      vertex 184.802 5.40726 3
      vertex 187.268 3.36739 3
    endloop
  endfacet
  facet normal 0 0 1
    outer loop
      vertex 185.189 6.69736 3
      vertex 186.233 10.5672 3
      vertex 186.064 10.6753 3
    endloop
  endfacet
  facet normal 0 0 1
    outer loop
      vertex 187.268 3.36739 3
      vertex 184.802 5.40726 3
      vertex 187.137 3.21631 3
    endloop
  endfacet
  facet normal 0 0 1
    outer loop
      vertex 185.189 6.69736 3
      vertex 186.064 10.6753 3
      vertex 185.892 10.7765 3
    endloop
  endfacet
  facet normal 0 0 1
    outer loop
      vertex 187.137 3.21631 3
      vertex 184.802 5.40726 3
      vertex 187 3.0707 3
    endloop
  endfacet
  facet normal 0 0 1
    outer loop
      vertex 185.189 6.69736 3
      vertex 185.892 10.7765 3
      vertex 185.716 10.8705 3
    endloop
  endfacet
  facet normal -0 0 1
    outer loop
      vertex 184.667 5.26346 3
      vertex 187 3.0707 3
      vertex 184.802 5.40726 3
    endloop
  endfacet
  facet normal 0 0 1
    outer loop
      vertex 185.189 6.69736 3
      vertex 185.716 10.8705 3
      vertex 185.536 10.9572 3
    endloop
  endfacet
  facet normal 0 0 1
    outer loop
      vertex 187 3.0707 3
      vertex 184.667 5.26346 3
      vertex 186.857 2.93079 3
    endloop
  endfacet
  facet normal 0 0 1
    outer loop
      vertex 185.189 6.69736 3
      vertex 185.536 10.9572 3
      vertex 185.352 11.0365 3
    endloop
  endfacet
  facet normal 0 0 1
    outer loop
      vertex 186.857 2.93079 3
      vertex 184.667 5.26346 3
      vertex 186.709 2.79683 3
    endloop
  endfacet
  facet normal 0 0 1
    outer loop
      vertex 184.173 8.06097 3
      vertex 185.352 11.0365 3
      vertex 185.2 11.095 3
    endloop
  endfacet
  facet normal 0 0 1
    outer loop
      vertex 186.709 2.79683 3
      vertex 184.667 5.26346 3
      vertex 186.555 2.66903 3
    endloop
  endfacet
  facet normal -0 0 1
    outer loop
      vertex 184.515 5.13639 3
      vertex 186.555 2.66903 3
      vertex 184.667 5.26346 3
    endloop
  endfacet
  facet normal 0 0 1
    outer loop
      vertex 186.555 2.66903 3
      vertex 184.515 5.13639 3
      vertex 186.396 2.5476 3
    endloop
  endfacet
  facet normal 0 0 1
    outer loop
      vertex 186.396 2.5476 3
      vertex 184.515 5.13639 3
      vertex 186.233 2.43275 3
    endloop
  endfacet
  facet normal -0 0 1
    outer loop
      vertex 184.35 5.02776 3
      vertex 186.233 2.43275 3
      vertex 184.515 5.13639 3
    endloop
  endfacet
  facet normal 0 0 1
    outer loop
      vertex 186.233 2.43275 3
      vertex 184.35 5.02776 3
      vertex 186.064 2.32468 3
    endloop
  endfacet
  facet normal 0 0 1
    outer loop
      vertex 186.064 2.32468 3
      vertex 184.35 5.02776 3
      vertex 185.892 2.22355 3
    endloop
  endfacet
  facet normal 0 0 1
    outer loop
      vertex 185.892 2.22355 3
      vertex 184.35 5.02776 3
      vertex 185.716 2.12954 3
    endloop
  endfacet
  facet normal -0 0 1
    outer loop
      vertex 184.173 4.93903 3
      vertex 185.716 2.12954 3
      vertex 184.35 5.02776 3
    endloop
  endfacet
  facet normal 0 0 1
    outer loop
      vertex 185.716 2.12954 3
      vertex 184.173 4.93903 3
      vertex 185.536 2.0428 3
    endloop
  endfacet
  facet normal 0 0 1
    outer loop
      vertex 185.536 2.0428 3
      vertex 184.173 4.93903 3
      vertex 185.352 1.96349 3
    endloop
  endfacet
  facet normal 0 0 1
    outer loop
      vertex 185.352 1.96349 3
      vertex 184.173 4.93903 3
      vertex 185.165 1.89172 3
    endloop
  endfacet
  facet normal -0 0 1
    outer loop
      vertex 183.988 4.87142 3
      vertex 185.165 1.89172 3
      vertex 184.173 4.93903 3
    endloop
  endfacet
  facet normal 0 0 1
    outer loop
      vertex 185.165 1.89172 3
      vertex 183.988 4.87142 3
      vertex 184.976 1.82762 3
    endloop
  endfacet
  facet normal 0 0 1
    outer loop
      vertex 184.976 1.82762 3
      vertex 183.988 4.87142 3
      vertex 184.784 1.7713 3
    endloop
  endfacet
  facet normal 0 0 1
    outer loop
      vertex 184.784 1.7713 3
      vertex 183.988 4.87142 3
      vertex 184.59 1.72285 3
    endloop
  endfacet
  facet normal -0 0 1
    outer loop
      vertex 183.795 4.82583 3
      vertex 184.59 1.72285 3
      vertex 183.988 4.87142 3
    endloop
  endfacet
  facet normal 0 0 1
    outer loop
      vertex 184.59 1.72285 3
      vertex 183.795 4.82583 3
      vertex 184.395 1.68235 3
    endloop
  endfacet
  facet normal 0 0 1
    outer loop
      vertex 184.395 1.68235 3
      vertex 183.795 4.82583 3
      vertex 184.197 1.64988 3
    endloop
  endfacet
  facet normal 0 0 1
    outer loop
      vertex 184.197 1.64988 3
      vertex 183.795 4.82583 3
      vertex 183.999 1.62547 3
    endloop
  endfacet
  facet normal -0 0 1
    outer loop
      vertex 183.599 4.80288 3
      vertex 183.999 1.62547 3
      vertex 183.795 4.82583 3
    endloop
  endfacet
  facet normal 0 0 1
    outer loop
      vertex 183.999 1.62547 3
      vertex 183.599 4.80288 3
      vertex 183.8 1.60917 3
    endloop
  endfacet
  facet normal 0 0 1
    outer loop
      vertex 183.8 1.60917 3
      vertex 183.599 4.80288 3
      vertex 183.6 1.60102 3
    endloop
  endfacet
  facet normal -0 0 1
    outer loop
      vertex 183.401 4.80288 3
      vertex 183.6 1.60102 3
      vertex 183.599 4.80288 3
    endloop
  endfacet
  facet normal 0 0 1
    outer loop
      vertex 183.401 4.80288 3
      vertex 183.4 1.60102 3
      vertex 183.6 1.60102 3
    endloop
  endfacet
  facet normal 0 0 1
    outer loop
      vertex 183.001 1.62547 3
      vertex 183.401 4.80288 3
      vertex 183.205 4.82583 3
    endloop
  endfacet
  facet normal 0 0 1
    outer loop
      vertex 183.401 4.80288 3
      vertex 183.2 1.60917 3
      vertex 183.4 1.60102 3
    endloop
  endfacet
  facet normal 0 0 1
    outer loop
      vertex 182.41 1.72285 3
      vertex 183.205 4.82583 3
      vertex 183.012 4.87142 3
    endloop
  endfacet
  facet normal 0 0 1
    outer loop
      vertex 183.401 4.80288 3
      vertex 183.001 1.62547 3
      vertex 183.2 1.60917 3
    endloop
  endfacet
  facet normal 0 0 1
    outer loop
      vertex 181.835 1.89172 3
      vertex 183.012 4.87142 3
      vertex 182.827 4.93903 3
    endloop
  endfacet
  facet normal 0 0 1
    outer loop
      vertex 183.205 4.82583 3
      vertex 182.803 1.64988 3
      vertex 183.001 1.62547 3
    endloop
  endfacet
  facet normal 0 0 1
    outer loop
      vertex 181.284 2.12954 3
      vertex 182.827 4.93903 3
      vertex 182.65 5.02776 3
    endloop
  endfacet
  facet normal 0 0 1
    outer loop
      vertex 183.205 4.82583 3
      vertex 182.605 1.68235 3
      vertex 182.803 1.64988 3
    endloop
  endfacet
  facet normal 0 0 1
    outer loop
      vertex 180.767 2.43275 3
      vertex 182.65 5.02776 3
      vertex 182.485 5.13639 3
    endloop
  endfacet
  facet normal 0 0 1
    outer loop
      vertex 183.205 4.82583 3
      vertex 182.41 1.72285 3
      vertex 182.605 1.68235 3
    endloop
  endfacet
  facet normal 0 0 1
    outer loop
      vertex 180.445 2.66903 3
      vertex 182.485 5.13639 3
      vertex 182.333 5.26346 3
    endloop
  endfacet
  facet normal 0 0 1
    outer loop
      vertex 183.012 4.87142 3
      vertex 182.216 1.7713 3
      vertex 182.41 1.72285 3
    endloop
  endfacet
  facet normal 0 0 1
    outer loop
      vertex 180 3.0707 3
      vertex 182.333 5.26346 3
      vertex 182.198 5.40726 3
    endloop
  endfacet
  facet normal 0 0 1
    outer loop
      vertex 179.607 3.52368 3
      vertex 182.198 5.40726 3
      vertex 182.08 5.56583 3
    endloop
  endfacet
  facet normal 0 0 1
    outer loop
      vertex 183.012 4.87142 3
      vertex 182.024 1.82762 3
      vertex 182.216 1.7713 3
    endloop
  endfacet
  facet normal 0 0 1
    outer loop
      vertex 179.273 4.0212 3
      vertex 182.08 5.56583 3
      vertex 181.981 5.73704 3
    endloop
  endfacet
  facet normal 0 0 1
    outer loop
      vertex 179.002 4.55581 3
      vertex 181.981 5.73704 3
      vertex 181.903 5.91857 3
    endloop
  endfacet
  facet normal 0 0 1
    outer loop
      vertex 178.798 5.11951 3
      vertex 181.903 5.91857 3
      vertex 181.846 6.10795 3
    endloop
  endfacet
  facet normal 0 0 1
    outer loop
      vertex 183.012 4.87142 3
      vertex 181.835 1.89172 3
      vertex 182.024 1.82762 3
    endloop
  endfacet
  facet normal 0 0 1
    outer loop
      vertex 178.665 5.70387 3
      vertex 181.846 6.10795 3
      vertex 181.811 6.30264 3
    endloop
  endfacet
  facet normal 0 0 1
    outer loop
      vertex 178.616 6.10061 3
      vertex 181.811 6.30264 3
      vertex 181.8 6.5 3
    endloop
  endfacet
  facet normal -0 0 1
    outer loop
      vertex 180.291 10.2032 3
      vertex 182.333 7.73654 3
      vertex 180.445 10.331 3
    endloop
  endfacet
  facet normal 0 0 1
    outer loop
      vertex 182.827 4.93903 3
      vertex 181.648 1.96349 3
      vertex 181.835 1.89172 3
    endloop
  endfacet
  facet normal -0 0 1
    outer loop
      vertex 180.143 10.0692 3
      vertex 182.333 7.73654 3
      vertex 180.291 10.2032 3
    endloop
  endfacet
  facet normal 0 0 1
    outer loop
      vertex 182.827 4.93903 3
      vertex 181.464 2.0428 3
      vertex 181.648 1.96349 3
    endloop
  endfacet
  facet normal -0 0 1
    outer loop
      vertex 180 9.9293 3
      vertex 182.333 7.73654 3
      vertex 180.143 10.0692 3
    endloop
  endfacet
  facet normal 0 0 1
    outer loop
      vertex 182.827 4.93903 3
      vertex 181.284 2.12954 3
      vertex 181.464 2.0428 3
    endloop
  endfacet
  facet normal 0 0 1
    outer loop
      vertex 182.333 7.73654 3
      vertex 180 9.9293 3
      vertex 182.198 7.59274 3
    endloop
  endfacet
  facet normal 0 0 1
    outer loop
      vertex 182.65 5.02776 3
      vertex 181.108 2.22355 3
      vertex 181.284 2.12954 3
    endloop
  endfacet
  facet normal -0 0 1
    outer loop
      vertex 179.863 9.78369 3
      vertex 182.198 7.59274 3
      vertex 180 9.9293 3
    endloop
  endfacet
  facet normal 0 0 1
    outer loop
      vertex 182.65 5.02776 3
      vertex 180.936 2.32468 3
      vertex 181.108 2.22355 3
    endloop
  endfacet
  facet normal -0 0 1
    outer loop
      vertex 179.732 9.63261 3
      vertex 182.198 7.59274 3
      vertex 179.863 9.78369 3
    endloop
  endfacet
  facet normal 0 0 1
    outer loop
      vertex 182.65 5.02776 3
      vertex 180.767 2.43275 3
      vertex 180.936 2.32468 3
    endloop
  endfacet
  facet normal -0 0 1
    outer loop
      vertex 179.607 9.47632 3
      vertex 182.198 7.59274 3
      vertex 179.732 9.63261 3
    endloop
  endfacet
  facet normal 0 0 1
    outer loop
      vertex 182.485 5.13639 3
      vertex 180.604 2.5476 3
      vertex 180.767 2.43275 3
    endloop
  endfacet
  facet normal 0 0 1
    outer loop
      vertex 182.198 7.59274 3
      vertex 179.607 9.47632 3
      vertex 182.08 7.43417 3
    endloop
  endfacet
  facet normal 0 0 1
    outer loop
      vertex 182.485 5.13639 3
      vertex 180.445 2.66903 3
      vertex 180.604 2.5476 3
    endloop
  endfacet
  facet normal -0 0 1
    outer loop
      vertex 179.489 9.31507 3
      vertex 182.08 7.43417 3
      vertex 179.607 9.47632 3
    endloop
  endfacet
  facet normal 0 0 1
    outer loop
      vertex 182.333 5.26346 3
      vertex 180.291 2.79683 3
      vertex 180.445 2.66903 3
    endloop
  endfacet
  facet normal -0 0 1
    outer loop
      vertex 179.378 9.14914 3
      vertex 182.08 7.43417 3
      vertex 179.489 9.31507 3
    endloop
  endfacet
  facet normal 0 0 1
    outer loop
      vertex 182.333 5.26346 3
      vertex 180.143 2.93079 3
      vertex 180.291 2.79683 3
    endloop
  endfacet
  facet normal -0 0 1
    outer loop
      vertex 179.273 8.9788 3
      vertex 182.08 7.43417 3
      vertex 179.378 9.14914 3
    endloop
  endfacet
  facet normal 0 0 1
    outer loop
      vertex 182.333 5.26346 3
      vertex 180 3.0707 3
      vertex 180.143 2.93079 3
    endloop
  endfacet
  facet normal 0 0 1
    outer loop
      vertex 182.198 5.40726 3
      vertex 179.878 3.2 3
      vertex 180 3.0707 3
    endloop
  endfacet
  facet normal 0 0 1
    outer loop
      vertex 182.08 7.43417 3
      vertex 179.273 8.9788 3
      vertex 181.981 7.26296 3
    endloop
  endfacet
  facet normal -0 0 1
    outer loop
      vertex 179.176 8.80433 3
      vertex 181.981 7.26296 3
      vertex 179.273 8.9788 3
    endloop
  endfacet
  facet normal 0 0 1
    outer loop
      vertex 182.198 5.40726 3
      vertex 179.732 3.36739 3
      vertex 179.863 3.21631 3
    endloop
  endfacet
  facet normal 0 0 1
    outer loop
      vertex 182.198 5.40726 3
      vertex 179.863 3.21631 3
      vertex 179.878 3.2 3
    endloop
  endfacet
  facet normal -0 0 1
    outer loop
      vertex 179.085 8.62603 3
      vertex 181.981 7.26296 3
      vertex 179.176 8.80433 3
    endloop
  endfacet
  facet normal 0 0 1
    outer loop
      vertex 182.198 5.40726 3
      vertex 179.607 3.52368 3
      vertex 179.732 3.36739 3
    endloop
  endfacet
  facet normal -0 0 1
    outer loop
      vertex 179.002 8.44419 3
      vertex 181.981 7.26296 3
      vertex 179.085 8.62603 3
    endloop
  endfacet
  facet normal 0 0 1
    outer loop
      vertex 182.08 5.56583 3
      vertex 179.489 3.68493 3
      vertex 179.607 3.52368 3
    endloop
  endfacet
  facet normal 0 0 1
    outer loop
      vertex 181.981 7.26296 3
      vertex 179.002 8.44419 3
      vertex 181.903 7.08143 3
    endloop
  endfacet
  facet normal 0 0 1
    outer loop
      vertex 182.08 5.56583 3
      vertex 179.378 3.85086 3
      vertex 179.489 3.68493 3
    endloop
  endfacet
  facet normal -0 0 1
    outer loop
      vertex 178.927 8.25911 3
      vertex 181.903 7.08143 3
      vertex 179.002 8.44419 3
    endloop
  endfacet
  facet normal 0 0 1
    outer loop
      vertex 182.08 5.56583 3
      vertex 179.273 4.0212 3
      vertex 179.378 3.85086 3
    endloop
  endfacet
  facet normal -0 0 1
    outer loop
      vertex 178.859 8.07111 3
      vertex 181.903 7.08143 3
      vertex 178.927 8.25911 3
    endloop
  endfacet
  facet normal 0 0 1
    outer loop
      vertex 181.981 5.73704 3
      vertex 179.176 4.19567 3
      vertex 179.273 4.0212 3
    endloop
  endfacet
  facet normal -0 0 1
    outer loop
      vertex 178.798 7.88049 3
      vertex 181.903 7.08143 3
      vertex 178.859 8.07111 3
    endloop
  endfacet
  facet normal 0 0 1
    outer loop
      vertex 181.981 5.73704 3
      vertex 179.085 4.37397 3
      vertex 179.176 4.19567 3
    endloop
  endfacet
  facet normal 0 0 1
    outer loop
      vertex 181.903 7.08143 3
      vertex 178.798 7.88049 3
      vertex 181.846 6.89205 3
    endloop
  endfacet
  facet normal 0 0 1
    outer loop
      vertex 181.981 5.73704 3
      vertex 179.002 4.55581 3
      vertex 179.085 4.37397 3
    endloop
  endfacet
  facet normal -0 0 1
    outer loop
      vertex 178.746 7.68757 3
      vertex 181.846 6.89205 3
      vertex 178.798 7.88049 3
    endloop
  endfacet
  facet normal 0 0 1
    outer loop
      vertex 181.903 5.91857 3
      vertex 178.905 4.8 3
      vertex 178.927 4.74089 3
    endloop
  endfacet
  facet normal 0 0 1
    outer loop
      vertex 181.903 5.91857 3
      vertex 178.927 4.74089 3
      vertex 179.002 4.55581 3
    endloop
  endfacet
  facet normal -0 0 1
    outer loop
      vertex 178.702 7.49268 3
      vertex 181.846 6.89205 3
      vertex 178.746 7.68757 3
    endloop
  endfacet
  facet normal 0 0 1
    outer loop
      vertex 181.903 5.91857 3
      vertex 178.859 4.92889 3
      vertex 178.905 4.8 3
    endloop
  endfacet
  facet normal -0 0 1
    outer loop
      vertex 178.665 7.29613 3
      vertex 181.846 6.89205 3
      vertex 178.702 7.49268 3
    endloop
  endfacet
  facet normal 0 0 1
    outer loop
      vertex 181.903 5.91857 3
      vertex 178.798 5.11951 3
      vertex 178.859 4.92889 3
    endloop
  endfacet
  facet normal 0 0 1
    outer loop
      vertex 181.846 6.89205 3
      vertex 178.665 7.29613 3
      vertex 181.811 6.69736 3
    endloop
  endfacet
  facet normal 0 0 1
    outer loop
      vertex 181.846 6.10795 3
      vertex 178.746 5.31243 3
      vertex 178.798 5.11951 3
    endloop
  endfacet
  facet normal -0 0 1
    outer loop
      vertex 178.637 7.09826 3
      vertex 181.811 6.69736 3
      vertex 178.665 7.29613 3
    endloop
  endfacet
  facet normal 0 0 1
    outer loop
      vertex 181.846 6.10795 3
      vertex 178.702 5.50732 3
      vertex 178.746 5.31243 3
    endloop
  endfacet
  facet normal -0 0 1
    outer loop
      vertex 178.616 6.8994 3
      vertex 181.811 6.69736 3
      vertex 178.637 7.09826 3
    endloop
  endfacet
  facet normal 0 0 1
    outer loop
      vertex 181.846 6.10795 3
      vertex 178.665 5.70387 3
      vertex 178.702 5.50732 3
    endloop
  endfacet
  facet normal 0 0 1
    outer loop
      vertex 181.811 6.69736 3
      vertex 178.616 6.8994 3
      vertex 181.8 6.5 3
    endloop
  endfacet
  facet normal 0 0 1
    outer loop
      vertex 181.811 6.30264 3
      vertex 178.637 5.90174 3
      vertex 178.665 5.70387 3
    endloop
  endfacet
  facet normal -0 0 1
    outer loop
      vertex 178.604 6.69986 3
      vertex 181.8 6.5 3
      vertex 178.616 6.8994 3
    endloop
  endfacet
  facet normal 0 0 1
    outer loop
      vertex 181.811 6.30264 3
      vertex 178.616 6.10061 3
      vertex 178.637 5.90174 3
    endloop
  endfacet
  facet normal 0 0 1
    outer loop
      vertex 178.6 6.5 3
      vertex 181.8 6.5 3
      vertex 178.604 6.69986 3
    endloop
  endfacet
  facet normal 0 0 1
    outer loop
      vertex 181.8 6.5 3
      vertex 178.604 6.30014 3
      vertex 178.616 6.10061 3
    endloop
  endfacet
  facet normal 0 0 1
    outer loop
      vertex 181.8 6.5 3
      vertex 178.6 6.5 3
      vertex 178.604 6.30014 3
    endloop
  endfacet
  facet normal 0 0 1
    outer loop
      vertex 92.7 92.8 3
      vertex 95.3 92.8 3
      vertex 95.3 96 3
    endloop
  endfacet
  facet normal 0 0 1
    outer loop
      vertex 95.3 92.8 3
      vertex 92.7 92.8 3
      vertex 95.3 91.2 3
    endloop
  endfacet
  facet normal 0 0 1
    outer loop
      vertex 95.3 91.2 3
      vertex 92.7 91.2 3
      vertex 95.3 4.8 3
    endloop
  endfacet
  facet normal 0 0 1
    outer loop
      vertex 92.7 4.8 3
      vertex 95.3 4.8 3
      vertex 92.7 91.2 3
    endloop
  endfacet
  facet normal 0 0 1
    outer loop
      vertex 92.7 92.8 3
      vertex 95.3 96 3
      vertex 92.7 96 3
    endloop
  endfacet
  facet normal 0 0 1
    outer loop
      vertex 95.3 91.2 3
      vertex 92.7 92.8 3
      vertex 92.7 91.2 3
    endloop
  endfacet
  facet normal 0 0 1
    outer loop
      vertex 95.3 4.8 3
      vertex 92.7 4.8 3
      vertex 95.3 3.2 3
    endloop
  endfacet
  facet normal 0 0 1
    outer loop
      vertex 92.7 3.2 3
      vertex 95.3 3.2 3
      vertex 92.7 4.8 3
    endloop
  endfacet
  facet normal 0 0 1
    outer loop
      vertex 95.3 3.2 3
      vertex 92.7 3.2 3
      vertex 95.3 0 3
    endloop
  endfacet
  facet normal 0 0 1
    outer loop
      vertex 95.3 0 3
      vertex 92.7 3.2 3
      vertex 92.7 0 3
    endloop
  endfacet
  facet normal 0.817707 -0.575635 0
    outer loop
      vertex 189.213 1.6172 3
      vertex 189.326 1.77772 9.53674e-07
      vertex 189.326 1.77772 3
    endloop
  endfacet
  facet normal 0.817707 -0.575635 0
    outer loop
      vertex 189.326 1.77772 9.53674e-07
      vertex 189.213 1.6172 3
      vertex 189.213 1.6172 9.53674e-07
    endloop
  endfacet
  facet normal 0.975705 0.219088 0
    outer loop
      vertex 189.923 92.7804 3
      vertex 189.88 92.9719 9.53674e-07
      vertex 189.88 92.9719 3
    endloop
  endfacet
  facet normal 0.975705 0.219088 0
    outer loop
      vertex 189.88 92.9719 9.53674e-07
      vertex 189.923 92.7804 3
      vertex 189.923 92.7804 9.53674e-07
    endloop
  endfacet
  facet normal 0.396713 0.917943 -0
    outer loop
      vertex 4.64796 84.9635 3
      vertex 4.46447 85.0428 6
      vertex 4.64796 84.9635 6
    endloop
  endfacet
  facet normal 0.396713 0.917943 0
    outer loop
      vertex 4.46447 85.0428 6
      vertex 4.64796 84.9635 3
      vertex 4.46447 85.0428 3
    endloop
  endfacet
  facet normal 0.607339 0.794443 -0
    outer loop
      vertex 3.6037 85.5476 3
      vertex 3.4449 85.669 6
      vertex 3.6037 85.5476 6
    endloop
  endfacet
  facet normal 0.607339 0.794443 0
    outer loop
      vertex 3.4449 85.669 6
      vertex 3.6037 85.5476 3
      vertex 3.4449 85.669 3
    endloop
  endfacet
  facet normal -0.830353 -0.557237 0
    outer loop
      vertex 10.6221 92.1491 3
      vertex 10.5107 92.3151 6
      vertex 10.5107 92.3151 3
    endloop
  endfacet
  facet normal -0.830353 -0.557237 0
    outer loop
      vertex 10.5107 92.3151 6
      vertex 10.6221 92.1491 3
      vertex 10.6221 92.1491 6
    endloop
  endfacet
  facet normal 0.670483 0.741925 -0
    outer loop
      vertex 3.29118 85.7968 3
      vertex 3.2 85.8792 6
      vertex 3.29118 85.7968 6
    endloop
  endfacet
  facet normal 0.670483 0.741925 0
    outer loop
      vertex 3.2 85.8792 6
      vertex 3.29118 85.7968 3
      vertex 3.2 85.8792 3
    endloop
  endfacet
  facet normal -0.851882 -0.523735 0
    outer loop
      vertex 10.7268 91.9788 3
      vertex 10.6221 92.1491 6
      vertex 10.6221 92.1491 3
    endloop
  endfacet
  facet normal -0.851882 -0.523735 0
    outer loop
      vertex 10.6221 92.1491 6
      vertex 10.7268 91.9788 3
      vertex 10.7268 91.9788 6
    endloop
  endfacet
  facet normal -0.729119 -0.684387 0
    outer loop
      vertex 10.1369 92.7837 3
      vertex 10.1216 92.8 6
      vertex 10.1216 92.8 3
    endloop
  endfacet
  facet normal -0.729119 -0.684387 0
    outer loop
      vertex 10.1216 92.8 6
      vertex 10.1369 92.7837 3
      vertex 10.1369 92.7837 6
    endloop
  endfacet
  facet normal -0.755574 -0.655064 0
    outer loop
      vertex 10.2679 92.6326 3
      vertex 10.1369 92.7837 6
      vertex 10.1369 92.7837 3
    endloop
  endfacet
  facet normal -0.755574 -0.655064 0
    outer loop
      vertex 10.1369 92.7837 6
      vertex 10.2679 92.6326 3
      vertex 10.2679 92.6326 6
    endloop
  endfacet
  facet normal -0.940257 -0.340465 0
    outer loop
      vertex 11.0947 91.2 3
      vertex 11.0733 91.2591 6
      vertex 11.0733 91.2591 3
    endloop
  endfacet
  facet normal -0.940257 -0.340465 0
    outer loop
      vertex 11.0733 91.2591 6
      vertex 11.0947 91.2 3
      vertex 11.0947 91.2 6
    endloop
  endfacet
  facet normal 0.574332 0.818623 -0
    outer loop
      vertex 3.76733 85.4328 3
      vertex 3.6037 85.5476 6
      vertex 3.76733 85.4328 6
    endloop
  endfacet
  facet normal 0.574332 0.818623 0
    outer loop
      vertex 3.6037 85.5476 6
      vertex 3.76733 85.4328 3
      vertex 3.6037 85.5476 3
    endloop
  endfacet
  facet normal 0.359102 0.933298 -0
    outer loop
      vertex 4.8 84.905 3
      vertex 4.64796 84.9635 6
      vertex 4.8 84.905 6
    endloop
  endfacet
  facet normal 0.359102 0.933298 0
    outer loop
      vertex 4.64796 84.9635 6
      vertex 4.8 84.905 3
      vertex 4.64796 84.9635 3
    endloop
  endfacet
  facet normal 0.470235 0.882541 -0
    outer loop
      vertex 4.28436 85.1295 3
      vertex 4.10794 85.2235 6
      vertex 4.28436 85.1295 6
    endloop
  endfacet
  facet normal 0.470235 0.882541 0
    outer loop
      vertex 4.10794 85.2235 6
      vertex 4.28436 85.1295 3
      vertex 4.10794 85.2235 3
    endloop
  endfacet
  facet normal 0.506146 0.862448 -0
    outer loop
      vertex 4.10794 85.2235 3
      vertex 3.9355 85.3247 6
      vertex 4.10794 85.2235 6
    endloop
  endfacet
  facet normal 0.506146 0.862448 0
    outer loop
      vertex 3.9355 85.3247 6
      vertex 4.10794 85.2235 3
      vertex 3.9355 85.3247 3
    endloop
  endfacet
  facet normal -0.806437 -0.59132 0
    outer loop
      vertex 10.5107 92.3151 3
      vertex 10.3925 92.4763 6
      vertex 10.3925 92.4763 3
    endloop
  endfacet
  facet normal -0.806437 -0.59132 0
    outer loop
      vertex 10.3925 92.4763 6
      vertex 10.5107 92.3151 3
      vertex 10.5107 92.3151 6
    endloop
  endfacet
  facet normal -0.781941 -0.623352 0
    outer loop
      vertex 10.3925 92.4763 3
      vertex 10.2679 92.6326 6
      vertex 10.2679 92.6326 3
    endloop
  endfacet
  facet normal -0.781941 -0.623352 0
    outer loop
      vertex 10.2679 92.6326 6
      vertex 10.3925 92.4763 3
      vertex 10.3925 92.4763 6
    endloop
  endfacet
  facet normal -0.872762 -0.488146 0
    outer loop
      vertex 10.8244 91.8043 3
      vertex 10.7268 91.9788 6
      vertex 10.7268 91.9788 3
    endloop
  endfacet
  facet normal -0.872762 -0.488146 0
    outer loop
      vertex 10.7268 91.9788 6
      vertex 10.8244 91.8043 3
      vertex 10.8244 91.8043 6
    endloop
  endfacet
  facet normal 0.639298 0.768959 -0
    outer loop
      vertex 3.4449 85.669 3
      vertex 3.29118 85.7968 6
      vertex 3.4449 85.669 6
    endloop
  endfacet
  facet normal 0.639298 0.768959 0
    outer loop
      vertex 3.29118 85.7968 6
      vertex 3.4449 85.669 3
      vertex 3.29118 85.7968 3
    endloop
  endfacet
  facet normal -0.892114 -0.451811 0
    outer loop
      vertex 10.9147 91.626 3
      vertex 10.8244 91.8043 6
      vertex 10.8244 91.8043 3
    endloop
  endfacet
  facet normal -0.892114 -0.451811 0
    outer loop
      vertex 10.8244 91.8043 6
      vertex 10.9147 91.626 3
      vertex 10.9147 91.626 6
    endloop
  endfacet
  facet normal 0.540725 0.8412 -0
    outer loop
      vertex 3.9355 85.3247 3
      vertex 3.76733 85.4328 6
      vertex 3.9355 85.3247 6
    endloop
  endfacet
  facet normal 0.540725 0.8412 0
    outer loop
      vertex 3.76733 85.4328 6
      vertex 3.9355 85.3247 3
      vertex 3.76733 85.4328 3
    endloop
  endfacet
  facet normal -0.925937 -0.377678 0
    outer loop
      vertex 11.0733 91.2591 3
      vertex 10.9978 91.4442 6
      vertex 10.9978 91.4442 3
    endloop
  endfacet
  facet normal -0.925937 -0.377678 0
    outer loop
      vertex 10.9978 91.4442 6
      vertex 11.0733 91.2591 3
      vertex 11.0733 91.2591 6
    endloop
  endfacet
  facet normal -0.909491 -0.415724 0
    outer loop
      vertex 10.9978 91.4442 3
      vertex 10.9147 91.626 6
      vertex 10.9147 91.626 3
    endloop
  endfacet
  facet normal -0.909491 -0.415724 0
    outer loop
      vertex 10.9147 91.626 6
      vertex 10.9978 91.4442 3
      vertex 10.9978 91.4442 6
    endloop
  endfacet
  facet normal 0.433736 0.90104 -0
    outer loop
      vertex 4.46447 85.0428 3
      vertex 4.28436 85.1295 6
      vertex 4.46447 85.0428 6
    endloop
  endfacet
  facet normal 0.433736 0.90104 0
    outer loop
      vertex 4.28436 85.1295 6
      vertex 4.46447 85.0428 3
      vertex 4.28436 85.1295 3
    endloop
  endfacet
  facet normal 0.670483 -0.741925 0
    outer loop
      vertex 3.2 10.1208 3
      vertex 3.29118 10.2032 6
      vertex 3.2 10.1208 6
    endloop
  endfacet
  facet normal 0.670483 -0.741925 0
    outer loop
      vertex 3.29118 10.2032 6
      vertex 3.2 10.1208 3
      vertex 3.29118 10.2032 3
    endloop
  endfacet
  facet normal -0.851936 0.523645 0
    outer loop
      vertex 10.6221 3.85086 3
      vertex 10.7268 4.0212 6
      vertex 10.7268 4.0212 3
    endloop
  endfacet
  facet normal -0.851936 0.523645 0
    outer loop
      vertex 10.7268 4.0212 6
      vertex 10.6221 3.85086 3
      vertex 10.6221 3.85086 6
    endloop
  endfacet
  facet normal 0.607339 -0.794443 0
    outer loop
      vertex 3.4449 10.331 3
      vertex 3.6037 10.4524 6
      vertex 3.4449 10.331 6
    endloop
  endfacet
  facet normal 0.607339 -0.794443 0
    outer loop
      vertex 3.6037 10.4524 6
      vertex 3.4449 10.331 3
      vertex 3.6037 10.4524 3
    endloop
  endfacet
  facet normal -0.909525 0.415649 0
    outer loop
      vertex 10.9147 4.37397 3
      vertex 10.9978 4.55581 6
      vertex 10.9978 4.55581 3
    endloop
  endfacet
  facet normal -0.909525 0.415649 0
    outer loop
      vertex 10.9978 4.55581 6
      vertex 10.9147 4.37397 3
      vertex 10.9147 4.37397 6
    endloop
  endfacet
  facet normal -0.755531 0.655113 0
    outer loop
      vertex 10.1369 3.21631 3
      vertex 10.2679 3.36739 6
      vertex 10.2679 3.36739 3
    endloop
  endfacet
  facet normal -0.755531 0.655113 0
    outer loop
      vertex 10.2679 3.36739 6
      vertex 10.1369 3.21631 3
      vertex 10.1369 3.21631 6
    endloop
  endfacet
  facet normal -0.806524 0.591201 0
    outer loop
      vertex 10.3925 3.52368 3
      vertex 10.5107 3.68493 6
      vertex 10.5107 3.68493 3
    endloop
  endfacet
  facet normal -0.806524 0.591201 0
    outer loop
      vertex 10.5107 3.68493 6
      vertex 10.3925 3.52368 3
      vertex 10.3925 3.52368 6
    endloop
  endfacet
  facet normal -0.830245 0.557399 0
    outer loop
      vertex 10.5107 3.68493 3
      vertex 10.6221 3.85086 6
      vertex 10.6221 3.85086 3
    endloop
  endfacet
  facet normal -0.830245 0.557399 0
    outer loop
      vertex 10.6221 3.85086 6
      vertex 10.5107 3.68493 3
      vertex 10.5107 3.68493 6
    endloop
  endfacet
  facet normal 0.359102 -0.933298 0
    outer loop
      vertex 4.64796 11.0365 3
      vertex 4.8 11.095 6
      vertex 4.64796 11.0365 6
    endloop
  endfacet
  facet normal 0.359102 -0.933298 0
    outer loop
      vertex 4.8 11.095 6
      vertex 4.64796 11.0365 3
      vertex 4.8 11.095 3
    endloop
  endfacet
  facet normal -0.892114 0.451811 0
    outer loop
      vertex 10.8244 4.19567 3
      vertex 10.9147 4.37397 6
      vertex 10.9147 4.37397 3
    endloop
  endfacet
  facet normal -0.892114 0.451811 0
    outer loop
      vertex 10.9147 4.37397 6
      vertex 10.8244 4.19567 3
      vertex 10.8244 4.19567 6
    endloop
  endfacet
  facet normal -0.940276 0.340414 0
    outer loop
      vertex 11.0733 4.74089 3
      vertex 11.0947 4.8 6
      vertex 11.0947 4.8 3
    endloop
  endfacet
  facet normal -0.940276 0.340414 0
    outer loop
      vertex 11.0947 4.8 6
      vertex 11.0733 4.74089 3
      vertex 11.0733 4.74089 6
    endloop
  endfacet
  facet normal -0.729328 0.684164 0
    outer loop
      vertex 10.1216 3.2 3
      vertex 10.1369 3.21631 6
      vertex 10.1369 3.21631 3
    endloop
  endfacet
  facet normal -0.729328 0.684164 0
    outer loop
      vertex 10.1369 3.21631 6
      vertex 10.1216 3.2 3
      vertex 10.1216 3.2 6
    endloop
  endfacet
  facet normal -0.781922 0.623376 0
    outer loop
      vertex 10.2679 3.36739 3
      vertex 10.3925 3.52368 6
      vertex 10.3925 3.52368 3
    endloop
  endfacet
  facet normal -0.781922 0.623376 0
    outer loop
      vertex 10.3925 3.52368 6
      vertex 10.2679 3.36739 3
      vertex 10.2679 3.36739 6
    endloop
  endfacet
  facet normal -0.872726 0.48821 0
    outer loop
      vertex 10.7268 4.0212 3
      vertex 10.8244 4.19567 6
      vertex 10.8244 4.19567 3
    endloop
  endfacet
  facet normal -0.872726 0.48821 0
    outer loop
      vertex 10.8244 4.19567 6
      vertex 10.7268 4.0212 3
      vertex 10.7268 4.0212 6
    endloop
  endfacet
  facet normal 0.470235 -0.882541 0
    outer loop
      vertex 4.10794 10.7765 3
      vertex 4.28436 10.8705 6
      vertex 4.10794 10.7765 6
    endloop
  endfacet
  facet normal 0.470235 -0.882541 0
    outer loop
      vertex 4.28436 10.8705 6
      vertex 4.10794 10.7765 3
      vertex 4.28436 10.8705 3
    endloop
  endfacet
  facet normal 0.574332 -0.818623 0
    outer loop
      vertex 3.6037 10.4524 3
      vertex 3.76733 10.5672 6
      vertex 3.6037 10.4524 6
    endloop
  endfacet
  facet normal 0.574332 -0.818623 0
    outer loop
      vertex 3.76733 10.5672 6
      vertex 3.6037 10.4524 3
      vertex 3.76733 10.5672 3
    endloop
  endfacet
  facet normal 0.540725 -0.8412 0
    outer loop
      vertex 3.76733 10.5672 3
      vertex 3.9355 10.6753 6
      vertex 3.76733 10.5672 6
    endloop
  endfacet
  facet normal 0.540725 -0.8412 0
    outer loop
      vertex 3.9355 10.6753 6
      vertex 3.76733 10.5672 3
      vertex 3.9355 10.6753 3
    endloop
  endfacet
  facet normal 0.639298 -0.768959 0
    outer loop
      vertex 3.29118 10.2032 3
      vertex 3.4449 10.331 6
      vertex 3.29118 10.2032 6
    endloop
  endfacet
  facet normal 0.639298 -0.768959 0
    outer loop
      vertex 3.4449 10.331 6
      vertex 3.29118 10.2032 3
      vertex 3.4449 10.331 3
    endloop
  endfacet
  facet normal -0.925923 0.377713 0
    outer loop
      vertex 10.9978 4.55581 3
      vertex 11.0733 4.74089 6
      vertex 11.0733 4.74089 3
    endloop
  endfacet
  facet normal -0.925923 0.377713 0
    outer loop
      vertex 11.0733 4.74089 6
      vertex 10.9978 4.55581 3
      vertex 10.9978 4.55581 6
    endloop
  endfacet
  facet normal 0.433736 -0.90104 0
    outer loop
      vertex 4.28436 10.8705 3
      vertex 4.46447 10.9572 6
      vertex 4.28436 10.8705 6
    endloop
  endfacet
  facet normal 0.433736 -0.90104 0
    outer loop
      vertex 4.46447 10.9572 6
      vertex 4.28436 10.8705 3
      vertex 4.46447 10.9572 3
    endloop
  endfacet
  facet normal 0.396713 -0.917943 0
    outer loop
      vertex 4.46447 10.9572 3
      vertex 4.64796 11.0365 6
      vertex 4.46447 10.9572 6
    endloop
  endfacet
  facet normal 0.396713 -0.917943 0
    outer loop
      vertex 4.64796 11.0365 6
      vertex 4.46447 10.9572 3
      vertex 4.64796 11.0365 3
    endloop
  endfacet
  facet normal 0.506146 -0.862448 0
    outer loop
      vertex 3.9355 10.6753 3
      vertex 4.10794 10.7765 6
      vertex 3.9355 10.6753 6
    endloop
  endfacet
  facet normal 0.506146 -0.862448 0
    outer loop
      vertex 4.10794 10.7765 6
      vertex 3.9355 10.6753 3
      vertex 4.10794 10.7765 3
    endloop
  endfacet
  facet normal -0.575816 0.817579 0
    outer loop
      vertex 186.396 85.5476 3
      vertex 186.233 85.4328 6
      vertex 186.396 85.5476 6
    endloop
  endfacet
  facet normal -0.575816 0.817579 0
    outer loop
      vertex 186.233 85.4328 6
      vertex 186.396 85.5476 3
      vertex 186.233 85.4328 3
    endloop
  endfacet
  facet normal 0.92681 -0.375531 0
    outer loop
      vertex 178.927 91.2591 6
      vertex 179.002 91.4442 3
      vertex 179.002 91.4442 6
    endloop
  endfacet
  facet normal 0.92681 -0.375531 0
    outer loop
      vertex 179.002 91.4442 3
      vertex 178.927 91.2591 6
      vertex 178.927 91.2591 3
    endloop
  endfacet
  facet normal -0.433951 0.900936 0
    outer loop
      vertex 185.716 85.1295 3
      vertex 185.536 85.0428 6
      vertex 185.716 85.1295 6
    endloop
  endfacet
  facet normal -0.433951 0.900936 0
    outer loop
      vertex 185.536 85.0428 6
      vertex 185.716 85.1295 3
      vertex 185.536 85.0428 3
    endloop
  endfacet
  facet normal -0.671212 0.741266 0
    outer loop
      vertex 186.8 85.8792 3
      vertex 186.709 85.7968 6
      vertex 186.8 85.8792 6
    endloop
  endfacet
  facet normal -0.671212 0.741266 0
    outer loop
      vertex 186.709 85.7968 6
      vertex 186.8 85.8792 3
      vertex 186.709 85.7968 3
    endloop
  endfacet
  facet normal 0.831279 -0.555855 0
    outer loop
      vertex 179.378 92.1491 6
      vertex 179.489 92.3151 3
      vertex 179.489 92.3151 6
    endloop
  endfacet
  facet normal 0.831279 -0.555855 0
    outer loop
      vertex 179.489 92.3151 3
      vertex 179.378 92.1491 6
      vertex 179.378 92.1491 3
    endloop
  endfacet
  facet normal -0.63861 0.76953 0
    outer loop
      vertex 186.709 85.7968 3
      vertex 186.555 85.669 6
      vertex 186.709 85.7968 6
    endloop
  endfacet
  facet normal -0.63861 0.76953 0
    outer loop
      vertex 186.555 85.669 6
      vertex 186.709 85.7968 3
      vertex 186.555 85.669 3
    endloop
  endfacet
  facet normal -0.471108 0.882075 0
    outer loop
      vertex 185.892 85.2235 3
      vertex 185.716 85.1295 6
      vertex 185.892 85.2235 6
    endloop
  endfacet
  facet normal -0.471108 0.882075 0
    outer loop
      vertex 185.716 85.1295 6
      vertex 185.892 85.2235 3
      vertex 185.716 85.1295 3
    endloop
  endfacet
  facet normal 0.735841 -0.677154 0
    outer loop
      vertex 179.863 92.7837 6
      vertex 179.878 92.8 3
      vertex 179.878 92.8 6
    endloop
  endfacet
  facet normal 0.735841 -0.677154 0
    outer loop
      vertex 179.878 92.8 3
      vertex 179.863 92.7837 6
      vertex 179.863 92.7837 3
    endloop
  endfacet
  facet normal -0.507108 0.861883 0
    outer loop
      vertex 186.064 85.3247 3
      vertex 185.892 85.2235 6
      vertex 186.064 85.3247 6
    endloop
  endfacet
  facet normal -0.507108 0.861883 0
    outer loop
      vertex 185.892 85.2235 6
      vertex 186.064 85.3247 3
      vertex 185.892 85.2235 3
    endloop
  endfacet
  facet normal 0.851212 -0.524822 0
    outer loop
      vertex 179.273 91.9788 6
      vertex 179.378 92.1491 3
      vertex 179.378 92.1491 6
    endloop
  endfacet
  facet normal 0.851212 -0.524822 0
    outer loop
      vertex 179.378 92.1491 3
      vertex 179.273 91.9788 6
      vertex 179.273 91.9788 3
    endloop
  endfacet
  facet normal 0.90968 -0.41531 0
    outer loop
      vertex 179.002 91.4442 6
      vertex 179.085 91.626 3
      vertex 179.085 91.626 6
    endloop
  endfacet
  facet normal 0.90968 -0.41531 0
    outer loop
      vertex 179.085 91.626 3
      vertex 179.002 91.4442 6
      vertex 179.002 91.4442 3
    endloop
  endfacet
  facet normal 0.937174 -0.348863 0
    outer loop
      vertex 178.905 91.2 6
      vertex 178.927 91.2591 3
      vertex 178.927 91.2591 6
    endloop
  endfacet
  facet normal 0.937174 -0.348863 0
    outer loop
      vertex 178.927 91.2591 3
      vertex 178.905 91.2 6
      vertex 178.905 91.2 3
    endloop
  endfacet
  facet normal -0.395786 0.918343 0
    outer loop
      vertex 185.536 85.0428 3
      vertex 185.352 84.9635 6
      vertex 185.536 85.0428 6
    endloop
  endfacet
  facet normal -0.395786 0.918343 0
    outer loop
      vertex 185.352 84.9635 6
      vertex 185.536 85.0428 3
      vertex 185.352 84.9635 3
    endloop
  endfacet
  facet normal -0.359185 0.933266 0
    outer loop
      vertex 185.352 84.9635 3
      vertex 185.2 84.905 6
      vertex 185.352 84.9635 6
    endloop
  endfacet
  facet normal -0.359185 0.933266 0
    outer loop
      vertex 185.2 84.905 6
      vertex 185.352 84.9635 3
      vertex 185.2 84.905 3
    endloop
  endfacet
  facet normal -0.538842 0.842407 0
    outer loop
      vertex 186.233 85.4328 3
      vertex 186.064 85.3247 6
      vertex 186.233 85.4328 6
    endloop
  endfacet
  facet normal -0.538842 0.842407 0
    outer loop
      vertex 186.064 85.3247 6
      vertex 186.233 85.4328 3
      vertex 186.064 85.3247 3
    endloop
  endfacet
  facet normal -0.606856 0.794812 0
    outer loop
      vertex 186.555 85.669 3
      vertex 186.396 85.5476 6
      vertex 186.555 85.669 6
    endloop
  endfacet
  facet normal -0.606856 0.794812 0
    outer loop
      vertex 186.396 85.5476 6
      vertex 186.555 85.669 3
      vertex 186.396 85.5476 3
    endloop
  endfacet
  facet normal 0.874039 -0.485856 0
    outer loop
      vertex 179.176 91.8043 6
      vertex 179.273 91.9788 3
      vertex 179.273 91.9788 6
    endloop
  endfacet
  facet normal 0.874039 -0.485856 0
    outer loop
      vertex 179.273 91.9788 3
      vertex 179.176 91.8043 6
      vertex 179.176 91.8043 3
    endloop
  endfacet
  facet normal 0.755574 -0.655064 0
    outer loop
      vertex 179.732 92.6326 6
      vertex 179.863 92.7837 3
      vertex 179.863 92.7837 6
    endloop
  endfacet
  facet normal 0.755574 -0.655064 0
    outer loop
      vertex 179.863 92.7837 3
      vertex 179.732 92.6326 6
      vertex 179.732 92.6326 3
    endloop
  endfacet
  facet normal 0.806914 -0.590669 0
    outer loop
      vertex 179.489 92.3151 6
      vertex 179.607 92.4763 3
      vertex 179.607 92.4763 6
    endloop
  endfacet
  facet normal 0.806914 -0.590669 0
    outer loop
      vertex 179.607 92.4763 3
      vertex 179.489 92.3151 6
      vertex 179.489 92.3151 3
    endloop
  endfacet
  facet normal 0.780966 -0.624573 0
    outer loop
      vertex 179.607 92.4763 6
      vertex 179.732 92.6326 3
      vertex 179.732 92.6326 6
    endloop
  endfacet
  facet normal 0.780966 -0.624573 0
    outer loop
      vertex 179.732 92.6326 3
      vertex 179.607 92.4763 6
      vertex 179.607 92.4763 3
    endloop
  endfacet
  facet normal 0.8907 -0.454592 0
    outer loop
      vertex 179.085 91.626 6
      vertex 179.176 91.8043 3
      vertex 179.176 91.8043 6
    endloop
  endfacet
  facet normal 0.8907 -0.454592 0
    outer loop
      vertex 179.176 91.8043 3
      vertex 179.085 91.626 6
      vertex 179.085 91.626 3
    endloop
  endfacet
  facet normal 0.851267 0.524733 0
    outer loop
      vertex 179.378 3.85086 6
      vertex 179.273 4.0212 3
      vertex 179.273 4.0212 6
    endloop
  endfacet
  facet normal 0.851267 0.524733 0
    outer loop
      vertex 179.273 4.0212 3
      vertex 179.378 3.85086 6
      vertex 179.378 3.85086 3
    endloop
  endfacet
  facet normal 0.874004 0.485919 0
    outer loop
      vertex 179.273 4.0212 6
      vertex 179.176 4.19567 3
      vertex 179.176 4.19567 6
    endloop
  endfacet
  facet normal 0.874004 0.485919 0
    outer loop
      vertex 179.176 4.19567 3
      vertex 179.273 4.0212 6
      vertex 179.273 4.0212 3
    endloop
  endfacet
  facet normal -0.671212 -0.741266 0
    outer loop
      vertex 186.709 10.2032 3
      vertex 186.8 10.1208 6
      vertex 186.709 10.2032 6
    endloop
  endfacet
  facet normal -0.671212 -0.741266 -0
    outer loop
      vertex 186.8 10.1208 6
      vertex 186.709 10.2032 3
      vertex 186.8 10.1208 3
    endloop
  endfacet
  facet normal -0.433951 -0.900936 0
    outer loop
      vertex 185.536 10.9572 3
      vertex 185.716 10.8705 6
      vertex 185.536 10.9572 6
    endloop
  endfacet
  facet normal -0.433951 -0.900936 -0
    outer loop
      vertex 185.716 10.8705 6
      vertex 185.536 10.9572 3
      vertex 185.716 10.8705 3
    endloop
  endfacet
  facet normal -0.63861 -0.76953 0
    outer loop
      vertex 186.555 10.331 3
      vertex 186.709 10.2032 6
      vertex 186.555 10.331 6
    endloop
  endfacet
  facet normal -0.63861 -0.76953 -0
    outer loop
      vertex 186.709 10.2032 6
      vertex 186.555 10.331 3
      vertex 186.709 10.2032 3
    endloop
  endfacet
  facet normal -0.507108 -0.861883 0
    outer loop
      vertex 185.892 10.7765 3
      vertex 186.064 10.6753 6
      vertex 185.892 10.7765 6
    endloop
  endfacet
  facet normal -0.507108 -0.861883 -0
    outer loop
      vertex 186.064 10.6753 6
      vertex 185.892 10.7765 3
      vertex 186.064 10.6753 3
    endloop
  endfacet
  facet normal 0.807001 0.59055 0
    outer loop
      vertex 179.607 3.52368 6
      vertex 179.489 3.68493 3
      vertex 179.489 3.68493 6
    endloop
  endfacet
  facet normal 0.807001 0.59055 0
    outer loop
      vertex 179.489 3.68493 3
      vertex 179.607 3.52368 6
      vertex 179.607 3.52368 3
    endloop
  endfacet
  facet normal 0.780947 0.624598 0
    outer loop
      vertex 179.732 3.36739 6
      vertex 179.607 3.52368 3
      vertex 179.607 3.52368 6
    endloop
  endfacet
  facet normal 0.780947 0.624598 0
    outer loop
      vertex 179.607 3.52368 3
      vertex 179.732 3.36739 6
      vertex 179.732 3.36739 3
    endloop
  endfacet
  facet normal 0.937193 0.348811 0
    outer loop
      vertex 178.927 4.74089 6
      vertex 178.905 4.8 3
      vertex 178.905 4.8 6
    endloop
  endfacet
  facet normal 0.937193 0.348811 0
    outer loop
      vertex 178.905 4.8 3
      vertex 178.927 4.74089 6
      vertex 178.927 4.74089 3
    endloop
  endfacet
  facet normal 0.831171 0.556017 0
    outer loop
      vertex 179.489 3.68493 6
      vertex 179.378 3.85086 3
      vertex 179.378 3.85086 6
    endloop
  endfacet
  facet normal 0.831171 0.556017 0
    outer loop
      vertex 179.378 3.85086 3
      vertex 179.489 3.68493 6
      vertex 179.489 3.68493 3
    endloop
  endfacet
  facet normal -0.575816 -0.817579 0
    outer loop
      vertex 186.233 10.5672 3
      vertex 186.396 10.4524 6
      vertex 186.233 10.5672 6
    endloop
  endfacet
  facet normal -0.575816 -0.817579 -0
    outer loop
      vertex 186.396 10.4524 6
      vertex 186.233 10.5672 3
      vertex 186.396 10.4524 3
    endloop
  endfacet
  facet normal 0.736048 0.676929 0
    outer loop
      vertex 179.878 3.2 6
      vertex 179.863 3.21631 3
      vertex 179.863 3.21631 6
    endloop
  endfacet
  facet normal 0.736048 0.676929 0
    outer loop
      vertex 179.863 3.21631 3
      vertex 179.878 3.2 6
      vertex 179.878 3.2 3
    endloop
  endfacet
  facet normal -0.471108 -0.882075 0
    outer loop
      vertex 185.716 10.8705 3
      vertex 185.892 10.7765 6
      vertex 185.716 10.8705 6
    endloop
  endfacet
  facet normal -0.471108 -0.882075 -0
    outer loop
      vertex 185.892 10.7765 6
      vertex 185.716 10.8705 3
      vertex 185.892 10.7765 3
    endloop
  endfacet
  facet normal -0.538842 -0.842407 0
    outer loop
      vertex 186.064 10.6753 3
      vertex 186.233 10.5672 6
      vertex 186.064 10.6753 6
    endloop
  endfacet
  facet normal -0.538842 -0.842407 -0
    outer loop
      vertex 186.233 10.5672 6
      vertex 186.064 10.6753 3
      vertex 186.233 10.5672 3
    endloop
  endfacet
  facet normal 0.8907 0.454592 0
    outer loop
      vertex 179.176 4.19567 6
      vertex 179.085 4.37397 3
      vertex 179.085 4.37397 6
    endloop
  endfacet
  facet normal 0.8907 0.454592 0
    outer loop
      vertex 179.085 4.37397 3
      vertex 179.176 4.19567 6
      vertex 179.176 4.19567 3
    endloop
  endfacet
  facet normal -0.395786 -0.918343 0
    outer loop
      vertex 185.352 11.0365 3
      vertex 185.536 10.9572 6
      vertex 185.352 11.0365 6
    endloop
  endfacet
  facet normal -0.395786 -0.918343 -0
    outer loop
      vertex 185.536 10.9572 6
      vertex 185.352 11.0365 3
      vertex 185.536 10.9572 3
    endloop
  endfacet
  facet normal -0.359185 -0.933266 0
    outer loop
      vertex 185.2 11.095 3
      vertex 185.352 11.0365 6
      vertex 185.2 11.095 6
    endloop
  endfacet
  facet normal -0.359185 -0.933266 -0
    outer loop
      vertex 185.352 11.0365 6
      vertex 185.2 11.095 3
      vertex 185.352 11.0365 3
    endloop
  endfacet
  facet normal 0.755531 0.655113 0
    outer loop
      vertex 179.863 3.21631 6
      vertex 179.732 3.36739 3
      vertex 179.732 3.36739 6
    endloop
  endfacet
  facet normal 0.755531 0.655113 0
    outer loop
      vertex 179.732 3.36739 3
      vertex 179.863 3.21631 6
      vertex 179.863 3.21631 3
    endloop
  endfacet
  facet normal -0.606856 -0.794812 0
    outer loop
      vertex 186.396 10.4524 3
      vertex 186.555 10.331 6
      vertex 186.396 10.4524 6
    endloop
  endfacet
  facet normal -0.606856 -0.794812 -0
    outer loop
      vertex 186.555 10.331 6
      vertex 186.396 10.4524 3
      vertex 186.555 10.331 3
    endloop
  endfacet
  facet normal 0.926796 0.375566 0
    outer loop
      vertex 179.002 4.55581 6
      vertex 178.927 4.74089 3
      vertex 178.927 4.74089 6
    endloop
  endfacet
  facet normal 0.926796 0.375566 0
    outer loop
      vertex 178.927 4.74089 3
      vertex 179.002 4.55581 6
      vertex 179.002 4.55581 3
    endloop
  endfacet
  facet normal 0.909714 0.415235 0
    outer loop
      vertex 179.085 4.37397 6
      vertex 179.002 4.55581 3
      vertex 179.002 4.55581 6
    endloop
  endfacet
  facet normal 0.909714 0.415235 0
    outer loop
      vertex 179.002 4.55581 3
      vertex 179.085 4.37397 6
      vertex 179.085 4.37397 3
    endloop
  endfacet
  facet normal -0.984793 0.17373 0
    outer loop
      vertex 8.15418 89.108 1.5
      vertex 8.18851 89.3026 3
      vertex 8.18851 89.3026 1.5
    endloop
  endfacet
  facet normal -0.984793 0.17373 0
    outer loop
      vertex 8.18851 89.3026 3
      vertex 8.15418 89.108 1.5
      vertex 8.15418 89.108 3
    endloop
  endfacet
  facet normal -0.99831 0.0581083 0
    outer loop
      vertex 8.18851 89.3026 1.5
      vertex 8.2 89.5 3
      vertex 8.2 89.5 1.5
    endloop
  endfacet
  facet normal -0.99831 0.0581083 0
    outer loop
      vertex 8.2 89.5 3
      vertex 8.18851 89.3026 1.5
      vertex 8.18851 89.3026 3
    endloop
  endfacet
  facet normal -0.549389 -0.835567 0
    outer loop
      vertex 7.35 90.9722 1.5
      vertex 7.51517 90.8636 3
      vertex 7.35 90.9722 3
    endloop
  endfacet
  facet normal -0.549389 -0.835567 -0
    outer loop
      vertex 7.51517 90.8636 3
      vertex 7.35 90.9722 1.5
      vertex 7.51517 90.8636 1.5
    endloop
  endfacet
  facet normal -0.957993 -0.286791 0
    outer loop
      vertex 8.15418 89.892 1.5
      vertex 8.09748 90.0814 3
      vertex 8.09748 90.0814 1.5
    endloop
  endfacet
  facet normal -0.957993 -0.286791 0
    outer loop
      vertex 8.09748 90.0814 3
      vertex 8.15418 89.892 1.5
      vertex 8.15418 89.892 3
    endloop
  endfacet
  facet normal 0.727395 -0.686219 0
    outer loop
      vertex 5.19773 90.5927 3
      vertex 5.33339 90.7365 1.5
      vertex 5.33339 90.7365 3
    endloop
  endfacet
  facet normal 0.727395 -0.686219 0
    outer loop
      vertex 5.33339 90.7365 1.5
      vertex 5.19773 90.5927 3
      vertex 5.19773 90.5927 1.5
    endloop
  endfacet
  facet normal -0.984793 -0.17373 0
    outer loop
      vertex 8.18851 89.6974 1.5
      vertex 8.15418 89.892 3
      vertex 8.15418 89.892 1.5
    endloop
  endfacet
  facet normal -0.984793 -0.17373 0
    outer loop
      vertex 8.15418 89.892 3
      vertex 8.18851 89.6974 1.5
      vertex 8.18851 89.6974 3
    endloop
  endfacet
  facet normal -0.99831 -0.0581083 0
    outer loop
      vertex 8.2 89.5 1.5
      vertex 8.18851 89.6974 3
      vertex 8.18851 89.6974 1.5
    endloop
  endfacet
  facet normal -0.99831 -0.0581083 0
    outer loop
      vertex 8.18851 89.6974 3
      vertex 8.2 89.5 1.5
      vertex 8.2 89.5 3
    endloop
  endfacet
  facet normal -0.642867 0.765978 0
    outer loop
      vertex 7.66661 88.2635 1.5
      vertex 7.51517 88.1364 3
      vertex 7.66661 88.2635 3
    endloop
  endfacet
  facet normal -0.642867 0.765978 0
    outer loop
      vertex 7.51517 88.1364 3
      vertex 7.66661 88.2635 1.5
      vertex 7.51517 88.1364 1.5
    endloop
  endfacet
  facet normal -0.727395 0.686219 0
    outer loop
      vertex 7.66661 88.2635 1.5
      vertex 7.80227 88.4073 3
      vertex 7.80227 88.4073 1.5
    endloop
  endfacet
  facet normal -0.727395 0.686219 0
    outer loop
      vertex 7.80227 88.4073 3
      vertex 7.66661 88.2635 1.5
      vertex 7.66661 88.2635 3
    endloop
  endfacet
  facet normal 0 1 -0
    outer loop
      vertex 6.59885 87.8029 1.5
      vertex 6.40115 87.8029 3
      vertex 6.59885 87.8029 3
    endloop
  endfacet
  facet normal 0 1 0
    outer loop
      vertex 6.40115 87.8029 3
      vertex 6.59885 87.8029 1.5
      vertex 6.40115 87.8029 1.5
    endloop
  endfacet
  facet normal 0.642867 0.765978 -0
    outer loop
      vertex 5.48483 88.1364 1.5
      vertex 5.33339 88.2635 3
      vertex 5.48483 88.1364 3
    endloop
  endfacet
  facet normal 0.642867 0.765978 0
    outer loop
      vertex 5.33339 88.2635 3
      vertex 5.48483 88.1364 1.5
      vertex 5.33339 88.2635 1.5
    endloop
  endfacet
  facet normal 0.230652 -0.973036 0
    outer loop
      vertex 6.01243 91.1286 1.5
      vertex 6.2048 91.1742 3
      vertex 6.01243 91.1286 3
    endloop
  endfacet
  facet normal 0.230652 -0.973036 0
    outer loop
      vertex 6.2048 91.1742 3
      vertex 6.01243 91.1286 1.5
      vertex 6.2048 91.1742 1.5
    endloop
  endfacet
  facet normal 0.230652 0.973036 -0
    outer loop
      vertex 6.2048 87.8258 1.5
      vertex 6.01243 87.8714 3
      vertex 6.2048 87.8258 3
    endloop
  endfacet
  facet normal 0.230652 0.973036 0
    outer loop
      vertex 6.01243 87.8714 3
      vertex 6.2048 87.8258 1.5
      vertex 6.01243 87.8714 1.5
    endloop
  endfacet
  facet normal -0.115843 -0.993268 0
    outer loop
      vertex 6.59885 91.1971 1.5
      vertex 6.7952 91.1742 3
      vertex 6.59885 91.1971 3
    endloop
  endfacet
  facet normal -0.115843 -0.993268 -0
    outer loop
      vertex 6.7952 91.1742 3
      vertex 6.59885 91.1971 1.5
      vertex 6.7952 91.1742 1.5
    endloop
  endfacet
  facet normal -0.549389 0.835567 0
    outer loop
      vertex 7.51517 88.1364 1.5
      vertex 7.35 88.0278 3
      vertex 7.51517 88.1364 3
    endloop
  endfacet
  facet normal -0.549389 0.835567 0
    outer loop
      vertex 7.35 88.0278 3
      vertex 7.51517 88.1364 1.5
      vertex 7.35 88.0278 1.5
    endloop
  endfacet
  facet normal -0.642867 -0.765978 0
    outer loop
      vertex 7.51517 90.8636 1.5
      vertex 7.66661 90.7365 3
      vertex 7.51517 90.8636 3
    endloop
  endfacet
  facet normal -0.642867 -0.765978 -0
    outer loop
      vertex 7.66661 90.7365 3
      vertex 7.51517 90.8636 1.5
      vertex 7.66661 90.7365 1.5
    endloop
  endfacet
  facet normal -0.866031 0.499991 0
    outer loop
      vertex 7.92033 88.5658 1.5
      vertex 8.01917 88.737 3
      vertex 8.01917 88.737 1.5
    endloop
  endfacet
  facet normal -0.866031 0.499991 0
    outer loop
      vertex 8.01917 88.737 3
      vertex 7.92033 88.5658 1.5
      vertex 7.92033 88.5658 3
    endloop
  endfacet
  facet normal 0.341954 -0.939717 0
    outer loop
      vertex 5.82666 91.061 1.5
      vertex 6.01243 91.1286 3
      vertex 5.82666 91.061 3
    endloop
  endfacet
  facet normal 0.341954 -0.939717 0
    outer loop
      vertex 6.01243 91.1286 3
      vertex 5.82666 91.061 1.5
      vertex 6.01243 91.1286 1.5
    endloop
  endfacet
  facet normal 0.115843 -0.993268 0
    outer loop
      vertex 6.2048 91.1742 1.5
      vertex 6.40115 91.1971 3
      vertex 6.2048 91.1742 3
    endloop
  endfacet
  facet normal 0.115843 -0.993268 0
    outer loop
      vertex 6.40115 91.1971 3
      vertex 6.2048 91.1742 1.5
      vertex 6.40115 91.1971 1.5
    endloop
  endfacet
  facet normal 0.866031 -0.499991 0
    outer loop
      vertex 4.98083 90.263 3
      vertex 5.07967 90.4342 1.5
      vertex 5.07967 90.4342 3
    endloop
  endfacet
  facet normal 0.866031 -0.499991 0
    outer loop
      vertex 5.07967 90.4342 1.5
      vertex 4.98083 90.263 3
      vertex 4.98083 90.263 1.5
    endloop
  endfacet
  facet normal -0.341954 -0.939717 0
    outer loop
      vertex 6.98757 91.1286 1.5
      vertex 7.17334 91.061 3
      vertex 6.98757 91.1286 3
    endloop
  endfacet
  facet normal -0.341954 -0.939717 -0
    outer loop
      vertex 7.17334 91.061 3
      vertex 6.98757 91.1286 1.5
      vertex 7.17334 91.061 1.5
    endloop
  endfacet
  facet normal 0.549389 0.835567 -0
    outer loop
      vertex 5.65 88.0278 1.5
      vertex 5.48483 88.1364 3
      vertex 5.65 88.0278 3
    endloop
  endfacet
  facet normal 0.549389 0.835567 0
    outer loop
      vertex 5.48483 88.1364 3
      vertex 5.65 88.0278 1.5
      vertex 5.48483 88.1364 1.5
    endloop
  endfacet
  facet normal 0.99831 0.0581083 0
    outer loop
      vertex 4.81149 89.3026 3
      vertex 4.8 89.5 1.5
      vertex 4.8 89.5 3
    endloop
  endfacet
  facet normal 0.99831 0.0581083 0
    outer loop
      vertex 4.8 89.5 1.5
      vertex 4.81149 89.3026 3
      vertex 4.81149 89.3026 1.5
    endloop
  endfacet
  facet normal 0.801975 0.597358 0
    outer loop
      vertex 5.19773 88.4073 3
      vertex 5.07967 88.5658 1.5
      vertex 5.07967 88.5658 3
    endloop
  endfacet
  facet normal 0.801975 0.597358 0
    outer loop
      vertex 5.07967 88.5658 1.5
      vertex 5.19773 88.4073 3
      vertex 5.19773 88.4073 1.5
    endloop
  endfacet
  facet normal -0.449114 0.893474 0
    outer loop
      vertex 7.35 88.0278 1.5
      vertex 7.17334 87.939 3
      vertex 7.35 88.0278 3
    endloop
  endfacet
  facet normal -0.449114 0.893474 0
    outer loop
      vertex 7.17334 87.939 3
      vertex 7.35 88.0278 1.5
      vertex 7.17334 87.939 1.5
    endloop
  endfacet
  facet normal 0.449114 0.893474 -0
    outer loop
      vertex 5.82666 87.939 1.5
      vertex 5.65 88.0278 3
      vertex 5.82666 87.939 3
    endloop
  endfacet
  facet normal 0.449114 0.893474 0
    outer loop
      vertex 5.65 88.0278 3
      vertex 5.82666 87.939 1.5
      vertex 5.65 88.0278 1.5
    endloop
  endfacet
  facet normal 0.918261 -0.395975 0
    outer loop
      vertex 4.90252 90.0814 3
      vertex 4.98083 90.263 1.5
      vertex 4.98083 90.263 3
    endloop
  endfacet
  facet normal 0.918261 -0.395975 0
    outer loop
      vertex 4.98083 90.263 1.5
      vertex 4.90252 90.0814 3
      vertex 4.90252 90.0814 1.5
    endloop
  endfacet
  facet normal 0.115843 0.993268 -0
    outer loop
      vertex 6.40115 87.8029 1.5
      vertex 6.2048 87.8258 3
      vertex 6.40115 87.8029 3
    endloop
  endfacet
  facet normal 0.115843 0.993268 0
    outer loop
      vertex 6.2048 87.8258 3
      vertex 6.40115 87.8029 1.5
      vertex 6.2048 87.8258 1.5
    endloop
  endfacet
  facet normal -0.866031 -0.499991 0
    outer loop
      vertex 8.01917 90.263 1.5
      vertex 7.92033 90.4342 3
      vertex 7.92033 90.4342 1.5
    endloop
  endfacet
  facet normal -0.866031 -0.499991 0
    outer loop
      vertex 7.92033 90.4342 3
      vertex 8.01917 90.263 1.5
      vertex 8.01917 90.263 3
    endloop
  endfacet
  facet normal -0.449114 -0.893474 0
    outer loop
      vertex 7.17334 91.061 1.5
      vertex 7.35 90.9722 3
      vertex 7.17334 91.061 3
    endloop
  endfacet
  facet normal -0.449114 -0.893474 -0
    outer loop
      vertex 7.35 90.9722 3
      vertex 7.17334 91.061 1.5
      vertex 7.35 90.9722 1.5
    endloop
  endfacet
  facet normal 0.341954 0.939717 -0
    outer loop
      vertex 6.01243 87.8714 1.5
      vertex 5.82666 87.939 3
      vertex 6.01243 87.8714 3
    endloop
  endfacet
  facet normal 0.341954 0.939717 0
    outer loop
      vertex 5.82666 87.939 3
      vertex 6.01243 87.8714 1.5
      vertex 5.82666 87.939 1.5
    endloop
  endfacet
  facet normal -0.918261 0.395975 0
    outer loop
      vertex 8.01917 88.737 1.5
      vertex 8.09748 88.9186 3
      vertex 8.09748 88.9186 1.5
    endloop
  endfacet
  facet normal -0.918261 0.395975 0
    outer loop
      vertex 8.09748 88.9186 3
      vertex 8.01917 88.737 1.5
      vertex 8.01917 88.737 3
    endloop
  endfacet
  facet normal -0.727395 -0.686219 0
    outer loop
      vertex 7.80227 90.5927 1.5
      vertex 7.66661 90.7365 3
      vertex 7.66661 90.7365 1.5
    endloop
  endfacet
  facet normal -0.727395 -0.686219 0
    outer loop
      vertex 7.66661 90.7365 3
      vertex 7.80227 90.5927 1.5
      vertex 7.80227 90.5927 3
    endloop
  endfacet
  facet normal 0 -1 0
    outer loop
      vertex 6.40115 91.1971 1.5
      vertex 6.59885 91.1971 3
      vertex 6.40115 91.1971 3
    endloop
  endfacet
  facet normal 0 -1 -0
    outer loop
      vertex 6.59885 91.1971 3
      vertex 6.40115 91.1971 1.5
      vertex 6.59885 91.1971 1.5
    endloop
  endfacet
  facet normal 0.984793 0.17373 0
    outer loop
      vertex 4.84582 89.108 3
      vertex 4.81149 89.3026 1.5
      vertex 4.81149 89.3026 3
    endloop
  endfacet
  facet normal 0.984793 0.17373 0
    outer loop
      vertex 4.81149 89.3026 1.5
      vertex 4.84582 89.108 3
      vertex 4.84582 89.108 1.5
    endloop
  endfacet
  facet normal 0.727395 0.686219 0
    outer loop
      vertex 5.33339 88.2635 3
      vertex 5.19773 88.4073 1.5
      vertex 5.19773 88.4073 3
    endloop
  endfacet
  facet normal 0.727395 0.686219 0
    outer loop
      vertex 5.19773 88.4073 1.5
      vertex 5.33339 88.2635 3
      vertex 5.33339 88.2635 1.5
    endloop
  endfacet
  facet normal 0.801975 -0.597358 0
    outer loop
      vertex 5.07967 90.4342 3
      vertex 5.19773 90.5927 1.5
      vertex 5.19773 90.5927 3
    endloop
  endfacet
  facet normal 0.801975 -0.597358 0
    outer loop
      vertex 5.19773 90.5927 1.5
      vertex 5.07967 90.4342 3
      vertex 5.07967 90.4342 1.5
    endloop
  endfacet
  facet normal 0.99831 -0.0581083 0
    outer loop
      vertex 4.8 89.5 3
      vertex 4.81149 89.6974 1.5
      vertex 4.81149 89.6974 3
    endloop
  endfacet
  facet normal 0.99831 -0.0581083 0
    outer loop
      vertex 4.81149 89.6974 1.5
      vertex 4.8 89.5 3
      vertex 4.8 89.5 1.5
    endloop
  endfacet
  facet normal -0.341954 0.939717 0
    outer loop
      vertex 7.17334 87.939 1.5
      vertex 6.98757 87.8714 3
      vertex 7.17334 87.939 3
    endloop
  endfacet
  facet normal -0.341954 0.939717 0
    outer loop
      vertex 6.98757 87.8714 3
      vertex 7.17334 87.939 1.5
      vertex 6.98757 87.8714 1.5
    endloop
  endfacet
  facet normal 0.918261 0.395975 0
    outer loop
      vertex 4.98083 88.737 3
      vertex 4.90252 88.9186 1.5
      vertex 4.90252 88.9186 3
    endloop
  endfacet
  facet normal 0.918261 0.395975 0
    outer loop
      vertex 4.90252 88.9186 1.5
      vertex 4.98083 88.737 3
      vertex 4.98083 88.737 1.5
    endloop
  endfacet
  facet normal -0.801975 -0.597358 0
    outer loop
      vertex 7.92033 90.4342 1.5
      vertex 7.80227 90.5927 3
      vertex 7.80227 90.5927 1.5
    endloop
  endfacet
  facet normal -0.801975 -0.597358 0
    outer loop
      vertex 7.80227 90.5927 3
      vertex 7.92033 90.4342 1.5
      vertex 7.92033 90.4342 3
    endloop
  endfacet
  facet normal -0.957993 0.286791 0
    outer loop
      vertex 8.09748 88.9186 1.5
      vertex 8.15418 89.108 3
      vertex 8.15418 89.108 1.5
    endloop
  endfacet
  facet normal -0.957993 0.286791 0
    outer loop
      vertex 8.15418 89.108 3
      vertex 8.09748 88.9186 1.5
      vertex 8.09748 88.9186 3
    endloop
  endfacet
  facet normal -0.918261 -0.395975 0
    outer loop
      vertex 8.09748 90.0814 1.5
      vertex 8.01917 90.263 3
      vertex 8.01917 90.263 1.5
    endloop
  endfacet
  facet normal -0.918261 -0.395975 0
    outer loop
      vertex 8.01917 90.263 3
      vertex 8.09748 90.0814 1.5
      vertex 8.09748 90.0814 3
    endloop
  endfacet
  facet normal -0.230652 0.973036 0
    outer loop
      vertex 6.98757 87.8714 1.5
      vertex 6.7952 87.8258 3
      vertex 6.98757 87.8714 3
    endloop
  endfacet
  facet normal -0.230652 0.973036 0
    outer loop
      vertex 6.7952 87.8258 3
      vertex 6.98757 87.8714 1.5
      vertex 6.7952 87.8258 1.5
    endloop
  endfacet
  facet normal 0.642867 -0.765978 0
    outer loop
      vertex 5.33339 90.7365 1.5
      vertex 5.48483 90.8636 3
      vertex 5.33339 90.7365 3
    endloop
  endfacet
  facet normal 0.642867 -0.765978 0
    outer loop
      vertex 5.48483 90.8636 3
      vertex 5.33339 90.7365 1.5
      vertex 5.48483 90.8636 1.5
    endloop
  endfacet
  facet normal -0.801975 0.597358 0
    outer loop
      vertex 7.80227 88.4073 1.5
      vertex 7.92033 88.5658 3
      vertex 7.92033 88.5658 1.5
    endloop
  endfacet
  facet normal -0.801975 0.597358 0
    outer loop
      vertex 7.92033 88.5658 3
      vertex 7.80227 88.4073 1.5
      vertex 7.80227 88.4073 3
    endloop
  endfacet
  facet normal 0.957993 -0.286791 0
    outer loop
      vertex 4.84582 89.892 3
      vertex 4.90252 90.0814 1.5
      vertex 4.90252 90.0814 3
    endloop
  endfacet
  facet normal 0.957993 -0.286791 0
    outer loop
      vertex 4.90252 90.0814 1.5
      vertex 4.84582 89.892 3
      vertex 4.84582 89.892 1.5
    endloop
  endfacet
  facet normal 0.984793 -0.17373 0
    outer loop
      vertex 4.81149 89.6974 3
      vertex 4.84582 89.892 1.5
      vertex 4.84582 89.892 3
    endloop
  endfacet
  facet normal 0.984793 -0.17373 0
    outer loop
      vertex 4.84582 89.892 1.5
      vertex 4.81149 89.6974 3
      vertex 4.81149 89.6974 1.5
    endloop
  endfacet
  facet normal 0.866031 0.499991 0
    outer loop
      vertex 5.07967 88.5658 3
      vertex 4.98083 88.737 1.5
      vertex 4.98083 88.737 3
    endloop
  endfacet
  facet normal 0.866031 0.499991 0
    outer loop
      vertex 4.98083 88.737 1.5
      vertex 5.07967 88.5658 3
      vertex 5.07967 88.5658 1.5
    endloop
  endfacet
  facet normal 0.957993 0.286791 0
    outer loop
      vertex 4.90252 88.9186 3
      vertex 4.84582 89.108 1.5
      vertex 4.84582 89.108 3
    endloop
  endfacet
  facet normal 0.957993 0.286791 0
    outer loop
      vertex 4.84582 89.108 1.5
      vertex 4.90252 88.9186 3
      vertex 4.90252 88.9186 1.5
    endloop
  endfacet
  facet normal -0.230652 -0.973036 0
    outer loop
      vertex 6.7952 91.1742 1.5
      vertex 6.98757 91.1286 3
      vertex 6.7952 91.1742 3
    endloop
  endfacet
  facet normal -0.230652 -0.973036 -0
    outer loop
      vertex 6.98757 91.1286 3
      vertex 6.7952 91.1742 1.5
      vertex 6.98757 91.1286 1.5
    endloop
  endfacet
  facet normal -0.115843 0.993268 0
    outer loop
      vertex 6.7952 87.8258 1.5
      vertex 6.59885 87.8029 3
      vertex 6.7952 87.8258 3
    endloop
  endfacet
  facet normal -0.115843 0.993268 0
    outer loop
      vertex 6.59885 87.8029 3
      vertex 6.7952 87.8258 1.5
      vertex 6.59885 87.8029 1.5
    endloop
  endfacet
  facet normal 0.549389 -0.835567 0
    outer loop
      vertex 5.48483 90.8636 1.5
      vertex 5.65 90.9722 3
      vertex 5.48483 90.8636 3
    endloop
  endfacet
  facet normal 0.549389 -0.835567 0
    outer loop
      vertex 5.65 90.9722 3
      vertex 5.48483 90.8636 1.5
      vertex 5.65 90.9722 1.5
    endloop
  endfacet
  facet normal 0.449114 -0.893474 0
    outer loop
      vertex 5.65 90.9722 1.5
      vertex 5.82666 91.061 3
      vertex 5.65 90.9722 3
    endloop
  endfacet
  facet normal 0.449114 -0.893474 0
    outer loop
      vertex 5.82666 91.061 3
      vertex 5.65 90.9722 1.5
      vertex 5.82666 91.061 1.5
    endloop
  endfacet
  facet normal 0.253614 -0.967306 0
    outer loop
      vertex 5.61796 92.4719 9.53674e-07
      vertex 5.81019 92.5223 1.5
      vertex 5.61796 92.4719 1.5
    endloop
  endfacet
  facet normal 0.253614 -0.967306 0
    outer loop
      vertex 5.81019 92.5223 1.5
      vertex 5.61796 92.4719 9.53674e-07
      vertex 5.81019 92.5223 9.53674e-07
    endloop
  endfacet
  facet normal -0.99538 0.0960154 0
    outer loop
      vertex 9.57455 89.1036 9.53674e-07
      vertex 9.59363 89.3014 1.5
      vertex 9.59363 89.3014 9.53674e-07
    endloop
  endfacet
  facet normal -0.99538 0.0960154 0
    outer loop
      vertex 9.59363 89.3014 1.5
      vertex 9.57455 89.1036 9.53674e-07
      vertex 9.57455 89.1036 1.5
    endloop
  endfacet
  facet normal -0.999486 0.032058 0
    outer loop
      vertex 9.59363 89.3014 9.53674e-07
      vertex 9.6 89.5 1.5
      vertex 9.6 89.5 9.53674e-07
    endloop
  endfacet
  facet normal -0.999486 0.032058 0
    outer loop
      vertex 9.6 89.5 1.5
      vertex 9.59363 89.3014 9.53674e-07
      vertex 9.59363 89.3014 1.5
    endloop
  endfacet
  facet normal -0.987182 0.159599 0
    outer loop
      vertex 9.54283 88.9074 9.53674e-07
      vertex 9.57455 89.1036 1.5
      vertex 9.57455 89.1036 9.53674e-07
    endloop
  endfacet
  facet normal -0.987182 0.159599 0
    outer loop
      vertex 9.57455 89.1036 1.5
      vertex 9.54283 88.9074 9.53674e-07
      vertex 9.54283 88.9074 1.5
    endloop
  endfacet
  facet normal -0.938474 -0.345349 0
    outer loop
      vertex 9.44207 90.4768 9.53674e-07
      vertex 9.37344 90.6633 1.5
      vertex 9.37344 90.6633 9.53674e-07
    endloop
  endfacet
  facet normal -0.938474 -0.345349 0
    outer loop
      vertex 9.37344 90.6633 1.5
      vertex 9.44207 90.4768 9.53674e-07
      vertex 9.44207 90.4768 1.5
    endloop
  endfacet
  facet normal -0.491037 0.871139 0
    outer loop
      vertex 8.10702 86.8491 9.53674e-07
      vertex 7.93387 86.7515 1.5
      vertex 8.10702 86.8491 1.5
    endloop
  endfacet
  facet normal -0.491037 0.871139 0
    outer loop
      vertex 7.93387 86.7515 1.5
      vertex 8.10702 86.8491 9.53674e-07
      vertex 7.93387 86.7515 9.53674e-07
    endloop
  endfacet
  facet normal -0.695824 0.718213 0
    outer loop
      vertex 8.72688 87.3434 9.53674e-07
      vertex 8.58413 87.2051 1.5
      vertex 8.72688 87.3434 1.5
    endloop
  endfacet
  facet normal -0.695824 0.718213 0
    outer loop
      vertex 8.58413 87.2051 1.5
      vertex 8.72688 87.3434 9.53674e-07
      vertex 8.58413 87.2051 9.53674e-07
    endloop
  endfacet
  facet normal -0.9144 0.404812 0
    outer loop
      vertex 9.293 88.155 9.53674e-07
      vertex 9.37344 88.3367 1.5
      vertex 9.37344 88.3367 9.53674e-07
    endloop
  endfacet
  facet normal -0.9144 0.404812 0
    outer loop
      vertex 9.37344 88.3367 1.5
      vertex 9.293 88.155 9.53674e-07
      vertex 9.293 88.155 1.5
    endloop
  endfacet
  facet normal -0.253614 -0.967306 0
    outer loop
      vertex 7.18981 92.5223 9.53674e-07
      vertex 7.38204 92.4719 1.5
      vertex 7.18981 92.5223 1.5
    endloop
  endfacet
  facet normal -0.253614 -0.967306 -0
    outer loop
      vertex 7.38204 92.4719 1.5
      vertex 7.18981 92.5223 9.53674e-07
      vertex 7.38204 92.4719 9.53674e-07
    endloop
  endfacet
  facet normal 0.374946 0.927047 -0
    outer loop
      vertex 5.42937 86.5908 9.53674e-07
      vertex 5.24517 86.6653 1.5
      vertex 5.42937 86.5908 1.5
    endloop
  endfacet
  facet normal 0.374946 0.927047 0
    outer loop
      vertex 5.24517 86.6653 1.5
      vertex 5.42937 86.5908 9.53674e-07
      vertex 5.24517 86.6653 9.53674e-07
    endloop
  endfacet
  facet normal 0.127818 0.991798 -0
    outer loop
      vertex 6.20233 86.4143 9.53674e-07
      vertex 6.00524 86.4397 1.5
      vertex 6.20233 86.4143 1.5
    endloop
  endfacet
  facet normal 0.127818 0.991798 0
    outer loop
      vertex 6.00524 86.4397 1.5
      vertex 6.20233 86.4143 9.53674e-07
      vertex 6.00524 86.4397 9.53674e-07
    endloop
  endfacet
  facet normal 0.781899 -0.623406 0
    outer loop
      vertex 4.01562 91.3541 1.5
      vertex 4.13952 91.5095 9.53674e-07
      vertex 4.13952 91.5095 1.5
    endloop
  endfacet
  facet normal 0.781899 -0.623406 0
    outer loop
      vertex 4.13952 91.5095 9.53674e-07
      vertex 4.01562 91.3541 1.5
      vertex 4.01562 91.3541 9.53674e-07
    endloop
  endfacet
  facet normal -0.974918 0.222565 0
    outer loop
      vertex 9.49861 88.7137 9.53674e-07
      vertex 9.54283 88.9074 1.5
      vertex 9.54283 88.9074 9.53674e-07
    endloop
  endfacet
  facet normal -0.974918 0.222565 0
    outer loop
      vertex 9.54283 88.9074 1.5
      vertex 9.49861 88.7137 9.53674e-07
      vertex 9.49861 88.7137 1.5
    endloop
  endfacet
  facet normal -0.648193 -0.761476 0
    outer loop
      vertex 8.43282 91.9237 9.53674e-07
      vertex 8.58413 91.7949 1.5
      vertex 8.43282 91.9237 1.5
    endloop
  endfacet
  facet normal -0.648193 -0.761476 -0
    outer loop
      vertex 8.58413 91.7949 1.5
      vertex 8.43282 91.9237 9.53674e-07
      vertex 8.58413 91.7949 9.53674e-07
    endloop
  endfacet
  facet normal -0.648193 0.761476 0
    outer loop
      vertex 8.58413 87.2051 9.53674e-07
      vertex 8.43282 87.0763 1.5
      vertex 8.58413 87.2051 1.5
    endloop
  endfacet
  facet normal -0.648193 0.761476 0
    outer loop
      vertex 8.43282 87.0763 1.5
      vertex 8.58413 87.2051 9.53674e-07
      vertex 8.43282 87.0763 9.53674e-07
    endloop
  endfacet
  facet normal 0.740259 0.672322 0
    outer loop
      vertex 4.27312 87.3434 1.5
      vertex 4.13952 87.4905 9.53674e-07
      vertex 4.13952 87.4905 1.5
    endloop
  endfacet
  facet normal 0.740259 0.672322 0
    outer loop
      vertex 4.13952 87.4905 9.53674e-07
      vertex 4.27312 87.3434 1.5
      vertex 4.27312 87.3434 9.53674e-07
    endloop
  endfacet
  facet normal -0.545515 0.838101 0
    outer loop
      vertex 8.27356 86.9575 9.53674e-07
      vertex 8.10702 86.8491 1.5
      vertex 8.27356 86.9575 1.5
    endloop
  endfacet
  facet normal -0.545515 0.838101 0
    outer loop
      vertex 8.10702 86.8491 1.5
      vertex 8.27356 86.9575 9.53674e-07
      vertex 8.10702 86.8491 9.53674e-07
    endloop
  endfacet
  facet normal 0.99538 0.0960154 0
    outer loop
      vertex 3.42545 89.1036 1.5
      vertex 3.40637 89.3014 9.53674e-07
      vertex 3.40637 89.3014 1.5
    endloop
  endfacet
  facet normal 0.99538 0.0960154 0
    outer loop
      vertex 3.40637 89.3014 9.53674e-07
      vertex 3.42545 89.1036 1.5
      vertex 3.42545 89.1036 9.53674e-07
    endloop
  endfacet
  facet normal -0.999486 -0.032058 0
    outer loop
      vertex 9.6 89.5 9.53674e-07
      vertex 9.59363 89.6986 1.5
      vertex 9.59363 89.6986 9.53674e-07
    endloop
  endfacet
  facet normal -0.999486 -0.032058 0
    outer loop
      vertex 9.59363 89.6986 1.5
      vertex 9.6 89.5 9.53674e-07
      vertex 9.6 89.5 1.5
    endloop
  endfacet
  facet normal -0.191227 -0.981546 0
    outer loop
      vertex 6.99476 92.5603 9.53674e-07
      vertex 7.18981 92.5223 1.5
      vertex 6.99476 92.5603 1.5
    endloop
  endfacet
  facet normal -0.191227 -0.981546 -0
    outer loop
      vertex 7.18981 92.5223 1.5
      vertex 6.99476 92.5603 9.53674e-07
      vertex 7.18981 92.5223 9.53674e-07
    endloop
  endfacet
  facet normal -0.315488 -0.94893 0
    outer loop
      vertex 7.38204 92.4719 9.53674e-07
      vertex 7.57063 92.4092 1.5
      vertex 7.38204 92.4719 1.5
    endloop
  endfacet
  facet normal -0.315488 -0.94893 -0
    outer loop
      vertex 7.57063 92.4092 1.5
      vertex 7.38204 92.4719 9.53674e-07
      vertex 7.57063 92.4092 9.53674e-07
    endloop
  endfacet
  facet normal 0.545515 0.838101 -0
    outer loop
      vertex 4.89298 86.8491 9.53674e-07
      vertex 4.72644 86.9575 1.5
      vertex 4.89298 86.8491 1.5
    endloop
  endfacet
  facet normal 0.545515 0.838101 0
    outer loop
      vertex 4.72644 86.9575 1.5
      vertex 4.89298 86.8491 9.53674e-07
      vertex 4.72644 86.9575 9.53674e-07
    endloop
  endfacet
  facet normal 0.974918 -0.222565 0
    outer loop
      vertex 3.45717 90.0926 1.5
      vertex 3.50139 90.2863 9.53674e-07
      vertex 3.50139 90.2863 1.5
    endloop
  endfacet
  facet normal 0.974918 -0.222565 0
    outer loop
      vertex 3.50139 90.2863 9.53674e-07
      vertex 3.45717 90.0926 1.5
      vertex 3.45717 90.0926 9.53674e-07
    endloop
  endfacet
  facet normal -0.695824 -0.718213 0
    outer loop
      vertex 8.58413 91.7949 9.53674e-07
      vertex 8.72688 91.6566 1.5
      vertex 8.58413 91.7949 1.5
    endloop
  endfacet
  facet normal -0.695824 -0.718213 -0
    outer loop
      vertex 8.72688 91.6566 1.5
      vertex 8.58413 91.7949 9.53674e-07
      vertex 8.72688 91.6566 9.53674e-07
    endloop
  endfacet
  facet normal 0.958667 -0.28453 0
    outer loop
      vertex 3.50139 90.2863 1.5
      vertex 3.55793 90.4768 9.53674e-07
      vertex 3.55793 90.4768 1.5
    endloop
  endfacet
  facet normal 0.958667 -0.28453 0
    outer loop
      vertex 3.55793 90.4768 9.53674e-07
      vertex 3.50139 90.2863 1.5
      vertex 3.50139 90.2863 9.53674e-07
    endloop
  endfacet
  facet normal 0.315488 -0.94893 0
    outer loop
      vertex 5.42937 92.4092 9.53674e-07
      vertex 5.61796 92.4719 1.5
      vertex 5.42937 92.4092 1.5
    endloop
  endfacet
  facet normal 0.315488 -0.94893 0
    outer loop
      vertex 5.61796 92.4719 1.5
      vertex 5.42937 92.4092 9.53674e-07
      vertex 5.61796 92.4719 9.53674e-07
    endloop
  endfacet
  facet normal 0.740259 -0.672322 0
    outer loop
      vertex 4.13952 91.5095 1.5
      vertex 4.27312 91.6566 9.53674e-07
      vertex 4.27312 91.6566 1.5
    endloop
  endfacet
  facet normal 0.740259 -0.672322 0
    outer loop
      vertex 4.27312 91.6566 9.53674e-07
      vertex 4.13952 91.5095 1.5
      vertex 4.13952 91.5095 9.53674e-07
    endloop
  endfacet
  facet normal -0.974918 -0.222565 0
    outer loop
      vertex 9.54283 90.0926 9.53674e-07
      vertex 9.49861 90.2863 1.5
      vertex 9.49861 90.2863 9.53674e-07
    endloop
  endfacet
  facet normal -0.974918 -0.222565 0
    outer loop
      vertex 9.49861 90.2863 1.5
      vertex 9.54283 90.0926 9.53674e-07
      vertex 9.54283 90.0926 1.5
    endloop
  endfacet
  facet normal 0.491037 -0.871139 0
    outer loop
      vertex 4.89298 92.1509 9.53674e-07
      vertex 5.06613 92.2485 1.5
      vertex 4.89298 92.1509 1.5
    endloop
  endfacet
  facet normal 0.491037 -0.871139 0
    outer loop
      vertex 5.06613 92.2485 1.5
      vertex 4.89298 92.1509 9.53674e-07
      vertex 5.06613 92.2485 9.53674e-07
    endloop
  endfacet
  facet normal -0.886627 0.462485 0
    outer loop
      vertex 9.20109 87.9788 9.53674e-07
      vertex 9.293 88.155 1.5
      vertex 9.293 88.155 9.53674e-07
    endloop
  endfacet
  facet normal -0.886627 0.462485 0
    outer loop
      vertex 9.293 88.155 1.5
      vertex 9.20109 87.9788 9.53674e-07
      vertex 9.20109 87.9788 1.5
    endloop
  endfacet
  facet normal 0.433797 -0.90101 0
    outer loop
      vertex 5.06613 92.2485 9.53674e-07
      vertex 5.24517 92.3347 1.5
      vertex 5.06613 92.2485 1.5
    endloop
  endfacet
  facet normal 0.433797 -0.90101 0
    outer loop
      vertex 5.24517 92.3347 1.5
      vertex 5.06613 92.2485 9.53674e-07
      vertex 5.24517 92.3347 9.53674e-07
    endloop
  endfacet
  facet normal -0.855221 0.518264 0
    outer loop
      vertex 9.09807 87.8088 9.53674e-07
      vertex 9.20109 87.9788 1.5
      vertex 9.20109 87.9788 9.53674e-07
    endloop
  endfacet
  facet normal -0.855221 0.518264 0
    outer loop
      vertex 9.20109 87.9788 1.5
      vertex 9.09807 87.8088 9.53674e-07
      vertex 9.09807 87.8088 1.5
    endloop
  endfacet
  facet normal -0.491037 -0.871139 0
    outer loop
      vertex 7.93387 92.2485 9.53674e-07
      vertex 8.10702 92.1509 1.5
      vertex 7.93387 92.2485 1.5
    endloop
  endfacet
  facet normal -0.491037 -0.871139 -0
    outer loop
      vertex 8.10702 92.1509 1.5
      vertex 7.93387 92.2485 9.53674e-07
      vertex 8.10702 92.1509 9.53674e-07
    endloop
  endfacet
  facet normal 0.545515 -0.838101 0
    outer loop
      vertex 4.72644 92.0425 9.53674e-07
      vertex 4.89298 92.1509 1.5
      vertex 4.72644 92.0425 1.5
    endloop
  endfacet
  facet normal 0.545515 -0.838101 0
    outer loop
      vertex 4.89298 92.1509 1.5
      vertex 4.72644 92.0425 9.53674e-07
      vertex 4.89298 92.1509 9.53674e-07
    endloop
  endfacet
  facet normal 0.855221 -0.518264 0
    outer loop
      vertex 3.79891 91.0212 1.5
      vertex 3.90193 91.1912 9.53674e-07
      vertex 3.90193 91.1912 1.5
    endloop
  endfacet
  facet normal 0.855221 -0.518264 0
    outer loop
      vertex 3.90193 91.1912 9.53674e-07
      vertex 3.79891 91.0212 1.5
      vertex 3.79891 91.0212 9.53674e-07
    endloop
  endfacet
  facet normal 0.59792 0.801556 -0
    outer loop
      vertex 4.72644 86.9575 9.53674e-07
      vertex 4.56718 87.0763 1.5
      vertex 4.72644 86.9575 1.5
    endloop
  endfacet
  facet normal 0.59792 0.801556 0
    outer loop
      vertex 4.56718 87.0763 1.5
      vertex 4.72644 86.9575 9.53674e-07
      vertex 4.56718 87.0763 9.53674e-07
    endloop
  endfacet
  facet normal 0.987182 -0.159599 0
    outer loop
      vertex 3.42545 89.8964 1.5
      vertex 3.45717 90.0926 9.53674e-07
      vertex 3.45717 90.0926 1.5
    endloop
  endfacet
  facet normal 0.987182 -0.159599 0
    outer loop
      vertex 3.45717 90.0926 9.53674e-07
      vertex 3.42545 89.8964 1.5
      vertex 3.42545 89.8964 9.53674e-07
    endloop
  endfacet
  facet normal 0.9144 0.404812 0
    outer loop
      vertex 3.707 88.155 1.5
      vertex 3.62656 88.3367 9.53674e-07
      vertex 3.62656 88.3367 1.5
    endloop
  endfacet
  facet normal 0.9144 0.404812 0
    outer loop
      vertex 3.62656 88.3367 9.53674e-07
      vertex 3.707 88.155 1.5
      vertex 3.707 88.155 9.53674e-07
    endloop
  endfacet
  facet normal -0.820035 0.572313 0
    outer loop
      vertex 8.98438 87.6459 9.53674e-07
      vertex 9.09807 87.8088 1.5
      vertex 9.09807 87.8088 9.53674e-07
    endloop
  endfacet
  facet normal -0.820035 0.572313 0
    outer loop
      vertex 9.09807 87.8088 1.5
      vertex 8.98438 87.6459 9.53674e-07
      vertex 8.98438 87.6459 1.5
    endloop
  endfacet
  facet normal 0.191227 0.981546 -0
    outer loop
      vertex 6.00524 86.4397 9.53674e-07
      vertex 5.81019 86.4777 1.5
      vertex 6.00524 86.4397 1.5
    endloop
  endfacet
  facet normal 0.191227 0.981546 0
    outer loop
      vertex 5.81019 86.4777 1.5
      vertex 6.00524 86.4397 9.53674e-07
      vertex 5.81019 86.4777 9.53674e-07
    endloop
  endfacet
  facet normal -0.374946 0.927047 0
    outer loop
      vertex 7.75483 86.6653 9.53674e-07
      vertex 7.57063 86.5908 1.5
      vertex 7.75483 86.6653 1.5
    endloop
  endfacet
  facet normal -0.374946 0.927047 0
    outer loop
      vertex 7.57063 86.5908 1.5
      vertex 7.75483 86.6653 9.53674e-07
      vertex 7.57063 86.5908 9.53674e-07
    endloop
  endfacet
  facet normal 0.253614 0.967306 -0
    outer loop
      vertex 5.81019 86.4777 9.53674e-07
      vertex 5.61796 86.5281 1.5
      vertex 5.81019 86.4777 1.5
    endloop
  endfacet
  facet normal 0.253614 0.967306 0
    outer loop
      vertex 5.61796 86.5281 1.5
      vertex 5.81019 86.4777 9.53674e-07
      vertex 5.61796 86.5281 9.53674e-07
    endloop
  endfacet
  facet normal 0 -1 0
    outer loop
      vertex 6.40064 92.5984 9.53674e-07
      vertex 6.59936 92.5984 1.5
      vertex 6.40064 92.5984 1.5
    endloop
  endfacet
  facet normal 0 -1 -0
    outer loop
      vertex 6.59936 92.5984 1.5
      vertex 6.40064 92.5984 9.53674e-07
      vertex 6.59936 92.5984 9.53674e-07
    endloop
  endfacet
  facet normal -0.127818 0.991798 0
    outer loop
      vertex 6.99476 86.4397 9.53674e-07
      vertex 6.79767 86.4143 1.5
      vertex 6.99476 86.4397 1.5
    endloop
  endfacet
  facet normal -0.127818 0.991798 0
    outer loop
      vertex 6.79767 86.4143 1.5
      vertex 6.99476 86.4397 9.53674e-07
      vertex 6.79767 86.4143 9.53674e-07
    endloop
  endfacet
  facet normal -0.886627 -0.462485 0
    outer loop
      vertex 9.293 90.845 9.53674e-07
      vertex 9.20109 91.0212 1.5
      vertex 9.20109 91.0212 9.53674e-07
    endloop
  endfacet
  facet normal -0.886627 -0.462485 0
    outer loop
      vertex 9.20109 91.0212 1.5
      vertex 9.293 90.845 9.53674e-07
      vertex 9.293 90.845 1.5
    endloop
  endfacet
  facet normal -0.820035 -0.572313 0
    outer loop
      vertex 9.09807 91.1912 9.53674e-07
      vertex 8.98438 91.3541 1.5
      vertex 8.98438 91.3541 9.53674e-07
    endloop
  endfacet
  facet normal -0.820035 -0.572313 0
    outer loop
      vertex 8.98438 91.3541 1.5
      vertex 9.09807 91.1912 9.53674e-07
      vertex 9.09807 91.1912 1.5
    endloop
  endfacet
  facet normal -0.855221 -0.518264 0
    outer loop
      vertex 9.20109 91.0212 9.53674e-07
      vertex 9.09807 91.1912 1.5
      vertex 9.09807 91.1912 9.53674e-07
    endloop
  endfacet
  facet normal -0.855221 -0.518264 0
    outer loop
      vertex 9.09807 91.1912 1.5
      vertex 9.20109 91.0212 9.53674e-07
      vertex 9.20109 91.0212 1.5
    endloop
  endfacet
  facet normal -0.545515 -0.838101 0
    outer loop
      vertex 8.10702 92.1509 9.53674e-07
      vertex 8.27356 92.0425 1.5
      vertex 8.10702 92.1509 1.5
    endloop
  endfacet
  facet normal -0.545515 -0.838101 -0
    outer loop
      vertex 8.27356 92.0425 1.5
      vertex 8.10702 92.1509 9.53674e-07
      vertex 8.27356 92.0425 9.53674e-07
    endloop
  endfacet
  facet normal 0.820035 -0.572313 0
    outer loop
      vertex 3.90193 91.1912 1.5
      vertex 4.01562 91.3541 9.53674e-07
      vertex 4.01562 91.3541 1.5
    endloop
  endfacet
  facet normal 0.820035 -0.572313 0
    outer loop
      vertex 4.01562 91.3541 9.53674e-07
      vertex 3.90193 91.1912 1.5
      vertex 3.90193 91.1912 9.53674e-07
    endloop
  endfacet
  facet normal -0.9144 -0.404812 0
    outer loop
      vertex 9.37344 90.6633 9.53674e-07
      vertex 9.293 90.845 1.5
      vertex 9.293 90.845 9.53674e-07
    endloop
  endfacet
  facet normal -0.9144 -0.404812 0
    outer loop
      vertex 9.293 90.845 1.5
      vertex 9.37344 90.6633 9.53674e-07
      vertex 9.37344 90.6633 1.5
    endloop
  endfacet
  facet normal 0.820035 0.572313 0
    outer loop
      vertex 4.01562 87.6459 1.5
      vertex 3.90193 87.8088 9.53674e-07
      vertex 3.90193 87.8088 1.5
    endloop
  endfacet
  facet normal 0.820035 0.572313 0
    outer loop
      vertex 3.90193 87.8088 9.53674e-07
      vertex 4.01562 87.6459 1.5
      vertex 4.01562 87.6459 9.53674e-07
    endloop
  endfacet
  facet normal 0.491037 0.871139 -0
    outer loop
      vertex 5.06613 86.7515 9.53674e-07
      vertex 4.89298 86.8491 1.5
      vertex 5.06613 86.7515 1.5
    endloop
  endfacet
  facet normal 0.491037 0.871139 0
    outer loop
      vertex 4.89298 86.8491 1.5
      vertex 5.06613 86.7515 9.53674e-07
      vertex 4.89298 86.8491 9.53674e-07
    endloop
  endfacet
  facet normal 0.938474 0.345349 0
    outer loop
      vertex 3.62656 88.3367 1.5
      vertex 3.55793 88.5232 9.53674e-07
      vertex 3.55793 88.5232 1.5
    endloop
  endfacet
  facet normal 0.938474 0.345349 0
    outer loop
      vertex 3.55793 88.5232 9.53674e-07
      vertex 3.62656 88.3367 1.5
      vertex 3.62656 88.3367 9.53674e-07
    endloop
  endfacet
  facet normal -0.781899 -0.623406 0
    outer loop
      vertex 8.98438 91.3541 9.53674e-07
      vertex 8.86048 91.5095 1.5
      vertex 8.86048 91.5095 9.53674e-07
    endloop
  endfacet
  facet normal -0.781899 -0.623406 0
    outer loop
      vertex 8.86048 91.5095 1.5
      vertex 8.98438 91.3541 9.53674e-07
      vertex 8.98438 91.3541 1.5
    endloop
  endfacet
  facet normal 0.99538 -0.0960154 0
    outer loop
      vertex 3.40637 89.6986 1.5
      vertex 3.42545 89.8964 9.53674e-07
      vertex 3.42545 89.8964 1.5
    endloop
  endfacet
  facet normal 0.99538 -0.0960154 0
    outer loop
      vertex 3.42545 89.8964 9.53674e-07
      vertex 3.40637 89.6986 1.5
      vertex 3.40637 89.6986 9.53674e-07
    endloop
  endfacet
  facet normal 0.59792 -0.801556 0
    outer loop
      vertex 4.56718 91.9237 9.53674e-07
      vertex 4.72644 92.0425 1.5
      vertex 4.56718 91.9237 1.5
    endloop
  endfacet
  facet normal 0.59792 -0.801556 0
    outer loop
      vertex 4.72644 92.0425 1.5
      vertex 4.56718 91.9237 9.53674e-07
      vertex 4.72644 92.0425 9.53674e-07
    endloop
  endfacet
  facet normal 0.0639102 0.997956 -0
    outer loop
      vertex 6.40064 86.4016 9.53674e-07
      vertex 6.20233 86.4143 1.5
      vertex 6.40064 86.4016 1.5
    endloop
  endfacet
  facet normal 0.0639102 0.997956 0
    outer loop
      vertex 6.20233 86.4143 1.5
      vertex 6.40064 86.4016 9.53674e-07
      vertex 6.20233 86.4143 9.53674e-07
    endloop
  endfacet
  facet normal -0.374946 -0.927047 0
    outer loop
      vertex 7.57063 92.4092 9.53674e-07
      vertex 7.75483 92.3347 1.5
      vertex 7.57063 92.4092 1.5
    endloop
  endfacet
  facet normal -0.374946 -0.927047 -0
    outer loop
      vertex 7.75483 92.3347 1.5
      vertex 7.57063 92.4092 9.53674e-07
      vertex 7.75483 92.3347 9.53674e-07
    endloop
  endfacet
  facet normal -0.0639102 -0.997956 0
    outer loop
      vertex 6.59936 92.5984 9.53674e-07
      vertex 6.79767 92.5857 1.5
      vertex 6.59936 92.5984 1.5
    endloop
  endfacet
  facet normal -0.0639102 -0.997956 -0
    outer loop
      vertex 6.79767 92.5857 1.5
      vertex 6.59936 92.5984 9.53674e-07
      vertex 6.79767 92.5857 9.53674e-07
    endloop
  endfacet
  facet normal 0.938474 -0.345349 0
    outer loop
      vertex 3.55793 90.4768 1.5
      vertex 3.62656 90.6633 9.53674e-07
      vertex 3.62656 90.6633 1.5
    endloop
  endfacet
  facet normal 0.938474 -0.345349 0
    outer loop
      vertex 3.62656 90.6633 9.53674e-07
      vertex 3.55793 90.4768 1.5
      vertex 3.55793 90.4768 9.53674e-07
    endloop
  endfacet
  facet normal -0.938474 0.345349 0
    outer loop
      vertex 9.37344 88.3367 9.53674e-07
      vertex 9.44207 88.5232 1.5
      vertex 9.44207 88.5232 9.53674e-07
    endloop
  endfacet
  facet normal -0.938474 0.345349 0
    outer loop
      vertex 9.44207 88.5232 1.5
      vertex 9.37344 88.3367 9.53674e-07
      vertex 9.37344 88.3367 1.5
    endloop
  endfacet
  facet normal 0.9144 -0.404812 0
    outer loop
      vertex 3.62656 90.6633 1.5
      vertex 3.707 90.845 9.53674e-07
      vertex 3.707 90.845 1.5
    endloop
  endfacet
  facet normal 0.9144 -0.404812 0
    outer loop
      vertex 3.707 90.845 9.53674e-07
      vertex 3.62656 90.6633 1.5
      vertex 3.62656 90.6633 9.53674e-07
    endloop
  endfacet
  facet normal 0.127818 -0.991798 0
    outer loop
      vertex 6.00524 92.5603 9.53674e-07
      vertex 6.20233 92.5857 1.5
      vertex 6.00524 92.5603 1.5
    endloop
  endfacet
  facet normal 0.127818 -0.991798 0
    outer loop
      vertex 6.20233 92.5857 1.5
      vertex 6.00524 92.5603 9.53674e-07
      vertex 6.20233 92.5857 9.53674e-07
    endloop
  endfacet
  facet normal 0.999486 -0.032058 0
    outer loop
      vertex 3.4 89.5 1.5
      vertex 3.40637 89.6986 9.53674e-07
      vertex 3.40637 89.6986 1.5
    endloop
  endfacet
  facet normal 0.999486 -0.032058 0
    outer loop
      vertex 3.40637 89.6986 9.53674e-07
      vertex 3.4 89.5 1.5
      vertex 3.4 89.5 9.53674e-07
    endloop
  endfacet
  facet normal 0.433797 0.90101 -0
    outer loop
      vertex 5.24517 86.6653 9.53674e-07
      vertex 5.06613 86.7515 1.5
      vertex 5.24517 86.6653 1.5
    endloop
  endfacet
  facet normal 0.433797 0.90101 0
    outer loop
      vertex 5.06613 86.7515 1.5
      vertex 5.24517 86.6653 9.53674e-07
      vertex 5.06613 86.7515 9.53674e-07
    endloop
  endfacet
  facet normal -0.958667 0.28453 0
    outer loop
      vertex 9.44207 88.5232 9.53674e-07
      vertex 9.49861 88.7137 1.5
      vertex 9.49861 88.7137 9.53674e-07
    endloop
  endfacet
  facet normal -0.958667 0.28453 0
    outer loop
      vertex 9.49861 88.7137 1.5
      vertex 9.44207 88.5232 9.53674e-07
      vertex 9.44207 88.5232 1.5
    endloop
  endfacet
  facet normal 0.855221 0.518264 0
    outer loop
      vertex 3.90193 87.8088 1.5
      vertex 3.79891 87.9788 9.53674e-07
      vertex 3.79891 87.9788 1.5
    endloop
  endfacet
  facet normal 0.855221 0.518264 0
    outer loop
      vertex 3.79891 87.9788 9.53674e-07
      vertex 3.90193 87.8088 1.5
      vertex 3.90193 87.8088 9.53674e-07
    endloop
  endfacet
  facet normal 0.958667 0.28453 0
    outer loop
      vertex 3.55793 88.5232 1.5
      vertex 3.50139 88.7137 9.53674e-07
      vertex 3.50139 88.7137 1.5
    endloop
  endfacet
  facet normal 0.958667 0.28453 0
    outer loop
      vertex 3.50139 88.7137 9.53674e-07
      vertex 3.55793 88.5232 1.5
      vertex 3.55793 88.5232 9.53674e-07
    endloop
  endfacet
  facet normal 0.315488 0.94893 -0
    outer loop
      vertex 5.61796 86.5281 9.53674e-07
      vertex 5.42937 86.5908 1.5
      vertex 5.61796 86.5281 1.5
    endloop
  endfacet
  facet normal 0.315488 0.94893 0
    outer loop
      vertex 5.42937 86.5908 1.5
      vertex 5.61796 86.5281 9.53674e-07
      vertex 5.42937 86.5908 9.53674e-07
    endloop
  endfacet
  facet normal -0.127818 -0.991798 0
    outer loop
      vertex 6.79767 92.5857 9.53674e-07
      vertex 6.99476 92.5603 1.5
      vertex 6.79767 92.5857 1.5
    endloop
  endfacet
  facet normal -0.127818 -0.991798 -0
    outer loop
      vertex 6.99476 92.5603 1.5
      vertex 6.79767 92.5857 9.53674e-07
      vertex 6.99476 92.5603 9.53674e-07
    endloop
  endfacet
  facet normal 0.886627 -0.462485 0
    outer loop
      vertex 3.707 90.845 1.5
      vertex 3.79891 91.0212 9.53674e-07
      vertex 3.79891 91.0212 1.5
    endloop
  endfacet
  facet normal 0.886627 -0.462485 0
    outer loop
      vertex 3.79891 91.0212 9.53674e-07
      vertex 3.707 90.845 1.5
      vertex 3.707 90.845 9.53674e-07
    endloop
  endfacet
  facet normal -0.59792 0.801556 0
    outer loop
      vertex 8.43282 87.0763 9.53674e-07
      vertex 8.27356 86.9575 1.5
      vertex 8.43282 87.0763 1.5
    endloop
  endfacet
  facet normal -0.59792 0.801556 0
    outer loop
      vertex 8.27356 86.9575 1.5
      vertex 8.43282 87.0763 9.53674e-07
      vertex 8.27356 86.9575 9.53674e-07
    endloop
  endfacet
  facet normal 0.695824 0.718213 -0
    outer loop
      vertex 4.41587 87.2051 9.53674e-07
      vertex 4.27312 87.3434 1.5
      vertex 4.41587 87.2051 1.5
    endloop
  endfacet
  facet normal 0.695824 0.718213 0
    outer loop
      vertex 4.27312 87.3434 1.5
      vertex 4.41587 87.2051 9.53674e-07
      vertex 4.27312 87.3434 9.53674e-07
    endloop
  endfacet
  facet normal -0.433797 -0.90101 0
    outer loop
      vertex 7.75483 92.3347 9.53674e-07
      vertex 7.93387 92.2485 1.5
      vertex 7.75483 92.3347 1.5
    endloop
  endfacet
  facet normal -0.433797 -0.90101 -0
    outer loop
      vertex 7.93387 92.2485 1.5
      vertex 7.75483 92.3347 9.53674e-07
      vertex 7.93387 92.2485 9.53674e-07
    endloop
  endfacet
  facet normal 0 1 -0
    outer loop
      vertex 6.59936 86.4016 9.53674e-07
      vertex 6.40064 86.4016 1.5
      vertex 6.59936 86.4016 1.5
    endloop
  endfacet
  facet normal 0 1 0
    outer loop
      vertex 6.40064 86.4016 1.5
      vertex 6.59936 86.4016 9.53674e-07
      vertex 6.40064 86.4016 9.53674e-07
    endloop
  endfacet
  facet normal 0.648193 0.761476 -0
    outer loop
      vertex 4.56718 87.0763 9.53674e-07
      vertex 4.41587 87.2051 1.5
      vertex 4.56718 87.0763 1.5
    endloop
  endfacet
  facet normal 0.648193 0.761476 0
    outer loop
      vertex 4.41587 87.2051 1.5
      vertex 4.56718 87.0763 9.53674e-07
      vertex 4.41587 87.2051 9.53674e-07
    endloop
  endfacet
  facet normal 0.974918 0.222565 0
    outer loop
      vertex 3.50139 88.7137 1.5
      vertex 3.45717 88.9074 9.53674e-07
      vertex 3.45717 88.9074 1.5
    endloop
  endfacet
  facet normal 0.974918 0.222565 0
    outer loop
      vertex 3.45717 88.9074 9.53674e-07
      vertex 3.50139 88.7137 1.5
      vertex 3.50139 88.7137 9.53674e-07
    endloop
  endfacet
  facet normal 0.191227 -0.981546 0
    outer loop
      vertex 5.81019 92.5223 9.53674e-07
      vertex 6.00524 92.5603 1.5
      vertex 5.81019 92.5223 1.5
    endloop
  endfacet
  facet normal 0.191227 -0.981546 0
    outer loop
      vertex 6.00524 92.5603 1.5
      vertex 5.81019 92.5223 9.53674e-07
      vertex 6.00524 92.5603 9.53674e-07
    endloop
  endfacet
  facet normal -0.99538 -0.0960154 0
    outer loop
      vertex 9.59363 89.6986 9.53674e-07
      vertex 9.57455 89.8964 1.5
      vertex 9.57455 89.8964 9.53674e-07
    endloop
  endfacet
  facet normal -0.99538 -0.0960154 0
    outer loop
      vertex 9.57455 89.8964 1.5
      vertex 9.59363 89.6986 9.53674e-07
      vertex 9.59363 89.6986 1.5
    endloop
  endfacet
  facet normal -0.987182 -0.159599 0
    outer loop
      vertex 9.57455 89.8964 9.53674e-07
      vertex 9.54283 90.0926 1.5
      vertex 9.54283 90.0926 9.53674e-07
    endloop
  endfacet
  facet normal -0.987182 -0.159599 0
    outer loop
      vertex 9.54283 90.0926 1.5
      vertex 9.57455 89.8964 9.53674e-07
      vertex 9.57455 89.8964 1.5
    endloop
  endfacet
  facet normal 0.987182 0.159599 0
    outer loop
      vertex 3.45717 88.9074 1.5
      vertex 3.42545 89.1036 9.53674e-07
      vertex 3.42545 89.1036 1.5
    endloop
  endfacet
  facet normal 0.987182 0.159599 0
    outer loop
      vertex 3.42545 89.1036 9.53674e-07
      vertex 3.45717 88.9074 1.5
      vertex 3.45717 88.9074 9.53674e-07
    endloop
  endfacet
  facet normal -0.0639102 0.997956 0
    outer loop
      vertex 6.79767 86.4143 9.53674e-07
      vertex 6.59936 86.4016 1.5
      vertex 6.79767 86.4143 1.5
    endloop
  endfacet
  facet normal -0.0639102 0.997956 0
    outer loop
      vertex 6.59936 86.4016 1.5
      vertex 6.79767 86.4143 9.53674e-07
      vertex 6.59936 86.4016 9.53674e-07
    endloop
  endfacet
  facet normal -0.59792 -0.801556 0
    outer loop
      vertex 8.27356 92.0425 9.53674e-07
      vertex 8.43282 91.9237 1.5
      vertex 8.27356 92.0425 1.5
    endloop
  endfacet
  facet normal -0.59792 -0.801556 -0
    outer loop
      vertex 8.43282 91.9237 1.5
      vertex 8.27356 92.0425 9.53674e-07
      vertex 8.43282 91.9237 9.53674e-07
    endloop
  endfacet
  facet normal -0.958667 -0.28453 0
    outer loop
      vertex 9.49861 90.2863 9.53674e-07
      vertex 9.44207 90.4768 1.5
      vertex 9.44207 90.4768 9.53674e-07
    endloop
  endfacet
  facet normal -0.958667 -0.28453 0
    outer loop
      vertex 9.44207 90.4768 1.5
      vertex 9.49861 90.2863 9.53674e-07
      vertex 9.49861 90.2863 1.5
    endloop
  endfacet
  facet normal -0.740259 -0.672322 0
    outer loop
      vertex 8.86048 91.5095 9.53674e-07
      vertex 8.72688 91.6566 1.5
      vertex 8.72688 91.6566 9.53674e-07
    endloop
  endfacet
  facet normal -0.740259 -0.672322 0
    outer loop
      vertex 8.72688 91.6566 1.5
      vertex 8.86048 91.5095 9.53674e-07
      vertex 8.86048 91.5095 1.5
    endloop
  endfacet
  facet normal -0.781899 0.623406 0
    outer loop
      vertex 8.86048 87.4905 9.53674e-07
      vertex 8.98438 87.6459 1.5
      vertex 8.98438 87.6459 9.53674e-07
    endloop
  endfacet
  facet normal -0.781899 0.623406 0
    outer loop
      vertex 8.98438 87.6459 1.5
      vertex 8.86048 87.4905 9.53674e-07
      vertex 8.86048 87.4905 1.5
    endloop
  endfacet
  facet normal 0.781899 0.623406 0
    outer loop
      vertex 4.13952 87.4905 1.5
      vertex 4.01562 87.6459 9.53674e-07
      vertex 4.01562 87.6459 1.5
    endloop
  endfacet
  facet normal 0.781899 0.623406 0
    outer loop
      vertex 4.01562 87.6459 9.53674e-07
      vertex 4.13952 87.4905 1.5
      vertex 4.13952 87.4905 9.53674e-07
    endloop
  endfacet
  facet normal -0.433797 0.90101 0
    outer loop
      vertex 7.93387 86.7515 9.53674e-07
      vertex 7.75483 86.6653 1.5
      vertex 7.93387 86.7515 1.5
    endloop
  endfacet
  facet normal -0.433797 0.90101 0
    outer loop
      vertex 7.75483 86.6653 1.5
      vertex 7.93387 86.7515 9.53674e-07
      vertex 7.75483 86.6653 9.53674e-07
    endloop
  endfacet
  facet normal -0.740259 0.672322 0
    outer loop
      vertex 8.72688 87.3434 9.53674e-07
      vertex 8.86048 87.4905 1.5
      vertex 8.86048 87.4905 9.53674e-07
    endloop
  endfacet
  facet normal -0.740259 0.672322 0
    outer loop
      vertex 8.86048 87.4905 1.5
      vertex 8.72688 87.3434 9.53674e-07
      vertex 8.72688 87.3434 1.5
    endloop
  endfacet
  facet normal -0.191227 0.981546 0
    outer loop
      vertex 7.18981 86.4777 9.53674e-07
      vertex 6.99476 86.4397 1.5
      vertex 7.18981 86.4777 1.5
    endloop
  endfacet
  facet normal -0.191227 0.981546 0
    outer loop
      vertex 6.99476 86.4397 1.5
      vertex 7.18981 86.4777 9.53674e-07
      vertex 6.99476 86.4397 9.53674e-07
    endloop
  endfacet
  facet normal 0.886627 0.462485 0
    outer loop
      vertex 3.79891 87.9788 1.5
      vertex 3.707 88.155 9.53674e-07
      vertex 3.707 88.155 1.5
    endloop
  endfacet
  facet normal 0.886627 0.462485 0
    outer loop
      vertex 3.707 88.155 9.53674e-07
      vertex 3.79891 87.9788 1.5
      vertex 3.79891 87.9788 9.53674e-07
    endloop
  endfacet
  facet normal -0.315488 0.94893 0
    outer loop
      vertex 7.57063 86.5908 9.53674e-07
      vertex 7.38204 86.5281 1.5
      vertex 7.57063 86.5908 1.5
    endloop
  endfacet
  facet normal -0.315488 0.94893 0
    outer loop
      vertex 7.38204 86.5281 1.5
      vertex 7.57063 86.5908 9.53674e-07
      vertex 7.38204 86.5281 9.53674e-07
    endloop
  endfacet
  facet normal 0.999486 0.032058 0
    outer loop
      vertex 3.40637 89.3014 1.5
      vertex 3.4 89.5 9.53674e-07
      vertex 3.4 89.5 1.5
    endloop
  endfacet
  facet normal 0.999486 0.032058 0
    outer loop
      vertex 3.4 89.5 9.53674e-07
      vertex 3.40637 89.3014 1.5
      vertex 3.40637 89.3014 9.53674e-07
    endloop
  endfacet
  facet normal 0.374946 -0.927047 0
    outer loop
      vertex 5.24517 92.3347 9.53674e-07
      vertex 5.42937 92.4092 1.5
      vertex 5.24517 92.3347 1.5
    endloop
  endfacet
  facet normal 0.374946 -0.927047 0
    outer loop
      vertex 5.42937 92.4092 1.5
      vertex 5.24517 92.3347 9.53674e-07
      vertex 5.42937 92.4092 9.53674e-07
    endloop
  endfacet
  facet normal -0.253614 0.967306 0
    outer loop
      vertex 7.38204 86.5281 9.53674e-07
      vertex 7.18981 86.4777 1.5
      vertex 7.38204 86.5281 1.5
    endloop
  endfacet
  facet normal -0.253614 0.967306 0
    outer loop
      vertex 7.18981 86.4777 1.5
      vertex 7.38204 86.5281 9.53674e-07
      vertex 7.18981 86.4777 9.53674e-07
    endloop
  endfacet
  facet normal 0 0 -1
    outer loop
      vertex 8.2 89.5 1.5
      vertex 9.6 89.5 1.5
      vertex 9.59363 89.3014 1.5
    endloop
  endfacet
  facet normal 0 0 -1
    outer loop
      vertex 8.18851 89.3026 1.5
      vertex 9.59363 89.3014 1.5
      vertex 9.57455 89.1036 1.5
    endloop
  endfacet
  facet normal 0 0 -1
    outer loop
      vertex 9.6 89.5 1.5
      vertex 8.2 89.5 1.5
      vertex 9.59363 89.6986 1.5
    endloop
  endfacet
  facet normal 0 0 -1
    outer loop
      vertex 8.18851 89.3026 1.5
      vertex 9.57455 89.1036 1.5
      vertex 9.54283 88.9074 1.5
    endloop
  endfacet
  facet normal 0 0 -1
    outer loop
      vertex 8.18851 89.6974 1.5
      vertex 9.59363 89.6986 1.5
      vertex 8.2 89.5 1.5
    endloop
  endfacet
  facet normal 0 0 -1
    outer loop
      vertex 8.15418 89.108 1.5
      vertex 9.54283 88.9074 1.5
      vertex 9.49861 88.7137 1.5
    endloop
  endfacet
  facet normal -0 0 -1
    outer loop
      vertex 9.59363 89.6986 1.5
      vertex 8.18851 89.6974 1.5
      vertex 9.57455 89.8964 1.5
    endloop
  endfacet
  facet normal 0 0 -1
    outer loop
      vertex 8.15418 89.108 1.5
      vertex 9.49861 88.7137 1.5
      vertex 9.44207 88.5232 1.5
    endloop
  endfacet
  facet normal -0 0 -1
    outer loop
      vertex 9.57455 89.8964 1.5
      vertex 8.18851 89.6974 1.5
      vertex 9.54283 90.0926 1.5
    endloop
  endfacet
  facet normal 0 0 -1
    outer loop
      vertex 8.09748 88.9186 1.5
      vertex 9.44207 88.5232 1.5
      vertex 9.37344 88.3367 1.5
    endloop
  endfacet
  facet normal 0 0 -1
    outer loop
      vertex 8.15418 89.892 1.5
      vertex 9.54283 90.0926 1.5
      vertex 8.18851 89.6974 1.5
    endloop
  endfacet
  facet normal 0 0 -1
    outer loop
      vertex 8.01917 88.737 1.5
      vertex 9.37344 88.3367 1.5
      vertex 9.293 88.155 1.5
    endloop
  endfacet
  facet normal -0 0 -1
    outer loop
      vertex 9.54283 90.0926 1.5
      vertex 8.15418 89.892 1.5
      vertex 9.49861 90.2863 1.5
    endloop
  endfacet
  facet normal 0 0 -1
    outer loop
      vertex 8.01917 88.737 1.5
      vertex 9.293 88.155 1.5
      vertex 9.20109 87.9788 1.5
    endloop
  endfacet
  facet normal -0 0 -1
    outer loop
      vertex 9.49861 90.2863 1.5
      vertex 8.15418 89.892 1.5
      vertex 9.44207 90.4768 1.5
    endloop
  endfacet
  facet normal 0 0 -1
    outer loop
      vertex 7.92033 88.5658 1.5
      vertex 9.20109 87.9788 1.5
      vertex 9.09807 87.8088 1.5
    endloop
  endfacet
  facet normal 0 0 -1
    outer loop
      vertex 8.09748 90.0814 1.5
      vertex 9.44207 90.4768 1.5
      vertex 8.15418 89.892 1.5
    endloop
  endfacet
  facet normal 0 0 -1
    outer loop
      vertex 7.92033 88.5658 1.5
      vertex 9.09807 87.8088 1.5
      vertex 8.98438 87.6459 1.5
    endloop
  endfacet
  facet normal -0 0 -1
    outer loop
      vertex 9.44207 90.4768 1.5
      vertex 8.09748 90.0814 1.5
      vertex 9.37344 90.6633 1.5
    endloop
  endfacet
  facet normal 0 0 -1
    outer loop
      vertex 7.80227 88.4073 1.5
      vertex 8.98438 87.6459 1.5
      vertex 8.86048 87.4905 1.5
    endloop
  endfacet
  facet normal 0 0 -1
    outer loop
      vertex 8.01917 90.263 1.5
      vertex 9.37344 90.6633 1.5
      vertex 8.09748 90.0814 1.5
    endloop
  endfacet
  facet normal 0 0 -1
    outer loop
      vertex 7.80227 88.4073 1.5
      vertex 8.86048 87.4905 1.5
      vertex 8.72688 87.3434 1.5
    endloop
  endfacet
  facet normal -0 0 -1
    outer loop
      vertex 9.37344 90.6633 1.5
      vertex 8.01917 90.263 1.5
      vertex 9.293 90.845 1.5
    endloop
  endfacet
  facet normal 0 0 -1
    outer loop
      vertex 7.66661 88.2635 1.5
      vertex 8.72688 87.3434 1.5
      vertex 8.58413 87.2051 1.5
    endloop
  endfacet
  facet normal -0 0 -1
    outer loop
      vertex 9.293 90.845 1.5
      vertex 8.01917 90.263 1.5
      vertex 9.20109 91.0212 1.5
    endloop
  endfacet
  facet normal 0 0 -1
    outer loop
      vertex 7.66661 88.2635 1.5
      vertex 8.58413 87.2051 1.5
      vertex 8.43282 87.0763 1.5
    endloop
  endfacet
  facet normal 0 0 -1
    outer loop
      vertex 7.92033 90.4342 1.5
      vertex 9.20109 91.0212 1.5
      vertex 8.01917 90.263 1.5
    endloop
  endfacet
  facet normal 0 0 -1
    outer loop
      vertex 7.51517 88.1364 1.5
      vertex 8.43282 87.0763 1.5
      vertex 8.27356 86.9575 1.5
    endloop
  endfacet
  facet normal -0 0 -1
    outer loop
      vertex 9.20109 91.0212 1.5
      vertex 7.92033 90.4342 1.5
      vertex 9.09807 91.1912 1.5
    endloop
  endfacet
  facet normal -0 0 -1
    outer loop
      vertex 9.09807 91.1912 1.5
      vertex 7.92033 90.4342 1.5
      vertex 8.98438 91.3541 1.5
    endloop
  endfacet
  facet normal 0 0 -1
    outer loop
      vertex 9.59363 89.3014 1.5
      vertex 8.18851 89.3026 1.5
      vertex 8.2 89.5 1.5
    endloop
  endfacet
  facet normal 0 0 -1
    outer loop
      vertex 9.54283 88.9074 1.5
      vertex 8.15418 89.108 1.5
      vertex 8.18851 89.3026 1.5
    endloop
  endfacet
  facet normal 0 0 -1
    outer loop
      vertex 7.35 88.0278 1.5
      vertex 8.27356 86.9575 1.5
      vertex 8.10702 86.8491 1.5
    endloop
  endfacet
  facet normal 0 0 -1
    outer loop
      vertex 9.44207 88.5232 1.5
      vertex 8.09748 88.9186 1.5
      vertex 8.15418 89.108 1.5
    endloop
  endfacet
  facet normal 0 0 -1
    outer loop
      vertex 9.37344 88.3367 1.5
      vertex 8.01917 88.737 1.5
      vertex 8.09748 88.9186 1.5
    endloop
  endfacet
  facet normal 0 0 -1
    outer loop
      vertex 7.35 88.0278 1.5
      vertex 8.10702 86.8491 1.5
      vertex 7.93387 86.7515 1.5
    endloop
  endfacet
  facet normal 0 0 -1
    outer loop
      vertex 9.20109 87.9788 1.5
      vertex 7.92033 88.5658 1.5
      vertex 8.01917 88.737 1.5
    endloop
  endfacet
  facet normal 0 0 -1
    outer loop
      vertex 8.98438 87.6459 1.5
      vertex 7.80227 88.4073 1.5
      vertex 7.92033 88.5658 1.5
    endloop
  endfacet
  facet normal 0 0 -1
    outer loop
      vertex 7.17334 87.939 1.5
      vertex 7.93387 86.7515 1.5
      vertex 7.75483 86.6653 1.5
    endloop
  endfacet
  facet normal 0 0 -1
    outer loop
      vertex 8.72688 87.3434 1.5
      vertex 7.66661 88.2635 1.5
      vertex 7.80227 88.4073 1.5
    endloop
  endfacet
  facet normal 0 0 -1
    outer loop
      vertex 7.17334 87.939 1.5
      vertex 7.75483 86.6653 1.5
      vertex 7.57063 86.5908 1.5
    endloop
  endfacet
  facet normal 0 0 -1
    outer loop
      vertex 8.43282 87.0763 1.5
      vertex 7.51517 88.1364 1.5
      vertex 7.66661 88.2635 1.5
    endloop
  endfacet
  facet normal 0 0 -1
    outer loop
      vertex 6.98757 87.8714 1.5
      vertex 7.57063 86.5908 1.5
      vertex 7.38204 86.5281 1.5
    endloop
  endfacet
  facet normal 0 0 -1
    outer loop
      vertex 8.27356 86.9575 1.5
      vertex 7.35 88.0278 1.5
      vertex 7.51517 88.1364 1.5
    endloop
  endfacet
  facet normal 0 0 -1
    outer loop
      vertex 6.98757 87.8714 1.5
      vertex 7.38204 86.5281 1.5
      vertex 7.18981 86.4777 1.5
    endloop
  endfacet
  facet normal 0 0 -1
    outer loop
      vertex 7.93387 86.7515 1.5
      vertex 7.17334 87.939 1.5
      vertex 7.35 88.0278 1.5
    endloop
  endfacet
  facet normal 0 0 -1
    outer loop
      vertex 6.7952 87.8258 1.5
      vertex 7.18981 86.4777 1.5
      vertex 6.99476 86.4397 1.5
    endloop
  endfacet
  facet normal 0 0 -1
    outer loop
      vertex 7.57063 86.5908 1.5
      vertex 6.98757 87.8714 1.5
      vertex 7.17334 87.939 1.5
    endloop
  endfacet
  facet normal 0 0 -1
    outer loop
      vertex 6.7952 87.8258 1.5
      vertex 6.99476 86.4397 1.5
      vertex 6.79767 86.4143 1.5
    endloop
  endfacet
  facet normal 0 0 -1
    outer loop
      vertex 7.18981 86.4777 1.5
      vertex 6.7952 87.8258 1.5
      vertex 6.98757 87.8714 1.5
    endloop
  endfacet
  facet normal 0 0 -1
    outer loop
      vertex 6.59885 87.8029 1.5
      vertex 6.79767 86.4143 1.5
      vertex 6.59936 86.4016 1.5
    endloop
  endfacet
  facet normal 0 0 -1
    outer loop
      vertex 6.79767 86.4143 1.5
      vertex 6.59885 87.8029 1.5
      vertex 6.7952 87.8258 1.5
    endloop
  endfacet
  facet normal 0 0 -1
    outer loop
      vertex 6.59936 86.4016 1.5
      vertex 6.40115 87.8029 1.5
      vertex 6.59885 87.8029 1.5
    endloop
  endfacet
  facet normal 0 0 -1
    outer loop
      vertex 6.40064 86.4016 1.5
      vertex 6.40115 87.8029 1.5
      vertex 6.59936 86.4016 1.5
    endloop
  endfacet
  facet normal 0 0 -1
    outer loop
      vertex 6.20233 86.4143 1.5
      vertex 6.40115 87.8029 1.5
      vertex 6.40064 86.4016 1.5
    endloop
  endfacet
  facet normal -0 0 -1
    outer loop
      vertex 6.40115 87.8029 1.5
      vertex 6.20233 86.4143 1.5
      vertex 6.2048 87.8258 1.5
    endloop
  endfacet
  facet normal 0 0 -1
    outer loop
      vertex 6.00524 86.4397 1.5
      vertex 6.2048 87.8258 1.5
      vertex 6.20233 86.4143 1.5
    endloop
  endfacet
  facet normal 0 0 -1
    outer loop
      vertex 5.81019 86.4777 1.5
      vertex 6.2048 87.8258 1.5
      vertex 6.00524 86.4397 1.5
    endloop
  endfacet
  facet normal -0 0 -1
    outer loop
      vertex 6.2048 87.8258 1.5
      vertex 5.81019 86.4777 1.5
      vertex 6.01243 87.8714 1.5
    endloop
  endfacet
  facet normal 0 0 -1
    outer loop
      vertex 5.61796 86.5281 1.5
      vertex 6.01243 87.8714 1.5
      vertex 5.81019 86.4777 1.5
    endloop
  endfacet
  facet normal 0 0 -1
    outer loop
      vertex 5.42937 86.5908 1.5
      vertex 6.01243 87.8714 1.5
      vertex 5.61796 86.5281 1.5
    endloop
  endfacet
  facet normal -0 0 -1
    outer loop
      vertex 6.01243 87.8714 1.5
      vertex 5.42937 86.5908 1.5
      vertex 5.82666 87.939 1.5
    endloop
  endfacet
  facet normal 0 0 -1
    outer loop
      vertex 5.24517 86.6653 1.5
      vertex 5.82666 87.939 1.5
      vertex 5.42937 86.5908 1.5
    endloop
  endfacet
  facet normal 0 0 -1
    outer loop
      vertex 5.06613 86.7515 1.5
      vertex 5.82666 87.939 1.5
      vertex 5.24517 86.6653 1.5
    endloop
  endfacet
  facet normal -0 0 -1
    outer loop
      vertex 5.82666 87.939 1.5
      vertex 5.06613 86.7515 1.5
      vertex 5.65 88.0278 1.5
    endloop
  endfacet
  facet normal 0 0 -1
    outer loop
      vertex 4.89298 86.8491 1.5
      vertex 5.65 88.0278 1.5
      vertex 5.06613 86.7515 1.5
    endloop
  endfacet
  facet normal 0 0 -1
    outer loop
      vertex 4.72644 86.9575 1.5
      vertex 5.65 88.0278 1.5
      vertex 4.89298 86.8491 1.5
    endloop
  endfacet
  facet normal -0 0 -1
    outer loop
      vertex 5.65 88.0278 1.5
      vertex 4.72644 86.9575 1.5
      vertex 5.48483 88.1364 1.5
    endloop
  endfacet
  facet normal 0 0 -1
    outer loop
      vertex 4.56718 87.0763 1.5
      vertex 5.48483 88.1364 1.5
      vertex 4.72644 86.9575 1.5
    endloop
  endfacet
  facet normal -0 0 -1
    outer loop
      vertex 5.48483 88.1364 1.5
      vertex 4.56718 87.0763 1.5
      vertex 5.33339 88.2635 1.5
    endloop
  endfacet
  facet normal 0 0 -1
    outer loop
      vertex 4.41587 87.2051 1.5
      vertex 5.33339 88.2635 1.5
      vertex 4.56718 87.0763 1.5
    endloop
  endfacet
  facet normal 0 0 -1
    outer loop
      vertex 4.27312 87.3434 1.5
      vertex 5.33339 88.2635 1.5
      vertex 4.41587 87.2051 1.5
    endloop
  endfacet
  facet normal -0 0 -1
    outer loop
      vertex 5.33339 88.2635 1.5
      vertex 4.27312 87.3434 1.5
      vertex 5.19773 88.4073 1.5
    endloop
  endfacet
  facet normal 0 0 -1
    outer loop
      vertex 4.13952 87.4905 1.5
      vertex 5.19773 88.4073 1.5
      vertex 4.27312 87.3434 1.5
    endloop
  endfacet
  facet normal 0 0 -1
    outer loop
      vertex 4.01562 87.6459 1.5
      vertex 5.19773 88.4073 1.5
      vertex 4.13952 87.4905 1.5
    endloop
  endfacet
  facet normal -0 0 -1
    outer loop
      vertex 5.19773 88.4073 1.5
      vertex 4.01562 87.6459 1.5
      vertex 5.07967 88.5658 1.5
    endloop
  endfacet
  facet normal 0 0 -1
    outer loop
      vertex 7.80227 90.5927 1.5
      vertex 8.98438 91.3541 1.5
      vertex 7.92033 90.4342 1.5
    endloop
  endfacet
  facet normal -0 0 -1
    outer loop
      vertex 8.98438 91.3541 1.5
      vertex 7.80227 90.5927 1.5
      vertex 8.86048 91.5095 1.5
    endloop
  endfacet
  facet normal -0 0 -1
    outer loop
      vertex 8.86048 91.5095 1.5
      vertex 7.80227 90.5927 1.5
      vertex 8.72688 91.6566 1.5
    endloop
  endfacet
  facet normal 0 0 -1
    outer loop
      vertex 7.66661 90.7365 1.5
      vertex 8.72688 91.6566 1.5
      vertex 7.80227 90.5927 1.5
    endloop
  endfacet
  facet normal -0 0 -1
    outer loop
      vertex 8.72688 91.6566 1.5
      vertex 7.66661 90.7365 1.5
      vertex 8.58413 91.7949 1.5
    endloop
  endfacet
  facet normal -0 0 -1
    outer loop
      vertex 8.58413 91.7949 1.5
      vertex 7.66661 90.7365 1.5
      vertex 8.43282 91.9237 1.5
    endloop
  endfacet
  facet normal 0 0 -1
    outer loop
      vertex 7.51517 90.8636 1.5
      vertex 8.43282 91.9237 1.5
      vertex 7.66661 90.7365 1.5
    endloop
  endfacet
  facet normal -0 0 -1
    outer loop
      vertex 8.43282 91.9237 1.5
      vertex 7.51517 90.8636 1.5
      vertex 8.27356 92.0425 1.5
    endloop
  endfacet
  facet normal 0 0 -1
    outer loop
      vertex 7.35 90.9722 1.5
      vertex 8.27356 92.0425 1.5
      vertex 7.51517 90.8636 1.5
    endloop
  endfacet
  facet normal -0 0 -1
    outer loop
      vertex 8.27356 92.0425 1.5
      vertex 7.35 90.9722 1.5
      vertex 8.10702 92.1509 1.5
    endloop
  endfacet
  facet normal -0 0 -1
    outer loop
      vertex 8.10702 92.1509 1.5
      vertex 7.35 90.9722 1.5
      vertex 7.93387 92.2485 1.5
    endloop
  endfacet
  facet normal 0 0 -1
    outer loop
      vertex 7.17334 91.061 1.5
      vertex 7.93387 92.2485 1.5
      vertex 7.35 90.9722 1.5
    endloop
  endfacet
  facet normal -0 0 -1
    outer loop
      vertex 7.93387 92.2485 1.5
      vertex 7.17334 91.061 1.5
      vertex 7.75483 92.3347 1.5
    endloop
  endfacet
  facet normal -0 0 -1
    outer loop
      vertex 7.75483 92.3347 1.5
      vertex 7.17334 91.061 1.5
      vertex 7.57063 92.4092 1.5
    endloop
  endfacet
  facet normal 0 0 -1
    outer loop
      vertex 6.98757 91.1286 1.5
      vertex 7.57063 92.4092 1.5
      vertex 7.17334 91.061 1.5
    endloop
  endfacet
  facet normal -0 0 -1
    outer loop
      vertex 7.57063 92.4092 1.5
      vertex 6.98757 91.1286 1.5
      vertex 7.38204 92.4719 1.5
    endloop
  endfacet
  facet normal -0 0 -1
    outer loop
      vertex 7.38204 92.4719 1.5
      vertex 6.98757 91.1286 1.5
      vertex 7.18981 92.5223 1.5
    endloop
  endfacet
  facet normal 0 0 -1
    outer loop
      vertex 6.7952 91.1742 1.5
      vertex 7.18981 92.5223 1.5
      vertex 6.98757 91.1286 1.5
    endloop
  endfacet
  facet normal -0 0 -1
    outer loop
      vertex 7.18981 92.5223 1.5
      vertex 6.7952 91.1742 1.5
      vertex 6.99476 92.5603 1.5
    endloop
  endfacet
  facet normal -0 0 -1
    outer loop
      vertex 6.99476 92.5603 1.5
      vertex 6.7952 91.1742 1.5
      vertex 6.79767 92.5857 1.5
    endloop
  endfacet
  facet normal 0 0 -1
    outer loop
      vertex 6.59885 91.1971 1.5
      vertex 6.79767 92.5857 1.5
      vertex 6.7952 91.1742 1.5
    endloop
  endfacet
  facet normal -0 0 -1
    outer loop
      vertex 6.79767 92.5857 1.5
      vertex 6.59885 91.1971 1.5
      vertex 6.59936 92.5984 1.5
    endloop
  endfacet
  facet normal 0 0 -1
    outer loop
      vertex 6.40115 91.1971 1.5
      vertex 6.59936 92.5984 1.5
      vertex 6.59885 91.1971 1.5
    endloop
  endfacet
  facet normal 0 0 -1
    outer loop
      vertex 6.40115 91.1971 1.5
      vertex 6.40064 92.5984 1.5
      vertex 6.59936 92.5984 1.5
    endloop
  endfacet
  facet normal 0 0 -1
    outer loop
      vertex 6.20233 92.5857 1.5
      vertex 6.40115 91.1971 1.5
      vertex 6.2048 91.1742 1.5
    endloop
  endfacet
  facet normal 0 0 -1
    outer loop
      vertex 6.40115 91.1971 1.5
      vertex 6.20233 92.5857 1.5
      vertex 6.40064 92.5984 1.5
    endloop
  endfacet
  facet normal 0 0 -1
    outer loop
      vertex 5.81019 92.5223 1.5
      vertex 6.2048 91.1742 1.5
      vertex 6.01243 91.1286 1.5
    endloop
  endfacet
  facet normal 0 0 -1
    outer loop
      vertex 6.2048 91.1742 1.5
      vertex 6.00524 92.5603 1.5
      vertex 6.20233 92.5857 1.5
    endloop
  endfacet
  facet normal 0 0 -1
    outer loop
      vertex 5.42937 92.4092 1.5
      vertex 6.01243 91.1286 1.5
      vertex 5.82666 91.061 1.5
    endloop
  endfacet
  facet normal 0 0 -1
    outer loop
      vertex 6.2048 91.1742 1.5
      vertex 5.81019 92.5223 1.5
      vertex 6.00524 92.5603 1.5
    endloop
  endfacet
  facet normal 0 0 -1
    outer loop
      vertex 5.06613 92.2485 1.5
      vertex 5.82666 91.061 1.5
      vertex 5.65 90.9722 1.5
    endloop
  endfacet
  facet normal 0 0 -1
    outer loop
      vertex 6.01243 91.1286 1.5
      vertex 5.61796 92.4719 1.5
      vertex 5.81019 92.5223 1.5
    endloop
  endfacet
  facet normal 0 0 -1
    outer loop
      vertex 4.72644 92.0425 1.5
      vertex 5.65 90.9722 1.5
      vertex 5.48483 90.8636 1.5
    endloop
  endfacet
  facet normal 0 0 -1
    outer loop
      vertex 6.01243 91.1286 1.5
      vertex 5.42937 92.4092 1.5
      vertex 5.61796 92.4719 1.5
    endloop
  endfacet
  facet normal 0 0 -1
    outer loop
      vertex 4.56718 91.9237 1.5
      vertex 5.48483 90.8636 1.5
      vertex 5.33339 90.7365 1.5
    endloop
  endfacet
  facet normal 0 0 -1
    outer loop
      vertex 5.82666 91.061 1.5
      vertex 5.24517 92.3347 1.5
      vertex 5.42937 92.4092 1.5
    endloop
  endfacet
  facet normal 0 0 -1
    outer loop
      vertex 4.27312 91.6566 1.5
      vertex 5.33339 90.7365 1.5
      vertex 5.19773 90.5927 1.5
    endloop
  endfacet
  facet normal 0 0 -1
    outer loop
      vertex 4.01562 91.3541 1.5
      vertex 5.19773 90.5927 1.5
      vertex 5.07967 90.4342 1.5
    endloop
  endfacet
  facet normal 0 0 -1
    outer loop
      vertex 5.82666 91.061 1.5
      vertex 5.06613 92.2485 1.5
      vertex 5.24517 92.3347 1.5
    endloop
  endfacet
  facet normal 0 0 -1
    outer loop
      vertex 3.79891 91.0212 1.5
      vertex 5.07967 90.4342 1.5
      vertex 4.98083 90.263 1.5
    endloop
  endfacet
  facet normal 0 0 -1
    outer loop
      vertex 3.62656 90.6633 1.5
      vertex 4.98083 90.263 1.5
      vertex 4.90252 90.0814 1.5
    endloop
  endfacet
  facet normal 0 0 -1
    outer loop
      vertex 5.65 90.9722 1.5
      vertex 4.89298 92.1509 1.5
      vertex 5.06613 92.2485 1.5
    endloop
  endfacet
  facet normal 0 0 -1
    outer loop
      vertex 3.55793 90.4768 1.5
      vertex 4.90252 90.0814 1.5
      vertex 4.84582 89.892 1.5
    endloop
  endfacet
  facet normal 0 0 -1
    outer loop
      vertex 3.45717 90.0926 1.5
      vertex 4.84582 89.892 1.5
      vertex 4.81149 89.6974 1.5
    endloop
  endfacet
  facet normal 0 0 -1
    outer loop
      vertex 3.40637 89.6986 1.5
      vertex 4.81149 89.6974 1.5
      vertex 4.8 89.5 1.5
    endloop
  endfacet
  facet normal 0 0 -1
    outer loop
      vertex 5.65 90.9722 1.5
      vertex 4.72644 92.0425 1.5
      vertex 4.89298 92.1509 1.5
    endloop
  endfacet
  facet normal 0 0 -1
    outer loop
      vertex 3.90193 87.8088 1.5
      vertex 5.07967 88.5658 1.5
      vertex 4.01562 87.6459 1.5
    endloop
  endfacet
  facet normal 0 0 -1
    outer loop
      vertex 3.79891 87.9788 1.5
      vertex 5.07967 88.5658 1.5
      vertex 3.90193 87.8088 1.5
    endloop
  endfacet
  facet normal 0 0 -1
    outer loop
      vertex 5.48483 90.8636 1.5
      vertex 4.56718 91.9237 1.5
      vertex 4.72644 92.0425 1.5
    endloop
  endfacet
  facet normal -0 0 -1
    outer loop
      vertex 5.07967 88.5658 1.5
      vertex 3.79891 87.9788 1.5
      vertex 4.98083 88.737 1.5
    endloop
  endfacet
  facet normal 0 0 -1
    outer loop
      vertex 5.33339 90.7365 1.5
      vertex 4.41587 91.7949 1.5
      vertex 4.56718 91.9237 1.5
    endloop
  endfacet
  facet normal 0 0 -1
    outer loop
      vertex 3.707 88.155 1.5
      vertex 4.98083 88.737 1.5
      vertex 3.79891 87.9788 1.5
    endloop
  endfacet
  facet normal 0 0 -1
    outer loop
      vertex 5.33339 90.7365 1.5
      vertex 4.27312 91.6566 1.5
      vertex 4.41587 91.7949 1.5
    endloop
  endfacet
  facet normal 0 0 -1
    outer loop
      vertex 3.62656 88.3367 1.5
      vertex 4.98083 88.737 1.5
      vertex 3.707 88.155 1.5
    endloop
  endfacet
  facet normal 0 0 -1
    outer loop
      vertex 5.19773 90.5927 1.5
      vertex 4.13952 91.5095 1.5
      vertex 4.27312 91.6566 1.5
    endloop
  endfacet
  facet normal -0 0 -1
    outer loop
      vertex 4.98083 88.737 1.5
      vertex 3.62656 88.3367 1.5
      vertex 4.90252 88.9186 1.5
    endloop
  endfacet
  facet normal 0 0 -1
    outer loop
      vertex 5.19773 90.5927 1.5
      vertex 4.01562 91.3541 1.5
      vertex 4.13952 91.5095 1.5
    endloop
  endfacet
  facet normal 0 0 -1
    outer loop
      vertex 3.55793 88.5232 1.5
      vertex 4.90252 88.9186 1.5
      vertex 3.62656 88.3367 1.5
    endloop
  endfacet
  facet normal 0 0 -1
    outer loop
      vertex 5.07967 90.4342 1.5
      vertex 3.90193 91.1912 1.5
      vertex 4.01562 91.3541 1.5
    endloop
  endfacet
  facet normal -0 0 -1
    outer loop
      vertex 4.90252 88.9186 1.5
      vertex 3.55793 88.5232 1.5
      vertex 4.84582 89.108 1.5
    endloop
  endfacet
  facet normal 0 0 -1
    outer loop
      vertex 5.07967 90.4342 1.5
      vertex 3.79891 91.0212 1.5
      vertex 3.90193 91.1912 1.5
    endloop
  endfacet
  facet normal 0 0 -1
    outer loop
      vertex 3.50139 88.7137 1.5
      vertex 4.84582 89.108 1.5
      vertex 3.55793 88.5232 1.5
    endloop
  endfacet
  facet normal 0 0 -1
    outer loop
      vertex 4.98083 90.263 1.5
      vertex 3.707 90.845 1.5
      vertex 3.79891 91.0212 1.5
    endloop
  endfacet
  facet normal 0 0 -1
    outer loop
      vertex 3.45717 88.9074 1.5
      vertex 4.84582 89.108 1.5
      vertex 3.50139 88.7137 1.5
    endloop
  endfacet
  facet normal 0 0 -1
    outer loop
      vertex 4.98083 90.263 1.5
      vertex 3.62656 90.6633 1.5
      vertex 3.707 90.845 1.5
    endloop
  endfacet
  facet normal -0 0 -1
    outer loop
      vertex 4.84582 89.108 1.5
      vertex 3.45717 88.9074 1.5
      vertex 4.81149 89.3026 1.5
    endloop
  endfacet
  facet normal 0 0 -1
    outer loop
      vertex 4.90252 90.0814 1.5
      vertex 3.55793 90.4768 1.5
      vertex 3.62656 90.6633 1.5
    endloop
  endfacet
  facet normal 0 0 -1
    outer loop
      vertex 3.42545 89.1036 1.5
      vertex 4.81149 89.3026 1.5
      vertex 3.45717 88.9074 1.5
    endloop
  endfacet
  facet normal 0 0 -1
    outer loop
      vertex 4.84582 89.892 1.5
      vertex 3.50139 90.2863 1.5
      vertex 3.55793 90.4768 1.5
    endloop
  endfacet
  facet normal 0 0 -1
    outer loop
      vertex 3.40637 89.3014 1.5
      vertex 4.81149 89.3026 1.5
      vertex 3.42545 89.1036 1.5
    endloop
  endfacet
  facet normal 0 0 -1
    outer loop
      vertex 4.84582 89.892 1.5
      vertex 3.45717 90.0926 1.5
      vertex 3.50139 90.2863 1.5
    endloop
  endfacet
  facet normal -0 0 -1
    outer loop
      vertex 4.81149 89.3026 1.5
      vertex 3.40637 89.3014 1.5
      vertex 4.8 89.5 1.5
    endloop
  endfacet
  facet normal 0 0 -1
    outer loop
      vertex 4.81149 89.6974 1.5
      vertex 3.42545 89.8964 1.5
      vertex 3.45717 90.0926 1.5
    endloop
  endfacet
  facet normal 0 0 -1
    outer loop
      vertex 3.4 89.5 1.5
      vertex 4.8 89.5 1.5
      vertex 3.40637 89.3014 1.5
    endloop
  endfacet
  facet normal 0 0 -1
    outer loop
      vertex 4.81149 89.6974 1.5
      vertex 3.40637 89.6986 1.5
      vertex 3.42545 89.8964 1.5
    endloop
  endfacet
  facet normal 0 0 -1
    outer loop
      vertex 4.8 89.5 1.5
      vertex 3.4 89.5 1.5
      vertex 3.40637 89.6986 1.5
    endloop
  endfacet
  facet normal 0.0639102 -0.997956 0
    outer loop
      vertex 6.20233 92.5857 9.53674e-07
      vertex 6.40064 92.5984 1.5
      vertex 6.20233 92.5857 1.5
    endloop
  endfacet
  facet normal 0.0639102 -0.997956 0
    outer loop
      vertex 6.40064 92.5984 1.5
      vertex 6.20233 92.5857 9.53674e-07
      vertex 6.40064 92.5984 9.53674e-07
    endloop
  endfacet
  facet normal 0.695824 -0.718213 0
    outer loop
      vertex 4.27312 91.6566 9.53674e-07
      vertex 4.41587 91.7949 1.5
      vertex 4.27312 91.6566 1.5
    endloop
  endfacet
  facet normal 0.695824 -0.718213 0
    outer loop
      vertex 4.41587 91.7949 1.5
      vertex 4.27312 91.6566 9.53674e-07
      vertex 4.41587 91.7949 9.53674e-07
    endloop
  endfacet
  facet normal 0.648193 -0.761476 0
    outer loop
      vertex 4.41587 91.7949 9.53674e-07
      vertex 4.56718 91.9237 1.5
      vertex 4.41587 91.7949 1.5
    endloop
  endfacet
  facet normal 0.648193 -0.761476 0
    outer loop
      vertex 4.56718 91.9237 1.5
      vertex 4.41587 91.7949 9.53674e-07
      vertex 4.56718 91.9237 9.53674e-07
    endloop
  endfacet
  facet normal -0.984807 0.173653 0
    outer loop
      vertex 8.15418 6.10795 1.5
      vertex 8.18851 6.30264 3
      vertex 8.18851 6.30264 1.5
    endloop
  endfacet
  facet normal -0.984807 0.173653 0
    outer loop
      vertex 8.18851 6.30264 3
      vertex 8.15418 6.10795 1.5
      vertex 8.15418 6.10795 3
    endloop
  endfacet
  facet normal -0.99831 0.0581201 0
    outer loop
      vertex 8.18851 6.30264 1.5
      vertex 8.2 6.5 3
      vertex 8.2 6.5 1.5
    endloop
  endfacet
  facet normal -0.99831 0.0581201 0
    outer loop
      vertex 8.2 6.5 3
      vertex 8.18851 6.30264 1.5
      vertex 8.18851 6.30264 3
    endloop
  endfacet
  facet normal -0.549495 -0.835497 0
    outer loop
      vertex 7.35 7.97224 1.5
      vertex 7.51517 7.86361 3
      vertex 7.35 7.97224 3
    endloop
  endfacet
  facet normal -0.549495 -0.835497 -0
    outer loop
      vertex 7.51517 7.86361 3
      vertex 7.35 7.97224 1.5
      vertex 7.51517 7.86361 1.5
    endloop
  endfacet
  facet normal -0.957985 -0.286819 0
    outer loop
      vertex 8.15418 6.89205 1.5
      vertex 8.09748 7.08143 3
      vertex 8.09748 7.08143 1.5
    endloop
  endfacet
  facet normal -0.957985 -0.286819 0
    outer loop
      vertex 8.09748 7.08143 3
      vertex 8.15418 6.89205 1.5
      vertex 8.15418 6.89205 3
    endloop
  endfacet
  facet normal 0.727395 -0.686219 0
    outer loop
      vertex 5.19773 7.59274 3
      vertex 5.33339 7.73654 1.5
      vertex 5.33339 7.73654 3
    endloop
  endfacet
  facet normal 0.727395 -0.686219 0
    outer loop
      vertex 5.33339 7.73654 1.5
      vertex 5.19773 7.59274 3
      vertex 5.19773 7.59274 1.5
    endloop
  endfacet
  facet normal -0.984807 -0.173653 0
    outer loop
      vertex 8.18851 6.69736 1.5
      vertex 8.15418 6.89205 3
      vertex 8.15418 6.89205 1.5
    endloop
  endfacet
  facet normal -0.984807 -0.173653 0
    outer loop
      vertex 8.15418 6.89205 3
      vertex 8.18851 6.69736 1.5
      vertex 8.18851 6.69736 3
    endloop
  endfacet
  facet normal -0.99831 -0.0581201 0
    outer loop
      vertex 8.2 6.5 1.5
      vertex 8.18851 6.69736 3
      vertex 8.18851 6.69736 1.5
    endloop
  endfacet
  facet normal -0.99831 -0.0581201 0
    outer loop
      vertex 8.18851 6.69736 3
      vertex 8.2 6.5 1.5
      vertex 8.2 6.5 3
    endloop
  endfacet
  facet normal -0.642778 0.766053 0
    outer loop
      vertex 7.66661 5.26346 1.5
      vertex 7.51517 5.13639 3
      vertex 7.66661 5.26346 3
    endloop
  endfacet
  facet normal -0.642778 0.766053 0
    outer loop
      vertex 7.51517 5.13639 3
      vertex 7.66661 5.26346 1.5
      vertex 7.51517 5.13639 1.5
    endloop
  endfacet
  facet normal -0.727395 0.686219 0
    outer loop
      vertex 7.66661 5.26346 1.5
      vertex 7.80227 5.40726 3
      vertex 7.80227 5.40726 1.5
    endloop
  endfacet
  facet normal -0.727395 0.686219 0
    outer loop
      vertex 7.80227 5.40726 3
      vertex 7.66661 5.26346 1.5
      vertex 7.66661 5.26346 3
    endloop
  endfacet
  facet normal 0 1 -0
    outer loop
      vertex 6.59885 4.80288 1.5
      vertex 6.40115 4.80288 3
      vertex 6.59885 4.80288 3
    endloop
  endfacet
  facet normal 0 1 0
    outer loop
      vertex 6.40115 4.80288 3
      vertex 6.59885 4.80288 1.5
      vertex 6.40115 4.80288 1.5
    endloop
  endfacet
  facet normal 0.642778 0.766053 -0
    outer loop
      vertex 5.48483 5.13639 1.5
      vertex 5.33339 5.26346 3
      vertex 5.48483 5.13639 3
    endloop
  endfacet
  facet normal 0.642778 0.766053 0
    outer loop
      vertex 5.33339 5.26346 3
      vertex 5.48483 5.13639 1.5
      vertex 5.33339 5.26346 1.5
    endloop
  endfacet
  facet normal 0.230604 -0.973048 0
    outer loop
      vertex 6.01243 8.12858 1.5
      vertex 6.2048 8.17417 3
      vertex 6.01243 8.12858 3
    endloop
  endfacet
  facet normal 0.230604 -0.973048 0
    outer loop
      vertex 6.2048 8.17417 3
      vertex 6.01243 8.12858 1.5
      vertex 6.2048 8.17417 1.5
    endloop
  endfacet
  facet normal 0.230604 0.973048 -0
    outer loop
      vertex 6.2048 4.82583 1.5
      vertex 6.01243 4.87142 3
      vertex 6.2048 4.82583 3
    endloop
  endfacet
  facet normal 0.230604 0.973048 0
    outer loop
      vertex 6.01243 4.87142 3
      vertex 6.2048 4.82583 1.5
      vertex 6.01243 4.87142 1.5
    endloop
  endfacet
  facet normal -0.116093 -0.993238 0
    outer loop
      vertex 6.59885 8.19712 1.5
      vertex 6.7952 8.17417 3
      vertex 6.59885 8.19712 3
    endloop
  endfacet
  facet normal -0.116093 -0.993238 -0
    outer loop
      vertex 6.7952 8.17417 3
      vertex 6.59885 8.19712 1.5
      vertex 6.7952 8.17417 1.5
    endloop
  endfacet
  facet normal -0.549495 0.835497 0
    outer loop
      vertex 7.51517 5.13639 1.5
      vertex 7.35 5.02776 3
      vertex 7.51517 5.13639 3
    endloop
  endfacet
  facet normal -0.549495 0.835497 0
    outer loop
      vertex 7.35 5.02776 3
      vertex 7.51517 5.13639 1.5
      vertex 7.35 5.02776 1.5
    endloop
  endfacet
  facet normal -0.642778 -0.766053 0
    outer loop
      vertex 7.51517 7.86361 1.5
      vertex 7.66661 7.73654 3
      vertex 7.51517 7.86361 3
    endloop
  endfacet
  facet normal -0.642778 -0.766053 -0
    outer loop
      vertex 7.66661 7.73654 3
      vertex 7.51517 7.86361 1.5
      vertex 7.66661 7.73654 1.5
    endloop
  endfacet
  facet normal -0.866043 0.499969 0
    outer loop
      vertex 7.92033 5.56583 1.5
      vertex 8.01917 5.73704 3
      vertex 8.01917 5.73704 1.5
    endloop
  endfacet
  facet normal -0.866043 0.499969 0
    outer loop
      vertex 8.01917 5.73704 3
      vertex 7.92033 5.56583 1.5
      vertex 7.92033 5.56583 3
    endloop
  endfacet
  facet normal 0.341999 -0.9397 0
    outer loop
      vertex 5.82666 8.06097 1.5
      vertex 6.01243 8.12858 3
      vertex 5.82666 8.06097 3
    endloop
  endfacet
  facet normal 0.341999 -0.9397 0
    outer loop
      vertex 6.01243 8.12858 3
      vertex 5.82666 8.06097 1.5
      vertex 6.01243 8.12858 1.5
    endloop
  endfacet
  facet normal 0.116093 -0.993238 0
    outer loop
      vertex 6.2048 8.17417 1.5
      vertex 6.40115 8.19712 3
      vertex 6.2048 8.17417 3
    endloop
  endfacet
  facet normal 0.116093 -0.993238 0
    outer loop
      vertex 6.40115 8.19712 3
      vertex 6.2048 8.17417 1.5
      vertex 6.40115 8.19712 1.5
    endloop
  endfacet
  facet normal 0.866043 -0.499969 0
    outer loop
      vertex 4.98083 7.26296 3
      vertex 5.07967 7.43417 1.5
      vertex 5.07967 7.43417 3
    endloop
  endfacet
  facet normal 0.866043 -0.499969 0
    outer loop
      vertex 5.07967 7.43417 1.5
      vertex 4.98083 7.26296 3
      vertex 4.98083 7.26296 1.5
    endloop
  endfacet
  facet normal -0.341999 -0.9397 0
    outer loop
      vertex 6.98757 8.12858 1.5
      vertex 7.17334 8.06097 3
      vertex 6.98757 8.12858 3
    endloop
  endfacet
  facet normal -0.341999 -0.9397 -0
    outer loop
      vertex 7.17334 8.06097 3
      vertex 6.98757 8.12858 1.5
      vertex 7.17334 8.06097 1.5
    endloop
  endfacet
  facet normal 0.549495 0.835497 -0
    outer loop
      vertex 5.65 5.02776 1.5
      vertex 5.48483 5.13639 3
      vertex 5.65 5.02776 3
    endloop
  endfacet
  facet normal 0.549495 0.835497 0
    outer loop
      vertex 5.48483 5.13639 3
      vertex 5.65 5.02776 1.5
      vertex 5.48483 5.13639 1.5
    endloop
  endfacet
  facet normal 0.99831 0.0581201 0
    outer loop
      vertex 4.81149 6.30264 3
      vertex 4.8 6.5 1.5
      vertex 4.8 6.5 3
    endloop
  endfacet
  facet normal 0.99831 0.0581201 0
    outer loop
      vertex 4.8 6.5 1.5
      vertex 4.81149 6.30264 3
      vertex 4.81149 6.30264 1.5
    endloop
  endfacet
  facet normal 0.802101 0.597188 0
    outer loop
      vertex 5.19773 5.40726 3
      vertex 5.07967 5.56583 1.5
      vertex 5.07967 5.56583 3
    endloop
  endfacet
  facet normal 0.802101 0.597188 0
    outer loop
      vertex 5.07967 5.56583 1.5
      vertex 5.19773 5.40726 3
      vertex 5.19773 5.40726 1.5
    endloop
  endfacet
  facet normal -0.448832 0.893616 0
    outer loop
      vertex 7.35 5.02776 1.5
      vertex 7.17334 4.93903 3
      vertex 7.35 5.02776 3
    endloop
  endfacet
  facet normal -0.448832 0.893616 0
    outer loop
      vertex 7.17334 4.93903 3
      vertex 7.35 5.02776 1.5
      vertex 7.17334 4.93903 1.5
    endloop
  endfacet
  facet normal 0.448832 0.893616 -0
    outer loop
      vertex 5.82666 4.93903 1.5
      vertex 5.65 5.02776 3
      vertex 5.82666 4.93903 3
    endloop
  endfacet
  facet normal 0.448832 0.893616 0
    outer loop
      vertex 5.65 5.02776 3
      vertex 5.82666 4.93903 1.5
      vertex 5.65 5.02776 1.5
    endloop
  endfacet
  facet normal 0.918206 -0.396104 0
    outer loop
      vertex 4.90252 7.08143 3
      vertex 4.98083 7.26296 1.5
      vertex 4.98083 7.26296 3
    endloop
  endfacet
  facet normal 0.918206 -0.396104 0
    outer loop
      vertex 4.98083 7.26296 1.5
      vertex 4.90252 7.08143 3
      vertex 4.90252 7.08143 1.5
    endloop
  endfacet
  facet normal 0.116093 0.993238 -0
    outer loop
      vertex 6.40115 4.80288 1.5
      vertex 6.2048 4.82583 3
      vertex 6.40115 4.80288 3
    endloop
  endfacet
  facet normal 0.116093 0.993238 0
    outer loop
      vertex 6.2048 4.82583 3
      vertex 6.40115 4.80288 1.5
      vertex 6.2048 4.82583 1.5
    endloop
  endfacet
  facet normal -0.866043 -0.499969 0
    outer loop
      vertex 8.01917 7.26296 1.5
      vertex 7.92033 7.43417 3
      vertex 7.92033 7.43417 1.5
    endloop
  endfacet
  facet normal -0.866043 -0.499969 0
    outer loop
      vertex 7.92033 7.43417 3
      vertex 8.01917 7.26296 1.5
      vertex 8.01917 7.26296 3
    endloop
  endfacet
  facet normal -0.448832 -0.893616 0
    outer loop
      vertex 7.17334 8.06097 1.5
      vertex 7.35 7.97224 3
      vertex 7.17334 8.06097 3
    endloop
  endfacet
  facet normal -0.448832 -0.893616 -0
    outer loop
      vertex 7.35 7.97224 3
      vertex 7.17334 8.06097 1.5
      vertex 7.35 7.97224 1.5
    endloop
  endfacet
  facet normal 0.341999 0.9397 -0
    outer loop
      vertex 6.01243 4.87142 1.5
      vertex 5.82666 4.93903 3
      vertex 6.01243 4.87142 3
    endloop
  endfacet
  facet normal 0.341999 0.9397 0
    outer loop
      vertex 5.82666 4.93903 3
      vertex 6.01243 4.87142 1.5
      vertex 5.82666 4.93903 1.5
    endloop
  endfacet
  facet normal -0.918206 0.396104 0
    outer loop
      vertex 8.01917 5.73704 1.5
      vertex 8.09748 5.91857 3
      vertex 8.09748 5.91857 1.5
    endloop
  endfacet
  facet normal -0.918206 0.396104 0
    outer loop
      vertex 8.09748 5.91857 3
      vertex 8.01917 5.73704 1.5
      vertex 8.01917 5.73704 3
    endloop
  endfacet
  facet normal -0.727395 -0.686219 0
    outer loop
      vertex 7.80227 7.59274 1.5
      vertex 7.66661 7.73654 3
      vertex 7.66661 7.73654 1.5
    endloop
  endfacet
  facet normal -0.727395 -0.686219 0
    outer loop
      vertex 7.66661 7.73654 3
      vertex 7.80227 7.59274 1.5
      vertex 7.80227 7.59274 3
    endloop
  endfacet
  facet normal 0 -1 0
    outer loop
      vertex 6.40115 8.19712 1.5
      vertex 6.59885 8.19712 3
      vertex 6.40115 8.19712 3
    endloop
  endfacet
  facet normal 0 -1 -0
    outer loop
      vertex 6.59885 8.19712 3
      vertex 6.40115 8.19712 1.5
      vertex 6.59885 8.19712 1.5
    endloop
  endfacet
  facet normal 0.984807 0.173653 0
    outer loop
      vertex 4.84582 6.10795 3
      vertex 4.81149 6.30264 1.5
      vertex 4.81149 6.30264 3
    endloop
  endfacet
  facet normal 0.984807 0.173653 0
    outer loop
      vertex 4.81149 6.30264 1.5
      vertex 4.84582 6.10795 3
      vertex 4.84582 6.10795 1.5
    endloop
  endfacet
  facet normal 0.727395 0.686219 0
    outer loop
      vertex 5.33339 5.26346 3
      vertex 5.19773 5.40726 1.5
      vertex 5.19773 5.40726 3
    endloop
  endfacet
  facet normal 0.727395 0.686219 0
    outer loop
      vertex 5.19773 5.40726 1.5
      vertex 5.33339 5.26346 3
      vertex 5.33339 5.26346 1.5
    endloop
  endfacet
  facet normal 0.802101 -0.597188 0
    outer loop
      vertex 5.07967 7.43417 3
      vertex 5.19773 7.59274 1.5
      vertex 5.19773 7.59274 3
    endloop
  endfacet
  facet normal 0.802101 -0.597188 0
    outer loop
      vertex 5.19773 7.59274 1.5
      vertex 5.07967 7.43417 3
      vertex 5.07967 7.43417 1.5
    endloop
  endfacet
  facet normal 0.99831 -0.0581201 0
    outer loop
      vertex 4.8 6.5 3
      vertex 4.81149 6.69736 1.5
      vertex 4.81149 6.69736 3
    endloop
  endfacet
  facet normal 0.99831 -0.0581201 0
    outer loop
      vertex 4.81149 6.69736 1.5
      vertex 4.8 6.5 3
      vertex 4.8 6.5 1.5
    endloop
  endfacet
  facet normal -0.341999 0.9397 0
    outer loop
      vertex 7.17334 4.93903 1.5
      vertex 6.98757 4.87142 3
      vertex 7.17334 4.93903 3
    endloop
  endfacet
  facet normal -0.341999 0.9397 0
    outer loop
      vertex 6.98757 4.87142 3
      vertex 7.17334 4.93903 1.5
      vertex 6.98757 4.87142 1.5
    endloop
  endfacet
  facet normal 0.918206 0.396104 0
    outer loop
      vertex 4.98083 5.73704 3
      vertex 4.90252 5.91857 1.5
      vertex 4.90252 5.91857 3
    endloop
  endfacet
  facet normal 0.918206 0.396104 0
    outer loop
      vertex 4.90252 5.91857 1.5
      vertex 4.98083 5.73704 3
      vertex 4.98083 5.73704 1.5
    endloop
  endfacet
  facet normal -0.802101 -0.597188 0
    outer loop
      vertex 7.92033 7.43417 1.5
      vertex 7.80227 7.59274 3
      vertex 7.80227 7.59274 1.5
    endloop
  endfacet
  facet normal -0.802101 -0.597188 0
    outer loop
      vertex 7.80227 7.59274 3
      vertex 7.92033 7.43417 1.5
      vertex 7.92033 7.43417 3
    endloop
  endfacet
  facet normal -0.957985 0.286819 0
    outer loop
      vertex 8.09748 5.91857 1.5
      vertex 8.15418 6.10795 3
      vertex 8.15418 6.10795 1.5
    endloop
  endfacet
  facet normal -0.957985 0.286819 0
    outer loop
      vertex 8.15418 6.10795 3
      vertex 8.09748 5.91857 1.5
      vertex 8.09748 5.91857 3
    endloop
  endfacet
  facet normal -0.918206 -0.396104 0
    outer loop
      vertex 8.09748 7.08143 1.5
      vertex 8.01917 7.26296 3
      vertex 8.01917 7.26296 1.5
    endloop
  endfacet
  facet normal -0.918206 -0.396104 0
    outer loop
      vertex 8.01917 7.26296 3
      vertex 8.09748 7.08143 1.5
      vertex 8.09748 7.08143 3
    endloop
  endfacet
  facet normal -0.230604 0.973048 0
    outer loop
      vertex 6.98757 4.87142 1.5
      vertex 6.7952 4.82583 3
      vertex 6.98757 4.87142 3
    endloop
  endfacet
  facet normal -0.230604 0.973048 0
    outer loop
      vertex 6.7952 4.82583 3
      vertex 6.98757 4.87142 1.5
      vertex 6.7952 4.82583 1.5
    endloop
  endfacet
  facet normal 0.642778 -0.766053 0
    outer loop
      vertex 5.33339 7.73654 1.5
      vertex 5.48483 7.86361 3
      vertex 5.33339 7.73654 3
    endloop
  endfacet
  facet normal 0.642778 -0.766053 0
    outer loop
      vertex 5.48483 7.86361 3
      vertex 5.33339 7.73654 1.5
      vertex 5.48483 7.86361 1.5
    endloop
  endfacet
  facet normal -0.802101 0.597188 0
    outer loop
      vertex 7.80227 5.40726 1.5
      vertex 7.92033 5.56583 3
      vertex 7.92033 5.56583 1.5
    endloop
  endfacet
  facet normal -0.802101 0.597188 0
    outer loop
      vertex 7.92033 5.56583 3
      vertex 7.80227 5.40726 1.5
      vertex 7.80227 5.40726 3
    endloop
  endfacet
  facet normal 0.957985 -0.286819 0
    outer loop
      vertex 4.84582 6.89205 3
      vertex 4.90252 7.08143 1.5
      vertex 4.90252 7.08143 3
    endloop
  endfacet
  facet normal 0.957985 -0.286819 0
    outer loop
      vertex 4.90252 7.08143 1.5
      vertex 4.84582 6.89205 3
      vertex 4.84582 6.89205 1.5
    endloop
  endfacet
  facet normal 0.984807 -0.173653 0
    outer loop
      vertex 4.81149 6.69736 3
      vertex 4.84582 6.89205 1.5
      vertex 4.84582 6.89205 3
    endloop
  endfacet
  facet normal 0.984807 -0.173653 0
    outer loop
      vertex 4.84582 6.89205 1.5
      vertex 4.81149 6.69736 3
      vertex 4.81149 6.69736 1.5
    endloop
  endfacet
  facet normal 0.866043 0.499969 0
    outer loop
      vertex 5.07967 5.56583 3
      vertex 4.98083 5.73704 1.5
      vertex 4.98083 5.73704 3
    endloop
  endfacet
  facet normal 0.866043 0.499969 0
    outer loop
      vertex 4.98083 5.73704 1.5
      vertex 5.07967 5.56583 3
      vertex 5.07967 5.56583 1.5
    endloop
  endfacet
  facet normal 0.957985 0.286819 0
    outer loop
      vertex 4.90252 5.91857 3
      vertex 4.84582 6.10795 1.5
      vertex 4.84582 6.10795 3
    endloop
  endfacet
  facet normal 0.957985 0.286819 0
    outer loop
      vertex 4.84582 6.10795 1.5
      vertex 4.90252 5.91857 3
      vertex 4.90252 5.91857 1.5
    endloop
  endfacet
  facet normal -0.230604 -0.973048 0
    outer loop
      vertex 6.7952 8.17417 1.5
      vertex 6.98757 8.12858 3
      vertex 6.7952 8.17417 3
    endloop
  endfacet
  facet normal -0.230604 -0.973048 -0
    outer loop
      vertex 6.98757 8.12858 3
      vertex 6.7952 8.17417 1.5
      vertex 6.98757 8.12858 1.5
    endloop
  endfacet
  facet normal -0.116093 0.993238 0
    outer loop
      vertex 6.7952 4.82583 1.5
      vertex 6.59885 4.80288 3
      vertex 6.7952 4.82583 3
    endloop
  endfacet
  facet normal -0.116093 0.993238 0
    outer loop
      vertex 6.59885 4.80288 3
      vertex 6.7952 4.82583 1.5
      vertex 6.59885 4.80288 1.5
    endloop
  endfacet
  facet normal 0.549495 -0.835497 0
    outer loop
      vertex 5.48483 7.86361 1.5
      vertex 5.65 7.97224 3
      vertex 5.48483 7.86361 3
    endloop
  endfacet
  facet normal 0.549495 -0.835497 0
    outer loop
      vertex 5.65 7.97224 3
      vertex 5.48483 7.86361 1.5
      vertex 5.65 7.97224 1.5
    endloop
  endfacet
  facet normal 0.448832 -0.893616 0
    outer loop
      vertex 5.65 7.97224 1.5
      vertex 5.82666 8.06097 3
      vertex 5.65 7.97224 3
    endloop
  endfacet
  facet normal 0.448832 -0.893616 0
    outer loop
      vertex 5.82666 8.06097 3
      vertex 5.65 7.97224 1.5
      vertex 5.82666 8.06097 1.5
    endloop
  endfacet
  facet normal 0.253661 -0.967293 0
    outer loop
      vertex 5.61796 9.47187 9.53674e-07
      vertex 5.81019 9.52228 1.5
      vertex 5.61796 9.47187 1.5
    endloop
  endfacet
  facet normal 0.253661 -0.967293 0
    outer loop
      vertex 5.81019 9.52228 1.5
      vertex 5.61796 9.47187 9.53674e-07
      vertex 5.81019 9.52228 9.53674e-07
    endloop
  endfacet
  facet normal -0.99538 0.0960154 0
    outer loop
      vertex 9.57455 6.10358 9.53674e-07
      vertex 9.59363 6.30138 1.5
      vertex 9.59363 6.30138 9.53674e-07
    endloop
  endfacet
  facet normal -0.99538 0.0960154 0
    outer loop
      vertex 9.59363 6.30138 1.5
      vertex 9.57455 6.10358 9.53674e-07
      vertex 9.57455 6.10358 1.5
    endloop
  endfacet
  facet normal -0.999486 0.0320548 0
    outer loop
      vertex 9.59363 6.30138 9.53674e-07
      vertex 9.6 6.5 1.5
      vertex 9.6 6.5 9.53674e-07
    endloop
  endfacet
  facet normal -0.999486 0.0320548 0
    outer loop
      vertex 9.6 6.5 1.5
      vertex 9.59363 6.30138 9.53674e-07
      vertex 9.59363 6.30138 1.5
    endloop
  endfacet
  facet normal -0.987178 0.159623 0
    outer loop
      vertex 9.54283 5.90741 9.53674e-07
      vertex 9.57455 6.10358 1.5
      vertex 9.57455 6.10358 9.53674e-07
    endloop
  endfacet
  facet normal -0.987178 0.159623 0
    outer loop
      vertex 9.57455 6.10358 1.5
      vertex 9.54283 5.90741 9.53674e-07
      vertex 9.54283 5.90741 1.5
    endloop
  endfacet
  facet normal -0.938468 -0.345365 0
    outer loop
      vertex 9.44207 7.47684 9.53674e-07
      vertex 9.37344 7.66333 1.5
      vertex 9.37344 7.66333 9.53674e-07
    endloop
  endfacet
  facet normal -0.938468 -0.345365 0
    outer loop
      vertex 9.37344 7.66333 1.5
      vertex 9.44207 7.47684 9.53674e-07
      vertex 9.44207 7.47684 1.5
    endloop
  endfacet
  facet normal -0.490732 0.871311 0
    outer loop
      vertex 8.10702 3.84906 9.53674e-07
      vertex 7.93387 3.75154 1.5
      vertex 8.10702 3.84906 1.5
    endloop
  endfacet
  facet normal -0.490732 0.871311 0
    outer loop
      vertex 7.93387 3.75154 1.5
      vertex 8.10702 3.84906 9.53674e-07
      vertex 7.93387 3.75154 9.53674e-07
    endloop
  endfacet
  facet normal -0.695668 0.718364 0
    outer loop
      vertex 8.72688 4.34338 9.53674e-07
      vertex 8.58413 4.20514 1.5
      vertex 8.72688 4.34338 1.5
    endloop
  endfacet
  facet normal -0.695668 0.718364 0
    outer loop
      vertex 8.58413 4.20514 1.5
      vertex 8.72688 4.34338 9.53674e-07
      vertex 8.58413 4.20514 9.53674e-07
    endloop
  endfacet
  facet normal -0.914408 0.404793 0
    outer loop
      vertex 9.293 5.15496 9.53674e-07
      vertex 9.37344 5.33667 1.5
      vertex 9.37344 5.33667 9.53674e-07
    endloop
  endfacet
  facet normal -0.914408 0.404793 0
    outer loop
      vertex 9.37344 5.33667 1.5
      vertex 9.293 5.15496 9.53674e-07
      vertex 9.293 5.15496 1.5
    endloop
  endfacet
  facet normal -0.253661 -0.967293 0
    outer loop
      vertex 7.18981 9.52228 9.53674e-07
      vertex 7.38204 9.47187 1.5
      vertex 7.18981 9.52228 1.5
    endloop
  endfacet
  facet normal -0.253661 -0.967293 -0
    outer loop
      vertex 7.38204 9.47187 1.5
      vertex 7.18981 9.52228 9.53674e-07
      vertex 7.38204 9.47187 9.53674e-07
    endloop
  endfacet
  facet normal 0.375248 0.926924 -0
    outer loop
      vertex 5.42937 3.59075 9.53674e-07
      vertex 5.24517 3.66532 1.5
      vertex 5.42937 3.59075 1.5
    endloop
  endfacet
  facet normal 0.375248 0.926924 0
    outer loop
      vertex 5.24517 3.66532 1.5
      vertex 5.42937 3.59075 9.53674e-07
      vertex 5.24517 3.66532 9.53674e-07
    endloop
  endfacet
  facet normal 0.127917 0.991785 -0
    outer loop
      vertex 6.20233 3.41432 9.53674e-07
      vertex 6.00524 3.43974 1.5
      vertex 6.20233 3.41432 1.5
    endloop
  endfacet
  facet normal 0.127917 0.991785 0
    outer loop
      vertex 6.00524 3.43974 1.5
      vertex 6.20233 3.41432 9.53674e-07
      vertex 6.00524 3.43974 9.53674e-07
    endloop
  endfacet
  facet normal 0.78184 -0.623479 0
    outer loop
      vertex 4.01562 8.35414 1.5
      vertex 4.13952 8.50951 9.53674e-07
      vertex 4.13952 8.50951 1.5
    endloop
  endfacet
  facet normal 0.78184 -0.623479 0
    outer loop
      vertex 4.13952 8.50951 9.53674e-07
      vertex 4.01562 8.35414 1.5
      vertex 4.01562 8.35414 9.53674e-07
    endloop
  endfacet
  facet normal -0.974928 0.222521 0
    outer loop
      vertex 9.49861 5.71367 9.53674e-07
      vertex 9.54283 5.90741 1.5
      vertex 9.54283 5.90741 9.53674e-07
    endloop
  endfacet
  facet normal -0.974928 0.222521 0
    outer loop
      vertex 9.54283 5.90741 1.5
      vertex 9.49861 5.71367 9.53674e-07
      vertex 9.49861 5.71367 1.5
    endloop
  endfacet
  facet normal -0.648252 -0.761426 0
    outer loop
      vertex 8.43282 8.92368 9.53674e-07
      vertex 8.58413 8.79486 1.5
      vertex 8.43282 8.92368 1.5
    endloop
  endfacet
  facet normal -0.648252 -0.761426 -0
    outer loop
      vertex 8.58413 8.79486 1.5
      vertex 8.43282 8.92368 9.53674e-07
      vertex 8.58413 8.79486 9.53674e-07
    endloop
  endfacet
  facet normal -0.648252 0.761426 0
    outer loop
      vertex 8.58413 4.20514 9.53674e-07
      vertex 8.43282 4.07632 1.5
      vertex 8.58413 4.20514 1.5
    endloop
  endfacet
  facet normal -0.648252 0.761426 0
    outer loop
      vertex 8.43282 4.07632 1.5
      vertex 8.58413 4.20514 9.53674e-07
      vertex 8.43282 4.07632 9.53674e-07
    endloop
  endfacet
  facet normal 0.740282 0.672297 0
    outer loop
      vertex 4.27312 4.34338 1.5
      vertex 4.13952 4.49049 9.53674e-07
      vertex 4.13952 4.49049 1.5
    endloop
  endfacet
  facet normal 0.740282 0.672297 0
    outer loop
      vertex 4.13952 4.49049 9.53674e-07
      vertex 4.27312 4.34338 1.5
      vertex 4.27312 4.34338 9.53674e-07
    endloop
  endfacet
  facet normal -0.545551 0.838078 0
    outer loop
      vertex 8.27356 3.95747 9.53674e-07
      vertex 8.10702 3.84906 1.5
      vertex 8.27356 3.95747 1.5
    endloop
  endfacet
  facet normal -0.545551 0.838078 0
    outer loop
      vertex 8.10702 3.84906 1.5
      vertex 8.27356 3.95747 9.53674e-07
      vertex 8.10702 3.84906 9.53674e-07
    endloop
  endfacet
  facet normal 0.99538 0.0960154 0
    outer loop
      vertex 3.42545 6.10358 1.5
      vertex 3.40637 6.30138 9.53674e-07
      vertex 3.40637 6.30138 1.5
    endloop
  endfacet
  facet normal 0.99538 0.0960154 0
    outer loop
      vertex 3.40637 6.30138 9.53674e-07
      vertex 3.42545 6.10358 1.5
      vertex 3.42545 6.10358 9.53674e-07
    endloop
  endfacet
  facet normal -0.999486 -0.0320548 0
    outer loop
      vertex 9.6 6.5 9.53674e-07
      vertex 9.59363 6.69862 1.5
      vertex 9.59363 6.69862 9.53674e-07
    endloop
  endfacet
  facet normal -0.999486 -0.0320548 0
    outer loop
      vertex 9.59363 6.69862 1.5
      vertex 9.6 6.5 9.53674e-07
      vertex 9.6 6.5 1.5
    endloop
  endfacet
  facet normal -0.19113 -0.981565 0
    outer loop
      vertex 6.99476 9.56026 9.53674e-07
      vertex 7.18981 9.52228 1.5
      vertex 6.99476 9.56026 1.5
    endloop
  endfacet
  facet normal -0.19113 -0.981565 -0
    outer loop
      vertex 7.18981 9.52228 1.5
      vertex 6.99476 9.56026 9.53674e-07
      vertex 7.18981 9.52228 9.53674e-07
    endloop
  endfacet
  facet normal -0.315125 -0.94905 0
    outer loop
      vertex 7.38204 9.47187 9.53674e-07
      vertex 7.57063 9.40925 1.5
      vertex 7.38204 9.47187 1.5
    endloop
  endfacet
  facet normal -0.315125 -0.94905 -0
    outer loop
      vertex 7.57063 9.40925 1.5
      vertex 7.38204 9.47187 9.53674e-07
      vertex 7.57063 9.40925 9.53674e-07
    endloop
  endfacet
  facet normal 0.545551 0.838078 -0
    outer loop
      vertex 4.89298 3.84906 9.53674e-07
      vertex 4.72644 3.95747 1.5
      vertex 4.89298 3.84906 1.5
    endloop
  endfacet
  facet normal 0.545551 0.838078 0
    outer loop
      vertex 4.72644 3.95747 1.5
      vertex 4.89298 3.84906 9.53674e-07
      vertex 4.72644 3.95747 9.53674e-07
    endloop
  endfacet
  facet normal 0.974928 -0.222521 0
    outer loop
      vertex 3.45717 7.09259 1.5
      vertex 3.50139 7.28633 9.53674e-07
      vertex 3.50139 7.28633 1.5
    endloop
  endfacet
  facet normal 0.974928 -0.222521 0
    outer loop
      vertex 3.50139 7.28633 9.53674e-07
      vertex 3.45717 7.09259 1.5
      vertex 3.45717 7.09259 9.53674e-07
    endloop
  endfacet
  facet normal -0.695668 -0.718364 0
    outer loop
      vertex 8.58413 8.79486 9.53674e-07
      vertex 8.72688 8.65662 1.5
      vertex 8.58413 8.79486 1.5
    endloop
  endfacet
  facet normal -0.695668 -0.718364 -0
    outer loop
      vertex 8.72688 8.65662 1.5
      vertex 8.58413 8.79486 9.53674e-07
      vertex 8.72688 8.65662 9.53674e-07
    endloop
  endfacet
  facet normal 0.958671 -0.284517 0
    outer loop
      vertex 3.50139 7.28633 1.5
      vertex 3.55793 7.47684 9.53674e-07
      vertex 3.55793 7.47684 1.5
    endloop
  endfacet
  facet normal 0.958671 -0.284517 0
    outer loop
      vertex 3.55793 7.47684 9.53674e-07
      vertex 3.50139 7.28633 1.5
      vertex 3.50139 7.28633 9.53674e-07
    endloop
  endfacet
  facet normal 0.315125 -0.94905 0
    outer loop
      vertex 5.42937 9.40925 9.53674e-07
      vertex 5.61796 9.47187 1.5
      vertex 5.42937 9.40925 1.5
    endloop
  endfacet
  facet normal 0.315125 -0.94905 0
    outer loop
      vertex 5.61796 9.47187 1.5
      vertex 5.42937 9.40925 9.53674e-07
      vertex 5.61796 9.47187 9.53674e-07
    endloop
  endfacet
  facet normal 0.740282 -0.672297 0
    outer loop
      vertex 4.13952 8.50951 1.5
      vertex 4.27312 8.65662 9.53674e-07
      vertex 4.27312 8.65662 1.5
    endloop
  endfacet
  facet normal 0.740282 -0.672297 0
    outer loop
      vertex 4.27312 8.65662 9.53674e-07
      vertex 4.13952 8.50951 1.5
      vertex 4.13952 8.50951 9.53674e-07
    endloop
  endfacet
  facet normal -0.974928 -0.222521 0
    outer loop
      vertex 9.54283 7.09259 9.53674e-07
      vertex 9.49861 7.28633 1.5
      vertex 9.49861 7.28633 9.53674e-07
    endloop
  endfacet
  facet normal -0.974928 -0.222521 0
    outer loop
      vertex 9.49861 7.28633 1.5
      vertex 9.54283 7.09259 9.53674e-07
      vertex 9.54283 7.09259 1.5
    endloop
  endfacet
  facet normal 0.490732 -0.871311 0
    outer loop
      vertex 4.89298 9.15094 9.53674e-07
      vertex 5.06613 9.24846 1.5
      vertex 4.89298 9.15094 1.5
    endloop
  endfacet
  facet normal 0.490732 -0.871311 0
    outer loop
      vertex 5.06613 9.24846 1.5
      vertex 4.89298 9.15094 9.53674e-07
      vertex 5.06613 9.24846 9.53674e-07
    endloop
  endfacet
  facet normal -0.886605 0.462526 0
    outer loop
      vertex 9.20109 4.97878 9.53674e-07
      vertex 9.293 5.15496 1.5
      vertex 9.293 5.15496 9.53674e-07
    endloop
  endfacet
  facet normal -0.886605 0.462526 0
    outer loop
      vertex 9.293 5.15496 1.5
      vertex 9.20109 4.97878 9.53674e-07
      vertex 9.20109 4.97878 1.5
    endloop
  endfacet
  facet normal 0.433879 -0.900971 0
    outer loop
      vertex 5.06613 9.24846 9.53674e-07
      vertex 5.24517 9.33468 1.5
      vertex 5.06613 9.24846 1.5
    endloop
  endfacet
  facet normal 0.433879 -0.900971 0
    outer loop
      vertex 5.24517 9.33468 1.5
      vertex 5.06613 9.24846 9.53674e-07
      vertex 5.24517 9.33468 9.53674e-07
    endloop
  endfacet
  facet normal -0.85514 0.518398 0
    outer loop
      vertex 9.09807 4.80884 9.53674e-07
      vertex 9.20109 4.97878 1.5
      vertex 9.20109 4.97878 9.53674e-07
    endloop
  endfacet
  facet normal -0.85514 0.518398 0
    outer loop
      vertex 9.20109 4.97878 1.5
      vertex 9.09807 4.80884 9.53674e-07
      vertex 9.09807 4.80884 1.5
    endloop
  endfacet
  facet normal -0.490732 -0.871311 0
    outer loop
      vertex 7.93387 9.24846 9.53674e-07
      vertex 8.10702 9.15094 1.5
      vertex 7.93387 9.24846 1.5
    endloop
  endfacet
  facet normal -0.490732 -0.871311 -0
    outer loop
      vertex 8.10702 9.15094 1.5
      vertex 7.93387 9.24846 9.53674e-07
      vertex 8.10702 9.15094 9.53674e-07
    endloop
  endfacet
  facet normal 0.545551 -0.838078 0
    outer loop
      vertex 4.72644 9.04253 9.53674e-07
      vertex 4.89298 9.15094 1.5
      vertex 4.72644 9.04253 1.5
    endloop
  endfacet
  facet normal 0.545551 -0.838078 0
    outer loop
      vertex 4.89298 9.15094 1.5
      vertex 4.72644 9.04253 9.53674e-07
      vertex 4.89298 9.15094 9.53674e-07
    endloop
  endfacet
  facet normal 0.85514 -0.518398 0
    outer loop
      vertex 3.79891 8.02122 1.5
      vertex 3.90193 8.19116 9.53674e-07
      vertex 3.90193 8.19116 1.5
    endloop
  endfacet
  facet normal 0.85514 -0.518398 0
    outer loop
      vertex 3.90193 8.19116 9.53674e-07
      vertex 3.79891 8.02122 1.5
      vertex 3.79891 8.02122 9.53674e-07
    endloop
  endfacet
  facet normal 0.598082 0.801435 -0
    outer loop
      vertex 4.72644 3.95747 9.53674e-07
      vertex 4.56718 4.07632 1.5
      vertex 4.72644 3.95747 1.5
    endloop
  endfacet
  facet normal 0.598082 0.801435 0
    outer loop
      vertex 4.56718 4.07632 1.5
      vertex 4.72644 3.95747 9.53674e-07
      vertex 4.56718 4.07632 9.53674e-07
    endloop
  endfacet
  facet normal 0.987178 -0.159623 0
    outer loop
      vertex 3.42545 6.89642 1.5
      vertex 3.45717 7.09259 9.53674e-07
      vertex 3.45717 7.09259 1.5
    endloop
  endfacet
  facet normal 0.987178 -0.159623 0
    outer loop
      vertex 3.45717 7.09259 9.53674e-07
      vertex 3.42545 6.89642 1.5
      vertex 3.42545 6.89642 9.53674e-07
    endloop
  endfacet
  facet normal 0.914408 0.404793 0
    outer loop
      vertex 3.707 5.15496 1.5
      vertex 3.62656 5.33667 9.53674e-07
      vertex 3.62656 5.33667 1.5
    endloop
  endfacet
  facet normal 0.914408 0.404793 0
    outer loop
      vertex 3.62656 5.33667 9.53674e-07
      vertex 3.707 5.15496 1.5
      vertex 3.707 5.15496 9.53674e-07
    endloop
  endfacet
  facet normal -0.820167 0.572124 0
    outer loop
      vertex 8.98438 4.64586 9.53674e-07
      vertex 9.09807 4.80884 1.5
      vertex 9.09807 4.80884 9.53674e-07
    endloop
  endfacet
  facet normal -0.820167 0.572124 0
    outer loop
      vertex 9.09807 4.80884 1.5
      vertex 8.98438 4.64586 9.53674e-07
      vertex 8.98438 4.64586 1.5
    endloop
  endfacet
  facet normal 0.19113 0.981565 -0
    outer loop
      vertex 6.00524 3.43974 9.53674e-07
      vertex 5.81019 3.47772 1.5
      vertex 6.00524 3.43974 1.5
    endloop
  endfacet
  facet normal 0.19113 0.981565 0
    outer loop
      vertex 5.81019 3.47772 1.5
      vertex 6.00524 3.43974 9.53674e-07
      vertex 5.81019 3.47772 9.53674e-07
    endloop
  endfacet
  facet normal -0.375248 0.926924 0
    outer loop
      vertex 7.75483 3.66532 9.53674e-07
      vertex 7.57063 3.59075 1.5
      vertex 7.75483 3.66532 1.5
    endloop
  endfacet
  facet normal -0.375248 0.926924 0
    outer loop
      vertex 7.57063 3.59075 1.5
      vertex 7.75483 3.66532 9.53674e-07
      vertex 7.57063 3.59075 9.53674e-07
    endloop
  endfacet
  facet normal 0.253661 0.967293 -0
    outer loop
      vertex 5.81019 3.47772 9.53674e-07
      vertex 5.61796 3.52813 1.5
      vertex 5.81019 3.47772 1.5
    endloop
  endfacet
  facet normal 0.253661 0.967293 0
    outer loop
      vertex 5.61796 3.52813 1.5
      vertex 5.81019 3.47772 9.53674e-07
      vertex 5.61796 3.52813 9.53674e-07
    endloop
  endfacet
  facet normal 0 -1 0
    outer loop
      vertex 6.40064 9.59841 9.53674e-07
      vertex 6.59936 9.59841 1.5
      vertex 6.40064 9.59841 1.5
    endloop
  endfacet
  facet normal 0 -1 -0
    outer loop
      vertex 6.59936 9.59841 1.5
      vertex 6.40064 9.59841 9.53674e-07
      vertex 6.59936 9.59841 9.53674e-07
    endloop
  endfacet
  facet normal -0.127917 0.991785 0
    outer loop
      vertex 6.99476 3.43974 9.53674e-07
      vertex 6.79767 3.41432 1.5
      vertex 6.99476 3.43974 1.5
    endloop
  endfacet
  facet normal -0.127917 0.991785 0
    outer loop
      vertex 6.79767 3.41432 1.5
      vertex 6.99476 3.43974 9.53674e-07
      vertex 6.79767 3.41432 9.53674e-07
    endloop
  endfacet
  facet normal -0.886605 -0.462526 0
    outer loop
      vertex 9.293 7.84504 9.53674e-07
      vertex 9.20109 8.02122 1.5
      vertex 9.20109 8.02122 9.53674e-07
    endloop
  endfacet
  facet normal -0.886605 -0.462526 0
    outer loop
      vertex 9.20109 8.02122 1.5
      vertex 9.293 7.84504 9.53674e-07
      vertex 9.293 7.84504 1.5
    endloop
  endfacet
  facet normal -0.820167 -0.572124 0
    outer loop
      vertex 9.09807 8.19116 9.53674e-07
      vertex 8.98438 8.35414 1.5
      vertex 8.98438 8.35414 9.53674e-07
    endloop
  endfacet
  facet normal -0.820167 -0.572124 0
    outer loop
      vertex 8.98438 8.35414 1.5
      vertex 9.09807 8.19116 9.53674e-07
      vertex 9.09807 8.19116 1.5
    endloop
  endfacet
  facet normal -0.85514 -0.518398 0
    outer loop
      vertex 9.20109 8.02122 9.53674e-07
      vertex 9.09807 8.19116 1.5
      vertex 9.09807 8.19116 9.53674e-07
    endloop
  endfacet
  facet normal -0.85514 -0.518398 0
    outer loop
      vertex 9.09807 8.19116 1.5
      vertex 9.20109 8.02122 9.53674e-07
      vertex 9.20109 8.02122 1.5
    endloop
  endfacet
  facet normal -0.545551 -0.838078 0
    outer loop
      vertex 8.10702 9.15094 9.53674e-07
      vertex 8.27356 9.04253 1.5
      vertex 8.10702 9.15094 1.5
    endloop
  endfacet
  facet normal -0.545551 -0.838078 -0
    outer loop
      vertex 8.27356 9.04253 1.5
      vertex 8.10702 9.15094 9.53674e-07
      vertex 8.27356 9.04253 9.53674e-07
    endloop
  endfacet
  facet normal 0.820167 -0.572124 0
    outer loop
      vertex 3.90193 8.19116 1.5
      vertex 4.01562 8.35414 9.53674e-07
      vertex 4.01562 8.35414 1.5
    endloop
  endfacet
  facet normal 0.820167 -0.572124 0
    outer loop
      vertex 4.01562 8.35414 9.53674e-07
      vertex 3.90193 8.19116 1.5
      vertex 3.90193 8.19116 9.53674e-07
    endloop
  endfacet
  facet normal -0.914408 -0.404793 0
    outer loop
      vertex 9.37344 7.66333 9.53674e-07
      vertex 9.293 7.84504 1.5
      vertex 9.293 7.84504 9.53674e-07
    endloop
  endfacet
  facet normal -0.914408 -0.404793 0
    outer loop
      vertex 9.293 7.84504 1.5
      vertex 9.37344 7.66333 9.53674e-07
      vertex 9.37344 7.66333 1.5
    endloop
  endfacet
  facet normal 0.820167 0.572124 0
    outer loop
      vertex 4.01562 4.64586 1.5
      vertex 3.90193 4.80884 9.53674e-07
      vertex 3.90193 4.80884 1.5
    endloop
  endfacet
  facet normal 0.820167 0.572124 0
    outer loop
      vertex 3.90193 4.80884 9.53674e-07
      vertex 4.01562 4.64586 1.5
      vertex 4.01562 4.64586 9.53674e-07
    endloop
  endfacet
  facet normal 0.490732 0.871311 -0
    outer loop
      vertex 5.06613 3.75154 9.53674e-07
      vertex 4.89298 3.84906 1.5
      vertex 5.06613 3.75154 1.5
    endloop
  endfacet
  facet normal 0.490732 0.871311 0
    outer loop
      vertex 4.89298 3.84906 1.5
      vertex 5.06613 3.75154 9.53674e-07
      vertex 4.89298 3.84906 9.53674e-07
    endloop
  endfacet
  facet normal 0.938468 0.345365 0
    outer loop
      vertex 3.62656 5.33667 1.5
      vertex 3.55793 5.52316 9.53674e-07
      vertex 3.55793 5.52316 1.5
    endloop
  endfacet
  facet normal 0.938468 0.345365 0
    outer loop
      vertex 3.55793 5.52316 9.53674e-07
      vertex 3.62656 5.33667 1.5
      vertex 3.62656 5.33667 9.53674e-07
    endloop
  endfacet
  facet normal -0.78184 -0.623479 0
    outer loop
      vertex 8.98438 8.35414 9.53674e-07
      vertex 8.86048 8.50951 1.5
      vertex 8.86048 8.50951 9.53674e-07
    endloop
  endfacet
  facet normal -0.78184 -0.623479 0
    outer loop
      vertex 8.86048 8.50951 1.5
      vertex 8.98438 8.35414 9.53674e-07
      vertex 8.98438 8.35414 1.5
    endloop
  endfacet
  facet normal 0.99538 -0.0960154 0
    outer loop
      vertex 3.40637 6.69862 1.5
      vertex 3.42545 6.89642 9.53674e-07
      vertex 3.42545 6.89642 1.5
    endloop
  endfacet
  facet normal 0.99538 -0.0960154 0
    outer loop
      vertex 3.42545 6.89642 9.53674e-07
      vertex 3.40637 6.69862 1.5
      vertex 3.40637 6.69862 9.53674e-07
    endloop
  endfacet
  facet normal 0.598082 -0.801435 0
    outer loop
      vertex 4.56718 8.92368 9.53674e-07
      vertex 4.72644 9.04253 1.5
      vertex 4.56718 8.92368 1.5
    endloop
  endfacet
  facet normal 0.598082 -0.801435 0
    outer loop
      vertex 4.72644 9.04253 1.5
      vertex 4.56718 8.92368 9.53674e-07
      vertex 4.72644 9.04253 9.53674e-07
    endloop
  endfacet
  facet normal 0.0640606 0.997946 -0
    outer loop
      vertex 6.40064 3.40159 9.53674e-07
      vertex 6.20233 3.41432 1.5
      vertex 6.40064 3.40159 1.5
    endloop
  endfacet
  facet normal 0.0640606 0.997946 0
    outer loop
      vertex 6.20233 3.41432 1.5
      vertex 6.40064 3.40159 9.53674e-07
      vertex 6.20233 3.41432 9.53674e-07
    endloop
  endfacet
  facet normal -0.375248 -0.926924 0
    outer loop
      vertex 7.57063 9.40925 9.53674e-07
      vertex 7.75483 9.33468 1.5
      vertex 7.57063 9.40925 1.5
    endloop
  endfacet
  facet normal -0.375248 -0.926924 -0
    outer loop
      vertex 7.75483 9.33468 1.5
      vertex 7.57063 9.40925 9.53674e-07
      vertex 7.75483 9.33468 9.53674e-07
    endloop
  endfacet
  facet normal -0.0640606 -0.997946 0
    outer loop
      vertex 6.59936 9.59841 9.53674e-07
      vertex 6.79767 9.58568 1.5
      vertex 6.59936 9.59841 1.5
    endloop
  endfacet
  facet normal -0.0640606 -0.997946 -0
    outer loop
      vertex 6.79767 9.58568 1.5
      vertex 6.59936 9.59841 9.53674e-07
      vertex 6.79767 9.58568 9.53674e-07
    endloop
  endfacet
  facet normal 0.938468 -0.345365 0
    outer loop
      vertex 3.55793 7.47684 1.5
      vertex 3.62656 7.66333 9.53674e-07
      vertex 3.62656 7.66333 1.5
    endloop
  endfacet
  facet normal 0.938468 -0.345365 0
    outer loop
      vertex 3.62656 7.66333 9.53674e-07
      vertex 3.55793 7.47684 1.5
      vertex 3.55793 7.47684 9.53674e-07
    endloop
  endfacet
  facet normal -0.938468 0.345365 0
    outer loop
      vertex 9.37344 5.33667 9.53674e-07
      vertex 9.44207 5.52316 1.5
      vertex 9.44207 5.52316 9.53674e-07
    endloop
  endfacet
  facet normal -0.938468 0.345365 0
    outer loop
      vertex 9.44207 5.52316 1.5
      vertex 9.37344 5.33667 9.53674e-07
      vertex 9.37344 5.33667 1.5
    endloop
  endfacet
  facet normal 0.914408 -0.404793 0
    outer loop
      vertex 3.62656 7.66333 1.5
      vertex 3.707 7.84504 9.53674e-07
      vertex 3.707 7.84504 1.5
    endloop
  endfacet
  facet normal 0.914408 -0.404793 0
    outer loop
      vertex 3.707 7.84504 9.53674e-07
      vertex 3.62656 7.66333 1.5
      vertex 3.62656 7.66333 9.53674e-07
    endloop
  endfacet
  facet normal 0.127917 -0.991785 0
    outer loop
      vertex 6.00524 9.56026 9.53674e-07
      vertex 6.20233 9.58568 1.5
      vertex 6.00524 9.56026 1.5
    endloop
  endfacet
  facet normal 0.127917 -0.991785 0
    outer loop
      vertex 6.20233 9.58568 1.5
      vertex 6.00524 9.56026 9.53674e-07
      vertex 6.20233 9.58568 9.53674e-07
    endloop
  endfacet
  facet normal 0.999486 -0.0320548 0
    outer loop
      vertex 3.4 6.5 1.5
      vertex 3.40637 6.69862 9.53674e-07
      vertex 3.40637 6.69862 1.5
    endloop
  endfacet
  facet normal 0.999486 -0.0320548 0
    outer loop
      vertex 3.40637 6.69862 9.53674e-07
      vertex 3.4 6.5 1.5
      vertex 3.4 6.5 9.53674e-07
    endloop
  endfacet
  facet normal 0.433879 0.900971 -0
    outer loop
      vertex 5.24517 3.66532 9.53674e-07
      vertex 5.06613 3.75154 1.5
      vertex 5.24517 3.66532 1.5
    endloop
  endfacet
  facet normal 0.433879 0.900971 0
    outer loop
      vertex 5.06613 3.75154 1.5
      vertex 5.24517 3.66532 9.53674e-07
      vertex 5.06613 3.75154 9.53674e-07
    endloop
  endfacet
  facet normal -0.958671 0.284517 0
    outer loop
      vertex 9.44207 5.52316 9.53674e-07
      vertex 9.49861 5.71367 1.5
      vertex 9.49861 5.71367 9.53674e-07
    endloop
  endfacet
  facet normal -0.958671 0.284517 0
    outer loop
      vertex 9.49861 5.71367 1.5
      vertex 9.44207 5.52316 9.53674e-07
      vertex 9.44207 5.52316 1.5
    endloop
  endfacet
  facet normal 0.85514 0.518398 0
    outer loop
      vertex 3.90193 4.80884 1.5
      vertex 3.79891 4.97878 9.53674e-07
      vertex 3.79891 4.97878 1.5
    endloop
  endfacet
  facet normal 0.85514 0.518398 0
    outer loop
      vertex 3.79891 4.97878 9.53674e-07
      vertex 3.90193 4.80884 1.5
      vertex 3.90193 4.80884 9.53674e-07
    endloop
  endfacet
  facet normal 0.958671 0.284517 0
    outer loop
      vertex 3.55793 5.52316 1.5
      vertex 3.50139 5.71367 9.53674e-07
      vertex 3.50139 5.71367 1.5
    endloop
  endfacet
  facet normal 0.958671 0.284517 0
    outer loop
      vertex 3.50139 5.71367 9.53674e-07
      vertex 3.55793 5.52316 1.5
      vertex 3.55793 5.52316 9.53674e-07
    endloop
  endfacet
  facet normal 0.315125 0.94905 -0
    outer loop
      vertex 5.61796 3.52813 9.53674e-07
      vertex 5.42937 3.59075 1.5
      vertex 5.61796 3.52813 1.5
    endloop
  endfacet
  facet normal 0.315125 0.94905 0
    outer loop
      vertex 5.42937 3.59075 1.5
      vertex 5.61796 3.52813 9.53674e-07
      vertex 5.42937 3.59075 9.53674e-07
    endloop
  endfacet
  facet normal -0.127917 -0.991785 0
    outer loop
      vertex 6.79767 9.58568 9.53674e-07
      vertex 6.99476 9.56026 1.5
      vertex 6.79767 9.58568 1.5
    endloop
  endfacet
  facet normal -0.127917 -0.991785 -0
    outer loop
      vertex 6.99476 9.56026 1.5
      vertex 6.79767 9.58568 9.53674e-07
      vertex 6.99476 9.56026 9.53674e-07
    endloop
  endfacet
  facet normal 0.886605 -0.462526 0
    outer loop
      vertex 3.707 7.84504 1.5
      vertex 3.79891 8.02122 9.53674e-07
      vertex 3.79891 8.02122 1.5
    endloop
  endfacet
  facet normal 0.886605 -0.462526 0
    outer loop
      vertex 3.79891 8.02122 9.53674e-07
      vertex 3.707 7.84504 1.5
      vertex 3.707 7.84504 9.53674e-07
    endloop
  endfacet
  facet normal -0.598082 0.801435 0
    outer loop
      vertex 8.43282 4.07632 9.53674e-07
      vertex 8.27356 3.95747 1.5
      vertex 8.43282 4.07632 1.5
    endloop
  endfacet
  facet normal -0.598082 0.801435 0
    outer loop
      vertex 8.27356 3.95747 1.5
      vertex 8.43282 4.07632 9.53674e-07
      vertex 8.27356 3.95747 9.53674e-07
    endloop
  endfacet
  facet normal 0.695668 0.718364 -0
    outer loop
      vertex 4.41587 4.20514 9.53674e-07
      vertex 4.27312 4.34338 1.5
      vertex 4.41587 4.20514 1.5
    endloop
  endfacet
  facet normal 0.695668 0.718364 0
    outer loop
      vertex 4.27312 4.34338 1.5
      vertex 4.41587 4.20514 9.53674e-07
      vertex 4.27312 4.34338 9.53674e-07
    endloop
  endfacet
  facet normal -0.433879 -0.900971 0
    outer loop
      vertex 7.75483 9.33468 9.53674e-07
      vertex 7.93387 9.24846 1.5
      vertex 7.75483 9.33468 1.5
    endloop
  endfacet
  facet normal -0.433879 -0.900971 -0
    outer loop
      vertex 7.93387 9.24846 1.5
      vertex 7.75483 9.33468 9.53674e-07
      vertex 7.93387 9.24846 9.53674e-07
    endloop
  endfacet
  facet normal 0 1 -0
    outer loop
      vertex 6.59936 3.40159 9.53674e-07
      vertex 6.40064 3.40159 1.5
      vertex 6.59936 3.40159 1.5
    endloop
  endfacet
  facet normal 0 1 0
    outer loop
      vertex 6.40064 3.40159 1.5
      vertex 6.59936 3.40159 9.53674e-07
      vertex 6.40064 3.40159 9.53674e-07
    endloop
  endfacet
  facet normal 0.648252 0.761426 -0
    outer loop
      vertex 4.56718 4.07632 9.53674e-07
      vertex 4.41587 4.20514 1.5
      vertex 4.56718 4.07632 1.5
    endloop
  endfacet
  facet normal 0.648252 0.761426 0
    outer loop
      vertex 4.41587 4.20514 1.5
      vertex 4.56718 4.07632 9.53674e-07
      vertex 4.41587 4.20514 9.53674e-07
    endloop
  endfacet
  facet normal 0.974928 0.222521 0
    outer loop
      vertex 3.50139 5.71367 1.5
      vertex 3.45717 5.90741 9.53674e-07
      vertex 3.45717 5.90741 1.5
    endloop
  endfacet
  facet normal 0.974928 0.222521 0
    outer loop
      vertex 3.45717 5.90741 9.53674e-07
      vertex 3.50139 5.71367 1.5
      vertex 3.50139 5.71367 9.53674e-07
    endloop
  endfacet
  facet normal 0.19113 -0.981565 0
    outer loop
      vertex 5.81019 9.52228 9.53674e-07
      vertex 6.00524 9.56026 1.5
      vertex 5.81019 9.52228 1.5
    endloop
  endfacet
  facet normal 0.19113 -0.981565 0
    outer loop
      vertex 6.00524 9.56026 1.5
      vertex 5.81019 9.52228 9.53674e-07
      vertex 6.00524 9.56026 9.53674e-07
    endloop
  endfacet
  facet normal -0.99538 -0.0960154 0
    outer loop
      vertex 9.59363 6.69862 9.53674e-07
      vertex 9.57455 6.89642 1.5
      vertex 9.57455 6.89642 9.53674e-07
    endloop
  endfacet
  facet normal -0.99538 -0.0960154 0
    outer loop
      vertex 9.57455 6.89642 1.5
      vertex 9.59363 6.69862 9.53674e-07
      vertex 9.59363 6.69862 1.5
    endloop
  endfacet
  facet normal -0.987178 -0.159623 0
    outer loop
      vertex 9.57455 6.89642 9.53674e-07
      vertex 9.54283 7.09259 1.5
      vertex 9.54283 7.09259 9.53674e-07
    endloop
  endfacet
  facet normal -0.987178 -0.159623 0
    outer loop
      vertex 9.54283 7.09259 1.5
      vertex 9.57455 6.89642 9.53674e-07
      vertex 9.57455 6.89642 1.5
    endloop
  endfacet
  facet normal 0.987178 0.159623 0
    outer loop
      vertex 3.45717 5.90741 1.5
      vertex 3.42545 6.10358 9.53674e-07
      vertex 3.42545 6.10358 1.5
    endloop
  endfacet
  facet normal 0.987178 0.159623 0
    outer loop
      vertex 3.42545 6.10358 9.53674e-07
      vertex 3.45717 5.90741 1.5
      vertex 3.45717 5.90741 9.53674e-07
    endloop
  endfacet
  facet normal -0.0640606 0.997946 0
    outer loop
      vertex 6.79767 3.41432 9.53674e-07
      vertex 6.59936 3.40159 1.5
      vertex 6.79767 3.41432 1.5
    endloop
  endfacet
  facet normal -0.0640606 0.997946 0
    outer loop
      vertex 6.59936 3.40159 1.5
      vertex 6.79767 3.41432 9.53674e-07
      vertex 6.59936 3.40159 9.53674e-07
    endloop
  endfacet
  facet normal -0.598082 -0.801435 0
    outer loop
      vertex 8.27356 9.04253 9.53674e-07
      vertex 8.43282 8.92368 1.5
      vertex 8.27356 9.04253 1.5
    endloop
  endfacet
  facet normal -0.598082 -0.801435 -0
    outer loop
      vertex 8.43282 8.92368 1.5
      vertex 8.27356 9.04253 9.53674e-07
      vertex 8.43282 8.92368 9.53674e-07
    endloop
  endfacet
  facet normal -0.958671 -0.284517 0
    outer loop
      vertex 9.49861 7.28633 9.53674e-07
      vertex 9.44207 7.47684 1.5
      vertex 9.44207 7.47684 9.53674e-07
    endloop
  endfacet
  facet normal -0.958671 -0.284517 0
    outer loop
      vertex 9.44207 7.47684 1.5
      vertex 9.49861 7.28633 9.53674e-07
      vertex 9.49861 7.28633 1.5
    endloop
  endfacet
  facet normal -0.740282 -0.672297 0
    outer loop
      vertex 8.86048 8.50951 9.53674e-07
      vertex 8.72688 8.65662 1.5
      vertex 8.72688 8.65662 9.53674e-07
    endloop
  endfacet
  facet normal -0.740282 -0.672297 0
    outer loop
      vertex 8.72688 8.65662 1.5
      vertex 8.86048 8.50951 9.53674e-07
      vertex 8.86048 8.50951 1.5
    endloop
  endfacet
  facet normal -0.78184 0.623479 0
    outer loop
      vertex 8.86048 4.49049 9.53674e-07
      vertex 8.98438 4.64586 1.5
      vertex 8.98438 4.64586 9.53674e-07
    endloop
  endfacet
  facet normal -0.78184 0.623479 0
    outer loop
      vertex 8.98438 4.64586 1.5
      vertex 8.86048 4.49049 9.53674e-07
      vertex 8.86048 4.49049 1.5
    endloop
  endfacet
  facet normal 0.78184 0.623479 0
    outer loop
      vertex 4.13952 4.49049 1.5
      vertex 4.01562 4.64586 9.53674e-07
      vertex 4.01562 4.64586 1.5
    endloop
  endfacet
  facet normal 0.78184 0.623479 0
    outer loop
      vertex 4.01562 4.64586 9.53674e-07
      vertex 4.13952 4.49049 1.5
      vertex 4.13952 4.49049 9.53674e-07
    endloop
  endfacet
  facet normal -0.433879 0.900971 0
    outer loop
      vertex 7.93387 3.75154 9.53674e-07
      vertex 7.75483 3.66532 1.5
      vertex 7.93387 3.75154 1.5
    endloop
  endfacet
  facet normal -0.433879 0.900971 0
    outer loop
      vertex 7.75483 3.66532 1.5
      vertex 7.93387 3.75154 9.53674e-07
      vertex 7.75483 3.66532 9.53674e-07
    endloop
  endfacet
  facet normal -0.740282 0.672297 0
    outer loop
      vertex 8.72688 4.34338 9.53674e-07
      vertex 8.86048 4.49049 1.5
      vertex 8.86048 4.49049 9.53674e-07
    endloop
  endfacet
  facet normal -0.740282 0.672297 0
    outer loop
      vertex 8.86048 4.49049 1.5
      vertex 8.72688 4.34338 9.53674e-07
      vertex 8.72688 4.34338 1.5
    endloop
  endfacet
  facet normal -0.19113 0.981565 0
    outer loop
      vertex 7.18981 3.47772 9.53674e-07
      vertex 6.99476 3.43974 1.5
      vertex 7.18981 3.47772 1.5
    endloop
  endfacet
  facet normal -0.19113 0.981565 0
    outer loop
      vertex 6.99476 3.43974 1.5
      vertex 7.18981 3.47772 9.53674e-07
      vertex 6.99476 3.43974 9.53674e-07
    endloop
  endfacet
  facet normal 0.886605 0.462526 0
    outer loop
      vertex 3.79891 4.97878 1.5
      vertex 3.707 5.15496 9.53674e-07
      vertex 3.707 5.15496 1.5
    endloop
  endfacet
  facet normal 0.886605 0.462526 0
    outer loop
      vertex 3.707 5.15496 9.53674e-07
      vertex 3.79891 4.97878 1.5
      vertex 3.79891 4.97878 9.53674e-07
    endloop
  endfacet
  facet normal -0.315125 0.94905 0
    outer loop
      vertex 7.57063 3.59075 9.53674e-07
      vertex 7.38204 3.52813 1.5
      vertex 7.57063 3.59075 1.5
    endloop
  endfacet
  facet normal -0.315125 0.94905 0
    outer loop
      vertex 7.38204 3.52813 1.5
      vertex 7.57063 3.59075 9.53674e-07
      vertex 7.38204 3.52813 9.53674e-07
    endloop
  endfacet
  facet normal 0.999486 0.0320548 0
    outer loop
      vertex 3.40637 6.30138 1.5
      vertex 3.4 6.5 9.53674e-07
      vertex 3.4 6.5 1.5
    endloop
  endfacet
  facet normal 0.999486 0.0320548 0
    outer loop
      vertex 3.4 6.5 9.53674e-07
      vertex 3.40637 6.30138 1.5
      vertex 3.40637 6.30138 9.53674e-07
    endloop
  endfacet
  facet normal 0.375248 -0.926924 0
    outer loop
      vertex 5.24517 9.33468 9.53674e-07
      vertex 5.42937 9.40925 1.5
      vertex 5.24517 9.33468 1.5
    endloop
  endfacet
  facet normal 0.375248 -0.926924 0
    outer loop
      vertex 5.42937 9.40925 1.5
      vertex 5.24517 9.33468 9.53674e-07
      vertex 5.42937 9.40925 9.53674e-07
    endloop
  endfacet
  facet normal -0.253661 0.967293 0
    outer loop
      vertex 7.38204 3.52813 9.53674e-07
      vertex 7.18981 3.47772 1.5
      vertex 7.38204 3.52813 1.5
    endloop
  endfacet
  facet normal -0.253661 0.967293 0
    outer loop
      vertex 7.18981 3.47772 1.5
      vertex 7.38204 3.52813 9.53674e-07
      vertex 7.18981 3.47772 9.53674e-07
    endloop
  endfacet
  facet normal 0 0 -1
    outer loop
      vertex 8.2 6.5 1.5
      vertex 9.6 6.5 1.5
      vertex 9.59363 6.30138 1.5
    endloop
  endfacet
  facet normal 0 0 -1
    outer loop
      vertex 8.18851 6.30264 1.5
      vertex 9.59363 6.30138 1.5
      vertex 9.57455 6.10358 1.5
    endloop
  endfacet
  facet normal 0 0 -1
    outer loop
      vertex 9.6 6.5 1.5
      vertex 8.2 6.5 1.5
      vertex 9.59363 6.69862 1.5
    endloop
  endfacet
  facet normal 0 0 -1
    outer loop
      vertex 8.18851 6.30264 1.5
      vertex 9.57455 6.10358 1.5
      vertex 9.54283 5.90741 1.5
    endloop
  endfacet
  facet normal 0 0 -1
    outer loop
      vertex 8.18851 6.69736 1.5
      vertex 9.59363 6.69862 1.5
      vertex 8.2 6.5 1.5
    endloop
  endfacet
  facet normal 0 0 -1
    outer loop
      vertex 8.15418 6.10795 1.5
      vertex 9.54283 5.90741 1.5
      vertex 9.49861 5.71367 1.5
    endloop
  endfacet
  facet normal -0 0 -1
    outer loop
      vertex 9.59363 6.69862 1.5
      vertex 8.18851 6.69736 1.5
      vertex 9.57455 6.89642 1.5
    endloop
  endfacet
  facet normal 0 0 -1
    outer loop
      vertex 8.15418 6.10795 1.5
      vertex 9.49861 5.71367 1.5
      vertex 9.44207 5.52316 1.5
    endloop
  endfacet
  facet normal -0 0 -1
    outer loop
      vertex 9.57455 6.89642 1.5
      vertex 8.18851 6.69736 1.5
      vertex 9.54283 7.09259 1.5
    endloop
  endfacet
  facet normal 0 0 -1
    outer loop
      vertex 8.09748 5.91857 1.5
      vertex 9.44207 5.52316 1.5
      vertex 9.37344 5.33667 1.5
    endloop
  endfacet
  facet normal 0 0 -1
    outer loop
      vertex 8.15418 6.89205 1.5
      vertex 9.54283 7.09259 1.5
      vertex 8.18851 6.69736 1.5
    endloop
  endfacet
  facet normal 0 0 -1
    outer loop
      vertex 8.01917 5.73704 1.5
      vertex 9.37344 5.33667 1.5
      vertex 9.293 5.15496 1.5
    endloop
  endfacet
  facet normal -0 0 -1
    outer loop
      vertex 9.54283 7.09259 1.5
      vertex 8.15418 6.89205 1.5
      vertex 9.49861 7.28633 1.5
    endloop
  endfacet
  facet normal 0 0 -1
    outer loop
      vertex 8.01917 5.73704 1.5
      vertex 9.293 5.15496 1.5
      vertex 9.20109 4.97878 1.5
    endloop
  endfacet
  facet normal -0 0 -1
    outer loop
      vertex 9.49861 7.28633 1.5
      vertex 8.15418 6.89205 1.5
      vertex 9.44207 7.47684 1.5
    endloop
  endfacet
  facet normal 0 0 -1
    outer loop
      vertex 7.92033 5.56583 1.5
      vertex 9.20109 4.97878 1.5
      vertex 9.09807 4.80884 1.5
    endloop
  endfacet
  facet normal 0 0 -1
    outer loop
      vertex 8.09748 7.08143 1.5
      vertex 9.44207 7.47684 1.5
      vertex 8.15418 6.89205 1.5
    endloop
  endfacet
  facet normal 0 0 -1
    outer loop
      vertex 7.92033 5.56583 1.5
      vertex 9.09807 4.80884 1.5
      vertex 8.98438 4.64586 1.5
    endloop
  endfacet
  facet normal -0 0 -1
    outer loop
      vertex 9.44207 7.47684 1.5
      vertex 8.09748 7.08143 1.5
      vertex 9.37344 7.66333 1.5
    endloop
  endfacet
  facet normal 0 0 -1
    outer loop
      vertex 7.80227 5.40726 1.5
      vertex 8.98438 4.64586 1.5
      vertex 8.86048 4.49049 1.5
    endloop
  endfacet
  facet normal 0 0 -1
    outer loop
      vertex 8.01917 7.26296 1.5
      vertex 9.37344 7.66333 1.5
      vertex 8.09748 7.08143 1.5
    endloop
  endfacet
  facet normal 0 0 -1
    outer loop
      vertex 7.80227 5.40726 1.5
      vertex 8.86048 4.49049 1.5
      vertex 8.72688 4.34338 1.5
    endloop
  endfacet
  facet normal -0 0 -1
    outer loop
      vertex 9.37344 7.66333 1.5
      vertex 8.01917 7.26296 1.5
      vertex 9.293 7.84504 1.5
    endloop
  endfacet
  facet normal 0 0 -1
    outer loop
      vertex 7.66661 5.26346 1.5
      vertex 8.72688 4.34338 1.5
      vertex 8.58413 4.20514 1.5
    endloop
  endfacet
  facet normal -0 0 -1
    outer loop
      vertex 9.293 7.84504 1.5
      vertex 8.01917 7.26296 1.5
      vertex 9.20109 8.02122 1.5
    endloop
  endfacet
  facet normal 0 0 -1
    outer loop
      vertex 7.66661 5.26346 1.5
      vertex 8.58413 4.20514 1.5
      vertex 8.43282 4.07632 1.5
    endloop
  endfacet
  facet normal 0 0 -1
    outer loop
      vertex 7.92033 7.43417 1.5
      vertex 9.20109 8.02122 1.5
      vertex 8.01917 7.26296 1.5
    endloop
  endfacet
  facet normal 0 0 -1
    outer loop
      vertex 7.51517 5.13639 1.5
      vertex 8.43282 4.07632 1.5
      vertex 8.27356 3.95747 1.5
    endloop
  endfacet
  facet normal -0 0 -1
    outer loop
      vertex 9.20109 8.02122 1.5
      vertex 7.92033 7.43417 1.5
      vertex 9.09807 8.19116 1.5
    endloop
  endfacet
  facet normal -0 0 -1
    outer loop
      vertex 9.09807 8.19116 1.5
      vertex 7.92033 7.43417 1.5
      vertex 8.98438 8.35414 1.5
    endloop
  endfacet
  facet normal 0 0 -1
    outer loop
      vertex 9.59363 6.30138 1.5
      vertex 8.18851 6.30264 1.5
      vertex 8.2 6.5 1.5
    endloop
  endfacet
  facet normal 0 0 -1
    outer loop
      vertex 9.54283 5.90741 1.5
      vertex 8.15418 6.10795 1.5
      vertex 8.18851 6.30264 1.5
    endloop
  endfacet
  facet normal 0 0 -1
    outer loop
      vertex 7.35 5.02776 1.5
      vertex 8.27356 3.95747 1.5
      vertex 8.10702 3.84906 1.5
    endloop
  endfacet
  facet normal 0 0 -1
    outer loop
      vertex 9.44207 5.52316 1.5
      vertex 8.09748 5.91857 1.5
      vertex 8.15418 6.10795 1.5
    endloop
  endfacet
  facet normal 0 0 -1
    outer loop
      vertex 9.37344 5.33667 1.5
      vertex 8.01917 5.73704 1.5
      vertex 8.09748 5.91857 1.5
    endloop
  endfacet
  facet normal 0 0 -1
    outer loop
      vertex 7.35 5.02776 1.5
      vertex 8.10702 3.84906 1.5
      vertex 7.93387 3.75154 1.5
    endloop
  endfacet
  facet normal 0 0 -1
    outer loop
      vertex 9.20109 4.97878 1.5
      vertex 7.92033 5.56583 1.5
      vertex 8.01917 5.73704 1.5
    endloop
  endfacet
  facet normal 0 0 -1
    outer loop
      vertex 8.98438 4.64586 1.5
      vertex 7.80227 5.40726 1.5
      vertex 7.92033 5.56583 1.5
    endloop
  endfacet
  facet normal 0 0 -1
    outer loop
      vertex 7.17334 4.93903 1.5
      vertex 7.93387 3.75154 1.5
      vertex 7.75483 3.66532 1.5
    endloop
  endfacet
  facet normal 0 0 -1
    outer loop
      vertex 8.72688 4.34338 1.5
      vertex 7.66661 5.26346 1.5
      vertex 7.80227 5.40726 1.5
    endloop
  endfacet
  facet normal 0 0 -1
    outer loop
      vertex 7.17334 4.93903 1.5
      vertex 7.75483 3.66532 1.5
      vertex 7.57063 3.59075 1.5
    endloop
  endfacet
  facet normal 0 0 -1
    outer loop
      vertex 8.43282 4.07632 1.5
      vertex 7.51517 5.13639 1.5
      vertex 7.66661 5.26346 1.5
    endloop
  endfacet
  facet normal 0 0 -1
    outer loop
      vertex 6.98757 4.87142 1.5
      vertex 7.57063 3.59075 1.5
      vertex 7.38204 3.52813 1.5
    endloop
  endfacet
  facet normal 0 0 -1
    outer loop
      vertex 8.27356 3.95747 1.5
      vertex 7.35 5.02776 1.5
      vertex 7.51517 5.13639 1.5
    endloop
  endfacet
  facet normal 0 0 -1
    outer loop
      vertex 6.98757 4.87142 1.5
      vertex 7.38204 3.52813 1.5
      vertex 7.18981 3.47772 1.5
    endloop
  endfacet
  facet normal 0 0 -1
    outer loop
      vertex 7.93387 3.75154 1.5
      vertex 7.17334 4.93903 1.5
      vertex 7.35 5.02776 1.5
    endloop
  endfacet
  facet normal 0 0 -1
    outer loop
      vertex 6.7952 4.82583 1.5
      vertex 7.18981 3.47772 1.5
      vertex 6.99476 3.43974 1.5
    endloop
  endfacet
  facet normal 0 0 -1
    outer loop
      vertex 7.57063 3.59075 1.5
      vertex 6.98757 4.87142 1.5
      vertex 7.17334 4.93903 1.5
    endloop
  endfacet
  facet normal 0 0 -1
    outer loop
      vertex 6.7952 4.82583 1.5
      vertex 6.99476 3.43974 1.5
      vertex 6.79767 3.41432 1.5
    endloop
  endfacet
  facet normal 0 0 -1
    outer loop
      vertex 7.18981 3.47772 1.5
      vertex 6.7952 4.82583 1.5
      vertex 6.98757 4.87142 1.5
    endloop
  endfacet
  facet normal 0 0 -1
    outer loop
      vertex 6.59885 4.80288 1.5
      vertex 6.79767 3.41432 1.5
      vertex 6.59936 3.40159 1.5
    endloop
  endfacet
  facet normal 0 0 -1
    outer loop
      vertex 6.79767 3.41432 1.5
      vertex 6.59885 4.80288 1.5
      vertex 6.7952 4.82583 1.5
    endloop
  endfacet
  facet normal 0 0 -1
    outer loop
      vertex 6.59936 3.40159 1.5
      vertex 6.40115 4.80288 1.5
      vertex 6.59885 4.80288 1.5
    endloop
  endfacet
  facet normal 0 0 -1
    outer loop
      vertex 6.40064 3.40159 1.5
      vertex 6.40115 4.80288 1.5
      vertex 6.59936 3.40159 1.5
    endloop
  endfacet
  facet normal 0 0 -1
    outer loop
      vertex 6.20233 3.41432 1.5
      vertex 6.40115 4.80288 1.5
      vertex 6.40064 3.40159 1.5
    endloop
  endfacet
  facet normal -0 0 -1
    outer loop
      vertex 6.40115 4.80288 1.5
      vertex 6.20233 3.41432 1.5
      vertex 6.2048 4.82583 1.5
    endloop
  endfacet
  facet normal 0 0 -1
    outer loop
      vertex 6.00524 3.43974 1.5
      vertex 6.2048 4.82583 1.5
      vertex 6.20233 3.41432 1.5
    endloop
  endfacet
  facet normal 0 0 -1
    outer loop
      vertex 5.81019 3.47772 1.5
      vertex 6.2048 4.82583 1.5
      vertex 6.00524 3.43974 1.5
    endloop
  endfacet
  facet normal -0 0 -1
    outer loop
      vertex 6.2048 4.82583 1.5
      vertex 5.81019 3.47772 1.5
      vertex 6.01243 4.87142 1.5
    endloop
  endfacet
  facet normal 0 0 -1
    outer loop
      vertex 5.61796 3.52813 1.5
      vertex 6.01243 4.87142 1.5
      vertex 5.81019 3.47772 1.5
    endloop
  endfacet
  facet normal 0 0 -1
    outer loop
      vertex 5.42937 3.59075 1.5
      vertex 6.01243 4.87142 1.5
      vertex 5.61796 3.52813 1.5
    endloop
  endfacet
  facet normal -0 0 -1
    outer loop
      vertex 6.01243 4.87142 1.5
      vertex 5.42937 3.59075 1.5
      vertex 5.82666 4.93903 1.5
    endloop
  endfacet
  facet normal 0 0 -1
    outer loop
      vertex 5.24517 3.66532 1.5
      vertex 5.82666 4.93903 1.5
      vertex 5.42937 3.59075 1.5
    endloop
  endfacet
  facet normal 0 0 -1
    outer loop
      vertex 5.06613 3.75154 1.5
      vertex 5.82666 4.93903 1.5
      vertex 5.24517 3.66532 1.5
    endloop
  endfacet
  facet normal -0 0 -1
    outer loop
      vertex 5.82666 4.93903 1.5
      vertex 5.06613 3.75154 1.5
      vertex 5.65 5.02776 1.5
    endloop
  endfacet
  facet normal 0 0 -1
    outer loop
      vertex 4.89298 3.84906 1.5
      vertex 5.65 5.02776 1.5
      vertex 5.06613 3.75154 1.5
    endloop
  endfacet
  facet normal 0 0 -1
    outer loop
      vertex 4.72644 3.95747 1.5
      vertex 5.65 5.02776 1.5
      vertex 4.89298 3.84906 1.5
    endloop
  endfacet
  facet normal -0 0 -1
    outer loop
      vertex 5.65 5.02776 1.5
      vertex 4.72644 3.95747 1.5
      vertex 5.48483 5.13639 1.5
    endloop
  endfacet
  facet normal 0 0 -1
    outer loop
      vertex 4.56718 4.07632 1.5
      vertex 5.48483 5.13639 1.5
      vertex 4.72644 3.95747 1.5
    endloop
  endfacet
  facet normal -0 0 -1
    outer loop
      vertex 5.48483 5.13639 1.5
      vertex 4.56718 4.07632 1.5
      vertex 5.33339 5.26346 1.5
    endloop
  endfacet
  facet normal 0 0 -1
    outer loop
      vertex 4.41587 4.20514 1.5
      vertex 5.33339 5.26346 1.5
      vertex 4.56718 4.07632 1.5
    endloop
  endfacet
  facet normal 0 0 -1
    outer loop
      vertex 4.27312 4.34338 1.5
      vertex 5.33339 5.26346 1.5
      vertex 4.41587 4.20514 1.5
    endloop
  endfacet
  facet normal -0 0 -1
    outer loop
      vertex 5.33339 5.26346 1.5
      vertex 4.27312 4.34338 1.5
      vertex 5.19773 5.40726 1.5
    endloop
  endfacet
  facet normal 0 0 -1
    outer loop
      vertex 4.13952 4.49049 1.5
      vertex 5.19773 5.40726 1.5
      vertex 4.27312 4.34338 1.5
    endloop
  endfacet
  facet normal 0 0 -1
    outer loop
      vertex 4.01562 4.64586 1.5
      vertex 5.19773 5.40726 1.5
      vertex 4.13952 4.49049 1.5
    endloop
  endfacet
  facet normal -0 0 -1
    outer loop
      vertex 5.19773 5.40726 1.5
      vertex 4.01562 4.64586 1.5
      vertex 5.07967 5.56583 1.5
    endloop
  endfacet
  facet normal 0 0 -1
    outer loop
      vertex 7.80227 7.59274 1.5
      vertex 8.98438 8.35414 1.5
      vertex 7.92033 7.43417 1.5
    endloop
  endfacet
  facet normal -0 0 -1
    outer loop
      vertex 8.98438 8.35414 1.5
      vertex 7.80227 7.59274 1.5
      vertex 8.86048 8.50951 1.5
    endloop
  endfacet
  facet normal -0 0 -1
    outer loop
      vertex 8.86048 8.50951 1.5
      vertex 7.80227 7.59274 1.5
      vertex 8.72688 8.65662 1.5
    endloop
  endfacet
  facet normal 0 0 -1
    outer loop
      vertex 7.66661 7.73654 1.5
      vertex 8.72688 8.65662 1.5
      vertex 7.80227 7.59274 1.5
    endloop
  endfacet
  facet normal -0 0 -1
    outer loop
      vertex 8.72688 8.65662 1.5
      vertex 7.66661 7.73654 1.5
      vertex 8.58413 8.79486 1.5
    endloop
  endfacet
  facet normal -0 0 -1
    outer loop
      vertex 8.58413 8.79486 1.5
      vertex 7.66661 7.73654 1.5
      vertex 8.43282 8.92368 1.5
    endloop
  endfacet
  facet normal 0 0 -1
    outer loop
      vertex 7.51517 7.86361 1.5
      vertex 8.43282 8.92368 1.5
      vertex 7.66661 7.73654 1.5
    endloop
  endfacet
  facet normal -0 0 -1
    outer loop
      vertex 8.43282 8.92368 1.5
      vertex 7.51517 7.86361 1.5
      vertex 8.27356 9.04253 1.5
    endloop
  endfacet
  facet normal 0 0 -1
    outer loop
      vertex 7.35 7.97224 1.5
      vertex 8.27356 9.04253 1.5
      vertex 7.51517 7.86361 1.5
    endloop
  endfacet
  facet normal -0 0 -1
    outer loop
      vertex 8.27356 9.04253 1.5
      vertex 7.35 7.97224 1.5
      vertex 8.10702 9.15094 1.5
    endloop
  endfacet
  facet normal -0 0 -1
    outer loop
      vertex 8.10702 9.15094 1.5
      vertex 7.35 7.97224 1.5
      vertex 7.93387 9.24846 1.5
    endloop
  endfacet
  facet normal 0 0 -1
    outer loop
      vertex 7.17334 8.06097 1.5
      vertex 7.93387 9.24846 1.5
      vertex 7.35 7.97224 1.5
    endloop
  endfacet
  facet normal -0 0 -1
    outer loop
      vertex 7.93387 9.24846 1.5
      vertex 7.17334 8.06097 1.5
      vertex 7.75483 9.33468 1.5
    endloop
  endfacet
  facet normal -0 0 -1
    outer loop
      vertex 7.75483 9.33468 1.5
      vertex 7.17334 8.06097 1.5
      vertex 7.57063 9.40925 1.5
    endloop
  endfacet
  facet normal 0 0 -1
    outer loop
      vertex 6.98757 8.12858 1.5
      vertex 7.57063 9.40925 1.5
      vertex 7.17334 8.06097 1.5
    endloop
  endfacet
  facet normal -0 0 -1
    outer loop
      vertex 7.57063 9.40925 1.5
      vertex 6.98757 8.12858 1.5
      vertex 7.38204 9.47187 1.5
    endloop
  endfacet
  facet normal -0 0 -1
    outer loop
      vertex 7.38204 9.47187 1.5
      vertex 6.98757 8.12858 1.5
      vertex 7.18981 9.52228 1.5
    endloop
  endfacet
  facet normal 0 0 -1
    outer loop
      vertex 6.7952 8.17417 1.5
      vertex 7.18981 9.52228 1.5
      vertex 6.98757 8.12858 1.5
    endloop
  endfacet
  facet normal -0 0 -1
    outer loop
      vertex 7.18981 9.52228 1.5
      vertex 6.7952 8.17417 1.5
      vertex 6.99476 9.56026 1.5
    endloop
  endfacet
  facet normal -0 0 -1
    outer loop
      vertex 6.99476 9.56026 1.5
      vertex 6.7952 8.17417 1.5
      vertex 6.79767 9.58568 1.5
    endloop
  endfacet
  facet normal 0 0 -1
    outer loop
      vertex 6.59885 8.19712 1.5
      vertex 6.79767 9.58568 1.5
      vertex 6.7952 8.17417 1.5
    endloop
  endfacet
  facet normal -0 0 -1
    outer loop
      vertex 6.79767 9.58568 1.5
      vertex 6.59885 8.19712 1.5
      vertex 6.59936 9.59841 1.5
    endloop
  endfacet
  facet normal 0 0 -1
    outer loop
      vertex 6.40115 8.19712 1.5
      vertex 6.59936 9.59841 1.5
      vertex 6.59885 8.19712 1.5
    endloop
  endfacet
  facet normal 0 0 -1
    outer loop
      vertex 6.40115 8.19712 1.5
      vertex 6.40064 9.59841 1.5
      vertex 6.59936 9.59841 1.5
    endloop
  endfacet
  facet normal 0 0 -1
    outer loop
      vertex 6.20233 9.58568 1.5
      vertex 6.40115 8.19712 1.5
      vertex 6.2048 8.17417 1.5
    endloop
  endfacet
  facet normal 0 0 -1
    outer loop
      vertex 6.40115 8.19712 1.5
      vertex 6.20233 9.58568 1.5
      vertex 6.40064 9.59841 1.5
    endloop
  endfacet
  facet normal 0 0 -1
    outer loop
      vertex 5.81019 9.52228 1.5
      vertex 6.2048 8.17417 1.5
      vertex 6.01243 8.12858 1.5
    endloop
  endfacet
  facet normal 0 0 -1
    outer loop
      vertex 6.2048 8.17417 1.5
      vertex 6.00524 9.56026 1.5
      vertex 6.20233 9.58568 1.5
    endloop
  endfacet
  facet normal 0 0 -1
    outer loop
      vertex 5.42937 9.40925 1.5
      vertex 6.01243 8.12858 1.5
      vertex 5.82666 8.06097 1.5
    endloop
  endfacet
  facet normal 0 0 -1
    outer loop
      vertex 6.2048 8.17417 1.5
      vertex 5.81019 9.52228 1.5
      vertex 6.00524 9.56026 1.5
    endloop
  endfacet
  facet normal 0 0 -1
    outer loop
      vertex 5.06613 9.24846 1.5
      vertex 5.82666 8.06097 1.5
      vertex 5.65 7.97224 1.5
    endloop
  endfacet
  facet normal 0 0 -1
    outer loop
      vertex 6.01243 8.12858 1.5
      vertex 5.61796 9.47187 1.5
      vertex 5.81019 9.52228 1.5
    endloop
  endfacet
  facet normal 0 0 -1
    outer loop
      vertex 4.72644 9.04253 1.5
      vertex 5.65 7.97224 1.5
      vertex 5.48483 7.86361 1.5
    endloop
  endfacet
  facet normal 0 0 -1
    outer loop
      vertex 6.01243 8.12858 1.5
      vertex 5.42937 9.40925 1.5
      vertex 5.61796 9.47187 1.5
    endloop
  endfacet
  facet normal 0 0 -1
    outer loop
      vertex 4.56718 8.92368 1.5
      vertex 5.48483 7.86361 1.5
      vertex 5.33339 7.73654 1.5
    endloop
  endfacet
  facet normal 0 0 -1
    outer loop
      vertex 5.82666 8.06097 1.5
      vertex 5.24517 9.33468 1.5
      vertex 5.42937 9.40925 1.5
    endloop
  endfacet
  facet normal 0 0 -1
    outer loop
      vertex 4.27312 8.65662 1.5
      vertex 5.33339 7.73654 1.5
      vertex 5.19773 7.59274 1.5
    endloop
  endfacet
  facet normal 0 0 -1
    outer loop
      vertex 4.01562 8.35414 1.5
      vertex 5.19773 7.59274 1.5
      vertex 5.07967 7.43417 1.5
    endloop
  endfacet
  facet normal 0 0 -1
    outer loop
      vertex 5.82666 8.06097 1.5
      vertex 5.06613 9.24846 1.5
      vertex 5.24517 9.33468 1.5
    endloop
  endfacet
  facet normal 0 0 -1
    outer loop
      vertex 3.79891 8.02122 1.5
      vertex 5.07967 7.43417 1.5
      vertex 4.98083 7.26296 1.5
    endloop
  endfacet
  facet normal 0 0 -1
    outer loop
      vertex 3.62656 7.66333 1.5
      vertex 4.98083 7.26296 1.5
      vertex 4.90252 7.08143 1.5
    endloop
  endfacet
  facet normal 0 0 -1
    outer loop
      vertex 5.65 7.97224 1.5
      vertex 4.89298 9.15094 1.5
      vertex 5.06613 9.24846 1.5
    endloop
  endfacet
  facet normal 0 0 -1
    outer loop
      vertex 3.55793 7.47684 1.5
      vertex 4.90252 7.08143 1.5
      vertex 4.84582 6.89205 1.5
    endloop
  endfacet
  facet normal 0 0 -1
    outer loop
      vertex 3.45717 7.09259 1.5
      vertex 4.84582 6.89205 1.5
      vertex 4.81149 6.69736 1.5
    endloop
  endfacet
  facet normal 0 0 -1
    outer loop
      vertex 3.40637 6.69862 1.5
      vertex 4.81149 6.69736 1.5
      vertex 4.8 6.5 1.5
    endloop
  endfacet
  facet normal 0 0 -1
    outer loop
      vertex 5.65 7.97224 1.5
      vertex 4.72644 9.04253 1.5
      vertex 4.89298 9.15094 1.5
    endloop
  endfacet
  facet normal 0 0 -1
    outer loop
      vertex 3.90193 4.80884 1.5
      vertex 5.07967 5.56583 1.5
      vertex 4.01562 4.64586 1.5
    endloop
  endfacet
  facet normal 0 0 -1
    outer loop
      vertex 3.79891 4.97878 1.5
      vertex 5.07967 5.56583 1.5
      vertex 3.90193 4.80884 1.5
    endloop
  endfacet
  facet normal 0 0 -1
    outer loop
      vertex 5.48483 7.86361 1.5
      vertex 4.56718 8.92368 1.5
      vertex 4.72644 9.04253 1.5
    endloop
  endfacet
  facet normal -0 0 -1
    outer loop
      vertex 5.07967 5.56583 1.5
      vertex 3.79891 4.97878 1.5
      vertex 4.98083 5.73704 1.5
    endloop
  endfacet
  facet normal 0 0 -1
    outer loop
      vertex 5.33339 7.73654 1.5
      vertex 4.41587 8.79486 1.5
      vertex 4.56718 8.92368 1.5
    endloop
  endfacet
  facet normal 0 0 -1
    outer loop
      vertex 3.707 5.15496 1.5
      vertex 4.98083 5.73704 1.5
      vertex 3.79891 4.97878 1.5
    endloop
  endfacet
  facet normal 0 0 -1
    outer loop
      vertex 5.33339 7.73654 1.5
      vertex 4.27312 8.65662 1.5
      vertex 4.41587 8.79486 1.5
    endloop
  endfacet
  facet normal 0 0 -1
    outer loop
      vertex 3.62656 5.33667 1.5
      vertex 4.98083 5.73704 1.5
      vertex 3.707 5.15496 1.5
    endloop
  endfacet
  facet normal 0 0 -1
    outer loop
      vertex 5.19773 7.59274 1.5
      vertex 4.13952 8.50951 1.5
      vertex 4.27312 8.65662 1.5
    endloop
  endfacet
  facet normal -0 0 -1
    outer loop
      vertex 4.98083 5.73704 1.5
      vertex 3.62656 5.33667 1.5
      vertex 4.90252 5.91857 1.5
    endloop
  endfacet
  facet normal 0 0 -1
    outer loop
      vertex 5.19773 7.59274 1.5
      vertex 4.01562 8.35414 1.5
      vertex 4.13952 8.50951 1.5
    endloop
  endfacet
  facet normal 0 0 -1
    outer loop
      vertex 3.55793 5.52316 1.5
      vertex 4.90252 5.91857 1.5
      vertex 3.62656 5.33667 1.5
    endloop
  endfacet
  facet normal 0 0 -1
    outer loop
      vertex 5.07967 7.43417 1.5
      vertex 3.90193 8.19116 1.5
      vertex 4.01562 8.35414 1.5
    endloop
  endfacet
  facet normal -0 0 -1
    outer loop
      vertex 4.90252 5.91857 1.5
      vertex 3.55793 5.52316 1.5
      vertex 4.84582 6.10795 1.5
    endloop
  endfacet
  facet normal 0 0 -1
    outer loop
      vertex 5.07967 7.43417 1.5
      vertex 3.79891 8.02122 1.5
      vertex 3.90193 8.19116 1.5
    endloop
  endfacet
  facet normal 0 0 -1
    outer loop
      vertex 3.50139 5.71367 1.5
      vertex 4.84582 6.10795 1.5
      vertex 3.55793 5.52316 1.5
    endloop
  endfacet
  facet normal 0 0 -1
    outer loop
      vertex 4.98083 7.26296 1.5
      vertex 3.707 7.84504 1.5
      vertex 3.79891 8.02122 1.5
    endloop
  endfacet
  facet normal 0 0 -1
    outer loop
      vertex 3.45717 5.90741 1.5
      vertex 4.84582 6.10795 1.5
      vertex 3.50139 5.71367 1.5
    endloop
  endfacet
  facet normal 0 0 -1
    outer loop
      vertex 4.98083 7.26296 1.5
      vertex 3.62656 7.66333 1.5
      vertex 3.707 7.84504 1.5
    endloop
  endfacet
  facet normal -0 0 -1
    outer loop
      vertex 4.84582 6.10795 1.5
      vertex 3.45717 5.90741 1.5
      vertex 4.81149 6.30264 1.5
    endloop
  endfacet
  facet normal 0 0 -1
    outer loop
      vertex 4.90252 7.08143 1.5
      vertex 3.55793 7.47684 1.5
      vertex 3.62656 7.66333 1.5
    endloop
  endfacet
  facet normal 0 0 -1
    outer loop
      vertex 3.42545 6.10358 1.5
      vertex 4.81149 6.30264 1.5
      vertex 3.45717 5.90741 1.5
    endloop
  endfacet
  facet normal 0 0 -1
    outer loop
      vertex 4.84582 6.89205 1.5
      vertex 3.50139 7.28633 1.5
      vertex 3.55793 7.47684 1.5
    endloop
  endfacet
  facet normal 0 0 -1
    outer loop
      vertex 3.40637 6.30138 1.5
      vertex 4.81149 6.30264 1.5
      vertex 3.42545 6.10358 1.5
    endloop
  endfacet
  facet normal 0 0 -1
    outer loop
      vertex 4.84582 6.89205 1.5
      vertex 3.45717 7.09259 1.5
      vertex 3.50139 7.28633 1.5
    endloop
  endfacet
  facet normal -0 0 -1
    outer loop
      vertex 4.81149 6.30264 1.5
      vertex 3.40637 6.30138 1.5
      vertex 4.8 6.5 1.5
    endloop
  endfacet
  facet normal 0 0 -1
    outer loop
      vertex 4.81149 6.69736 1.5
      vertex 3.42545 6.89642 1.5
      vertex 3.45717 7.09259 1.5
    endloop
  endfacet
  facet normal 0 0 -1
    outer loop
      vertex 3.4 6.5 1.5
      vertex 4.8 6.5 1.5
      vertex 3.40637 6.30138 1.5
    endloop
  endfacet
  facet normal 0 0 -1
    outer loop
      vertex 4.81149 6.69736 1.5
      vertex 3.40637 6.69862 1.5
      vertex 3.42545 6.89642 1.5
    endloop
  endfacet
  facet normal 0 0 -1
    outer loop
      vertex 4.8 6.5 1.5
      vertex 3.4 6.5 1.5
      vertex 3.40637 6.69862 1.5
    endloop
  endfacet
  facet normal 0.0640606 -0.997946 0
    outer loop
      vertex 6.20233 9.58568 9.53674e-07
      vertex 6.40064 9.59841 1.5
      vertex 6.20233 9.58568 1.5
    endloop
  endfacet
  facet normal 0.0640606 -0.997946 0
    outer loop
      vertex 6.40064 9.59841 1.5
      vertex 6.20233 9.58568 9.53674e-07
      vertex 6.40064 9.59841 9.53674e-07
    endloop
  endfacet
  facet normal 0.695668 -0.718364 0
    outer loop
      vertex 4.27312 8.65662 9.53674e-07
      vertex 4.41587 8.79486 1.5
      vertex 4.27312 8.65662 1.5
    endloop
  endfacet
  facet normal 0.695668 -0.718364 0
    outer loop
      vertex 4.41587 8.79486 1.5
      vertex 4.27312 8.65662 9.53674e-07
      vertex 4.41587 8.79486 9.53674e-07
    endloop
  endfacet
  facet normal 0.648252 -0.761426 0
    outer loop
      vertex 4.41587 8.79486 9.53674e-07
      vertex 4.56718 8.92368 1.5
      vertex 4.41587 8.79486 1.5
    endloop
  endfacet
  facet normal 0.648252 -0.761426 0
    outer loop
      vertex 4.56718 8.92368 1.5
      vertex 4.41587 8.79486 9.53674e-07
      vertex 4.56718 8.92368 9.53674e-07
    endloop
  endfacet
  facet normal -0.984208 0.177016 0
    outer loop
      vertex 185.154 89.108 1.5
      vertex 185.189 89.3026 3
      vertex 185.189 89.3026 1.5
    endloop
  endfacet
  facet normal -0.984208 0.177016 0
    outer loop
      vertex 185.189 89.3026 3
      vertex 185.154 89.108 1.5
      vertex 185.154 89.108 3
    endloop
  endfacet
  facet normal -0.998451 0.0556381 0
    outer loop
      vertex 185.189 89.3026 1.5
      vertex 185.2 89.5 3
      vertex 185.2 89.5 1.5
    endloop
  endfacet
  facet normal -0.998451 0.0556381 0
    outer loop
      vertex 185.2 89.5 3
      vertex 185.189 89.3026 1.5
      vertex 185.189 89.3026 3
    endloop
  endfacet
  facet normal -0.549784 -0.835307 0
    outer loop
      vertex 184.35 90.9722 1.5
      vertex 184.515 90.8636 3
      vertex 184.35 90.9722 3
    endloop
  endfacet
  facet normal -0.549784 -0.835307 -0
    outer loop
      vertex 184.515 90.8636 3
      vertex 184.35 90.9722 1.5
      vertex 184.515 90.8636 1.5
    endloop
  endfacet
  facet normal -0.957575 -0.288183 0
    outer loop
      vertex 185.154 89.892 1.5
      vertex 185.097 90.0814 3
      vertex 185.097 90.0814 1.5
    endloop
  endfacet
  facet normal -0.957575 -0.288183 0
    outer loop
      vertex 185.097 90.0814 3
      vertex 185.154 89.892 1.5
      vertex 185.154 89.892 3
    endloop
  endfacet
  facet normal 0.729063 -0.684447 0
    outer loop
      vertex 182.198 90.5927 3
      vertex 182.333 90.7365 1.5
      vertex 182.333 90.7365 3
    endloop
  endfacet
  facet normal 0.729063 -0.684447 0
    outer loop
      vertex 182.333 90.7365 1.5
      vertex 182.198 90.5927 3
      vertex 182.198 90.5927 1.5
    endloop
  endfacet
  facet normal -0.984208 -0.177016 0
    outer loop
      vertex 185.189 89.6974 1.5
      vertex 185.154 89.892 3
      vertex 185.154 89.892 1.5
    endloop
  endfacet
  facet normal -0.984208 -0.177016 0
    outer loop
      vertex 185.154 89.892 3
      vertex 185.189 89.6974 1.5
      vertex 185.189 89.6974 3
    endloop
  endfacet
  facet normal -0.998451 -0.0556381 0
    outer loop
      vertex 185.2 89.5 1.5
      vertex 185.189 89.6974 3
      vertex 185.189 89.6974 1.5
    endloop
  endfacet
  facet normal -0.998451 -0.0556381 0
    outer loop
      vertex 185.189 89.6974 3
      vertex 185.2 89.5 1.5
      vertex 185.2 89.5 3
    endloop
  endfacet
  facet normal -0.641474 0.767145 0
    outer loop
      vertex 184.667 88.2635 1.5
      vertex 184.515 88.1364 3
      vertex 184.667 88.2635 3
    endloop
  endfacet
  facet normal -0.641474 0.767145 0
    outer loop
      vertex 184.515 88.1364 3
      vertex 184.667 88.2635 1.5
      vertex 184.515 88.1364 1.5
    endloop
  endfacet
  facet normal -0.729063 0.684447 0
    outer loop
      vertex 184.667 88.2635 1.5
      vertex 184.802 88.4073 3
      vertex 184.802 88.4073 1.5
    endloop
  endfacet
  facet normal -0.729063 0.684447 0
    outer loop
      vertex 184.802 88.4073 3
      vertex 184.667 88.2635 1.5
      vertex 184.667 88.2635 3
    endloop
  endfacet
  facet normal 0 1 -0
    outer loop
      vertex 183.599 87.8029 1.5
      vertex 183.401 87.8029 3
      vertex 183.599 87.8029 3
    endloop
  endfacet
  facet normal 0 1 0
    outer loop
      vertex 183.401 87.8029 3
      vertex 183.599 87.8029 1.5
      vertex 183.401 87.8029 1.5
    endloop
  endfacet
  facet normal 0.641474 0.767145 -0
    outer loop
      vertex 182.485 88.1364 1.5
      vertex 182.333 88.2635 3
      vertex 182.485 88.1364 3
    endloop
  endfacet
  facet normal 0.641474 0.767145 0
    outer loop
      vertex 182.333 88.2635 3
      vertex 182.485 88.1364 1.5
      vertex 182.333 88.2635 1.5
    endloop
  endfacet
  facet normal 0.229939 -0.973205 0
    outer loop
      vertex 183.012 91.1286 1.5
      vertex 183.205 91.1742 3
      vertex 183.012 91.1286 3
    endloop
  endfacet
  facet normal 0.229939 -0.973205 0
    outer loop
      vertex 183.205 91.1742 3
      vertex 183.012 91.1286 1.5
      vertex 183.205 91.1742 1.5
    endloop
  endfacet
  facet normal 0.229939 0.973205 -0
    outer loop
      vertex 183.205 87.8258 1.5
      vertex 183.012 87.8714 3
      vertex 183.205 87.8258 3
    endloop
  endfacet
  facet normal 0.229939 0.973205 0
    outer loop
      vertex 183.012 87.8714 3
      vertex 183.205 87.8258 1.5
      vertex 183.012 87.8714 1.5
    endloop
  endfacet
  facet normal -0.116047 -0.993244 0
    outer loop
      vertex 183.599 91.1971 1.5
      vertex 183.795 91.1742 3
      vertex 183.599 91.1971 3
    endloop
  endfacet
  facet normal -0.116047 -0.993244 -0
    outer loop
      vertex 183.795 91.1742 3
      vertex 183.599 91.1971 1.5
      vertex 183.795 91.1742 1.5
    endloop
  endfacet
  facet normal -0.549784 0.835307 0
    outer loop
      vertex 184.515 88.1364 1.5
      vertex 184.35 88.0278 3
      vertex 184.515 88.1364 3
    endloop
  endfacet
  facet normal -0.549784 0.835307 0
    outer loop
      vertex 184.35 88.0278 3
      vertex 184.515 88.1364 1.5
      vertex 184.35 88.0278 1.5
    endloop
  endfacet
  facet normal -0.641474 -0.767145 0
    outer loop
      vertex 184.515 90.8636 1.5
      vertex 184.667 90.7365 3
      vertex 184.515 90.8636 3
    endloop
  endfacet
  facet normal -0.641474 -0.767145 -0
    outer loop
      vertex 184.667 90.7365 3
      vertex 184.515 90.8636 1.5
      vertex 184.667 90.7365 1.5
    endloop
  endfacet
  facet normal -0.86568 0.500598 0
    outer loop
      vertex 184.92 88.5658 1.5
      vertex 185.019 88.737 3
      vertex 185.019 88.737 1.5
    endloop
  endfacet
  facet normal -0.86568 0.500598 0
    outer loop
      vertex 185.019 88.737 3
      vertex 184.92 88.5658 1.5
      vertex 184.92 88.5658 3
    endloop
  endfacet
  facet normal 0.34321 -0.939259 0
    outer loop
      vertex 182.827 91.061 1.5
      vertex 183.012 91.1286 3
      vertex 182.827 91.061 3
    endloop
  endfacet
  facet normal 0.34321 -0.939259 0
    outer loop
      vertex 183.012 91.1286 3
      vertex 182.827 91.061 1.5
      vertex 183.012 91.1286 1.5
    endloop
  endfacet
  facet normal 0.116047 -0.993244 0
    outer loop
      vertex 183.205 91.1742 1.5
      vertex 183.401 91.1971 3
      vertex 183.205 91.1742 3
    endloop
  endfacet
  facet normal 0.116047 -0.993244 0
    outer loop
      vertex 183.401 91.1971 3
      vertex 183.205 91.1742 1.5
      vertex 183.401 91.1971 1.5
    endloop
  endfacet
  facet normal 0.86568 -0.500598 0
    outer loop
      vertex 181.981 90.263 3
      vertex 182.08 90.4342 1.5
      vertex 182.08 90.4342 3
    endloop
  endfacet
  facet normal 0.86568 -0.500598 0
    outer loop
      vertex 182.08 90.4342 1.5
      vertex 181.981 90.263 3
      vertex 181.981 90.263 1.5
    endloop
  endfacet
  facet normal -0.34321 -0.939259 0
    outer loop
      vertex 183.988 91.1286 1.5
      vertex 184.173 91.061 3
      vertex 183.988 91.1286 3
    endloop
  endfacet
  facet normal -0.34321 -0.939259 -0
    outer loop
      vertex 184.173 91.061 3
      vertex 183.988 91.1286 1.5
      vertex 184.173 91.061 1.5
    endloop
  endfacet
  facet normal 0.549784 0.835307 -0
    outer loop
      vertex 182.65 88.0278 1.5
      vertex 182.485 88.1364 3
      vertex 182.65 88.0278 3
    endloop
  endfacet
  facet normal 0.549784 0.835307 0
    outer loop
      vertex 182.485 88.1364 3
      vertex 182.65 88.0278 1.5
      vertex 182.485 88.1364 1.5
    endloop
  endfacet
  facet normal 0.998451 0.0556381 0
    outer loop
      vertex 181.811 89.3026 3
      vertex 181.8 89.5 1.5
      vertex 181.8 89.5 3
    endloop
  endfacet
  facet normal 0.998451 0.0556381 0
    outer loop
      vertex 181.8 89.5 1.5
      vertex 181.811 89.3026 3
      vertex 181.811 89.3026 1.5
    endloop
  endfacet
  facet normal 0.80212 0.597162 0
    outer loop
      vertex 182.198 88.4073 3
      vertex 182.08 88.5658 1.5
      vertex 182.08 88.5658 3
    endloop
  endfacet
  facet normal 0.80212 0.597162 0
    outer loop
      vertex 182.08 88.5658 1.5
      vertex 182.198 88.4073 3
      vertex 182.198 88.4073 1.5
    endloop
  endfacet
  facet normal -0.448425 0.89382 0
    outer loop
      vertex 184.35 88.0278 1.5
      vertex 184.173 87.939 3
      vertex 184.35 88.0278 3
    endloop
  endfacet
  facet normal -0.448425 0.89382 0
    outer loop
      vertex 184.173 87.939 3
      vertex 184.35 88.0278 1.5
      vertex 184.173 87.939 1.5
    endloop
  endfacet
  facet normal 0.448425 0.89382 -0
    outer loop
      vertex 182.827 87.939 1.5
      vertex 182.65 88.0278 3
      vertex 182.827 87.939 3
    endloop
  endfacet
  facet normal 0.448425 0.89382 0
    outer loop
      vertex 182.65 88.0278 3
      vertex 182.827 87.939 1.5
      vertex 182.65 88.0278 1.5
    endloop
  endfacet
  facet normal 0.918831 -0.394652 0
    outer loop
      vertex 181.903 90.0814 3
      vertex 181.981 90.263 1.5
      vertex 181.981 90.263 3
    endloop
  endfacet
  facet normal 0.918831 -0.394652 0
    outer loop
      vertex 181.981 90.263 1.5
      vertex 181.903 90.0814 3
      vertex 181.903 90.0814 1.5
    endloop
  endfacet
  facet normal 0.116047 0.993244 -0
    outer loop
      vertex 183.401 87.8029 1.5
      vertex 183.205 87.8258 3
      vertex 183.401 87.8029 3
    endloop
  endfacet
  facet normal 0.116047 0.993244 0
    outer loop
      vertex 183.205 87.8258 3
      vertex 183.401 87.8029 1.5
      vertex 183.205 87.8258 1.5
    endloop
  endfacet
  facet normal -0.86568 -0.500598 0
    outer loop
      vertex 185.019 90.263 1.5
      vertex 184.92 90.4342 3
      vertex 184.92 90.4342 1.5
    endloop
  endfacet
  facet normal -0.86568 -0.500598 0
    outer loop
      vertex 184.92 90.4342 3
      vertex 185.019 90.263 1.5
      vertex 185.019 90.263 3
    endloop
  endfacet
  facet normal -0.448425 -0.89382 0
    outer loop
      vertex 184.173 91.061 1.5
      vertex 184.35 90.9722 3
      vertex 184.173 91.061 3
    endloop
  endfacet
  facet normal -0.448425 -0.89382 -0
    outer loop
      vertex 184.35 90.9722 3
      vertex 184.173 91.061 1.5
      vertex 184.35 90.9722 1.5
    endloop
  endfacet
  facet normal 0.34321 0.939259 -0
    outer loop
      vertex 183.012 87.8714 1.5
      vertex 182.827 87.939 3
      vertex 183.012 87.8714 3
    endloop
  endfacet
  facet normal 0.34321 0.939259 0
    outer loop
      vertex 182.827 87.939 3
      vertex 183.012 87.8714 1.5
      vertex 182.827 87.939 1.5
    endloop
  endfacet
  facet normal -0.918831 0.394652 0
    outer loop
      vertex 185.019 88.737 1.5
      vertex 185.097 88.9186 3
      vertex 185.097 88.9186 1.5
    endloop
  endfacet
  facet normal -0.918831 0.394652 0
    outer loop
      vertex 185.097 88.9186 3
      vertex 185.019 88.737 1.5
      vertex 185.019 88.737 3
    endloop
  endfacet
  facet normal -0.729063 -0.684447 0
    outer loop
      vertex 184.802 90.5927 1.5
      vertex 184.667 90.7365 3
      vertex 184.667 90.7365 1.5
    endloop
  endfacet
  facet normal -0.729063 -0.684447 0
    outer loop
      vertex 184.667 90.7365 3
      vertex 184.802 90.5927 1.5
      vertex 184.802 90.5927 3
    endloop
  endfacet
  facet normal 0 -1 0
    outer loop
      vertex 183.401 91.1971 1.5
      vertex 183.599 91.1971 3
      vertex 183.401 91.1971 3
    endloop
  endfacet
  facet normal 0 -1 -0
    outer loop
      vertex 183.599 91.1971 3
      vertex 183.401 91.1971 1.5
      vertex 183.599 91.1971 1.5
    endloop
  endfacet
  facet normal 0.984208 0.177016 0
    outer loop
      vertex 181.846 89.108 3
      vertex 181.811 89.3026 1.5
      vertex 181.811 89.3026 3
    endloop
  endfacet
  facet normal 0.984208 0.177016 0
    outer loop
      vertex 181.811 89.3026 1.5
      vertex 181.846 89.108 3
      vertex 181.846 89.108 1.5
    endloop
  endfacet
  facet normal 0.729063 0.684447 0
    outer loop
      vertex 182.333 88.2635 3
      vertex 182.198 88.4073 1.5
      vertex 182.198 88.4073 3
    endloop
  endfacet
  facet normal 0.729063 0.684447 0
    outer loop
      vertex 182.198 88.4073 1.5
      vertex 182.333 88.2635 3
      vertex 182.333 88.2635 1.5
    endloop
  endfacet
  facet normal 0.80212 -0.597162 0
    outer loop
      vertex 182.08 90.4342 3
      vertex 182.198 90.5927 1.5
      vertex 182.198 90.5927 3
    endloop
  endfacet
  facet normal 0.80212 -0.597162 0
    outer loop
      vertex 182.198 90.5927 1.5
      vertex 182.08 90.4342 3
      vertex 182.08 90.4342 1.5
    endloop
  endfacet
  facet normal 0.998451 -0.0556381 0
    outer loop
      vertex 181.8 89.5 3
      vertex 181.811 89.6974 1.5
      vertex 181.811 89.6974 3
    endloop
  endfacet
  facet normal 0.998451 -0.0556381 0
    outer loop
      vertex 181.811 89.6974 1.5
      vertex 181.8 89.5 3
      vertex 181.8 89.5 1.5
    endloop
  endfacet
  facet normal -0.34321 0.939259 0
    outer loop
      vertex 184.173 87.939 1.5
      vertex 183.988 87.8714 3
      vertex 184.173 87.939 3
    endloop
  endfacet
  facet normal -0.34321 0.939259 0
    outer loop
      vertex 183.988 87.8714 3
      vertex 184.173 87.939 1.5
      vertex 183.988 87.8714 1.5
    endloop
  endfacet
  facet normal 0.918831 0.394652 0
    outer loop
      vertex 181.981 88.737 3
      vertex 181.903 88.9186 1.5
      vertex 181.903 88.9186 3
    endloop
  endfacet
  facet normal 0.918831 0.394652 0
    outer loop
      vertex 181.903 88.9186 1.5
      vertex 181.981 88.737 3
      vertex 181.981 88.737 1.5
    endloop
  endfacet
  facet normal -0.80212 -0.597162 0
    outer loop
      vertex 184.92 90.4342 1.5
      vertex 184.802 90.5927 3
      vertex 184.802 90.5927 1.5
    endloop
  endfacet
  facet normal -0.80212 -0.597162 0
    outer loop
      vertex 184.802 90.5927 3
      vertex 184.92 90.4342 1.5
      vertex 184.92 90.4342 3
    endloop
  endfacet
  facet normal -0.957575 0.288183 0
    outer loop
      vertex 185.097 88.9186 1.5
      vertex 185.154 89.108 3
      vertex 185.154 89.108 1.5
    endloop
  endfacet
  facet normal -0.957575 0.288183 0
    outer loop
      vertex 185.154 89.108 3
      vertex 185.097 88.9186 1.5
      vertex 185.097 88.9186 3
    endloop
  endfacet
  facet normal -0.918831 -0.394652 0
    outer loop
      vertex 185.097 90.0814 1.5
      vertex 185.019 90.263 3
      vertex 185.019 90.263 1.5
    endloop
  endfacet
  facet normal -0.918831 -0.394652 0
    outer loop
      vertex 185.019 90.263 3
      vertex 185.097 90.0814 1.5
      vertex 185.097 90.0814 3
    endloop
  endfacet
  facet normal -0.229939 0.973205 0
    outer loop
      vertex 183.988 87.8714 1.5
      vertex 183.795 87.8258 3
      vertex 183.988 87.8714 3
    endloop
  endfacet
  facet normal -0.229939 0.973205 0
    outer loop
      vertex 183.795 87.8258 3
      vertex 183.988 87.8714 1.5
      vertex 183.795 87.8258 1.5
    endloop
  endfacet
  facet normal 0.641474 -0.767145 0
    outer loop
      vertex 182.333 90.7365 1.5
      vertex 182.485 90.8636 3
      vertex 182.333 90.7365 3
    endloop
  endfacet
  facet normal 0.641474 -0.767145 0
    outer loop
      vertex 182.485 90.8636 3
      vertex 182.333 90.7365 1.5
      vertex 182.485 90.8636 1.5
    endloop
  endfacet
  facet normal -0.80212 0.597162 0
    outer loop
      vertex 184.802 88.4073 1.5
      vertex 184.92 88.5658 3
      vertex 184.92 88.5658 1.5
    endloop
  endfacet
  facet normal -0.80212 0.597162 0
    outer loop
      vertex 184.92 88.5658 3
      vertex 184.802 88.4073 1.5
      vertex 184.802 88.4073 3
    endloop
  endfacet
  facet normal 0.957575 -0.288183 0
    outer loop
      vertex 181.846 89.892 3
      vertex 181.903 90.0814 1.5
      vertex 181.903 90.0814 3
    endloop
  endfacet
  facet normal 0.957575 -0.288183 0
    outer loop
      vertex 181.903 90.0814 1.5
      vertex 181.846 89.892 3
      vertex 181.846 89.892 1.5
    endloop
  endfacet
  facet normal 0.984208 -0.177016 0
    outer loop
      vertex 181.811 89.6974 3
      vertex 181.846 89.892 1.5
      vertex 181.846 89.892 3
    endloop
  endfacet
  facet normal 0.984208 -0.177016 0
    outer loop
      vertex 181.846 89.892 1.5
      vertex 181.811 89.6974 3
      vertex 181.811 89.6974 1.5
    endloop
  endfacet
  facet normal 0.86568 0.500598 0
    outer loop
      vertex 182.08 88.5658 3
      vertex 181.981 88.737 1.5
      vertex 181.981 88.737 3
    endloop
  endfacet
  facet normal 0.86568 0.500598 0
    outer loop
      vertex 181.981 88.737 1.5
      vertex 182.08 88.5658 3
      vertex 182.08 88.5658 1.5
    endloop
  endfacet
  facet normal 0.957575 0.288183 0
    outer loop
      vertex 181.903 88.9186 3
      vertex 181.846 89.108 1.5
      vertex 181.846 89.108 3
    endloop
  endfacet
  facet normal 0.957575 0.288183 0
    outer loop
      vertex 181.846 89.108 1.5
      vertex 181.903 88.9186 3
      vertex 181.903 88.9186 1.5
    endloop
  endfacet
  facet normal -0.229939 -0.973205 0
    outer loop
      vertex 183.795 91.1742 1.5
      vertex 183.988 91.1286 3
      vertex 183.795 91.1742 3
    endloop
  endfacet
  facet normal -0.229939 -0.973205 -0
    outer loop
      vertex 183.988 91.1286 3
      vertex 183.795 91.1742 1.5
      vertex 183.988 91.1286 1.5
    endloop
  endfacet
  facet normal -0.116047 0.993244 0
    outer loop
      vertex 183.795 87.8258 1.5
      vertex 183.599 87.8029 3
      vertex 183.795 87.8258 3
    endloop
  endfacet
  facet normal -0.116047 0.993244 0
    outer loop
      vertex 183.599 87.8029 3
      vertex 183.795 87.8258 1.5
      vertex 183.599 87.8029 1.5
    endloop
  endfacet
  facet normal 0.549784 -0.835307 0
    outer loop
      vertex 182.485 90.8636 1.5
      vertex 182.65 90.9722 3
      vertex 182.485 90.8636 3
    endloop
  endfacet
  facet normal 0.549784 -0.835307 0
    outer loop
      vertex 182.65 90.9722 3
      vertex 182.485 90.8636 1.5
      vertex 182.65 90.9722 1.5
    endloop
  endfacet
  facet normal 0.448425 -0.89382 0
    outer loop
      vertex 182.65 90.9722 1.5
      vertex 182.827 91.061 3
      vertex 182.65 90.9722 3
    endloop
  endfacet
  facet normal 0.448425 -0.89382 0
    outer loop
      vertex 182.827 91.061 3
      vertex 182.65 90.9722 1.5
      vertex 182.827 91.061 1.5
    endloop
  endfacet
  facet normal 0.253898 -0.967231 0
    outer loop
      vertex 182.618 92.4719 9.53674e-07
      vertex 182.81 92.5223 1.5
      vertex 182.618 92.4719 1.5
    endloop
  endfacet
  facet normal 0.253898 -0.967231 0
    outer loop
      vertex 182.81 92.5223 1.5
      vertex 182.618 92.4719 9.53674e-07
      vertex 182.81 92.5223 9.53674e-07
    endloop
  endfacet
  facet normal -0.995418 0.0956165 0
    outer loop
      vertex 186.575 89.1036 9.53674e-07
      vertex 186.594 89.3014 1.5
      vertex 186.594 89.3014 9.53674e-07
    endloop
  endfacet
  facet normal -0.995418 0.0956165 0
    outer loop
      vertex 186.594 89.3014 1.5
      vertex 186.575 89.1036 9.53674e-07
      vertex 186.575 89.1036 1.5
    endloop
  endfacet
  facet normal -0.999544 0.0301977 0
    outer loop
      vertex 186.594 89.3014 9.53674e-07
      vertex 186.6 89.5 1.5
      vertex 186.6 89.5 9.53674e-07
    endloop
  endfacet
  facet normal -0.999544 0.0301977 0
    outer loop
      vertex 186.6 89.5 1.5
      vertex 186.594 89.3014 9.53674e-07
      vertex 186.594 89.3014 1.5
    endloop
  endfacet
  facet normal -0.986959 0.160972 0
    outer loop
      vertex 186.543 88.9074 9.53674e-07
      vertex 186.575 89.1036 1.5
      vertex 186.575 89.1036 9.53674e-07
    endloop
  endfacet
  facet normal -0.986959 0.160972 0
    outer loop
      vertex 186.575 89.1036 1.5
      vertex 186.543 88.9074 9.53674e-07
      vertex 186.543 88.9074 1.5
    endloop
  endfacet
  facet normal -0.93787 -0.346987 0
    outer loop
      vertex 186.442 90.4768 9.53674e-07
      vertex 186.373 90.6633 1.5
      vertex 186.373 90.6633 9.53674e-07
    endloop
  endfacet
  facet normal -0.93787 -0.346987 0
    outer loop
      vertex 186.373 90.6633 1.5
      vertex 186.442 90.4768 9.53674e-07
      vertex 186.442 90.4768 1.5
    endloop
  endfacet
  facet normal -0.49136 0.870956 0
    outer loop
      vertex 185.107 86.8491 9.53674e-07
      vertex 184.934 86.7515 1.5
      vertex 185.107 86.8491 1.5
    endloop
  endfacet
  facet normal -0.49136 0.870956 0
    outer loop
      vertex 184.934 86.7515 1.5
      vertex 185.107 86.8491 9.53674e-07
      vertex 184.934 86.7515 9.53674e-07
    endloop
  endfacet
  facet normal -0.695195 0.718821 0
    outer loop
      vertex 185.727 87.3434 9.53674e-07
      vertex 185.584 87.2051 1.5
      vertex 185.727 87.3434 1.5
    endloop
  endfacet
  facet normal -0.695195 0.718821 0
    outer loop
      vertex 185.584 87.2051 1.5
      vertex 185.727 87.3434 9.53674e-07
      vertex 185.584 87.2051 9.53674e-07
    endloop
  endfacet
  facet normal -0.915218 0.402958 0
    outer loop
      vertex 186.293 88.155 9.53674e-07
      vertex 186.373 88.3367 1.5
      vertex 186.373 88.3367 9.53674e-07
    endloop
  endfacet
  facet normal -0.915218 0.402958 0
    outer loop
      vertex 186.373 88.3367 1.5
      vertex 186.293 88.155 9.53674e-07
      vertex 186.293 88.155 1.5
    endloop
  endfacet
  facet normal -0.253898 -0.967231 0
    outer loop
      vertex 184.19 92.5223 9.53674e-07
      vertex 184.382 92.4719 1.5
      vertex 184.19 92.5223 1.5
    endloop
  endfacet
  facet normal -0.253898 -0.967231 -0
    outer loop
      vertex 184.382 92.4719 1.5
      vertex 184.19 92.5223 9.53674e-07
      vertex 184.382 92.4719 9.53674e-07
    endloop
  endfacet
  facet normal 0.375296 0.926905 -0
    outer loop
      vertex 182.429 86.5908 9.53674e-07
      vertex 182.245 86.6653 1.5
      vertex 182.429 86.5908 1.5
    endloop
  endfacet
  facet normal 0.375296 0.926905 0
    outer loop
      vertex 182.245 86.6653 1.5
      vertex 182.429 86.5908 9.53674e-07
      vertex 182.245 86.6653 9.53674e-07
    endloop
  endfacet
  facet normal 0.127875 0.99179 -0
    outer loop
      vertex 183.202 86.4143 9.53674e-07
      vertex 183.005 86.4397 1.5
      vertex 183.202 86.4143 1.5
    endloop
  endfacet
  facet normal 0.127875 0.99179 0
    outer loop
      vertex 183.005 86.4397 1.5
      vertex 183.202 86.4143 9.53674e-07
      vertex 183.005 86.4397 9.53674e-07
    endloop
  endfacet
  facet normal 0.781653 -0.623713 0
    outer loop
      vertex 181.016 91.3541 1.5
      vertex 181.14 91.5095 9.53674e-07
      vertex 181.14 91.5095 1.5
    endloop
  endfacet
  facet normal 0.781653 -0.623713 0
    outer loop
      vertex 181.14 91.5095 9.53674e-07
      vertex 181.016 91.3541 1.5
      vertex 181.016 91.3541 9.53674e-07
    endloop
  endfacet
  facet normal -0.975158 0.221512 0
    outer loop
      vertex 186.499 88.7137 9.53674e-07
      vertex 186.543 88.9074 1.5
      vertex 186.543 88.9074 9.53674e-07
    endloop
  endfacet
  facet normal -0.975158 0.221512 0
    outer loop
      vertex 186.543 88.9074 1.5
      vertex 186.499 88.7137 9.53674e-07
      vertex 186.499 88.7137 1.5
    endloop
  endfacet
  facet normal -0.648964 -0.760819 0
    outer loop
      vertex 185.433 91.9237 9.53674e-07
      vertex 185.584 91.7949 1.5
      vertex 185.433 91.9237 1.5
    endloop
  endfacet
  facet normal -0.648964 -0.760819 -0
    outer loop
      vertex 185.584 91.7949 1.5
      vertex 185.433 91.9237 9.53674e-07
      vertex 185.584 91.7949 9.53674e-07
    endloop
  endfacet
  facet normal -0.648964 0.760819 0
    outer loop
      vertex 185.584 87.2051 9.53674e-07
      vertex 185.433 87.0763 1.5
      vertex 185.584 87.2051 1.5
    endloop
  endfacet
  facet normal -0.648964 0.760819 0
    outer loop
      vertex 185.433 87.0763 1.5
      vertex 185.584 87.2051 9.53674e-07
      vertex 185.433 87.0763 9.53674e-07
    endloop
  endfacet
  facet normal 0.741763 0.670662 0
    outer loop
      vertex 181.273 87.3434 1.5
      vertex 181.14 87.4905 9.53674e-07
      vertex 181.14 87.4905 1.5
    endloop
  endfacet
  facet normal 0.741763 0.670662 0
    outer loop
      vertex 181.14 87.4905 9.53674e-07
      vertex 181.273 87.3434 1.5
      vertex 181.273 87.3434 9.53674e-07
    endloop
  endfacet
  facet normal -0.544459 0.838788 0
    outer loop
      vertex 185.274 86.9575 9.53674e-07
      vertex 185.107 86.8491 1.5
      vertex 185.274 86.9575 1.5
    endloop
  endfacet
  facet normal -0.544459 0.838788 0
    outer loop
      vertex 185.107 86.8491 1.5
      vertex 185.274 86.9575 9.53674e-07
      vertex 185.107 86.8491 9.53674e-07
    endloop
  endfacet
  facet normal 0.995418 0.0956165 0
    outer loop
      vertex 180.425 89.1036 1.5
      vertex 180.406 89.3014 9.53674e-07
      vertex 180.406 89.3014 1.5
    endloop
  endfacet
  facet normal 0.995418 0.0956165 0
    outer loop
      vertex 180.406 89.3014 9.53674e-07
      vertex 180.425 89.1036 1.5
      vertex 180.425 89.1036 9.53674e-07
    endloop
  endfacet
  facet normal -0.999544 -0.0301977 0
    outer loop
      vertex 186.6 89.5 9.53674e-07
      vertex 186.594 89.6986 1.5
      vertex 186.594 89.6986 9.53674e-07
    endloop
  endfacet
  facet normal -0.999544 -0.0301977 0
    outer loop
      vertex 186.594 89.6986 1.5
      vertex 186.6 89.5 9.53674e-07
      vertex 186.6 89.5 1.5
    endloop
  endfacet
  facet normal -0.191274 -0.981537 0
    outer loop
      vertex 183.995 92.5603 9.53674e-07
      vertex 184.19 92.5223 1.5
      vertex 183.995 92.5603 1.5
    endloop
  endfacet
  facet normal -0.191274 -0.981537 -0
    outer loop
      vertex 184.19 92.5223 1.5
      vertex 183.995 92.5603 9.53674e-07
      vertex 184.19 92.5223 9.53674e-07
    endloop
  endfacet
  facet normal -0.314872 -0.949134 0
    outer loop
      vertex 184.382 92.4719 9.53674e-07
      vertex 184.571 92.4092 1.5
      vertex 184.382 92.4719 1.5
    endloop
  endfacet
  facet normal -0.314872 -0.949134 -0
    outer loop
      vertex 184.571 92.4092 1.5
      vertex 184.382 92.4719 9.53674e-07
      vertex 184.571 92.4092 9.53674e-07
    endloop
  endfacet
  facet normal 0.544459 0.838788 -0
    outer loop
      vertex 181.893 86.8491 9.53674e-07
      vertex 181.726 86.9575 1.5
      vertex 181.893 86.8491 1.5
    endloop
  endfacet
  facet normal 0.544459 0.838788 0
    outer loop
      vertex 181.726 86.9575 1.5
      vertex 181.893 86.8491 9.53674e-07
      vertex 181.726 86.9575 9.53674e-07
    endloop
  endfacet
  facet normal 0.975158 -0.221512 0
    outer loop
      vertex 180.457 90.0926 1.5
      vertex 180.501 90.2863 9.53674e-07
      vertex 180.501 90.2863 1.5
    endloop
  endfacet
  facet normal 0.975158 -0.221512 0
    outer loop
      vertex 180.501 90.2863 9.53674e-07
      vertex 180.457 90.0926 1.5
      vertex 180.457 90.0926 9.53674e-07
    endloop
  endfacet
  facet normal -0.695195 -0.718821 0
    outer loop
      vertex 185.584 91.7949 9.53674e-07
      vertex 185.727 91.6566 1.5
      vertex 185.584 91.7949 1.5
    endloop
  endfacet
  facet normal -0.695195 -0.718821 -0
    outer loop
      vertex 185.727 91.6566 1.5
      vertex 185.584 91.7949 9.53674e-07
      vertex 185.727 91.6566 9.53674e-07
    endloop
  endfacet
  facet normal 0.958034 -0.286656 0
    outer loop
      vertex 180.501 90.2863 1.5
      vertex 180.558 90.4768 9.53674e-07
      vertex 180.558 90.4768 1.5
    endloop
  endfacet
  facet normal 0.958034 -0.286656 0
    outer loop
      vertex 180.558 90.4768 9.53674e-07
      vertex 180.501 90.2863 1.5
      vertex 180.501 90.2863 9.53674e-07
    endloop
  endfacet
  facet normal 0.314872 -0.949134 0
    outer loop
      vertex 182.429 92.4092 9.53674e-07
      vertex 182.618 92.4719 1.5
      vertex 182.429 92.4092 1.5
    endloop
  endfacet
  facet normal 0.314872 -0.949134 0
    outer loop
      vertex 182.618 92.4719 1.5
      vertex 182.429 92.4092 9.53674e-07
      vertex 182.618 92.4719 9.53674e-07
    endloop
  endfacet
  facet normal 0.741763 -0.670662 0
    outer loop
      vertex 181.14 91.5095 1.5
      vertex 181.273 91.6566 9.53674e-07
      vertex 181.273 91.6566 1.5
    endloop
  endfacet
  facet normal 0.741763 -0.670662 0
    outer loop
      vertex 181.273 91.6566 9.53674e-07
      vertex 181.14 91.5095 1.5
      vertex 181.14 91.5095 9.53674e-07
    endloop
  endfacet
  facet normal -0.975158 -0.221512 0
    outer loop
      vertex 186.543 90.0926 9.53674e-07
      vertex 186.499 90.2863 1.5
      vertex 186.499 90.2863 9.53674e-07
    endloop
  endfacet
  facet normal -0.975158 -0.221512 0
    outer loop
      vertex 186.499 90.2863 1.5
      vertex 186.543 90.0926 9.53674e-07
      vertex 186.543 90.0926 1.5
    endloop
  endfacet
  facet normal 0.49136 -0.870956 0
    outer loop
      vertex 181.893 92.1509 9.53674e-07
      vertex 182.066 92.2485 1.5
      vertex 181.893 92.1509 1.5
    endloop
  endfacet
  facet normal 0.49136 -0.870956 0
    outer loop
      vertex 182.066 92.2485 1.5
      vertex 181.893 92.1509 9.53674e-07
      vertex 182.066 92.2485 9.53674e-07
    endloop
  endfacet
  facet normal -0.886441 0.462841 0
    outer loop
      vertex 186.201 87.9788 9.53674e-07
      vertex 186.293 88.155 1.5
      vertex 186.293 88.155 9.53674e-07
    endloop
  endfacet
  facet normal -0.886441 0.462841 0
    outer loop
      vertex 186.293 88.155 1.5
      vertex 186.201 87.9788 9.53674e-07
      vertex 186.201 87.9788 1.5
    endloop
  endfacet
  facet normal 0.433876 -0.900973 0
    outer loop
      vertex 182.066 92.2485 9.53674e-07
      vertex 182.245 92.3347 1.5
      vertex 182.066 92.2485 1.5
    endloop
  endfacet
  facet normal 0.433876 -0.900973 0
    outer loop
      vertex 182.245 92.3347 1.5
      vertex 182.066 92.2485 9.53674e-07
      vertex 182.245 92.3347 9.53674e-07
    endloop
  endfacet
  facet normal -0.855265 0.51819 0
    outer loop
      vertex 186.098 87.8088 9.53674e-07
      vertex 186.201 87.9788 1.5
      vertex 186.201 87.9788 9.53674e-07
    endloop
  endfacet
  facet normal -0.855265 0.51819 0
    outer loop
      vertex 186.201 87.9788 1.5
      vertex 186.098 87.8088 9.53674e-07
      vertex 186.098 87.8088 1.5
    endloop
  endfacet
  facet normal -0.49136 -0.870956 0
    outer loop
      vertex 184.934 92.2485 9.53674e-07
      vertex 185.107 92.1509 1.5
      vertex 184.934 92.2485 1.5
    endloop
  endfacet
  facet normal -0.49136 -0.870956 -0
    outer loop
      vertex 185.107 92.1509 1.5
      vertex 184.934 92.2485 9.53674e-07
      vertex 185.107 92.1509 9.53674e-07
    endloop
  endfacet
  facet normal 0.544459 -0.838788 0
    outer loop
      vertex 181.726 92.0425 9.53674e-07
      vertex 181.893 92.1509 1.5
      vertex 181.726 92.0425 1.5
    endloop
  endfacet
  facet normal 0.544459 -0.838788 0
    outer loop
      vertex 181.893 92.1509 1.5
      vertex 181.726 92.0425 9.53674e-07
      vertex 181.893 92.1509 9.53674e-07
    endloop
  endfacet
  facet normal 0.855265 -0.51819 0
    outer loop
      vertex 180.799 91.0212 1.5
      vertex 180.902 91.1912 9.53674e-07
      vertex 180.902 91.1912 1.5
    endloop
  endfacet
  facet normal 0.855265 -0.51819 0
    outer loop
      vertex 180.902 91.1912 9.53674e-07
      vertex 180.799 91.0212 1.5
      vertex 180.799 91.0212 9.53674e-07
    endloop
  endfacet
  facet normal 0.598548 0.801087 -0
    outer loop
      vertex 181.726 86.9575 9.53674e-07
      vertex 181.567 87.0763 1.5
      vertex 181.726 86.9575 1.5
    endloop
  endfacet
  facet normal 0.598548 0.801087 0
    outer loop
      vertex 181.567 87.0763 1.5
      vertex 181.726 86.9575 9.53674e-07
      vertex 181.567 87.0763 9.53674e-07
    endloop
  endfacet
  facet normal 0.986959 -0.160972 0
    outer loop
      vertex 180.425 89.8964 1.5
      vertex 180.457 90.0926 9.53674e-07
      vertex 180.457 90.0926 1.5
    endloop
  endfacet
  facet normal 0.986959 -0.160972 0
    outer loop
      vertex 180.457 90.0926 9.53674e-07
      vertex 180.425 89.8964 1.5
      vertex 180.425 89.8964 9.53674e-07
    endloop
  endfacet
  facet normal 0.915218 0.402958 0
    outer loop
      vertex 180.707 88.155 1.5
      vertex 180.627 88.3367 9.53674e-07
      vertex 180.627 88.3367 1.5
    endloop
  endfacet
  facet normal 0.915218 0.402958 0
    outer loop
      vertex 180.627 88.3367 9.53674e-07
      vertex 180.707 88.155 1.5
      vertex 180.707 88.155 9.53674e-07
    endloop
  endfacet
  facet normal -0.819303 0.573361 0
    outer loop
      vertex 185.984 87.6459 9.53674e-07
      vertex 186.098 87.8088 1.5
      vertex 186.098 87.8088 9.53674e-07
    endloop
  endfacet
  facet normal -0.819303 0.573361 0
    outer loop
      vertex 186.098 87.8088 1.5
      vertex 185.984 87.6459 9.53674e-07
      vertex 185.984 87.6459 1.5
    endloop
  endfacet
  facet normal 0.191274 0.981537 -0
    outer loop
      vertex 183.005 86.4397 9.53674e-07
      vertex 182.81 86.4777 1.5
      vertex 183.005 86.4397 1.5
    endloop
  endfacet
  facet normal 0.191274 0.981537 0
    outer loop
      vertex 182.81 86.4777 1.5
      vertex 183.005 86.4397 9.53674e-07
      vertex 182.81 86.4777 9.53674e-07
    endloop
  endfacet
  facet normal -0.375296 0.926905 0
    outer loop
      vertex 184.755 86.6653 9.53674e-07
      vertex 184.571 86.5908 1.5
      vertex 184.755 86.6653 1.5
    endloop
  endfacet
  facet normal -0.375296 0.926905 0
    outer loop
      vertex 184.571 86.5908 1.5
      vertex 184.755 86.6653 9.53674e-07
      vertex 184.571 86.5908 9.53674e-07
    endloop
  endfacet
  facet normal 0.253898 0.967231 -0
    outer loop
      vertex 182.81 86.4777 9.53674e-07
      vertex 182.618 86.5281 1.5
      vertex 182.81 86.4777 1.5
    endloop
  endfacet
  facet normal 0.253898 0.967231 0
    outer loop
      vertex 182.618 86.5281 1.5
      vertex 182.81 86.4777 9.53674e-07
      vertex 182.618 86.5281 9.53674e-07
    endloop
  endfacet
  facet normal 0 -1 0
    outer loop
      vertex 183.401 92.5984 9.53674e-07
      vertex 183.599 92.5984 1.5
      vertex 183.401 92.5984 1.5
    endloop
  endfacet
  facet normal 0 -1 -0
    outer loop
      vertex 183.599 92.5984 1.5
      vertex 183.401 92.5984 9.53674e-07
      vertex 183.599 92.5984 9.53674e-07
    endloop
  endfacet
  facet normal -0.127875 0.99179 0
    outer loop
      vertex 183.995 86.4397 9.53674e-07
      vertex 183.798 86.4143 1.5
      vertex 183.995 86.4397 1.5
    endloop
  endfacet
  facet normal -0.127875 0.99179 0
    outer loop
      vertex 183.798 86.4143 1.5
      vertex 183.995 86.4397 9.53674e-07
      vertex 183.798 86.4143 9.53674e-07
    endloop
  endfacet
  facet normal -0.886441 -0.462841 0
    outer loop
      vertex 186.293 90.845 9.53674e-07
      vertex 186.201 91.0212 1.5
      vertex 186.201 91.0212 9.53674e-07
    endloop
  endfacet
  facet normal -0.886441 -0.462841 0
    outer loop
      vertex 186.201 91.0212 1.5
      vertex 186.293 90.845 9.53674e-07
      vertex 186.293 90.845 1.5
    endloop
  endfacet
  facet normal -0.819303 -0.573361 0
    outer loop
      vertex 186.098 91.1912 9.53674e-07
      vertex 185.984 91.3541 1.5
      vertex 185.984 91.3541 9.53674e-07
    endloop
  endfacet
  facet normal -0.819303 -0.573361 0
    outer loop
      vertex 185.984 91.3541 1.5
      vertex 186.098 91.1912 9.53674e-07
      vertex 186.098 91.1912 1.5
    endloop
  endfacet
  facet normal -0.855265 -0.51819 0
    outer loop
      vertex 186.201 91.0212 9.53674e-07
      vertex 186.098 91.1912 1.5
      vertex 186.098 91.1912 9.53674e-07
    endloop
  endfacet
  facet normal -0.855265 -0.51819 0
    outer loop
      vertex 186.098 91.1912 1.5
      vertex 186.201 91.0212 9.53674e-07
      vertex 186.201 91.0212 1.5
    endloop
  endfacet
  facet normal -0.544459 -0.838788 0
    outer loop
      vertex 185.107 92.1509 9.53674e-07
      vertex 185.274 92.0425 1.5
      vertex 185.107 92.1509 1.5
    endloop
  endfacet
  facet normal -0.544459 -0.838788 -0
    outer loop
      vertex 185.274 92.0425 1.5
      vertex 185.107 92.1509 9.53674e-07
      vertex 185.274 92.0425 9.53674e-07
    endloop
  endfacet
  facet normal 0.819303 -0.573361 0
    outer loop
      vertex 180.902 91.1912 1.5
      vertex 181.016 91.3541 9.53674e-07
      vertex 181.016 91.3541 1.5
    endloop
  endfacet
  facet normal 0.819303 -0.573361 0
    outer loop
      vertex 181.016 91.3541 9.53674e-07
      vertex 180.902 91.1912 1.5
      vertex 180.902 91.1912 9.53674e-07
    endloop
  endfacet
  facet normal -0.915218 -0.402958 0
    outer loop
      vertex 186.373 90.6633 9.53674e-07
      vertex 186.293 90.845 1.5
      vertex 186.293 90.845 9.53674e-07
    endloop
  endfacet
  facet normal -0.915218 -0.402958 0
    outer loop
      vertex 186.293 90.845 1.5
      vertex 186.373 90.6633 9.53674e-07
      vertex 186.373 90.6633 1.5
    endloop
  endfacet
  facet normal 0.819303 0.573361 0
    outer loop
      vertex 181.016 87.6459 1.5
      vertex 180.902 87.8088 9.53674e-07
      vertex 180.902 87.8088 1.5
    endloop
  endfacet
  facet normal 0.819303 0.573361 0
    outer loop
      vertex 180.902 87.8088 9.53674e-07
      vertex 181.016 87.6459 1.5
      vertex 181.016 87.6459 9.53674e-07
    endloop
  endfacet
  facet normal 0.49136 0.870956 -0
    outer loop
      vertex 182.066 86.7515 9.53674e-07
      vertex 181.893 86.8491 1.5
      vertex 182.066 86.7515 1.5
    endloop
  endfacet
  facet normal 0.49136 0.870956 0
    outer loop
      vertex 181.893 86.8491 1.5
      vertex 182.066 86.7515 9.53674e-07
      vertex 181.893 86.8491 9.53674e-07
    endloop
  endfacet
  facet normal 0.93787 0.346987 0
    outer loop
      vertex 180.627 88.3367 1.5
      vertex 180.558 88.5232 9.53674e-07
      vertex 180.558 88.5232 1.5
    endloop
  endfacet
  facet normal 0.93787 0.346987 0
    outer loop
      vertex 180.558 88.5232 9.53674e-07
      vertex 180.627 88.3367 1.5
      vertex 180.627 88.3367 9.53674e-07
    endloop
  endfacet
  facet normal -0.781653 -0.623713 0
    outer loop
      vertex 185.984 91.3541 9.53674e-07
      vertex 185.86 91.5095 1.5
      vertex 185.86 91.5095 9.53674e-07
    endloop
  endfacet
  facet normal -0.781653 -0.623713 0
    outer loop
      vertex 185.86 91.5095 1.5
      vertex 185.984 91.3541 9.53674e-07
      vertex 185.984 91.3541 1.5
    endloop
  endfacet
  facet normal 0.995418 -0.0956165 0
    outer loop
      vertex 180.406 89.6986 1.5
      vertex 180.425 89.8964 9.53674e-07
      vertex 180.425 89.8964 1.5
    endloop
  endfacet
  facet normal 0.995418 -0.0956165 0
    outer loop
      vertex 180.425 89.8964 9.53674e-07
      vertex 180.406 89.6986 1.5
      vertex 180.406 89.6986 9.53674e-07
    endloop
  endfacet
  facet normal 0.598548 -0.801087 0
    outer loop
      vertex 181.567 91.9237 9.53674e-07
      vertex 181.726 92.0425 1.5
      vertex 181.567 91.9237 1.5
    endloop
  endfacet
  facet normal 0.598548 -0.801087 0
    outer loop
      vertex 181.726 92.0425 1.5
      vertex 181.567 91.9237 9.53674e-07
      vertex 181.726 92.0425 9.53674e-07
    endloop
  endfacet
  facet normal 0.0636895 0.99797 -0
    outer loop
      vertex 183.401 86.4016 9.53674e-07
      vertex 183.202 86.4143 1.5
      vertex 183.401 86.4016 1.5
    endloop
  endfacet
  facet normal 0.0636895 0.99797 0
    outer loop
      vertex 183.202 86.4143 1.5
      vertex 183.401 86.4016 9.53674e-07
      vertex 183.202 86.4143 9.53674e-07
    endloop
  endfacet
  facet normal -0.375296 -0.926905 0
    outer loop
      vertex 184.571 92.4092 9.53674e-07
      vertex 184.755 92.3347 1.5
      vertex 184.571 92.4092 1.5
    endloop
  endfacet
  facet normal -0.375296 -0.926905 -0
    outer loop
      vertex 184.755 92.3347 1.5
      vertex 184.571 92.4092 9.53674e-07
      vertex 184.755 92.3347 9.53674e-07
    endloop
  endfacet
  facet normal -0.0636895 -0.99797 0
    outer loop
      vertex 183.599 92.5984 9.53674e-07
      vertex 183.798 92.5857 1.5
      vertex 183.599 92.5984 1.5
    endloop
  endfacet
  facet normal -0.0636895 -0.99797 -0
    outer loop
      vertex 183.798 92.5857 1.5
      vertex 183.599 92.5984 9.53674e-07
      vertex 183.798 92.5857 9.53674e-07
    endloop
  endfacet
  facet normal 0.93787 -0.346987 0
    outer loop
      vertex 180.558 90.4768 1.5
      vertex 180.627 90.6633 9.53674e-07
      vertex 180.627 90.6633 1.5
    endloop
  endfacet
  facet normal 0.93787 -0.346987 0
    outer loop
      vertex 180.627 90.6633 9.53674e-07
      vertex 180.558 90.4768 1.5
      vertex 180.558 90.4768 9.53674e-07
    endloop
  endfacet
  facet normal -0.93787 0.346987 0
    outer loop
      vertex 186.373 88.3367 9.53674e-07
      vertex 186.442 88.5232 1.5
      vertex 186.442 88.5232 9.53674e-07
    endloop
  endfacet
  facet normal -0.93787 0.346987 0
    outer loop
      vertex 186.442 88.5232 1.5
      vertex 186.373 88.3367 9.53674e-07
      vertex 186.373 88.3367 1.5
    endloop
  endfacet
  facet normal 0.915218 -0.402958 0
    outer loop
      vertex 180.627 90.6633 1.5
      vertex 180.707 90.845 9.53674e-07
      vertex 180.707 90.845 1.5
    endloop
  endfacet
  facet normal 0.915218 -0.402958 0
    outer loop
      vertex 180.707 90.845 9.53674e-07
      vertex 180.627 90.6633 1.5
      vertex 180.627 90.6633 9.53674e-07
    endloop
  endfacet
  facet normal 0.127875 -0.99179 0
    outer loop
      vertex 183.005 92.5603 9.53674e-07
      vertex 183.202 92.5857 1.5
      vertex 183.005 92.5603 1.5
    endloop
  endfacet
  facet normal 0.127875 -0.99179 0
    outer loop
      vertex 183.202 92.5857 1.5
      vertex 183.005 92.5603 9.53674e-07
      vertex 183.202 92.5857 9.53674e-07
    endloop
  endfacet
  facet normal 0.999544 -0.0301977 0
    outer loop
      vertex 180.4 89.5 1.5
      vertex 180.406 89.6986 9.53674e-07
      vertex 180.406 89.6986 1.5
    endloop
  endfacet
  facet normal 0.999544 -0.0301977 0
    outer loop
      vertex 180.406 89.6986 9.53674e-07
      vertex 180.4 89.5 1.5
      vertex 180.4 89.5 9.53674e-07
    endloop
  endfacet
  facet normal 0.433876 0.900973 -0
    outer loop
      vertex 182.245 86.6653 9.53674e-07
      vertex 182.066 86.7515 1.5
      vertex 182.245 86.6653 1.5
    endloop
  endfacet
  facet normal 0.433876 0.900973 0
    outer loop
      vertex 182.066 86.7515 1.5
      vertex 182.245 86.6653 9.53674e-07
      vertex 182.066 86.7515 9.53674e-07
    endloop
  endfacet
  facet normal -0.958034 0.286656 0
    outer loop
      vertex 186.442 88.5232 9.53674e-07
      vertex 186.499 88.7137 1.5
      vertex 186.499 88.7137 9.53674e-07
    endloop
  endfacet
  facet normal -0.958034 0.286656 0
    outer loop
      vertex 186.499 88.7137 1.5
      vertex 186.442 88.5232 9.53674e-07
      vertex 186.442 88.5232 1.5
    endloop
  endfacet
  facet normal 0.855265 0.51819 0
    outer loop
      vertex 180.902 87.8088 1.5
      vertex 180.799 87.9788 9.53674e-07
      vertex 180.799 87.9788 1.5
    endloop
  endfacet
  facet normal 0.855265 0.51819 0
    outer loop
      vertex 180.799 87.9788 9.53674e-07
      vertex 180.902 87.8088 1.5
      vertex 180.902 87.8088 9.53674e-07
    endloop
  endfacet
  facet normal 0.958034 0.286656 0
    outer loop
      vertex 180.558 88.5232 1.5
      vertex 180.501 88.7137 9.53674e-07
      vertex 180.501 88.7137 1.5
    endloop
  endfacet
  facet normal 0.958034 0.286656 0
    outer loop
      vertex 180.501 88.7137 9.53674e-07
      vertex 180.558 88.5232 1.5
      vertex 180.558 88.5232 9.53674e-07
    endloop
  endfacet
  facet normal 0.314872 0.949134 -0
    outer loop
      vertex 182.618 86.5281 9.53674e-07
      vertex 182.429 86.5908 1.5
      vertex 182.618 86.5281 1.5
    endloop
  endfacet
  facet normal 0.314872 0.949134 0
    outer loop
      vertex 182.429 86.5908 1.5
      vertex 182.618 86.5281 9.53674e-07
      vertex 182.429 86.5908 9.53674e-07
    endloop
  endfacet
  facet normal -0.127875 -0.99179 0
    outer loop
      vertex 183.798 92.5857 9.53674e-07
      vertex 183.995 92.5603 1.5
      vertex 183.798 92.5857 1.5
    endloop
  endfacet
  facet normal -0.127875 -0.99179 -0
    outer loop
      vertex 183.995 92.5603 1.5
      vertex 183.798 92.5857 9.53674e-07
      vertex 183.995 92.5603 9.53674e-07
    endloop
  endfacet
  facet normal 0.886441 -0.462841 0
    outer loop
      vertex 180.707 90.845 1.5
      vertex 180.799 91.0212 9.53674e-07
      vertex 180.799 91.0212 1.5
    endloop
  endfacet
  facet normal 0.886441 -0.462841 0
    outer loop
      vertex 180.799 91.0212 9.53674e-07
      vertex 180.707 90.845 1.5
      vertex 180.707 90.845 9.53674e-07
    endloop
  endfacet
  facet normal -0.598548 0.801087 0
    outer loop
      vertex 185.433 87.0763 9.53674e-07
      vertex 185.274 86.9575 1.5
      vertex 185.433 87.0763 1.5
    endloop
  endfacet
  facet normal -0.598548 0.801087 0
    outer loop
      vertex 185.274 86.9575 1.5
      vertex 185.433 87.0763 9.53674e-07
      vertex 185.274 86.9575 9.53674e-07
    endloop
  endfacet
  facet normal 0.695195 0.718821 -0
    outer loop
      vertex 181.416 87.2051 9.53674e-07
      vertex 181.273 87.3434 1.5
      vertex 181.416 87.2051 1.5
    endloop
  endfacet
  facet normal 0.695195 0.718821 0
    outer loop
      vertex 181.273 87.3434 1.5
      vertex 181.416 87.2051 9.53674e-07
      vertex 181.273 87.3434 9.53674e-07
    endloop
  endfacet
  facet normal -0.433876 -0.900973 0
    outer loop
      vertex 184.755 92.3347 9.53674e-07
      vertex 184.934 92.2485 1.5
      vertex 184.755 92.3347 1.5
    endloop
  endfacet
  facet normal -0.433876 -0.900973 -0
    outer loop
      vertex 184.934 92.2485 1.5
      vertex 184.755 92.3347 9.53674e-07
      vertex 184.934 92.2485 9.53674e-07
    endloop
  endfacet
  facet normal 0 1 -0
    outer loop
      vertex 183.599 86.4016 9.53674e-07
      vertex 183.401 86.4016 1.5
      vertex 183.599 86.4016 1.5
    endloop
  endfacet
  facet normal 0 1 0
    outer loop
      vertex 183.401 86.4016 1.5
      vertex 183.599 86.4016 9.53674e-07
      vertex 183.401 86.4016 9.53674e-07
    endloop
  endfacet
  facet normal 0.648964 0.760819 -0
    outer loop
      vertex 181.567 87.0763 9.53674e-07
      vertex 181.416 87.2051 1.5
      vertex 181.567 87.0763 1.5
    endloop
  endfacet
  facet normal 0.648964 0.760819 0
    outer loop
      vertex 181.416 87.2051 1.5
      vertex 181.567 87.0763 9.53674e-07
      vertex 181.416 87.2051 9.53674e-07
    endloop
  endfacet
  facet normal 0.975158 0.221512 0
    outer loop
      vertex 180.501 88.7137 1.5
      vertex 180.457 88.9074 9.53674e-07
      vertex 180.457 88.9074 1.5
    endloop
  endfacet
  facet normal 0.975158 0.221512 0
    outer loop
      vertex 180.457 88.9074 9.53674e-07
      vertex 180.501 88.7137 1.5
      vertex 180.501 88.7137 9.53674e-07
    endloop
  endfacet
  facet normal 0.191274 -0.981537 0
    outer loop
      vertex 182.81 92.5223 9.53674e-07
      vertex 183.005 92.5603 1.5
      vertex 182.81 92.5223 1.5
    endloop
  endfacet
  facet normal 0.191274 -0.981537 0
    outer loop
      vertex 183.005 92.5603 1.5
      vertex 182.81 92.5223 9.53674e-07
      vertex 183.005 92.5603 9.53674e-07
    endloop
  endfacet
  facet normal -0.995418 -0.0956165 0
    outer loop
      vertex 186.594 89.6986 9.53674e-07
      vertex 186.575 89.8964 1.5
      vertex 186.575 89.8964 9.53674e-07
    endloop
  endfacet
  facet normal -0.995418 -0.0956165 0
    outer loop
      vertex 186.575 89.8964 1.5
      vertex 186.594 89.6986 9.53674e-07
      vertex 186.594 89.6986 1.5
    endloop
  endfacet
  facet normal -0.986959 -0.160972 0
    outer loop
      vertex 186.575 89.8964 9.53674e-07
      vertex 186.543 90.0926 1.5
      vertex 186.543 90.0926 9.53674e-07
    endloop
  endfacet
  facet normal -0.986959 -0.160972 0
    outer loop
      vertex 186.543 90.0926 1.5
      vertex 186.575 89.8964 9.53674e-07
      vertex 186.575 89.8964 1.5
    endloop
  endfacet
  facet normal 0.986959 0.160972 0
    outer loop
      vertex 180.457 88.9074 1.5
      vertex 180.425 89.1036 9.53674e-07
      vertex 180.425 89.1036 1.5
    endloop
  endfacet
  facet normal 0.986959 0.160972 0
    outer loop
      vertex 180.425 89.1036 9.53674e-07
      vertex 180.457 88.9074 1.5
      vertex 180.457 88.9074 9.53674e-07
    endloop
  endfacet
  facet normal -0.0636895 0.99797 0
    outer loop
      vertex 183.798 86.4143 9.53674e-07
      vertex 183.599 86.4016 1.5
      vertex 183.798 86.4143 1.5
    endloop
  endfacet
  facet normal -0.0636895 0.99797 0
    outer loop
      vertex 183.599 86.4016 1.5
      vertex 183.798 86.4143 9.53674e-07
      vertex 183.599 86.4016 9.53674e-07
    endloop
  endfacet
  facet normal -0.598548 -0.801087 0
    outer loop
      vertex 185.274 92.0425 9.53674e-07
      vertex 185.433 91.9237 1.5
      vertex 185.274 92.0425 1.5
    endloop
  endfacet
  facet normal -0.598548 -0.801087 -0
    outer loop
      vertex 185.433 91.9237 1.5
      vertex 185.274 92.0425 9.53674e-07
      vertex 185.433 91.9237 9.53674e-07
    endloop
  endfacet
  facet normal -0.958034 -0.286656 0
    outer loop
      vertex 186.499 90.2863 9.53674e-07
      vertex 186.442 90.4768 1.5
      vertex 186.442 90.4768 9.53674e-07
    endloop
  endfacet
  facet normal -0.958034 -0.286656 0
    outer loop
      vertex 186.442 90.4768 1.5
      vertex 186.499 90.2863 9.53674e-07
      vertex 186.499 90.2863 1.5
    endloop
  endfacet
  facet normal -0.741763 -0.670662 0
    outer loop
      vertex 185.86 91.5095 9.53674e-07
      vertex 185.727 91.6566 1.5
      vertex 185.727 91.6566 9.53674e-07
    endloop
  endfacet
  facet normal -0.741763 -0.670662 0
    outer loop
      vertex 185.727 91.6566 1.5
      vertex 185.86 91.5095 9.53674e-07
      vertex 185.86 91.5095 1.5
    endloop
  endfacet
  facet normal -0.781653 0.623713 0
    outer loop
      vertex 185.86 87.4905 9.53674e-07
      vertex 185.984 87.6459 1.5
      vertex 185.984 87.6459 9.53674e-07
    endloop
  endfacet
  facet normal -0.781653 0.623713 0
    outer loop
      vertex 185.984 87.6459 1.5
      vertex 185.86 87.4905 9.53674e-07
      vertex 185.86 87.4905 1.5
    endloop
  endfacet
  facet normal 0.781653 0.623713 0
    outer loop
      vertex 181.14 87.4905 1.5
      vertex 181.016 87.6459 9.53674e-07
      vertex 181.016 87.6459 1.5
    endloop
  endfacet
  facet normal 0.781653 0.623713 0
    outer loop
      vertex 181.016 87.6459 9.53674e-07
      vertex 181.14 87.4905 1.5
      vertex 181.14 87.4905 9.53674e-07
    endloop
  endfacet
  facet normal -0.433876 0.900973 0
    outer loop
      vertex 184.934 86.7515 9.53674e-07
      vertex 184.755 86.6653 1.5
      vertex 184.934 86.7515 1.5
    endloop
  endfacet
  facet normal -0.433876 0.900973 0
    outer loop
      vertex 184.755 86.6653 1.5
      vertex 184.934 86.7515 9.53674e-07
      vertex 184.755 86.6653 9.53674e-07
    endloop
  endfacet
  facet normal -0.741763 0.670662 0
    outer loop
      vertex 185.727 87.3434 9.53674e-07
      vertex 185.86 87.4905 1.5
      vertex 185.86 87.4905 9.53674e-07
    endloop
  endfacet
  facet normal -0.741763 0.670662 0
    outer loop
      vertex 185.86 87.4905 1.5
      vertex 185.727 87.3434 9.53674e-07
      vertex 185.727 87.3434 1.5
    endloop
  endfacet
  facet normal -0.191274 0.981537 0
    outer loop
      vertex 184.19 86.4777 9.53674e-07
      vertex 183.995 86.4397 1.5
      vertex 184.19 86.4777 1.5
    endloop
  endfacet
  facet normal -0.191274 0.981537 0
    outer loop
      vertex 183.995 86.4397 1.5
      vertex 184.19 86.4777 9.53674e-07
      vertex 183.995 86.4397 9.53674e-07
    endloop
  endfacet
  facet normal 0.886441 0.462841 0
    outer loop
      vertex 180.799 87.9788 1.5
      vertex 180.707 88.155 9.53674e-07
      vertex 180.707 88.155 1.5
    endloop
  endfacet
  facet normal 0.886441 0.462841 0
    outer loop
      vertex 180.707 88.155 9.53674e-07
      vertex 180.799 87.9788 1.5
      vertex 180.799 87.9788 9.53674e-07
    endloop
  endfacet
  facet normal -0.314872 0.949134 0
    outer loop
      vertex 184.571 86.5908 9.53674e-07
      vertex 184.382 86.5281 1.5
      vertex 184.571 86.5908 1.5
    endloop
  endfacet
  facet normal -0.314872 0.949134 0
    outer loop
      vertex 184.382 86.5281 1.5
      vertex 184.571 86.5908 9.53674e-07
      vertex 184.382 86.5281 9.53674e-07
    endloop
  endfacet
  facet normal 0.999544 0.0301977 0
    outer loop
      vertex 180.406 89.3014 1.5
      vertex 180.4 89.5 9.53674e-07
      vertex 180.4 89.5 1.5
    endloop
  endfacet
  facet normal 0.999544 0.0301977 0
    outer loop
      vertex 180.4 89.5 9.53674e-07
      vertex 180.406 89.3014 1.5
      vertex 180.406 89.3014 9.53674e-07
    endloop
  endfacet
  facet normal 0.375296 -0.926905 0
    outer loop
      vertex 182.245 92.3347 9.53674e-07
      vertex 182.429 92.4092 1.5
      vertex 182.245 92.3347 1.5
    endloop
  endfacet
  facet normal 0.375296 -0.926905 0
    outer loop
      vertex 182.429 92.4092 1.5
      vertex 182.245 92.3347 9.53674e-07
      vertex 182.429 92.4092 9.53674e-07
    endloop
  endfacet
  facet normal -0.253898 0.967231 0
    outer loop
      vertex 184.382 86.5281 9.53674e-07
      vertex 184.19 86.4777 1.5
      vertex 184.382 86.5281 1.5
    endloop
  endfacet
  facet normal -0.253898 0.967231 0
    outer loop
      vertex 184.19 86.4777 1.5
      vertex 184.382 86.5281 9.53674e-07
      vertex 184.19 86.4777 9.53674e-07
    endloop
  endfacet
  facet normal 0 0 -1
    outer loop
      vertex 185.2 89.5 1.5
      vertex 186.6 89.5 1.5
      vertex 186.594 89.3014 1.5
    endloop
  endfacet
  facet normal 0 0 -1
    outer loop
      vertex 185.189 89.3026 1.5
      vertex 186.594 89.3014 1.5
      vertex 186.575 89.1036 1.5
    endloop
  endfacet
  facet normal 0 0 -1
    outer loop
      vertex 186.6 89.5 1.5
      vertex 185.2 89.5 1.5
      vertex 186.594 89.6986 1.5
    endloop
  endfacet
  facet normal 0 0 -1
    outer loop
      vertex 185.189 89.3026 1.5
      vertex 186.575 89.1036 1.5
      vertex 186.543 88.9074 1.5
    endloop
  endfacet
  facet normal 0 0 -1
    outer loop
      vertex 185.189 89.6974 1.5
      vertex 186.594 89.6986 1.5
      vertex 185.2 89.5 1.5
    endloop
  endfacet
  facet normal 0 0 -1
    outer loop
      vertex 185.154 89.108 1.5
      vertex 186.543 88.9074 1.5
      vertex 186.499 88.7137 1.5
    endloop
  endfacet
  facet normal -0 0 -1
    outer loop
      vertex 186.594 89.6986 1.5
      vertex 185.189 89.6974 1.5
      vertex 186.575 89.8964 1.5
    endloop
  endfacet
  facet normal 0 0 -1
    outer loop
      vertex 185.154 89.108 1.5
      vertex 186.499 88.7137 1.5
      vertex 186.442 88.5232 1.5
    endloop
  endfacet
  facet normal -0 0 -1
    outer loop
      vertex 186.575 89.8964 1.5
      vertex 185.189 89.6974 1.5
      vertex 186.543 90.0926 1.5
    endloop
  endfacet
  facet normal 0 0 -1
    outer loop
      vertex 185.097 88.9186 1.5
      vertex 186.442 88.5232 1.5
      vertex 186.373 88.3367 1.5
    endloop
  endfacet
  facet normal 0 0 -1
    outer loop
      vertex 185.154 89.892 1.5
      vertex 186.543 90.0926 1.5
      vertex 185.189 89.6974 1.5
    endloop
  endfacet
  facet normal 0 0 -1
    outer loop
      vertex 185.019 88.737 1.5
      vertex 186.373 88.3367 1.5
      vertex 186.293 88.155 1.5
    endloop
  endfacet
  facet normal -0 0 -1
    outer loop
      vertex 186.543 90.0926 1.5
      vertex 185.154 89.892 1.5
      vertex 186.499 90.2863 1.5
    endloop
  endfacet
  facet normal 0 0 -1
    outer loop
      vertex 185.019 88.737 1.5
      vertex 186.293 88.155 1.5
      vertex 186.201 87.9788 1.5
    endloop
  endfacet
  facet normal -0 0 -1
    outer loop
      vertex 186.499 90.2863 1.5
      vertex 185.154 89.892 1.5
      vertex 186.442 90.4768 1.5
    endloop
  endfacet
  facet normal 0 0 -1
    outer loop
      vertex 184.92 88.5658 1.5
      vertex 186.201 87.9788 1.5
      vertex 186.098 87.8088 1.5
    endloop
  endfacet
  facet normal 0 0 -1
    outer loop
      vertex 185.097 90.0814 1.5
      vertex 186.442 90.4768 1.5
      vertex 185.154 89.892 1.5
    endloop
  endfacet
  facet normal 0 0 -1
    outer loop
      vertex 184.92 88.5658 1.5
      vertex 186.098 87.8088 1.5
      vertex 185.984 87.6459 1.5
    endloop
  endfacet
  facet normal -0 0 -1
    outer loop
      vertex 186.442 90.4768 1.5
      vertex 185.097 90.0814 1.5
      vertex 186.373 90.6633 1.5
    endloop
  endfacet
  facet normal 0 0 -1
    outer loop
      vertex 184.802 88.4073 1.5
      vertex 185.984 87.6459 1.5
      vertex 185.86 87.4905 1.5
    endloop
  endfacet
  facet normal 0 0 -1
    outer loop
      vertex 185.019 90.263 1.5
      vertex 186.373 90.6633 1.5
      vertex 185.097 90.0814 1.5
    endloop
  endfacet
  facet normal 0 0 -1
    outer loop
      vertex 184.802 88.4073 1.5
      vertex 185.86 87.4905 1.5
      vertex 185.727 87.3434 1.5
    endloop
  endfacet
  facet normal -0 0 -1
    outer loop
      vertex 186.373 90.6633 1.5
      vertex 185.019 90.263 1.5
      vertex 186.293 90.845 1.5
    endloop
  endfacet
  facet normal 0 0 -1
    outer loop
      vertex 184.667 88.2635 1.5
      vertex 185.727 87.3434 1.5
      vertex 185.584 87.2051 1.5
    endloop
  endfacet
  facet normal -0 0 -1
    outer loop
      vertex 186.293 90.845 1.5
      vertex 185.019 90.263 1.5
      vertex 186.201 91.0212 1.5
    endloop
  endfacet
  facet normal 0 0 -1
    outer loop
      vertex 184.667 88.2635 1.5
      vertex 185.584 87.2051 1.5
      vertex 185.433 87.0763 1.5
    endloop
  endfacet
  facet normal 0 0 -1
    outer loop
      vertex 184.92 90.4342 1.5
      vertex 186.201 91.0212 1.5
      vertex 185.019 90.263 1.5
    endloop
  endfacet
  facet normal 0 0 -1
    outer loop
      vertex 184.515 88.1364 1.5
      vertex 185.433 87.0763 1.5
      vertex 185.274 86.9575 1.5
    endloop
  endfacet
  facet normal -0 0 -1
    outer loop
      vertex 186.201 91.0212 1.5
      vertex 184.92 90.4342 1.5
      vertex 186.098 91.1912 1.5
    endloop
  endfacet
  facet normal -0 0 -1
    outer loop
      vertex 186.098 91.1912 1.5
      vertex 184.92 90.4342 1.5
      vertex 185.984 91.3541 1.5
    endloop
  endfacet
  facet normal 0 0 -1
    outer loop
      vertex 186.594 89.3014 1.5
      vertex 185.189 89.3026 1.5
      vertex 185.2 89.5 1.5
    endloop
  endfacet
  facet normal 0 0 -1
    outer loop
      vertex 186.543 88.9074 1.5
      vertex 185.154 89.108 1.5
      vertex 185.189 89.3026 1.5
    endloop
  endfacet
  facet normal 0 0 -1
    outer loop
      vertex 184.35 88.0278 1.5
      vertex 185.274 86.9575 1.5
      vertex 185.107 86.8491 1.5
    endloop
  endfacet
  facet normal 0 0 -1
    outer loop
      vertex 186.442 88.5232 1.5
      vertex 185.097 88.9186 1.5
      vertex 185.154 89.108 1.5
    endloop
  endfacet
  facet normal 0 0 -1
    outer loop
      vertex 186.373 88.3367 1.5
      vertex 185.019 88.737 1.5
      vertex 185.097 88.9186 1.5
    endloop
  endfacet
  facet normal 0 0 -1
    outer loop
      vertex 184.35 88.0278 1.5
      vertex 185.107 86.8491 1.5
      vertex 184.934 86.7515 1.5
    endloop
  endfacet
  facet normal 0 0 -1
    outer loop
      vertex 186.201 87.9788 1.5
      vertex 184.92 88.5658 1.5
      vertex 185.019 88.737 1.5
    endloop
  endfacet
  facet normal 0 0 -1
    outer loop
      vertex 185.984 87.6459 1.5
      vertex 184.802 88.4073 1.5
      vertex 184.92 88.5658 1.5
    endloop
  endfacet
  facet normal 0 0 -1
    outer loop
      vertex 184.173 87.939 1.5
      vertex 184.934 86.7515 1.5
      vertex 184.755 86.6653 1.5
    endloop
  endfacet
  facet normal 0 0 -1
    outer loop
      vertex 185.727 87.3434 1.5
      vertex 184.667 88.2635 1.5
      vertex 184.802 88.4073 1.5
    endloop
  endfacet
  facet normal 0 0 -1
    outer loop
      vertex 184.173 87.939 1.5
      vertex 184.755 86.6653 1.5
      vertex 184.571 86.5908 1.5
    endloop
  endfacet
  facet normal 0 0 -1
    outer loop
      vertex 185.433 87.0763 1.5
      vertex 184.515 88.1364 1.5
      vertex 184.667 88.2635 1.5
    endloop
  endfacet
  facet normal 0 0 -1
    outer loop
      vertex 183.988 87.8714 1.5
      vertex 184.571 86.5908 1.5
      vertex 184.382 86.5281 1.5
    endloop
  endfacet
  facet normal 0 0 -1
    outer loop
      vertex 185.274 86.9575 1.5
      vertex 184.35 88.0278 1.5
      vertex 184.515 88.1364 1.5
    endloop
  endfacet
  facet normal 0 0 -1
    outer loop
      vertex 183.988 87.8714 1.5
      vertex 184.382 86.5281 1.5
      vertex 184.19 86.4777 1.5
    endloop
  endfacet
  facet normal 0 0 -1
    outer loop
      vertex 184.934 86.7515 1.5
      vertex 184.173 87.939 1.5
      vertex 184.35 88.0278 1.5
    endloop
  endfacet
  facet normal 0 0 -1
    outer loop
      vertex 183.795 87.8258 1.5
      vertex 184.19 86.4777 1.5
      vertex 183.995 86.4397 1.5
    endloop
  endfacet
  facet normal 0 0 -1
    outer loop
      vertex 184.571 86.5908 1.5
      vertex 183.988 87.8714 1.5
      vertex 184.173 87.939 1.5
    endloop
  endfacet
  facet normal 0 0 -1
    outer loop
      vertex 183.795 87.8258 1.5
      vertex 183.995 86.4397 1.5
      vertex 183.798 86.4143 1.5
    endloop
  endfacet
  facet normal 0 0 -1
    outer loop
      vertex 184.19 86.4777 1.5
      vertex 183.795 87.8258 1.5
      vertex 183.988 87.8714 1.5
    endloop
  endfacet
  facet normal 0 0 -1
    outer loop
      vertex 183.599 87.8029 1.5
      vertex 183.798 86.4143 1.5
      vertex 183.599 86.4016 1.5
    endloop
  endfacet
  facet normal 0 0 -1
    outer loop
      vertex 183.798 86.4143 1.5
      vertex 183.599 87.8029 1.5
      vertex 183.795 87.8258 1.5
    endloop
  endfacet
  facet normal 0 0 -1
    outer loop
      vertex 183.599 86.4016 1.5
      vertex 183.401 87.8029 1.5
      vertex 183.599 87.8029 1.5
    endloop
  endfacet
  facet normal 0 0 -1
    outer loop
      vertex 183.401 86.4016 1.5
      vertex 183.401 87.8029 1.5
      vertex 183.599 86.4016 1.5
    endloop
  endfacet
  facet normal 0 0 -1
    outer loop
      vertex 183.202 86.4143 1.5
      vertex 183.401 87.8029 1.5
      vertex 183.401 86.4016 1.5
    endloop
  endfacet
  facet normal -0 0 -1
    outer loop
      vertex 183.401 87.8029 1.5
      vertex 183.202 86.4143 1.5
      vertex 183.205 87.8258 1.5
    endloop
  endfacet
  facet normal 0 0 -1
    outer loop
      vertex 183.005 86.4397 1.5
      vertex 183.205 87.8258 1.5
      vertex 183.202 86.4143 1.5
    endloop
  endfacet
  facet normal 0 0 -1
    outer loop
      vertex 182.81 86.4777 1.5
      vertex 183.205 87.8258 1.5
      vertex 183.005 86.4397 1.5
    endloop
  endfacet
  facet normal -0 0 -1
    outer loop
      vertex 183.205 87.8258 1.5
      vertex 182.81 86.4777 1.5
      vertex 183.012 87.8714 1.5
    endloop
  endfacet
  facet normal 0 0 -1
    outer loop
      vertex 182.618 86.5281 1.5
      vertex 183.012 87.8714 1.5
      vertex 182.81 86.4777 1.5
    endloop
  endfacet
  facet normal 0 0 -1
    outer loop
      vertex 182.429 86.5908 1.5
      vertex 183.012 87.8714 1.5
      vertex 182.618 86.5281 1.5
    endloop
  endfacet
  facet normal -0 0 -1
    outer loop
      vertex 183.012 87.8714 1.5
      vertex 182.429 86.5908 1.5
      vertex 182.827 87.939 1.5
    endloop
  endfacet
  facet normal 0 0 -1
    outer loop
      vertex 182.245 86.6653 1.5
      vertex 182.827 87.939 1.5
      vertex 182.429 86.5908 1.5
    endloop
  endfacet
  facet normal 0 0 -1
    outer loop
      vertex 182.066 86.7515 1.5
      vertex 182.827 87.939 1.5
      vertex 182.245 86.6653 1.5
    endloop
  endfacet
  facet normal -0 0 -1
    outer loop
      vertex 182.827 87.939 1.5
      vertex 182.066 86.7515 1.5
      vertex 182.65 88.0278 1.5
    endloop
  endfacet
  facet normal 0 0 -1
    outer loop
      vertex 181.893 86.8491 1.5
      vertex 182.65 88.0278 1.5
      vertex 182.066 86.7515 1.5
    endloop
  endfacet
  facet normal 0 0 -1
    outer loop
      vertex 181.726 86.9575 1.5
      vertex 182.65 88.0278 1.5
      vertex 181.893 86.8491 1.5
    endloop
  endfacet
  facet normal -0 0 -1
    outer loop
      vertex 182.65 88.0278 1.5
      vertex 181.726 86.9575 1.5
      vertex 182.485 88.1364 1.5
    endloop
  endfacet
  facet normal 0 0 -1
    outer loop
      vertex 181.567 87.0763 1.5
      vertex 182.485 88.1364 1.5
      vertex 181.726 86.9575 1.5
    endloop
  endfacet
  facet normal -0 0 -1
    outer loop
      vertex 182.485 88.1364 1.5
      vertex 181.567 87.0763 1.5
      vertex 182.333 88.2635 1.5
    endloop
  endfacet
  facet normal 0 0 -1
    outer loop
      vertex 181.416 87.2051 1.5
      vertex 182.333 88.2635 1.5
      vertex 181.567 87.0763 1.5
    endloop
  endfacet
  facet normal 0 0 -1
    outer loop
      vertex 181.273 87.3434 1.5
      vertex 182.333 88.2635 1.5
      vertex 181.416 87.2051 1.5
    endloop
  endfacet
  facet normal -0 0 -1
    outer loop
      vertex 182.333 88.2635 1.5
      vertex 181.273 87.3434 1.5
      vertex 182.198 88.4073 1.5
    endloop
  endfacet
  facet normal 0 0 -1
    outer loop
      vertex 181.14 87.4905 1.5
      vertex 182.198 88.4073 1.5
      vertex 181.273 87.3434 1.5
    endloop
  endfacet
  facet normal 0 0 -1
    outer loop
      vertex 181.016 87.6459 1.5
      vertex 182.198 88.4073 1.5
      vertex 181.14 87.4905 1.5
    endloop
  endfacet
  facet normal -0 0 -1
    outer loop
      vertex 182.198 88.4073 1.5
      vertex 181.016 87.6459 1.5
      vertex 182.08 88.5658 1.5
    endloop
  endfacet
  facet normal 0 0 -1
    outer loop
      vertex 184.802 90.5927 1.5
      vertex 185.984 91.3541 1.5
      vertex 184.92 90.4342 1.5
    endloop
  endfacet
  facet normal -0 0 -1
    outer loop
      vertex 185.984 91.3541 1.5
      vertex 184.802 90.5927 1.5
      vertex 185.86 91.5095 1.5
    endloop
  endfacet
  facet normal -0 0 -1
    outer loop
      vertex 185.86 91.5095 1.5
      vertex 184.802 90.5927 1.5
      vertex 185.727 91.6566 1.5
    endloop
  endfacet
  facet normal 0 0 -1
    outer loop
      vertex 184.667 90.7365 1.5
      vertex 185.727 91.6566 1.5
      vertex 184.802 90.5927 1.5
    endloop
  endfacet
  facet normal -0 0 -1
    outer loop
      vertex 185.727 91.6566 1.5
      vertex 184.667 90.7365 1.5
      vertex 185.584 91.7949 1.5
    endloop
  endfacet
  facet normal -0 0 -1
    outer loop
      vertex 185.584 91.7949 1.5
      vertex 184.667 90.7365 1.5
      vertex 185.433 91.9237 1.5
    endloop
  endfacet
  facet normal 0 0 -1
    outer loop
      vertex 184.515 90.8636 1.5
      vertex 185.433 91.9237 1.5
      vertex 184.667 90.7365 1.5
    endloop
  endfacet
  facet normal -0 0 -1
    outer loop
      vertex 185.433 91.9237 1.5
      vertex 184.515 90.8636 1.5
      vertex 185.274 92.0425 1.5
    endloop
  endfacet
  facet normal 0 0 -1
    outer loop
      vertex 184.35 90.9722 1.5
      vertex 185.274 92.0425 1.5
      vertex 184.515 90.8636 1.5
    endloop
  endfacet
  facet normal -0 0 -1
    outer loop
      vertex 185.274 92.0425 1.5
      vertex 184.35 90.9722 1.5
      vertex 185.107 92.1509 1.5
    endloop
  endfacet
  facet normal -0 0 -1
    outer loop
      vertex 185.107 92.1509 1.5
      vertex 184.35 90.9722 1.5
      vertex 184.934 92.2485 1.5
    endloop
  endfacet
  facet normal 0 0 -1
    outer loop
      vertex 184.173 91.061 1.5
      vertex 184.934 92.2485 1.5
      vertex 184.35 90.9722 1.5
    endloop
  endfacet
  facet normal -0 0 -1
    outer loop
      vertex 184.934 92.2485 1.5
      vertex 184.173 91.061 1.5
      vertex 184.755 92.3347 1.5
    endloop
  endfacet
  facet normal -0 0 -1
    outer loop
      vertex 184.755 92.3347 1.5
      vertex 184.173 91.061 1.5
      vertex 184.571 92.4092 1.5
    endloop
  endfacet
  facet normal 0 0 -1
    outer loop
      vertex 183.988 91.1286 1.5
      vertex 184.571 92.4092 1.5
      vertex 184.173 91.061 1.5
    endloop
  endfacet
  facet normal -0 0 -1
    outer loop
      vertex 184.571 92.4092 1.5
      vertex 183.988 91.1286 1.5
      vertex 184.382 92.4719 1.5
    endloop
  endfacet
  facet normal -0 0 -1
    outer loop
      vertex 184.382 92.4719 1.5
      vertex 183.988 91.1286 1.5
      vertex 184.19 92.5223 1.5
    endloop
  endfacet
  facet normal 0 0 -1
    outer loop
      vertex 183.795 91.1742 1.5
      vertex 184.19 92.5223 1.5
      vertex 183.988 91.1286 1.5
    endloop
  endfacet
  facet normal -0 0 -1
    outer loop
      vertex 184.19 92.5223 1.5
      vertex 183.795 91.1742 1.5
      vertex 183.995 92.5603 1.5
    endloop
  endfacet
  facet normal -0 0 -1
    outer loop
      vertex 183.995 92.5603 1.5
      vertex 183.795 91.1742 1.5
      vertex 183.798 92.5857 1.5
    endloop
  endfacet
  facet normal 0 0 -1
    outer loop
      vertex 183.599 91.1971 1.5
      vertex 183.798 92.5857 1.5
      vertex 183.795 91.1742 1.5
    endloop
  endfacet
  facet normal -0 0 -1
    outer loop
      vertex 183.798 92.5857 1.5
      vertex 183.599 91.1971 1.5
      vertex 183.599 92.5984 1.5
    endloop
  endfacet
  facet normal 0 0 -1
    outer loop
      vertex 183.401 91.1971 1.5
      vertex 183.599 92.5984 1.5
      vertex 183.599 91.1971 1.5
    endloop
  endfacet
  facet normal 0 0 -1
    outer loop
      vertex 183.401 91.1971 1.5
      vertex 183.401 92.5984 1.5
      vertex 183.599 92.5984 1.5
    endloop
  endfacet
  facet normal 0 0 -1
    outer loop
      vertex 183.202 92.5857 1.5
      vertex 183.401 91.1971 1.5
      vertex 183.205 91.1742 1.5
    endloop
  endfacet
  facet normal 0 0 -1
    outer loop
      vertex 183.401 91.1971 1.5
      vertex 183.202 92.5857 1.5
      vertex 183.401 92.5984 1.5
    endloop
  endfacet
  facet normal 0 0 -1
    outer loop
      vertex 182.81 92.5223 1.5
      vertex 183.205 91.1742 1.5
      vertex 183.012 91.1286 1.5
    endloop
  endfacet
  facet normal 0 0 -1
    outer loop
      vertex 183.205 91.1742 1.5
      vertex 183.005 92.5603 1.5
      vertex 183.202 92.5857 1.5
    endloop
  endfacet
  facet normal 0 0 -1
    outer loop
      vertex 182.429 92.4092 1.5
      vertex 183.012 91.1286 1.5
      vertex 182.827 91.061 1.5
    endloop
  endfacet
  facet normal 0 0 -1
    outer loop
      vertex 183.205 91.1742 1.5
      vertex 182.81 92.5223 1.5
      vertex 183.005 92.5603 1.5
    endloop
  endfacet
  facet normal 0 0 -1
    outer loop
      vertex 182.066 92.2485 1.5
      vertex 182.827 91.061 1.5
      vertex 182.65 90.9722 1.5
    endloop
  endfacet
  facet normal 0 0 -1
    outer loop
      vertex 183.012 91.1286 1.5
      vertex 182.618 92.4719 1.5
      vertex 182.81 92.5223 1.5
    endloop
  endfacet
  facet normal 0 0 -1
    outer loop
      vertex 181.726 92.0425 1.5
      vertex 182.65 90.9722 1.5
      vertex 182.485 90.8636 1.5
    endloop
  endfacet
  facet normal 0 0 -1
    outer loop
      vertex 183.012 91.1286 1.5
      vertex 182.429 92.4092 1.5
      vertex 182.618 92.4719 1.5
    endloop
  endfacet
  facet normal 0 0 -1
    outer loop
      vertex 181.567 91.9237 1.5
      vertex 182.485 90.8636 1.5
      vertex 182.333 90.7365 1.5
    endloop
  endfacet
  facet normal 0 0 -1
    outer loop
      vertex 182.827 91.061 1.5
      vertex 182.245 92.3347 1.5
      vertex 182.429 92.4092 1.5
    endloop
  endfacet
  facet normal 0 0 -1
    outer loop
      vertex 181.273 91.6566 1.5
      vertex 182.333 90.7365 1.5
      vertex 182.198 90.5927 1.5
    endloop
  endfacet
  facet normal 0 0 -1
    outer loop
      vertex 181.016 91.3541 1.5
      vertex 182.198 90.5927 1.5
      vertex 182.08 90.4342 1.5
    endloop
  endfacet
  facet normal 0 0 -1
    outer loop
      vertex 182.827 91.061 1.5
      vertex 182.066 92.2485 1.5
      vertex 182.245 92.3347 1.5
    endloop
  endfacet
  facet normal 0 0 -1
    outer loop
      vertex 180.799 91.0212 1.5
      vertex 182.08 90.4342 1.5
      vertex 181.981 90.263 1.5
    endloop
  endfacet
  facet normal 0 0 -1
    outer loop
      vertex 180.627 90.6633 1.5
      vertex 181.981 90.263 1.5
      vertex 181.903 90.0814 1.5
    endloop
  endfacet
  facet normal 0 0 -1
    outer loop
      vertex 182.65 90.9722 1.5
      vertex 181.893 92.1509 1.5
      vertex 182.066 92.2485 1.5
    endloop
  endfacet
  facet normal 0 0 -1
    outer loop
      vertex 180.558 90.4768 1.5
      vertex 181.903 90.0814 1.5
      vertex 181.846 89.892 1.5
    endloop
  endfacet
  facet normal 0 0 -1
    outer loop
      vertex 180.457 90.0926 1.5
      vertex 181.846 89.892 1.5
      vertex 181.811 89.6974 1.5
    endloop
  endfacet
  facet normal 0 0 -1
    outer loop
      vertex 180.406 89.6986 1.5
      vertex 181.811 89.6974 1.5
      vertex 181.8 89.5 1.5
    endloop
  endfacet
  facet normal 0 0 -1
    outer loop
      vertex 182.65 90.9722 1.5
      vertex 181.726 92.0425 1.5
      vertex 181.893 92.1509 1.5
    endloop
  endfacet
  facet normal 0 0 -1
    outer loop
      vertex 180.902 87.8088 1.5
      vertex 182.08 88.5658 1.5
      vertex 181.016 87.6459 1.5
    endloop
  endfacet
  facet normal 0 0 -1
    outer loop
      vertex 180.799 87.9788 1.5
      vertex 182.08 88.5658 1.5
      vertex 180.902 87.8088 1.5
    endloop
  endfacet
  facet normal 0 0 -1
    outer loop
      vertex 182.485 90.8636 1.5
      vertex 181.567 91.9237 1.5
      vertex 181.726 92.0425 1.5
    endloop
  endfacet
  facet normal -0 0 -1
    outer loop
      vertex 182.08 88.5658 1.5
      vertex 180.799 87.9788 1.5
      vertex 181.981 88.737 1.5
    endloop
  endfacet
  facet normal 0 0 -1
    outer loop
      vertex 182.333 90.7365 1.5
      vertex 181.416 91.7949 1.5
      vertex 181.567 91.9237 1.5
    endloop
  endfacet
  facet normal 0 0 -1
    outer loop
      vertex 180.707 88.155 1.5
      vertex 181.981 88.737 1.5
      vertex 180.799 87.9788 1.5
    endloop
  endfacet
  facet normal 0 0 -1
    outer loop
      vertex 182.333 90.7365 1.5
      vertex 181.273 91.6566 1.5
      vertex 181.416 91.7949 1.5
    endloop
  endfacet
  facet normal 0 0 -1
    outer loop
      vertex 180.627 88.3367 1.5
      vertex 181.981 88.737 1.5
      vertex 180.707 88.155 1.5
    endloop
  endfacet
  facet normal 0 0 -1
    outer loop
      vertex 182.198 90.5927 1.5
      vertex 181.14 91.5095 1.5
      vertex 181.273 91.6566 1.5
    endloop
  endfacet
  facet normal -0 0 -1
    outer loop
      vertex 181.981 88.737 1.5
      vertex 180.627 88.3367 1.5
      vertex 181.903 88.9186 1.5
    endloop
  endfacet
  facet normal 0 0 -1
    outer loop
      vertex 182.198 90.5927 1.5
      vertex 181.016 91.3541 1.5
      vertex 181.14 91.5095 1.5
    endloop
  endfacet
  facet normal 0 0 -1
    outer loop
      vertex 180.558 88.5232 1.5
      vertex 181.903 88.9186 1.5
      vertex 180.627 88.3367 1.5
    endloop
  endfacet
  facet normal 0 0 -1
    outer loop
      vertex 182.08 90.4342 1.5
      vertex 180.902 91.1912 1.5
      vertex 181.016 91.3541 1.5
    endloop
  endfacet
  facet normal -0 0 -1
    outer loop
      vertex 181.903 88.9186 1.5
      vertex 180.558 88.5232 1.5
      vertex 181.846 89.108 1.5
    endloop
  endfacet
  facet normal 0 0 -1
    outer loop
      vertex 182.08 90.4342 1.5
      vertex 180.799 91.0212 1.5
      vertex 180.902 91.1912 1.5
    endloop
  endfacet
  facet normal 0 0 -1
    outer loop
      vertex 180.501 88.7137 1.5
      vertex 181.846 89.108 1.5
      vertex 180.558 88.5232 1.5
    endloop
  endfacet
  facet normal 0 0 -1
    outer loop
      vertex 181.981 90.263 1.5
      vertex 180.707 90.845 1.5
      vertex 180.799 91.0212 1.5
    endloop
  endfacet
  facet normal 0 0 -1
    outer loop
      vertex 180.457 88.9074 1.5
      vertex 181.846 89.108 1.5
      vertex 180.501 88.7137 1.5
    endloop
  endfacet
  facet normal 0 0 -1
    outer loop
      vertex 181.981 90.263 1.5
      vertex 180.627 90.6633 1.5
      vertex 180.707 90.845 1.5
    endloop
  endfacet
  facet normal -0 0 -1
    outer loop
      vertex 181.846 89.108 1.5
      vertex 180.457 88.9074 1.5
      vertex 181.811 89.3026 1.5
    endloop
  endfacet
  facet normal 0 0 -1
    outer loop
      vertex 181.903 90.0814 1.5
      vertex 180.558 90.4768 1.5
      vertex 180.627 90.6633 1.5
    endloop
  endfacet
  facet normal 0 0 -1
    outer loop
      vertex 180.425 89.1036 1.5
      vertex 181.811 89.3026 1.5
      vertex 180.457 88.9074 1.5
    endloop
  endfacet
  facet normal 0 0 -1
    outer loop
      vertex 181.846 89.892 1.5
      vertex 180.501 90.2863 1.5
      vertex 180.558 90.4768 1.5
    endloop
  endfacet
  facet normal 0 0 -1
    outer loop
      vertex 180.406 89.3014 1.5
      vertex 181.811 89.3026 1.5
      vertex 180.425 89.1036 1.5
    endloop
  endfacet
  facet normal 0 0 -1
    outer loop
      vertex 181.846 89.892 1.5
      vertex 180.457 90.0926 1.5
      vertex 180.501 90.2863 1.5
    endloop
  endfacet
  facet normal -0 0 -1
    outer loop
      vertex 181.811 89.3026 1.5
      vertex 180.406 89.3014 1.5
      vertex 181.8 89.5 1.5
    endloop
  endfacet
  facet normal 0 0 -1
    outer loop
      vertex 181.811 89.6974 1.5
      vertex 180.425 89.8964 1.5
      vertex 180.457 90.0926 1.5
    endloop
  endfacet
  facet normal 0 0 -1
    outer loop
      vertex 180.4 89.5 1.5
      vertex 181.8 89.5 1.5
      vertex 180.406 89.3014 1.5
    endloop
  endfacet
  facet normal 0 0 -1
    outer loop
      vertex 181.811 89.6974 1.5
      vertex 180.406 89.6986 1.5
      vertex 180.425 89.8964 1.5
    endloop
  endfacet
  facet normal 0 0 -1
    outer loop
      vertex 181.8 89.5 1.5
      vertex 180.4 89.5 1.5
      vertex 180.406 89.6986 1.5
    endloop
  endfacet
  facet normal 0.0636895 -0.99797 0
    outer loop
      vertex 183.202 92.5857 9.53674e-07
      vertex 183.401 92.5984 1.5
      vertex 183.202 92.5857 1.5
    endloop
  endfacet
  facet normal 0.0636895 -0.99797 0
    outer loop
      vertex 183.401 92.5984 1.5
      vertex 183.202 92.5857 9.53674e-07
      vertex 183.401 92.5984 9.53674e-07
    endloop
  endfacet
  facet normal 0.695195 -0.718821 0
    outer loop
      vertex 181.273 91.6566 9.53674e-07
      vertex 181.416 91.7949 1.5
      vertex 181.273 91.6566 1.5
    endloop
  endfacet
  facet normal 0.695195 -0.718821 0
    outer loop
      vertex 181.416 91.7949 1.5
      vertex 181.273 91.6566 9.53674e-07
      vertex 181.416 91.7949 9.53674e-07
    endloop
  endfacet
  facet normal 0.648964 -0.760819 0
    outer loop
      vertex 181.416 91.7949 9.53674e-07
      vertex 181.567 91.9237 1.5
      vertex 181.416 91.7949 1.5
    endloop
  endfacet
  facet normal 0.648964 -0.760819 0
    outer loop
      vertex 181.567 91.9237 1.5
      vertex 181.416 91.7949 9.53674e-07
      vertex 181.567 91.9237 9.53674e-07
    endloop
  endfacet
  facet normal -0.984222 0.176937 0
    outer loop
      vertex 185.154 6.10795 1.5
      vertex 185.189 6.30264 3
      vertex 185.189 6.30264 1.5
    endloop
  endfacet
  facet normal -0.984222 0.176937 0
    outer loop
      vertex 185.189 6.30264 3
      vertex 185.154 6.10795 1.5
      vertex 185.154 6.10795 3
    endloop
  endfacet
  facet normal -0.99845 0.0556493 0
    outer loop
      vertex 185.189 6.30264 1.5
      vertex 185.2 6.5 3
      vertex 185.2 6.5 1.5
    endloop
  endfacet
  facet normal -0.99845 0.0556493 0
    outer loop
      vertex 185.2 6.5 3
      vertex 185.189 6.30264 1.5
      vertex 185.189 6.30264 3
    endloop
  endfacet
  facet normal -0.54989 -0.835237 0
    outer loop
      vertex 184.35 7.97224 1.5
      vertex 184.515 7.86361 3
      vertex 184.35 7.97224 3
    endloop
  endfacet
  facet normal -0.54989 -0.835237 -0
    outer loop
      vertex 184.515 7.86361 3
      vertex 184.35 7.97224 1.5
      vertex 184.515 7.86361 1.5
    endloop
  endfacet
  facet normal -0.957567 -0.288211 0
    outer loop
      vertex 185.154 6.89205 1.5
      vertex 185.097 7.08143 3
      vertex 185.097 7.08143 1.5
    endloop
  endfacet
  facet normal -0.957567 -0.288211 0
    outer loop
      vertex 185.097 7.08143 3
      vertex 185.154 6.89205 1.5
      vertex 185.154 6.89205 3
    endloop
  endfacet
  facet normal 0.729063 -0.684447 0
    outer loop
      vertex 182.198 7.59274 3
      vertex 182.333 7.73654 1.5
      vertex 182.333 7.73654 3
    endloop
  endfacet
  facet normal 0.729063 -0.684447 0
    outer loop
      vertex 182.333 7.73654 1.5
      vertex 182.198 7.59274 3
      vertex 182.198 7.59274 1.5
    endloop
  endfacet
  facet normal -0.984222 -0.176937 0
    outer loop
      vertex 185.189 6.69736 1.5
      vertex 185.154 6.89205 3
      vertex 185.154 6.89205 1.5
    endloop
  endfacet
  facet normal -0.984222 -0.176937 0
    outer loop
      vertex 185.154 6.89205 3
      vertex 185.189 6.69736 1.5
      vertex 185.189 6.69736 3
    endloop
  endfacet
  facet normal -0.99845 -0.0556493 0
    outer loop
      vertex 185.2 6.5 1.5
      vertex 185.189 6.69736 3
      vertex 185.189 6.69736 1.5
    endloop
  endfacet
  facet normal -0.99845 -0.0556493 0
    outer loop
      vertex 185.189 6.69736 3
      vertex 185.2 6.5 1.5
      vertex 185.2 6.5 3
    endloop
  endfacet
  facet normal -0.641385 0.767219 0
    outer loop
      vertex 184.667 5.26346 1.5
      vertex 184.515 5.13639 3
      vertex 184.667 5.26346 3
    endloop
  endfacet
  facet normal -0.641385 0.767219 0
    outer loop
      vertex 184.515 5.13639 3
      vertex 184.667 5.26346 1.5
      vertex 184.515 5.13639 1.5
    endloop
  endfacet
  facet normal -0.729063 0.684447 0
    outer loop
      vertex 184.667 5.26346 1.5
      vertex 184.802 5.40726 3
      vertex 184.802 5.40726 1.5
    endloop
  endfacet
  facet normal -0.729063 0.684447 0
    outer loop
      vertex 184.802 5.40726 3
      vertex 184.667 5.26346 1.5
      vertex 184.667 5.26346 3
    endloop
  endfacet
  facet normal 0 1 -0
    outer loop
      vertex 183.599 4.80288 1.5
      vertex 183.401 4.80288 3
      vertex 183.599 4.80288 3
    endloop
  endfacet
  facet normal 0 1 0
    outer loop
      vertex 183.401 4.80288 3
      vertex 183.599 4.80288 1.5
      vertex 183.401 4.80288 1.5
    endloop
  endfacet
  facet normal 0.641385 0.767219 -0
    outer loop
      vertex 182.485 5.13639 1.5
      vertex 182.333 5.26346 3
      vertex 182.485 5.13639 3
    endloop
  endfacet
  facet normal 0.641385 0.767219 0
    outer loop
      vertex 182.333 5.26346 3
      vertex 182.485 5.13639 1.5
      vertex 182.333 5.26346 1.5
    endloop
  endfacet
  facet normal 0.229891 -0.973216 0
    outer loop
      vertex 183.012 8.12858 1.5
      vertex 183.205 8.17417 3
      vertex 183.012 8.12858 3
    endloop
  endfacet
  facet normal 0.229891 -0.973216 0
    outer loop
      vertex 183.205 8.17417 3
      vertex 183.012 8.12858 1.5
      vertex 183.205 8.17417 1.5
    endloop
  endfacet
  facet normal 0.229891 0.973216 -0
    outer loop
      vertex 183.205 4.82583 1.5
      vertex 183.012 4.87142 3
      vertex 183.205 4.82583 3
    endloop
  endfacet
  facet normal 0.229891 0.973216 0
    outer loop
      vertex 183.012 4.87142 3
      vertex 183.205 4.82583 1.5
      vertex 183.012 4.87142 1.5
    endloop
  endfacet
  facet normal -0.116297 -0.993214 0
    outer loop
      vertex 183.599 8.19712 1.5
      vertex 183.795 8.17417 3
      vertex 183.599 8.19712 3
    endloop
  endfacet
  facet normal -0.116297 -0.993214 -0
    outer loop
      vertex 183.795 8.17417 3
      vertex 183.599 8.19712 1.5
      vertex 183.795 8.17417 1.5
    endloop
  endfacet
  facet normal -0.54989 0.835237 0
    outer loop
      vertex 184.515 5.13639 1.5
      vertex 184.35 5.02776 3
      vertex 184.515 5.13639 3
    endloop
  endfacet
  facet normal -0.54989 0.835237 0
    outer loop
      vertex 184.35 5.02776 3
      vertex 184.515 5.13639 1.5
      vertex 184.35 5.02776 1.5
    endloop
  endfacet
  facet normal -0.641385 -0.767219 0
    outer loop
      vertex 184.515 7.86361 1.5
      vertex 184.667 7.73654 3
      vertex 184.515 7.86361 3
    endloop
  endfacet
  facet normal -0.641385 -0.767219 -0
    outer loop
      vertex 184.667 7.73654 3
      vertex 184.515 7.86361 1.5
      vertex 184.667 7.73654 1.5
    endloop
  endfacet
  facet normal -0.865693 0.500576 0
    outer loop
      vertex 184.92 5.56583 1.5
      vertex 185.019 5.73704 3
      vertex 185.019 5.73704 1.5
    endloop
  endfacet
  facet normal -0.865693 0.500576 0
    outer loop
      vertex 185.019 5.73704 3
      vertex 184.92 5.56583 1.5
      vertex 184.92 5.56583 3
    endloop
  endfacet
  facet normal 0.343255 -0.939242 0
    outer loop
      vertex 182.827 8.06097 1.5
      vertex 183.012 8.12858 3
      vertex 182.827 8.06097 3
    endloop
  endfacet
  facet normal 0.343255 -0.939242 0
    outer loop
      vertex 183.012 8.12858 3
      vertex 182.827 8.06097 1.5
      vertex 183.012 8.12858 1.5
    endloop
  endfacet
  facet normal 0.116297 -0.993214 0
    outer loop
      vertex 183.205 8.17417 1.5
      vertex 183.401 8.19712 3
      vertex 183.205 8.17417 3
    endloop
  endfacet
  facet normal 0.116297 -0.993214 0
    outer loop
      vertex 183.401 8.19712 3
      vertex 183.205 8.17417 1.5
      vertex 183.401 8.19712 1.5
    endloop
  endfacet
  facet normal 0.865693 -0.500576 0
    outer loop
      vertex 181.981 7.26296 3
      vertex 182.08 7.43417 1.5
      vertex 182.08 7.43417 3
    endloop
  endfacet
  facet normal 0.865693 -0.500576 0
    outer loop
      vertex 182.08 7.43417 1.5
      vertex 181.981 7.26296 3
      vertex 181.981 7.26296 1.5
    endloop
  endfacet
  facet normal -0.343255 -0.939242 0
    outer loop
      vertex 183.988 8.12858 1.5
      vertex 184.173 8.06097 3
      vertex 183.988 8.12858 3
    endloop
  endfacet
  facet normal -0.343255 -0.939242 -0
    outer loop
      vertex 184.173 8.06097 3
      vertex 183.988 8.12858 1.5
      vertex 184.173 8.06097 1.5
    endloop
  endfacet
  facet normal 0.54989 0.835237 -0
    outer loop
      vertex 182.65 5.02776 1.5
      vertex 182.485 5.13639 3
      vertex 182.65 5.02776 3
    endloop
  endfacet
  facet normal 0.54989 0.835237 0
    outer loop
      vertex 182.485 5.13639 3
      vertex 182.65 5.02776 1.5
      vertex 182.485 5.13639 1.5
    endloop
  endfacet
  facet normal 0.99845 0.0556493 0
    outer loop
      vertex 181.811 6.30264 3
      vertex 181.8 6.5 1.5
      vertex 181.8 6.5 3
    endloop
  endfacet
  facet normal 0.99845 0.0556493 0
    outer loop
      vertex 181.8 6.5 1.5
      vertex 181.811 6.30264 3
      vertex 181.811 6.30264 1.5
    endloop
  endfacet
  facet normal 0.802247 0.596993 0
    outer loop
      vertex 182.198 5.40726 3
      vertex 182.08 5.56583 1.5
      vertex 182.08 5.56583 3
    endloop
  endfacet
  facet normal 0.802247 0.596993 0
    outer loop
      vertex 182.08 5.56583 1.5
      vertex 182.198 5.40726 3
      vertex 182.198 5.40726 1.5
    endloop
  endfacet
  facet normal -0.448143 0.893962 0
    outer loop
      vertex 184.35 5.02776 1.5
      vertex 184.173 4.93903 3
      vertex 184.35 5.02776 3
    endloop
  endfacet
  facet normal -0.448143 0.893962 0
    outer loop
      vertex 184.173 4.93903 3
      vertex 184.35 5.02776 1.5
      vertex 184.173 4.93903 1.5
    endloop
  endfacet
  facet normal 0.448143 0.893962 -0
    outer loop
      vertex 182.827 4.93903 1.5
      vertex 182.65 5.02776 3
      vertex 182.827 4.93903 3
    endloop
  endfacet
  facet normal 0.448143 0.893962 0
    outer loop
      vertex 182.65 5.02776 3
      vertex 182.827 4.93903 1.5
      vertex 182.65 5.02776 1.5
    endloop
  endfacet
  facet normal 0.918776 -0.39478 0
    outer loop
      vertex 181.903 7.08143 3
      vertex 181.981 7.26296 1.5
      vertex 181.981 7.26296 3
    endloop
  endfacet
  facet normal 0.918776 -0.39478 0
    outer loop
      vertex 181.981 7.26296 1.5
      vertex 181.903 7.08143 3
      vertex 181.903 7.08143 1.5
    endloop
  endfacet
  facet normal 0.116297 0.993214 -0
    outer loop
      vertex 183.401 4.80288 1.5
      vertex 183.205 4.82583 3
      vertex 183.401 4.80288 3
    endloop
  endfacet
  facet normal 0.116297 0.993214 0
    outer loop
      vertex 183.205 4.82583 3
      vertex 183.401 4.80288 1.5
      vertex 183.205 4.82583 1.5
    endloop
  endfacet
  facet normal -0.865693 -0.500576 0
    outer loop
      vertex 185.019 7.26296 1.5
      vertex 184.92 7.43417 3
      vertex 184.92 7.43417 1.5
    endloop
  endfacet
  facet normal -0.865693 -0.500576 0
    outer loop
      vertex 184.92 7.43417 3
      vertex 185.019 7.26296 1.5
      vertex 185.019 7.26296 3
    endloop
  endfacet
  facet normal -0.448143 -0.893962 0
    outer loop
      vertex 184.173 8.06097 1.5
      vertex 184.35 7.97224 3
      vertex 184.173 8.06097 3
    endloop
  endfacet
  facet normal -0.448143 -0.893962 -0
    outer loop
      vertex 184.35 7.97224 3
      vertex 184.173 8.06097 1.5
      vertex 184.35 7.97224 1.5
    endloop
  endfacet
  facet normal 0.343255 0.939242 -0
    outer loop
      vertex 183.012 4.87142 1.5
      vertex 182.827 4.93903 3
      vertex 183.012 4.87142 3
    endloop
  endfacet
  facet normal 0.343255 0.939242 0
    outer loop
      vertex 182.827 4.93903 3
      vertex 183.012 4.87142 1.5
      vertex 182.827 4.93903 1.5
    endloop
  endfacet
  facet normal -0.918776 0.39478 0
    outer loop
      vertex 185.019 5.73704 1.5
      vertex 185.097 5.91857 3
      vertex 185.097 5.91857 1.5
    endloop
  endfacet
  facet normal -0.918776 0.39478 0
    outer loop
      vertex 185.097 5.91857 3
      vertex 185.019 5.73704 1.5
      vertex 185.019 5.73704 3
    endloop
  endfacet
  facet normal -0.729063 -0.684447 0
    outer loop
      vertex 184.802 7.59274 1.5
      vertex 184.667 7.73654 3
      vertex 184.667 7.73654 1.5
    endloop
  endfacet
  facet normal -0.729063 -0.684447 0
    outer loop
      vertex 184.667 7.73654 3
      vertex 184.802 7.59274 1.5
      vertex 184.802 7.59274 3
    endloop
  endfacet
  facet normal 0 -1 0
    outer loop
      vertex 183.401 8.19712 1.5
      vertex 183.599 8.19712 3
      vertex 183.401 8.19712 3
    endloop
  endfacet
  facet normal 0 -1 -0
    outer loop
      vertex 183.599 8.19712 3
      vertex 183.401 8.19712 1.5
      vertex 183.599 8.19712 1.5
    endloop
  endfacet
  facet normal 0.984222 0.176937 0
    outer loop
      vertex 181.846 6.10795 3
      vertex 181.811 6.30264 1.5
      vertex 181.811 6.30264 3
    endloop
  endfacet
  facet normal 0.984222 0.176937 0
    outer loop
      vertex 181.811 6.30264 1.5
      vertex 181.846 6.10795 3
      vertex 181.846 6.10795 1.5
    endloop
  endfacet
  facet normal 0.729063 0.684447 0
    outer loop
      vertex 182.333 5.26346 3
      vertex 182.198 5.40726 1.5
      vertex 182.198 5.40726 3
    endloop
  endfacet
  facet normal 0.729063 0.684447 0
    outer loop
      vertex 182.198 5.40726 1.5
      vertex 182.333 5.26346 3
      vertex 182.333 5.26346 1.5
    endloop
  endfacet
  facet normal 0.802247 -0.596993 0
    outer loop
      vertex 182.08 7.43417 3
      vertex 182.198 7.59274 1.5
      vertex 182.198 7.59274 3
    endloop
  endfacet
  facet normal 0.802247 -0.596993 0
    outer loop
      vertex 182.198 7.59274 1.5
      vertex 182.08 7.43417 3
      vertex 182.08 7.43417 1.5
    endloop
  endfacet
  facet normal 0.99845 -0.0556493 0
    outer loop
      vertex 181.8 6.5 3
      vertex 181.811 6.69736 1.5
      vertex 181.811 6.69736 3
    endloop
  endfacet
  facet normal 0.99845 -0.0556493 0
    outer loop
      vertex 181.811 6.69736 1.5
      vertex 181.8 6.5 3
      vertex 181.8 6.5 1.5
    endloop
  endfacet
  facet normal -0.343255 0.939242 0
    outer loop
      vertex 184.173 4.93903 1.5
      vertex 183.988 4.87142 3
      vertex 184.173 4.93903 3
    endloop
  endfacet
  facet normal -0.343255 0.939242 0
    outer loop
      vertex 183.988 4.87142 3
      vertex 184.173 4.93903 1.5
      vertex 183.988 4.87142 1.5
    endloop
  endfacet
  facet normal 0.918776 0.39478 0
    outer loop
      vertex 181.981 5.73704 3
      vertex 181.903 5.91857 1.5
      vertex 181.903 5.91857 3
    endloop
  endfacet
  facet normal 0.918776 0.39478 0
    outer loop
      vertex 181.903 5.91857 1.5
      vertex 181.981 5.73704 3
      vertex 181.981 5.73704 1.5
    endloop
  endfacet
  facet normal -0.802247 -0.596993 0
    outer loop
      vertex 184.92 7.43417 1.5
      vertex 184.802 7.59274 3
      vertex 184.802 7.59274 1.5
    endloop
  endfacet
  facet normal -0.802247 -0.596993 0
    outer loop
      vertex 184.802 7.59274 3
      vertex 184.92 7.43417 1.5
      vertex 184.92 7.43417 3
    endloop
  endfacet
  facet normal -0.957567 0.288211 0
    outer loop
      vertex 185.097 5.91857 1.5
      vertex 185.154 6.10795 3
      vertex 185.154 6.10795 1.5
    endloop
  endfacet
  facet normal -0.957567 0.288211 0
    outer loop
      vertex 185.154 6.10795 3
      vertex 185.097 5.91857 1.5
      vertex 185.097 5.91857 3
    endloop
  endfacet
  facet normal -0.918776 -0.39478 0
    outer loop
      vertex 185.097 7.08143 1.5
      vertex 185.019 7.26296 3
      vertex 185.019 7.26296 1.5
    endloop
  endfacet
  facet normal -0.918776 -0.39478 0
    outer loop
      vertex 185.019 7.26296 3
      vertex 185.097 7.08143 1.5
      vertex 185.097 7.08143 3
    endloop
  endfacet
  facet normal -0.229891 0.973216 0
    outer loop
      vertex 183.988 4.87142 1.5
      vertex 183.795 4.82583 3
      vertex 183.988 4.87142 3
    endloop
  endfacet
  facet normal -0.229891 0.973216 0
    outer loop
      vertex 183.795 4.82583 3
      vertex 183.988 4.87142 1.5
      vertex 183.795 4.82583 1.5
    endloop
  endfacet
  facet normal 0.641385 -0.767219 0
    outer loop
      vertex 182.333 7.73654 1.5
      vertex 182.485 7.86361 3
      vertex 182.333 7.73654 3
    endloop
  endfacet
  facet normal 0.641385 -0.767219 0
    outer loop
      vertex 182.485 7.86361 3
      vertex 182.333 7.73654 1.5
      vertex 182.485 7.86361 1.5
    endloop
  endfacet
  facet normal -0.802247 0.596993 0
    outer loop
      vertex 184.802 5.40726 1.5
      vertex 184.92 5.56583 3
      vertex 184.92 5.56583 1.5
    endloop
  endfacet
  facet normal -0.802247 0.596993 0
    outer loop
      vertex 184.92 5.56583 3
      vertex 184.802 5.40726 1.5
      vertex 184.802 5.40726 3
    endloop
  endfacet
  facet normal 0.957567 -0.288211 0
    outer loop
      vertex 181.846 6.89205 3
      vertex 181.903 7.08143 1.5
      vertex 181.903 7.08143 3
    endloop
  endfacet
  facet normal 0.957567 -0.288211 0
    outer loop
      vertex 181.903 7.08143 1.5
      vertex 181.846 6.89205 3
      vertex 181.846 6.89205 1.5
    endloop
  endfacet
  facet normal 0.984222 -0.176937 0
    outer loop
      vertex 181.811 6.69736 3
      vertex 181.846 6.89205 1.5
      vertex 181.846 6.89205 3
    endloop
  endfacet
  facet normal 0.984222 -0.176937 0
    outer loop
      vertex 181.846 6.89205 1.5
      vertex 181.811 6.69736 3
      vertex 181.811 6.69736 1.5
    endloop
  endfacet
  facet normal 0.865693 0.500576 0
    outer loop
      vertex 182.08 5.56583 3
      vertex 181.981 5.73704 1.5
      vertex 181.981 5.73704 3
    endloop
  endfacet
  facet normal 0.865693 0.500576 0
    outer loop
      vertex 181.981 5.73704 1.5
      vertex 182.08 5.56583 3
      vertex 182.08 5.56583 1.5
    endloop
  endfacet
  facet normal 0.957567 0.288211 0
    outer loop
      vertex 181.903 5.91857 3
      vertex 181.846 6.10795 1.5
      vertex 181.846 6.10795 3
    endloop
  endfacet
  facet normal 0.957567 0.288211 0
    outer loop
      vertex 181.846 6.10795 1.5
      vertex 181.903 5.91857 3
      vertex 181.903 5.91857 1.5
    endloop
  endfacet
  facet normal -0.229891 -0.973216 0
    outer loop
      vertex 183.795 8.17417 1.5
      vertex 183.988 8.12858 3
      vertex 183.795 8.17417 3
    endloop
  endfacet
  facet normal -0.229891 -0.973216 -0
    outer loop
      vertex 183.988 8.12858 3
      vertex 183.795 8.17417 1.5
      vertex 183.988 8.12858 1.5
    endloop
  endfacet
  facet normal -0.116297 0.993214 0
    outer loop
      vertex 183.795 4.82583 1.5
      vertex 183.599 4.80288 3
      vertex 183.795 4.82583 3
    endloop
  endfacet
  facet normal -0.116297 0.993214 0
    outer loop
      vertex 183.599 4.80288 3
      vertex 183.795 4.82583 1.5
      vertex 183.599 4.80288 1.5
    endloop
  endfacet
  facet normal 0.54989 -0.835237 0
    outer loop
      vertex 182.485 7.86361 1.5
      vertex 182.65 7.97224 3
      vertex 182.485 7.86361 3
    endloop
  endfacet
  facet normal 0.54989 -0.835237 0
    outer loop
      vertex 182.65 7.97224 3
      vertex 182.485 7.86361 1.5
      vertex 182.65 7.97224 1.5
    endloop
  endfacet
  facet normal 0.448143 -0.893962 0
    outer loop
      vertex 182.65 7.97224 1.5
      vertex 182.827 8.06097 3
      vertex 182.65 7.97224 3
    endloop
  endfacet
  facet normal 0.448143 -0.893962 0
    outer loop
      vertex 182.827 8.06097 3
      vertex 182.65 7.97224 1.5
      vertex 182.827 8.06097 1.5
    endloop
  endfacet
  facet normal 0.253945 -0.967219 0
    outer loop
      vertex 182.618 9.47187 9.53674e-07
      vertex 182.81 9.52228 1.5
      vertex 182.618 9.47187 1.5
    endloop
  endfacet
  facet normal 0.253945 -0.967219 0
    outer loop
      vertex 182.81 9.52228 1.5
      vertex 182.618 9.47187 9.53674e-07
      vertex 182.81 9.52228 9.53674e-07
    endloop
  endfacet
  facet normal -0.995418 0.0956165 0
    outer loop
      vertex 186.575 6.10358 9.53674e-07
      vertex 186.594 6.30138 1.5
      vertex 186.594 6.30138 9.53674e-07
    endloop
  endfacet
  facet normal -0.995418 0.0956165 0
    outer loop
      vertex 186.594 6.30138 1.5
      vertex 186.575 6.10358 9.53674e-07
      vertex 186.575 6.10358 1.5
    endloop
  endfacet
  facet normal -0.999544 0.0301947 0
    outer loop
      vertex 186.594 6.30138 9.53674e-07
      vertex 186.6 6.5 1.5
      vertex 186.6 6.5 9.53674e-07
    endloop
  endfacet
  facet normal -0.999544 0.0301947 0
    outer loop
      vertex 186.6 6.5 1.5
      vertex 186.594 6.30138 9.53674e-07
      vertex 186.594 6.30138 1.5
    endloop
  endfacet
  facet normal -0.986955 0.160996 0
    outer loop
      vertex 186.543 5.90741 9.53674e-07
      vertex 186.575 6.10358 1.5
      vertex 186.575 6.10358 9.53674e-07
    endloop
  endfacet
  facet normal -0.986955 0.160996 0
    outer loop
      vertex 186.575 6.10358 1.5
      vertex 186.543 5.90741 9.53674e-07
      vertex 186.543 5.90741 1.5
    endloop
  endfacet
  facet normal -0.937864 -0.347003 0
    outer loop
      vertex 186.442 7.47684 9.53674e-07
      vertex 186.373 7.66333 1.5
      vertex 186.373 7.66333 9.53674e-07
    endloop
  endfacet
  facet normal -0.937864 -0.347003 0
    outer loop
      vertex 186.373 7.66333 1.5
      vertex 186.442 7.47684 9.53674e-07
      vertex 186.442 7.47684 1.5
    endloop
  endfacet
  facet normal -0.491055 0.871129 0
    outer loop
      vertex 185.107 3.84906 9.53674e-07
      vertex 184.934 3.75154 1.5
      vertex 185.107 3.84906 1.5
    endloop
  endfacet
  facet normal -0.491055 0.871129 0
    outer loop
      vertex 184.934 3.75154 1.5
      vertex 185.107 3.84906 9.53674e-07
      vertex 184.934 3.75154 9.53674e-07
    endloop
  endfacet
  facet normal -0.695039 0.718972 0
    outer loop
      vertex 185.727 4.34338 9.53674e-07
      vertex 185.584 4.20514 1.5
      vertex 185.727 4.34338 1.5
    endloop
  endfacet
  facet normal -0.695039 0.718972 0
    outer loop
      vertex 185.584 4.20514 1.5
      vertex 185.727 4.34338 9.53674e-07
      vertex 185.584 4.20514 9.53674e-07
    endloop
  endfacet
  facet normal -0.915227 0.402939 0
    outer loop
      vertex 186.293 5.15496 9.53674e-07
      vertex 186.373 5.33667 1.5
      vertex 186.373 5.33667 9.53674e-07
    endloop
  endfacet
  facet normal -0.915227 0.402939 0
    outer loop
      vertex 186.373 5.33667 1.5
      vertex 186.293 5.15496 9.53674e-07
      vertex 186.293 5.15496 1.5
    endloop
  endfacet
  facet normal -0.253945 -0.967219 0
    outer loop
      vertex 184.19 9.52228 9.53674e-07
      vertex 184.382 9.47187 1.5
      vertex 184.19 9.52228 1.5
    endloop
  endfacet
  facet normal -0.253945 -0.967219 -0
    outer loop
      vertex 184.382 9.47187 1.5
      vertex 184.19 9.52228 9.53674e-07
      vertex 184.382 9.47187 9.53674e-07
    endloop
  endfacet
  facet normal 0.375599 0.926782 -0
    outer loop
      vertex 182.429 3.59075 9.53674e-07
      vertex 182.245 3.66532 1.5
      vertex 182.429 3.59075 1.5
    endloop
  endfacet
  facet normal 0.375599 0.926782 0
    outer loop
      vertex 182.245 3.66532 1.5
      vertex 182.429 3.59075 9.53674e-07
      vertex 182.245 3.66532 9.53674e-07
    endloop
  endfacet
  facet normal 0.127975 0.991777 -0
    outer loop
      vertex 183.202 3.41432 9.53674e-07
      vertex 183.005 3.43974 1.5
      vertex 183.202 3.41432 1.5
    endloop
  endfacet
  facet normal 0.127975 0.991777 0
    outer loop
      vertex 183.005 3.43974 1.5
      vertex 183.202 3.41432 9.53674e-07
      vertex 183.005 3.43974 9.53674e-07
    endloop
  endfacet
  facet normal 0.781595 -0.623787 0
    outer loop
      vertex 181.016 8.35414 1.5
      vertex 181.14 8.50951 9.53674e-07
      vertex 181.14 8.50951 1.5
    endloop
  endfacet
  facet normal 0.781595 -0.623787 0
    outer loop
      vertex 181.14 8.50951 9.53674e-07
      vertex 181.016 8.35414 1.5
      vertex 181.016 8.35414 9.53674e-07
    endloop
  endfacet
  facet normal -0.975167 0.221469 0
    outer loop
      vertex 186.499 5.71367 9.53674e-07
      vertex 186.543 5.90741 1.5
      vertex 186.543 5.90741 9.53674e-07
    endloop
  endfacet
  facet normal -0.975167 0.221469 0
    outer loop
      vertex 186.543 5.90741 1.5
      vertex 186.499 5.71367 9.53674e-07
      vertex 186.499 5.71367 1.5
    endloop
  endfacet
  facet normal -0.649022 -0.76077 0
    outer loop
      vertex 185.433 8.92368 9.53674e-07
      vertex 185.584 8.79486 1.5
      vertex 185.433 8.92368 1.5
    endloop
  endfacet
  facet normal -0.649022 -0.76077 -0
    outer loop
      vertex 185.584 8.79486 1.5
      vertex 185.433 8.92368 9.53674e-07
      vertex 185.584 8.79486 9.53674e-07
    endloop
  endfacet
  facet normal -0.649022 0.76077 0
    outer loop
      vertex 185.584 4.20514 9.53674e-07
      vertex 185.433 4.07632 1.5
      vertex 185.584 4.20514 1.5
    endloop
  endfacet
  facet normal -0.649022 0.76077 0
    outer loop
      vertex 185.433 4.07632 1.5
      vertex 185.584 4.20514 9.53674e-07
      vertex 185.433 4.07632 9.53674e-07
    endloop
  endfacet
  facet normal 0.741785 0.670637 0
    outer loop
      vertex 181.273 4.34338 1.5
      vertex 181.14 4.49049 9.53674e-07
      vertex 181.14 4.49049 1.5
    endloop
  endfacet
  facet normal 0.741785 0.670637 0
    outer loop
      vertex 181.14 4.49049 9.53674e-07
      vertex 181.273 4.34338 1.5
      vertex 181.273 4.34338 9.53674e-07
    endloop
  endfacet
  facet normal -0.544494 0.838765 0
    outer loop
      vertex 185.274 3.95747 9.53674e-07
      vertex 185.107 3.84906 1.5
      vertex 185.274 3.95747 1.5
    endloop
  endfacet
  facet normal -0.544494 0.838765 0
    outer loop
      vertex 185.107 3.84906 1.5
      vertex 185.274 3.95747 9.53674e-07
      vertex 185.107 3.84906 9.53674e-07
    endloop
  endfacet
  facet normal 0.995418 0.0956165 0
    outer loop
      vertex 180.425 6.10358 1.5
      vertex 180.406 6.30138 9.53674e-07
      vertex 180.406 6.30138 1.5
    endloop
  endfacet
  facet normal 0.995418 0.0956165 0
    outer loop
      vertex 180.406 6.30138 9.53674e-07
      vertex 180.425 6.10358 1.5
      vertex 180.425 6.10358 9.53674e-07
    endloop
  endfacet
  facet normal -0.999544 -0.0301947 0
    outer loop
      vertex 186.6 6.5 9.53674e-07
      vertex 186.594 6.69862 1.5
      vertex 186.594 6.69862 9.53674e-07
    endloop
  endfacet
  facet normal -0.999544 -0.0301947 0
    outer loop
      vertex 186.594 6.69862 1.5
      vertex 186.6 6.5 9.53674e-07
      vertex 186.6 6.5 1.5
    endloop
  endfacet
  facet normal -0.191177 -0.981556 0
    outer loop
      vertex 183.995 9.56026 9.53674e-07
      vertex 184.19 9.52228 1.5
      vertex 183.995 9.56026 1.5
    endloop
  endfacet
  facet normal -0.191177 -0.981556 -0
    outer loop
      vertex 184.19 9.52228 1.5
      vertex 183.995 9.56026 9.53674e-07
      vertex 184.19 9.52228 9.53674e-07
    endloop
  endfacet
  facet normal -0.31451 -0.949254 0
    outer loop
      vertex 184.382 9.47187 9.53674e-07
      vertex 184.571 9.40925 1.5
      vertex 184.382 9.47187 1.5
    endloop
  endfacet
  facet normal -0.31451 -0.949254 -0
    outer loop
      vertex 184.571 9.40925 1.5
      vertex 184.382 9.47187 9.53674e-07
      vertex 184.571 9.40925 9.53674e-07
    endloop
  endfacet
  facet normal 0.544494 0.838765 -0
    outer loop
      vertex 181.893 3.84906 9.53674e-07
      vertex 181.726 3.95747 1.5
      vertex 181.893 3.84906 1.5
    endloop
  endfacet
  facet normal 0.544494 0.838765 0
    outer loop
      vertex 181.726 3.95747 1.5
      vertex 181.893 3.84906 9.53674e-07
      vertex 181.726 3.95747 9.53674e-07
    endloop
  endfacet
  facet normal 0.975167 -0.221469 0
    outer loop
      vertex 180.457 7.09259 1.5
      vertex 180.501 7.28633 9.53674e-07
      vertex 180.501 7.28633 1.5
    endloop
  endfacet
  facet normal 0.975167 -0.221469 0
    outer loop
      vertex 180.501 7.28633 9.53674e-07
      vertex 180.457 7.09259 1.5
      vertex 180.457 7.09259 9.53674e-07
    endloop
  endfacet
  facet normal -0.695039 -0.718972 0
    outer loop
      vertex 185.584 8.79486 9.53674e-07
      vertex 185.727 8.65662 1.5
      vertex 185.584 8.79486 1.5
    endloop
  endfacet
  facet normal -0.695039 -0.718972 -0
    outer loop
      vertex 185.727 8.65662 1.5
      vertex 185.584 8.79486 9.53674e-07
      vertex 185.727 8.65662 9.53674e-07
    endloop
  endfacet
  facet normal 0.958038 -0.286642 0
    outer loop
      vertex 180.501 7.28633 1.5
      vertex 180.558 7.47684 9.53674e-07
      vertex 180.558 7.47684 1.5
    endloop
  endfacet
  facet normal 0.958038 -0.286642 0
    outer loop
      vertex 180.558 7.47684 9.53674e-07
      vertex 180.501 7.28633 1.5
      vertex 180.501 7.28633 9.53674e-07
    endloop
  endfacet
  facet normal 0.31451 -0.949254 0
    outer loop
      vertex 182.429 9.40925 9.53674e-07
      vertex 182.618 9.47187 1.5
      vertex 182.429 9.40925 1.5
    endloop
  endfacet
  facet normal 0.31451 -0.949254 0
    outer loop
      vertex 182.618 9.47187 1.5
      vertex 182.429 9.40925 9.53674e-07
      vertex 182.618 9.47187 9.53674e-07
    endloop
  endfacet
  facet normal 0.741785 -0.670637 0
    outer loop
      vertex 181.14 8.50951 1.5
      vertex 181.273 8.65662 9.53674e-07
      vertex 181.273 8.65662 1.5
    endloop
  endfacet
  facet normal 0.741785 -0.670637 0
    outer loop
      vertex 181.273 8.65662 9.53674e-07
      vertex 181.14 8.50951 1.5
      vertex 181.14 8.50951 9.53674e-07
    endloop
  endfacet
  facet normal -0.975167 -0.221469 0
    outer loop
      vertex 186.543 7.09259 9.53674e-07
      vertex 186.499 7.28633 1.5
      vertex 186.499 7.28633 9.53674e-07
    endloop
  endfacet
  facet normal -0.975167 -0.221469 0
    outer loop
      vertex 186.499 7.28633 1.5
      vertex 186.543 7.09259 9.53674e-07
      vertex 186.543 7.09259 1.5
    endloop
  endfacet
  facet normal 0.491055 -0.871129 0
    outer loop
      vertex 181.893 9.15094 9.53674e-07
      vertex 182.066 9.24846 1.5
      vertex 181.893 9.15094 1.5
    endloop
  endfacet
  facet normal 0.491055 -0.871129 0
    outer loop
      vertex 182.066 9.24846 1.5
      vertex 181.893 9.15094 9.53674e-07
      vertex 182.066 9.24846 9.53674e-07
    endloop
  endfacet
  facet normal -0.88642 0.462882 0
    outer loop
      vertex 186.201 4.97878 9.53674e-07
      vertex 186.293 5.15496 1.5
      vertex 186.293 5.15496 9.53674e-07
    endloop
  endfacet
  facet normal -0.88642 0.462882 0
    outer loop
      vertex 186.293 5.15496 1.5
      vertex 186.201 4.97878 9.53674e-07
      vertex 186.201 4.97878 1.5
    endloop
  endfacet
  facet normal 0.433958 -0.900933 0
    outer loop
      vertex 182.066 9.24846 9.53674e-07
      vertex 182.245 9.33468 1.5
      vertex 182.066 9.24846 1.5
    endloop
  endfacet
  facet normal 0.433958 -0.900933 0
    outer loop
      vertex 182.245 9.33468 1.5
      vertex 182.066 9.24846 9.53674e-07
      vertex 182.245 9.33468 9.53674e-07
    endloop
  endfacet
  facet normal -0.855184 0.518324 0
    outer loop
      vertex 186.098 4.80884 9.53674e-07
      vertex 186.201 4.97878 1.5
      vertex 186.201 4.97878 9.53674e-07
    endloop
  endfacet
  facet normal -0.855184 0.518324 0
    outer loop
      vertex 186.201 4.97878 1.5
      vertex 186.098 4.80884 9.53674e-07
      vertex 186.098 4.80884 1.5
    endloop
  endfacet
  facet normal -0.491055 -0.871129 0
    outer loop
      vertex 184.934 9.24846 9.53674e-07
      vertex 185.107 9.15094 1.5
      vertex 184.934 9.24846 1.5
    endloop
  endfacet
  facet normal -0.491055 -0.871129 -0
    outer loop
      vertex 185.107 9.15094 1.5
      vertex 184.934 9.24846 9.53674e-07
      vertex 185.107 9.15094 9.53674e-07
    endloop
  endfacet
  facet normal 0.544494 -0.838765 0
    outer loop
      vertex 181.726 9.04253 9.53674e-07
      vertex 181.893 9.15094 1.5
      vertex 181.726 9.04253 1.5
    endloop
  endfacet
  facet normal 0.544494 -0.838765 0
    outer loop
      vertex 181.893 9.15094 1.5
      vertex 181.726 9.04253 9.53674e-07
      vertex 181.893 9.15094 9.53674e-07
    endloop
  endfacet
  facet normal 0.855184 -0.518324 0
    outer loop
      vertex 180.799 8.02122 1.5
      vertex 180.902 8.19116 9.53674e-07
      vertex 180.902 8.19116 1.5
    endloop
  endfacet
  facet normal 0.855184 -0.518324 0
    outer loop
      vertex 180.902 8.19116 9.53674e-07
      vertex 180.799 8.02122 1.5
      vertex 180.799 8.02122 9.53674e-07
    endloop
  endfacet
  facet normal 0.59871 0.800966 -0
    outer loop
      vertex 181.726 3.95747 9.53674e-07
      vertex 181.567 4.07632 1.5
      vertex 181.726 3.95747 1.5
    endloop
  endfacet
  facet normal 0.59871 0.800966 0
    outer loop
      vertex 181.567 4.07632 1.5
      vertex 181.726 3.95747 9.53674e-07
      vertex 181.567 4.07632 9.53674e-07
    endloop
  endfacet
  facet normal 0.986955 -0.160996 0
    outer loop
      vertex 180.425 6.89642 1.5
      vertex 180.457 7.09259 9.53674e-07
      vertex 180.457 7.09259 1.5
    endloop
  endfacet
  facet normal 0.986955 -0.160996 0
    outer loop
      vertex 180.457 7.09259 9.53674e-07
      vertex 180.425 6.89642 1.5
      vertex 180.425 6.89642 9.53674e-07
    endloop
  endfacet
  facet normal 0.915227 0.402939 0
    outer loop
      vertex 180.707 5.15496 1.5
      vertex 180.627 5.33667 9.53674e-07
      vertex 180.627 5.33667 1.5
    endloop
  endfacet
  facet normal 0.915227 0.402939 0
    outer loop
      vertex 180.627 5.33667 9.53674e-07
      vertex 180.707 5.15496 1.5
      vertex 180.707 5.15496 9.53674e-07
    endloop
  endfacet
  facet normal -0.819435 0.573172 0
    outer loop
      vertex 185.984 4.64586 9.53674e-07
      vertex 186.098 4.80884 1.5
      vertex 186.098 4.80884 9.53674e-07
    endloop
  endfacet
  facet normal -0.819435 0.573172 0
    outer loop
      vertex 186.098 4.80884 1.5
      vertex 185.984 4.64586 9.53674e-07
      vertex 185.984 4.64586 1.5
    endloop
  endfacet
  facet normal 0.191177 0.981556 -0
    outer loop
      vertex 183.005 3.43974 9.53674e-07
      vertex 182.81 3.47772 1.5
      vertex 183.005 3.43974 1.5
    endloop
  endfacet
  facet normal 0.191177 0.981556 0
    outer loop
      vertex 182.81 3.47772 1.5
      vertex 183.005 3.43974 9.53674e-07
      vertex 182.81 3.47772 9.53674e-07
    endloop
  endfacet
  facet normal -0.375599 0.926782 0
    outer loop
      vertex 184.755 3.66532 9.53674e-07
      vertex 184.571 3.59075 1.5
      vertex 184.755 3.66532 1.5
    endloop
  endfacet
  facet normal -0.375599 0.926782 0
    outer loop
      vertex 184.571 3.59075 1.5
      vertex 184.755 3.66532 9.53674e-07
      vertex 184.571 3.59075 9.53674e-07
    endloop
  endfacet
  facet normal 0.253945 0.967219 -0
    outer loop
      vertex 182.81 3.47772 9.53674e-07
      vertex 182.618 3.52813 1.5
      vertex 182.81 3.47772 1.5
    endloop
  endfacet
  facet normal 0.253945 0.967219 0
    outer loop
      vertex 182.618 3.52813 1.5
      vertex 182.81 3.47772 9.53674e-07
      vertex 182.618 3.52813 9.53674e-07
    endloop
  endfacet
  facet normal 0 -1 0
    outer loop
      vertex 183.401 9.59841 9.53674e-07
      vertex 183.599 9.59841 1.5
      vertex 183.401 9.59841 1.5
    endloop
  endfacet
  facet normal 0 -1 -0
    outer loop
      vertex 183.599 9.59841 1.5
      vertex 183.401 9.59841 9.53674e-07
      vertex 183.599 9.59841 9.53674e-07
    endloop
  endfacet
  facet normal -0.127975 0.991777 0
    outer loop
      vertex 183.995 3.43974 9.53674e-07
      vertex 183.798 3.41432 1.5
      vertex 183.995 3.43974 1.5
    endloop
  endfacet
  facet normal -0.127975 0.991777 0
    outer loop
      vertex 183.798 3.41432 1.5
      vertex 183.995 3.43974 9.53674e-07
      vertex 183.798 3.41432 9.53674e-07
    endloop
  endfacet
  facet normal -0.88642 -0.462882 0
    outer loop
      vertex 186.293 7.84504 9.53674e-07
      vertex 186.201 8.02122 1.5
      vertex 186.201 8.02122 9.53674e-07
    endloop
  endfacet
  facet normal -0.88642 -0.462882 0
    outer loop
      vertex 186.201 8.02122 1.5
      vertex 186.293 7.84504 9.53674e-07
      vertex 186.293 7.84504 1.5
    endloop
  endfacet
  facet normal -0.819435 -0.573172 0
    outer loop
      vertex 186.098 8.19116 9.53674e-07
      vertex 185.984 8.35414 1.5
      vertex 185.984 8.35414 9.53674e-07
    endloop
  endfacet
  facet normal -0.819435 -0.573172 0
    outer loop
      vertex 185.984 8.35414 1.5
      vertex 186.098 8.19116 9.53674e-07
      vertex 186.098 8.19116 1.5
    endloop
  endfacet
  facet normal -0.855184 -0.518324 0
    outer loop
      vertex 186.201 8.02122 9.53674e-07
      vertex 186.098 8.19116 1.5
      vertex 186.098 8.19116 9.53674e-07
    endloop
  endfacet
  facet normal -0.855184 -0.518324 0
    outer loop
      vertex 186.098 8.19116 1.5
      vertex 186.201 8.02122 9.53674e-07
      vertex 186.201 8.02122 1.5
    endloop
  endfacet
  facet normal -0.544494 -0.838765 0
    outer loop
      vertex 185.107 9.15094 9.53674e-07
      vertex 185.274 9.04253 1.5
      vertex 185.107 9.15094 1.5
    endloop
  endfacet
  facet normal -0.544494 -0.838765 -0
    outer loop
      vertex 185.274 9.04253 1.5
      vertex 185.107 9.15094 9.53674e-07
      vertex 185.274 9.04253 9.53674e-07
    endloop
  endfacet
  facet normal 0.819435 -0.573172 0
    outer loop
      vertex 180.902 8.19116 1.5
      vertex 181.016 8.35414 9.53674e-07
      vertex 181.016 8.35414 1.5
    endloop
  endfacet
  facet normal 0.819435 -0.573172 0
    outer loop
      vertex 181.016 8.35414 9.53674e-07
      vertex 180.902 8.19116 1.5
      vertex 180.902 8.19116 9.53674e-07
    endloop
  endfacet
  facet normal -0.915227 -0.402939 0
    outer loop
      vertex 186.373 7.66333 9.53674e-07
      vertex 186.293 7.84504 1.5
      vertex 186.293 7.84504 9.53674e-07
    endloop
  endfacet
  facet normal -0.915227 -0.402939 0
    outer loop
      vertex 186.293 7.84504 1.5
      vertex 186.373 7.66333 9.53674e-07
      vertex 186.373 7.66333 1.5
    endloop
  endfacet
  facet normal 0.819435 0.573172 0
    outer loop
      vertex 181.016 4.64586 1.5
      vertex 180.902 4.80884 9.53674e-07
      vertex 180.902 4.80884 1.5
    endloop
  endfacet
  facet normal 0.819435 0.573172 0
    outer loop
      vertex 180.902 4.80884 9.53674e-07
      vertex 181.016 4.64586 1.5
      vertex 181.016 4.64586 9.53674e-07
    endloop
  endfacet
  facet normal 0.491055 0.871129 -0
    outer loop
      vertex 182.066 3.75154 9.53674e-07
      vertex 181.893 3.84906 1.5
      vertex 182.066 3.75154 1.5
    endloop
  endfacet
  facet normal 0.491055 0.871129 0
    outer loop
      vertex 181.893 3.84906 1.5
      vertex 182.066 3.75154 9.53674e-07
      vertex 181.893 3.84906 9.53674e-07
    endloop
  endfacet
  facet normal 0.937864 0.347003 0
    outer loop
      vertex 180.627 5.33667 1.5
      vertex 180.558 5.52316 9.53674e-07
      vertex 180.558 5.52316 1.5
    endloop
  endfacet
  facet normal 0.937864 0.347003 0
    outer loop
      vertex 180.558 5.52316 9.53674e-07
      vertex 180.627 5.33667 1.5
      vertex 180.627 5.33667 9.53674e-07
    endloop
  endfacet
  facet normal -0.781595 -0.623787 0
    outer loop
      vertex 185.984 8.35414 9.53674e-07
      vertex 185.86 8.50951 1.5
      vertex 185.86 8.50951 9.53674e-07
    endloop
  endfacet
  facet normal -0.781595 -0.623787 0
    outer loop
      vertex 185.86 8.50951 1.5
      vertex 185.984 8.35414 9.53674e-07
      vertex 185.984 8.35414 1.5
    endloop
  endfacet
  facet normal 0.995418 -0.0956165 0
    outer loop
      vertex 180.406 6.69862 1.5
      vertex 180.425 6.89642 9.53674e-07
      vertex 180.425 6.89642 1.5
    endloop
  endfacet
  facet normal 0.995418 -0.0956165 0
    outer loop
      vertex 180.425 6.89642 9.53674e-07
      vertex 180.406 6.69862 1.5
      vertex 180.406 6.69862 9.53674e-07
    endloop
  endfacet
  facet normal 0.59871 -0.800966 0
    outer loop
      vertex 181.567 8.92368 9.53674e-07
      vertex 181.726 9.04253 1.5
      vertex 181.567 8.92368 1.5
    endloop
  endfacet
  facet normal 0.59871 -0.800966 0
    outer loop
      vertex 181.726 9.04253 1.5
      vertex 181.567 8.92368 9.53674e-07
      vertex 181.726 9.04253 9.53674e-07
    endloop
  endfacet
  facet normal 0.0638394 0.99796 -0
    outer loop
      vertex 183.401 3.40159 9.53674e-07
      vertex 183.202 3.41432 1.5
      vertex 183.401 3.40159 1.5
    endloop
  endfacet
  facet normal 0.0638394 0.99796 0
    outer loop
      vertex 183.202 3.41432 1.5
      vertex 183.401 3.40159 9.53674e-07
      vertex 183.202 3.41432 9.53674e-07
    endloop
  endfacet
  facet normal -0.375599 -0.926782 0
    outer loop
      vertex 184.571 9.40925 9.53674e-07
      vertex 184.755 9.33468 1.5
      vertex 184.571 9.40925 1.5
    endloop
  endfacet
  facet normal -0.375599 -0.926782 -0
    outer loop
      vertex 184.755 9.33468 1.5
      vertex 184.571 9.40925 9.53674e-07
      vertex 184.755 9.33468 9.53674e-07
    endloop
  endfacet
  facet normal -0.0638394 -0.99796 0
    outer loop
      vertex 183.599 9.59841 9.53674e-07
      vertex 183.798 9.58568 1.5
      vertex 183.599 9.59841 1.5
    endloop
  endfacet
  facet normal -0.0638394 -0.99796 -0
    outer loop
      vertex 183.798 9.58568 1.5
      vertex 183.599 9.59841 9.53674e-07
      vertex 183.798 9.58568 9.53674e-07
    endloop
  endfacet
  facet normal 0.937864 -0.347003 0
    outer loop
      vertex 180.558 7.47684 1.5
      vertex 180.627 7.66333 9.53674e-07
      vertex 180.627 7.66333 1.5
    endloop
  endfacet
  facet normal 0.937864 -0.347003 0
    outer loop
      vertex 180.627 7.66333 9.53674e-07
      vertex 180.558 7.47684 1.5
      vertex 180.558 7.47684 9.53674e-07
    endloop
  endfacet
  facet normal -0.937864 0.347003 0
    outer loop
      vertex 186.373 5.33667 9.53674e-07
      vertex 186.442 5.52316 1.5
      vertex 186.442 5.52316 9.53674e-07
    endloop
  endfacet
  facet normal -0.937864 0.347003 0
    outer loop
      vertex 186.442 5.52316 1.5
      vertex 186.373 5.33667 9.53674e-07
      vertex 186.373 5.33667 1.5
    endloop
  endfacet
  facet normal 0.915227 -0.402939 0
    outer loop
      vertex 180.627 7.66333 1.5
      vertex 180.707 7.84504 9.53674e-07
      vertex 180.707 7.84504 1.5
    endloop
  endfacet
  facet normal 0.915227 -0.402939 0
    outer loop
      vertex 180.707 7.84504 9.53674e-07
      vertex 180.627 7.66333 1.5
      vertex 180.627 7.66333 9.53674e-07
    endloop
  endfacet
  facet normal 0.127975 -0.991777 0
    outer loop
      vertex 183.005 9.56026 9.53674e-07
      vertex 183.202 9.58568 1.5
      vertex 183.005 9.56026 1.5
    endloop
  endfacet
  facet normal 0.127975 -0.991777 0
    outer loop
      vertex 183.202 9.58568 1.5
      vertex 183.005 9.56026 9.53674e-07
      vertex 183.202 9.58568 9.53674e-07
    endloop
  endfacet
  facet normal 0.999544 -0.0301947 0
    outer loop
      vertex 180.4 6.5 1.5
      vertex 180.406 6.69862 9.53674e-07
      vertex 180.406 6.69862 1.5
    endloop
  endfacet
  facet normal 0.999544 -0.0301947 0
    outer loop
      vertex 180.406 6.69862 9.53674e-07
      vertex 180.4 6.5 1.5
      vertex 180.4 6.5 9.53674e-07
    endloop
  endfacet
  facet normal 0.433958 0.900933 -0
    outer loop
      vertex 182.245 3.66532 9.53674e-07
      vertex 182.066 3.75154 1.5
      vertex 182.245 3.66532 1.5
    endloop
  endfacet
  facet normal 0.433958 0.900933 0
    outer loop
      vertex 182.066 3.75154 1.5
      vertex 182.245 3.66532 9.53674e-07
      vertex 182.066 3.75154 9.53674e-07
    endloop
  endfacet
  facet normal -0.958038 0.286642 0
    outer loop
      vertex 186.442 5.52316 9.53674e-07
      vertex 186.499 5.71367 1.5
      vertex 186.499 5.71367 9.53674e-07
    endloop
  endfacet
  facet normal -0.958038 0.286642 0
    outer loop
      vertex 186.499 5.71367 1.5
      vertex 186.442 5.52316 9.53674e-07
      vertex 186.442 5.52316 1.5
    endloop
  endfacet
  facet normal 0.855184 0.518324 0
    outer loop
      vertex 180.902 4.80884 1.5
      vertex 180.799 4.97878 9.53674e-07
      vertex 180.799 4.97878 1.5
    endloop
  endfacet
  facet normal 0.855184 0.518324 0
    outer loop
      vertex 180.799 4.97878 9.53674e-07
      vertex 180.902 4.80884 1.5
      vertex 180.902 4.80884 9.53674e-07
    endloop
  endfacet
  facet normal 0.958038 0.286642 0
    outer loop
      vertex 180.558 5.52316 1.5
      vertex 180.501 5.71367 9.53674e-07
      vertex 180.501 5.71367 1.5
    endloop
  endfacet
  facet normal 0.958038 0.286642 0
    outer loop
      vertex 180.501 5.71367 9.53674e-07
      vertex 180.558 5.52316 1.5
      vertex 180.558 5.52316 9.53674e-07
    endloop
  endfacet
  facet normal 0.31451 0.949254 -0
    outer loop
      vertex 182.618 3.52813 9.53674e-07
      vertex 182.429 3.59075 1.5
      vertex 182.618 3.52813 1.5
    endloop
  endfacet
  facet normal 0.31451 0.949254 0
    outer loop
      vertex 182.429 3.59075 1.5
      vertex 182.618 3.52813 9.53674e-07
      vertex 182.429 3.59075 9.53674e-07
    endloop
  endfacet
  facet normal -0.127975 -0.991777 0
    outer loop
      vertex 183.798 9.58568 9.53674e-07
      vertex 183.995 9.56026 1.5
      vertex 183.798 9.58568 1.5
    endloop
  endfacet
  facet normal -0.127975 -0.991777 -0
    outer loop
      vertex 183.995 9.56026 1.5
      vertex 183.798 9.58568 9.53674e-07
      vertex 183.995 9.56026 9.53674e-07
    endloop
  endfacet
  facet normal 0.88642 -0.462882 0
    outer loop
      vertex 180.707 7.84504 1.5
      vertex 180.799 8.02122 9.53674e-07
      vertex 180.799 8.02122 1.5
    endloop
  endfacet
  facet normal 0.88642 -0.462882 0
    outer loop
      vertex 180.799 8.02122 9.53674e-07
      vertex 180.707 7.84504 1.5
      vertex 180.707 7.84504 9.53674e-07
    endloop
  endfacet
  facet normal -0.59871 0.800966 0
    outer loop
      vertex 185.433 4.07632 9.53674e-07
      vertex 185.274 3.95747 1.5
      vertex 185.433 4.07632 1.5
    endloop
  endfacet
  facet normal -0.59871 0.800966 0
    outer loop
      vertex 185.274 3.95747 1.5
      vertex 185.433 4.07632 9.53674e-07
      vertex 185.274 3.95747 9.53674e-07
    endloop
  endfacet
  facet normal 0.695039 0.718972 -0
    outer loop
      vertex 181.416 4.20514 9.53674e-07
      vertex 181.273 4.34338 1.5
      vertex 181.416 4.20514 1.5
    endloop
  endfacet
  facet normal 0.695039 0.718972 0
    outer loop
      vertex 181.273 4.34338 1.5
      vertex 181.416 4.20514 9.53674e-07
      vertex 181.273 4.34338 9.53674e-07
    endloop
  endfacet
  facet normal -0.433958 -0.900933 0
    outer loop
      vertex 184.755 9.33468 9.53674e-07
      vertex 184.934 9.24846 1.5
      vertex 184.755 9.33468 1.5
    endloop
  endfacet
  facet normal -0.433958 -0.900933 -0
    outer loop
      vertex 184.934 9.24846 1.5
      vertex 184.755 9.33468 9.53674e-07
      vertex 184.934 9.24846 9.53674e-07
    endloop
  endfacet
  facet normal 0 1 -0
    outer loop
      vertex 183.599 3.40159 9.53674e-07
      vertex 183.401 3.40159 1.5
      vertex 183.599 3.40159 1.5
    endloop
  endfacet
  facet normal 0 1 0
    outer loop
      vertex 183.401 3.40159 1.5
      vertex 183.599 3.40159 9.53674e-07
      vertex 183.401 3.40159 9.53674e-07
    endloop
  endfacet
  facet normal 0.649022 0.76077 -0
    outer loop
      vertex 181.567 4.07632 9.53674e-07
      vertex 181.416 4.20514 1.5
      vertex 181.567 4.07632 1.5
    endloop
  endfacet
  facet normal 0.649022 0.76077 0
    outer loop
      vertex 181.416 4.20514 1.5
      vertex 181.567 4.07632 9.53674e-07
      vertex 181.416 4.20514 9.53674e-07
    endloop
  endfacet
  facet normal 0.975167 0.221469 0
    outer loop
      vertex 180.501 5.71367 1.5
      vertex 180.457 5.90741 9.53674e-07
      vertex 180.457 5.90741 1.5
    endloop
  endfacet
  facet normal 0.975167 0.221469 0
    outer loop
      vertex 180.457 5.90741 9.53674e-07
      vertex 180.501 5.71367 1.5
      vertex 180.501 5.71367 9.53674e-07
    endloop
  endfacet
  facet normal 0.191177 -0.981556 0
    outer loop
      vertex 182.81 9.52228 9.53674e-07
      vertex 183.005 9.56026 1.5
      vertex 182.81 9.52228 1.5
    endloop
  endfacet
  facet normal 0.191177 -0.981556 0
    outer loop
      vertex 183.005 9.56026 1.5
      vertex 182.81 9.52228 9.53674e-07
      vertex 183.005 9.56026 9.53674e-07
    endloop
  endfacet
  facet normal -0.995418 -0.0956165 0
    outer loop
      vertex 186.594 6.69862 9.53674e-07
      vertex 186.575 6.89642 1.5
      vertex 186.575 6.89642 9.53674e-07
    endloop
  endfacet
  facet normal -0.995418 -0.0956165 0
    outer loop
      vertex 186.575 6.89642 1.5
      vertex 186.594 6.69862 9.53674e-07
      vertex 186.594 6.69862 1.5
    endloop
  endfacet
  facet normal -0.986955 -0.160996 0
    outer loop
      vertex 186.575 6.89642 9.53674e-07
      vertex 186.543 7.09259 1.5
      vertex 186.543 7.09259 9.53674e-07
    endloop
  endfacet
  facet normal -0.986955 -0.160996 0
    outer loop
      vertex 186.543 7.09259 1.5
      vertex 186.575 6.89642 9.53674e-07
      vertex 186.575 6.89642 1.5
    endloop
  endfacet
  facet normal 0.986955 0.160996 0
    outer loop
      vertex 180.457 5.90741 1.5
      vertex 180.425 6.10358 9.53674e-07
      vertex 180.425 6.10358 1.5
    endloop
  endfacet
  facet normal 0.986955 0.160996 0
    outer loop
      vertex 180.425 6.10358 9.53674e-07
      vertex 180.457 5.90741 1.5
      vertex 180.457 5.90741 9.53674e-07
    endloop
  endfacet
  facet normal -0.0638394 0.99796 0
    outer loop
      vertex 183.798 3.41432 9.53674e-07
      vertex 183.599 3.40159 1.5
      vertex 183.798 3.41432 1.5
    endloop
  endfacet
  facet normal -0.0638394 0.99796 0
    outer loop
      vertex 183.599 3.40159 1.5
      vertex 183.798 3.41432 9.53674e-07
      vertex 183.599 3.40159 9.53674e-07
    endloop
  endfacet
  facet normal -0.59871 -0.800966 0
    outer loop
      vertex 185.274 9.04253 9.53674e-07
      vertex 185.433 8.92368 1.5
      vertex 185.274 9.04253 1.5
    endloop
  endfacet
  facet normal -0.59871 -0.800966 -0
    outer loop
      vertex 185.433 8.92368 1.5
      vertex 185.274 9.04253 9.53674e-07
      vertex 185.433 8.92368 9.53674e-07
    endloop
  endfacet
  facet normal -0.958038 -0.286642 0
    outer loop
      vertex 186.499 7.28633 9.53674e-07
      vertex 186.442 7.47684 1.5
      vertex 186.442 7.47684 9.53674e-07
    endloop
  endfacet
  facet normal -0.958038 -0.286642 0
    outer loop
      vertex 186.442 7.47684 1.5
      vertex 186.499 7.28633 9.53674e-07
      vertex 186.499 7.28633 1.5
    endloop
  endfacet
  facet normal -0.741785 -0.670637 0
    outer loop
      vertex 185.86 8.50951 9.53674e-07
      vertex 185.727 8.65662 1.5
      vertex 185.727 8.65662 9.53674e-07
    endloop
  endfacet
  facet normal -0.741785 -0.670637 0
    outer loop
      vertex 185.727 8.65662 1.5
      vertex 185.86 8.50951 9.53674e-07
      vertex 185.86 8.50951 1.5
    endloop
  endfacet
  facet normal -0.781595 0.623787 0
    outer loop
      vertex 185.86 4.49049 9.53674e-07
      vertex 185.984 4.64586 1.5
      vertex 185.984 4.64586 9.53674e-07
    endloop
  endfacet
  facet normal -0.781595 0.623787 0
    outer loop
      vertex 185.984 4.64586 1.5
      vertex 185.86 4.49049 9.53674e-07
      vertex 185.86 4.49049 1.5
    endloop
  endfacet
  facet normal 0.781595 0.623787 0
    outer loop
      vertex 181.14 4.49049 1.5
      vertex 181.016 4.64586 9.53674e-07
      vertex 181.016 4.64586 1.5
    endloop
  endfacet
  facet normal 0.781595 0.623787 0
    outer loop
      vertex 181.016 4.64586 9.53674e-07
      vertex 181.14 4.49049 1.5
      vertex 181.14 4.49049 9.53674e-07
    endloop
  endfacet
  facet normal -0.433958 0.900933 0
    outer loop
      vertex 184.934 3.75154 9.53674e-07
      vertex 184.755 3.66532 1.5
      vertex 184.934 3.75154 1.5
    endloop
  endfacet
  facet normal -0.433958 0.900933 0
    outer loop
      vertex 184.755 3.66532 1.5
      vertex 184.934 3.75154 9.53674e-07
      vertex 184.755 3.66532 9.53674e-07
    endloop
  endfacet
  facet normal -0.741785 0.670637 0
    outer loop
      vertex 185.727 4.34338 9.53674e-07
      vertex 185.86 4.49049 1.5
      vertex 185.86 4.49049 9.53674e-07
    endloop
  endfacet
  facet normal -0.741785 0.670637 0
    outer loop
      vertex 185.86 4.49049 1.5
      vertex 185.727 4.34338 9.53674e-07
      vertex 185.727 4.34338 1.5
    endloop
  endfacet
  facet normal -0.191177 0.981556 0
    outer loop
      vertex 184.19 3.47772 9.53674e-07
      vertex 183.995 3.43974 1.5
      vertex 184.19 3.47772 1.5
    endloop
  endfacet
  facet normal -0.191177 0.981556 0
    outer loop
      vertex 183.995 3.43974 1.5
      vertex 184.19 3.47772 9.53674e-07
      vertex 183.995 3.43974 9.53674e-07
    endloop
  endfacet
  facet normal 0.88642 0.462882 0
    outer loop
      vertex 180.799 4.97878 1.5
      vertex 180.707 5.15496 9.53674e-07
      vertex 180.707 5.15496 1.5
    endloop
  endfacet
  facet normal 0.88642 0.462882 0
    outer loop
      vertex 180.707 5.15496 9.53674e-07
      vertex 180.799 4.97878 1.5
      vertex 180.799 4.97878 9.53674e-07
    endloop
  endfacet
  facet normal -0.31451 0.949254 0
    outer loop
      vertex 184.571 3.59075 9.53674e-07
      vertex 184.382 3.52813 1.5
      vertex 184.571 3.59075 1.5
    endloop
  endfacet
  facet normal -0.31451 0.949254 0
    outer loop
      vertex 184.382 3.52813 1.5
      vertex 184.571 3.59075 9.53674e-07
      vertex 184.382 3.52813 9.53674e-07
    endloop
  endfacet
  facet normal 0.999544 0.0301947 0
    outer loop
      vertex 180.406 6.30138 1.5
      vertex 180.4 6.5 9.53674e-07
      vertex 180.4 6.5 1.5
    endloop
  endfacet
  facet normal 0.999544 0.0301947 0
    outer loop
      vertex 180.4 6.5 9.53674e-07
      vertex 180.406 6.30138 1.5
      vertex 180.406 6.30138 9.53674e-07
    endloop
  endfacet
  facet normal 0.375599 -0.926782 0
    outer loop
      vertex 182.245 9.33468 9.53674e-07
      vertex 182.429 9.40925 1.5
      vertex 182.245 9.33468 1.5
    endloop
  endfacet
  facet normal 0.375599 -0.926782 0
    outer loop
      vertex 182.429 9.40925 1.5
      vertex 182.245 9.33468 9.53674e-07
      vertex 182.429 9.40925 9.53674e-07
    endloop
  endfacet
  facet normal -0.253945 0.967219 0
    outer loop
      vertex 184.382 3.52813 9.53674e-07
      vertex 184.19 3.47772 1.5
      vertex 184.382 3.52813 1.5
    endloop
  endfacet
  facet normal -0.253945 0.967219 0
    outer loop
      vertex 184.19 3.47772 1.5
      vertex 184.382 3.52813 9.53674e-07
      vertex 184.19 3.47772 9.53674e-07
    endloop
  endfacet
  facet normal 0 0 -1
    outer loop
      vertex 185.2 6.5 1.5
      vertex 186.6 6.5 1.5
      vertex 186.594 6.30138 1.5
    endloop
  endfacet
  facet normal 0 0 -1
    outer loop
      vertex 185.189 6.30264 1.5
      vertex 186.594 6.30138 1.5
      vertex 186.575 6.10358 1.5
    endloop
  endfacet
  facet normal 0 0 -1
    outer loop
      vertex 186.6 6.5 1.5
      vertex 185.2 6.5 1.5
      vertex 186.594 6.69862 1.5
    endloop
  endfacet
  facet normal 0 0 -1
    outer loop
      vertex 185.189 6.30264 1.5
      vertex 186.575 6.10358 1.5
      vertex 186.543 5.90741 1.5
    endloop
  endfacet
  facet normal 0 0 -1
    outer loop
      vertex 185.189 6.69736 1.5
      vertex 186.594 6.69862 1.5
      vertex 185.2 6.5 1.5
    endloop
  endfacet
  facet normal 0 0 -1
    outer loop
      vertex 185.154 6.10795 1.5
      vertex 186.543 5.90741 1.5
      vertex 186.499 5.71367 1.5
    endloop
  endfacet
  facet normal -0 0 -1
    outer loop
      vertex 186.594 6.69862 1.5
      vertex 185.189 6.69736 1.5
      vertex 186.575 6.89642 1.5
    endloop
  endfacet
  facet normal 0 0 -1
    outer loop
      vertex 185.154 6.10795 1.5
      vertex 186.499 5.71367 1.5
      vertex 186.442 5.52316 1.5
    endloop
  endfacet
  facet normal -0 0 -1
    outer loop
      vertex 186.575 6.89642 1.5
      vertex 185.189 6.69736 1.5
      vertex 186.543 7.09259 1.5
    endloop
  endfacet
  facet normal 0 0 -1
    outer loop
      vertex 185.097 5.91857 1.5
      vertex 186.442 5.52316 1.5
      vertex 186.373 5.33667 1.5
    endloop
  endfacet
  facet normal 0 0 -1
    outer loop
      vertex 185.154 6.89205 1.5
      vertex 186.543 7.09259 1.5
      vertex 185.189 6.69736 1.5
    endloop
  endfacet
  facet normal 0 0 -1
    outer loop
      vertex 185.019 5.73704 1.5
      vertex 186.373 5.33667 1.5
      vertex 186.293 5.15496 1.5
    endloop
  endfacet
  facet normal -0 0 -1
    outer loop
      vertex 186.543 7.09259 1.5
      vertex 185.154 6.89205 1.5
      vertex 186.499 7.28633 1.5
    endloop
  endfacet
  facet normal 0 0 -1
    outer loop
      vertex 185.019 5.73704 1.5
      vertex 186.293 5.15496 1.5
      vertex 186.201 4.97878 1.5
    endloop
  endfacet
  facet normal -0 0 -1
    outer loop
      vertex 186.499 7.28633 1.5
      vertex 185.154 6.89205 1.5
      vertex 186.442 7.47684 1.5
    endloop
  endfacet
  facet normal 0 0 -1
    outer loop
      vertex 184.92 5.56583 1.5
      vertex 186.201 4.97878 1.5
      vertex 186.098 4.80884 1.5
    endloop
  endfacet
  facet normal 0 0 -1
    outer loop
      vertex 185.097 7.08143 1.5
      vertex 186.442 7.47684 1.5
      vertex 185.154 6.89205 1.5
    endloop
  endfacet
  facet normal 0 0 -1
    outer loop
      vertex 184.92 5.56583 1.5
      vertex 186.098 4.80884 1.5
      vertex 185.984 4.64586 1.5
    endloop
  endfacet
  facet normal -0 0 -1
    outer loop
      vertex 186.442 7.47684 1.5
      vertex 185.097 7.08143 1.5
      vertex 186.373 7.66333 1.5
    endloop
  endfacet
  facet normal 0 0 -1
    outer loop
      vertex 184.802 5.40726 1.5
      vertex 185.984 4.64586 1.5
      vertex 185.86 4.49049 1.5
    endloop
  endfacet
  facet normal 0 0 -1
    outer loop
      vertex 185.019 7.26296 1.5
      vertex 186.373 7.66333 1.5
      vertex 185.097 7.08143 1.5
    endloop
  endfacet
  facet normal 0 0 -1
    outer loop
      vertex 184.802 5.40726 1.5
      vertex 185.86 4.49049 1.5
      vertex 185.727 4.34338 1.5
    endloop
  endfacet
  facet normal -0 0 -1
    outer loop
      vertex 186.373 7.66333 1.5
      vertex 185.019 7.26296 1.5
      vertex 186.293 7.84504 1.5
    endloop
  endfacet
  facet normal 0 0 -1
    outer loop
      vertex 184.667 5.26346 1.5
      vertex 185.727 4.34338 1.5
      vertex 185.584 4.20514 1.5
    endloop
  endfacet
  facet normal -0 0 -1
    outer loop
      vertex 186.293 7.84504 1.5
      vertex 185.019 7.26296 1.5
      vertex 186.201 8.02122 1.5
    endloop
  endfacet
  facet normal 0 0 -1
    outer loop
      vertex 184.667 5.26346 1.5
      vertex 185.584 4.20514 1.5
      vertex 185.433 4.07632 1.5
    endloop
  endfacet
  facet normal 0 0 -1
    outer loop
      vertex 184.92 7.43417 1.5
      vertex 186.201 8.02122 1.5
      vertex 185.019 7.26296 1.5
    endloop
  endfacet
  facet normal 0 0 -1
    outer loop
      vertex 184.515 5.13639 1.5
      vertex 185.433 4.07632 1.5
      vertex 185.274 3.95747 1.5
    endloop
  endfacet
  facet normal -0 0 -1
    outer loop
      vertex 186.201 8.02122 1.5
      vertex 184.92 7.43417 1.5
      vertex 186.098 8.19116 1.5
    endloop
  endfacet
  facet normal -0 0 -1
    outer loop
      vertex 186.098 8.19116 1.5
      vertex 184.92 7.43417 1.5
      vertex 185.984 8.35414 1.5
    endloop
  endfacet
  facet normal 0 0 -1
    outer loop
      vertex 186.594 6.30138 1.5
      vertex 185.189 6.30264 1.5
      vertex 185.2 6.5 1.5
    endloop
  endfacet
  facet normal 0 0 -1
    outer loop
      vertex 186.543 5.90741 1.5
      vertex 185.154 6.10795 1.5
      vertex 185.189 6.30264 1.5
    endloop
  endfacet
  facet normal 0 0 -1
    outer loop
      vertex 184.35 5.02776 1.5
      vertex 185.274 3.95747 1.5
      vertex 185.107 3.84906 1.5
    endloop
  endfacet
  facet normal 0 0 -1
    outer loop
      vertex 186.442 5.52316 1.5
      vertex 185.097 5.91857 1.5
      vertex 185.154 6.10795 1.5
    endloop
  endfacet
  facet normal 0 0 -1
    outer loop
      vertex 186.373 5.33667 1.5
      vertex 185.019 5.73704 1.5
      vertex 185.097 5.91857 1.5
    endloop
  endfacet
  facet normal 0 0 -1
    outer loop
      vertex 184.35 5.02776 1.5
      vertex 185.107 3.84906 1.5
      vertex 184.934 3.75154 1.5
    endloop
  endfacet
  facet normal 0 0 -1
    outer loop
      vertex 186.201 4.97878 1.5
      vertex 184.92 5.56583 1.5
      vertex 185.019 5.73704 1.5
    endloop
  endfacet
  facet normal 0 0 -1
    outer loop
      vertex 185.984 4.64586 1.5
      vertex 184.802 5.40726 1.5
      vertex 184.92 5.56583 1.5
    endloop
  endfacet
  facet normal 0 0 -1
    outer loop
      vertex 184.173 4.93903 1.5
      vertex 184.934 3.75154 1.5
      vertex 184.755 3.66532 1.5
    endloop
  endfacet
  facet normal 0 0 -1
    outer loop
      vertex 185.727 4.34338 1.5
      vertex 184.667 5.26346 1.5
      vertex 184.802 5.40726 1.5
    endloop
  endfacet
  facet normal 0 0 -1
    outer loop
      vertex 184.173 4.93903 1.5
      vertex 184.755 3.66532 1.5
      vertex 184.571 3.59075 1.5
    endloop
  endfacet
  facet normal 0 0 -1
    outer loop
      vertex 185.433 4.07632 1.5
      vertex 184.515 5.13639 1.5
      vertex 184.667 5.26346 1.5
    endloop
  endfacet
  facet normal 0 0 -1
    outer loop
      vertex 183.988 4.87142 1.5
      vertex 184.571 3.59075 1.5
      vertex 184.382 3.52813 1.5
    endloop
  endfacet
  facet normal 0 0 -1
    outer loop
      vertex 185.274 3.95747 1.5
      vertex 184.35 5.02776 1.5
      vertex 184.515 5.13639 1.5
    endloop
  endfacet
  facet normal 0 0 -1
    outer loop
      vertex 183.988 4.87142 1.5
      vertex 184.382 3.52813 1.5
      vertex 184.19 3.47772 1.5
    endloop
  endfacet
  facet normal 0 0 -1
    outer loop
      vertex 184.934 3.75154 1.5
      vertex 184.173 4.93903 1.5
      vertex 184.35 5.02776 1.5
    endloop
  endfacet
  facet normal 0 0 -1
    outer loop
      vertex 183.795 4.82583 1.5
      vertex 184.19 3.47772 1.5
      vertex 183.995 3.43974 1.5
    endloop
  endfacet
  facet normal 0 0 -1
    outer loop
      vertex 184.571 3.59075 1.5
      vertex 183.988 4.87142 1.5
      vertex 184.173 4.93903 1.5
    endloop
  endfacet
  facet normal 0 0 -1
    outer loop
      vertex 183.795 4.82583 1.5
      vertex 183.995 3.43974 1.5
      vertex 183.798 3.41432 1.5
    endloop
  endfacet
  facet normal 0 0 -1
    outer loop
      vertex 184.19 3.47772 1.5
      vertex 183.795 4.82583 1.5
      vertex 183.988 4.87142 1.5
    endloop
  endfacet
  facet normal 0 0 -1
    outer loop
      vertex 183.599 4.80288 1.5
      vertex 183.798 3.41432 1.5
      vertex 183.599 3.40159 1.5
    endloop
  endfacet
  facet normal 0 0 -1
    outer loop
      vertex 183.798 3.41432 1.5
      vertex 183.599 4.80288 1.5
      vertex 183.795 4.82583 1.5
    endloop
  endfacet
  facet normal 0 0 -1
    outer loop
      vertex 183.599 3.40159 1.5
      vertex 183.401 4.80288 1.5
      vertex 183.599 4.80288 1.5
    endloop
  endfacet
  facet normal 0 0 -1
    outer loop
      vertex 183.401 3.40159 1.5
      vertex 183.401 4.80288 1.5
      vertex 183.599 3.40159 1.5
    endloop
  endfacet
  facet normal 0 0 -1
    outer loop
      vertex 183.202 3.41432 1.5
      vertex 183.401 4.80288 1.5
      vertex 183.401 3.40159 1.5
    endloop
  endfacet
  facet normal -0 0 -1
    outer loop
      vertex 183.401 4.80288 1.5
      vertex 183.202 3.41432 1.5
      vertex 183.205 4.82583 1.5
    endloop
  endfacet
  facet normal 0 0 -1
    outer loop
      vertex 183.005 3.43974 1.5
      vertex 183.205 4.82583 1.5
      vertex 183.202 3.41432 1.5
    endloop
  endfacet
  facet normal 0 0 -1
    outer loop
      vertex 182.81 3.47772 1.5
      vertex 183.205 4.82583 1.5
      vertex 183.005 3.43974 1.5
    endloop
  endfacet
  facet normal -0 0 -1
    outer loop
      vertex 183.205 4.82583 1.5
      vertex 182.81 3.47772 1.5
      vertex 183.012 4.87142 1.5
    endloop
  endfacet
  facet normal 0 0 -1
    outer loop
      vertex 182.618 3.52813 1.5
      vertex 183.012 4.87142 1.5
      vertex 182.81 3.47772 1.5
    endloop
  endfacet
  facet normal 0 0 -1
    outer loop
      vertex 182.429 3.59075 1.5
      vertex 183.012 4.87142 1.5
      vertex 182.618 3.52813 1.5
    endloop
  endfacet
  facet normal -0 0 -1
    outer loop
      vertex 183.012 4.87142 1.5
      vertex 182.429 3.59075 1.5
      vertex 182.827 4.93903 1.5
    endloop
  endfacet
  facet normal 0 0 -1
    outer loop
      vertex 182.245 3.66532 1.5
      vertex 182.827 4.93903 1.5
      vertex 182.429 3.59075 1.5
    endloop
  endfacet
  facet normal 0 0 -1
    outer loop
      vertex 182.066 3.75154 1.5
      vertex 182.827 4.93903 1.5
      vertex 182.245 3.66532 1.5
    endloop
  endfacet
  facet normal -0 0 -1
    outer loop
      vertex 182.827 4.93903 1.5
      vertex 182.066 3.75154 1.5
      vertex 182.65 5.02776 1.5
    endloop
  endfacet
  facet normal 0 0 -1
    outer loop
      vertex 181.893 3.84906 1.5
      vertex 182.65 5.02776 1.5
      vertex 182.066 3.75154 1.5
    endloop
  endfacet
  facet normal 0 0 -1
    outer loop
      vertex 181.726 3.95747 1.5
      vertex 182.65 5.02776 1.5
      vertex 181.893 3.84906 1.5
    endloop
  endfacet
  facet normal -0 0 -1
    outer loop
      vertex 182.65 5.02776 1.5
      vertex 181.726 3.95747 1.5
      vertex 182.485 5.13639 1.5
    endloop
  endfacet
  facet normal 0 0 -1
    outer loop
      vertex 181.567 4.07632 1.5
      vertex 182.485 5.13639 1.5
      vertex 181.726 3.95747 1.5
    endloop
  endfacet
  facet normal -0 0 -1
    outer loop
      vertex 182.485 5.13639 1.5
      vertex 181.567 4.07632 1.5
      vertex 182.333 5.26346 1.5
    endloop
  endfacet
  facet normal 0 0 -1
    outer loop
      vertex 181.416 4.20514 1.5
      vertex 182.333 5.26346 1.5
      vertex 181.567 4.07632 1.5
    endloop
  endfacet
  facet normal 0 0 -1
    outer loop
      vertex 181.273 4.34338 1.5
      vertex 182.333 5.26346 1.5
      vertex 181.416 4.20514 1.5
    endloop
  endfacet
  facet normal -0 0 -1
    outer loop
      vertex 182.333 5.26346 1.5
      vertex 181.273 4.34338 1.5
      vertex 182.198 5.40726 1.5
    endloop
  endfacet
  facet normal 0 0 -1
    outer loop
      vertex 181.14 4.49049 1.5
      vertex 182.198 5.40726 1.5
      vertex 181.273 4.34338 1.5
    endloop
  endfacet
  facet normal 0 0 -1
    outer loop
      vertex 181.016 4.64586 1.5
      vertex 182.198 5.40726 1.5
      vertex 181.14 4.49049 1.5
    endloop
  endfacet
  facet normal -0 0 -1
    outer loop
      vertex 182.198 5.40726 1.5
      vertex 181.016 4.64586 1.5
      vertex 182.08 5.56583 1.5
    endloop
  endfacet
  facet normal 0 0 -1
    outer loop
      vertex 184.802 7.59274 1.5
      vertex 185.984 8.35414 1.5
      vertex 184.92 7.43417 1.5
    endloop
  endfacet
  facet normal -0 0 -1
    outer loop
      vertex 185.984 8.35414 1.5
      vertex 184.802 7.59274 1.5
      vertex 185.86 8.50951 1.5
    endloop
  endfacet
  facet normal -0 0 -1
    outer loop
      vertex 185.86 8.50951 1.5
      vertex 184.802 7.59274 1.5
      vertex 185.727 8.65662 1.5
    endloop
  endfacet
  facet normal 0 0 -1
    outer loop
      vertex 184.667 7.73654 1.5
      vertex 185.727 8.65662 1.5
      vertex 184.802 7.59274 1.5
    endloop
  endfacet
  facet normal -0 0 -1
    outer loop
      vertex 185.727 8.65662 1.5
      vertex 184.667 7.73654 1.5
      vertex 185.584 8.79486 1.5
    endloop
  endfacet
  facet normal -0 0 -1
    outer loop
      vertex 185.584 8.79486 1.5
      vertex 184.667 7.73654 1.5
      vertex 185.433 8.92368 1.5
    endloop
  endfacet
  facet normal 0 0 -1
    outer loop
      vertex 184.515 7.86361 1.5
      vertex 185.433 8.92368 1.5
      vertex 184.667 7.73654 1.5
    endloop
  endfacet
  facet normal -0 0 -1
    outer loop
      vertex 185.433 8.92368 1.5
      vertex 184.515 7.86361 1.5
      vertex 185.274 9.04253 1.5
    endloop
  endfacet
  facet normal 0 0 -1
    outer loop
      vertex 184.35 7.97224 1.5
      vertex 185.274 9.04253 1.5
      vertex 184.515 7.86361 1.5
    endloop
  endfacet
  facet normal -0 0 -1
    outer loop
      vertex 185.274 9.04253 1.5
      vertex 184.35 7.97224 1.5
      vertex 185.107 9.15094 1.5
    endloop
  endfacet
  facet normal -0 0 -1
    outer loop
      vertex 185.107 9.15094 1.5
      vertex 184.35 7.97224 1.5
      vertex 184.934 9.24846 1.5
    endloop
  endfacet
  facet normal 0 0 -1
    outer loop
      vertex 184.173 8.06097 1.5
      vertex 184.934 9.24846 1.5
      vertex 184.35 7.97224 1.5
    endloop
  endfacet
  facet normal -0 0 -1
    outer loop
      vertex 184.934 9.24846 1.5
      vertex 184.173 8.06097 1.5
      vertex 184.755 9.33468 1.5
    endloop
  endfacet
  facet normal -0 0 -1
    outer loop
      vertex 184.755 9.33468 1.5
      vertex 184.173 8.06097 1.5
      vertex 184.571 9.40925 1.5
    endloop
  endfacet
  facet normal 0 0 -1
    outer loop
      vertex 183.988 8.12858 1.5
      vertex 184.571 9.40925 1.5
      vertex 184.173 8.06097 1.5
    endloop
  endfacet
  facet normal -0 0 -1
    outer loop
      vertex 184.571 9.40925 1.5
      vertex 183.988 8.12858 1.5
      vertex 184.382 9.47187 1.5
    endloop
  endfacet
  facet normal -0 0 -1
    outer loop
      vertex 184.382 9.47187 1.5
      vertex 183.988 8.12858 1.5
      vertex 184.19 9.52228 1.5
    endloop
  endfacet
  facet normal 0 0 -1
    outer loop
      vertex 183.795 8.17417 1.5
      vertex 184.19 9.52228 1.5
      vertex 183.988 8.12858 1.5
    endloop
  endfacet
  facet normal -0 0 -1
    outer loop
      vertex 184.19 9.52228 1.5
      vertex 183.795 8.17417 1.5
      vertex 183.995 9.56026 1.5
    endloop
  endfacet
  facet normal -0 0 -1
    outer loop
      vertex 183.995 9.56026 1.5
      vertex 183.795 8.17417 1.5
      vertex 183.798 9.58568 1.5
    endloop
  endfacet
  facet normal 0 0 -1
    outer loop
      vertex 183.599 8.19712 1.5
      vertex 183.798 9.58568 1.5
      vertex 183.795 8.17417 1.5
    endloop
  endfacet
  facet normal -0 0 -1
    outer loop
      vertex 183.798 9.58568 1.5
      vertex 183.599 8.19712 1.5
      vertex 183.599 9.59841 1.5
    endloop
  endfacet
  facet normal 0 0 -1
    outer loop
      vertex 183.401 8.19712 1.5
      vertex 183.599 9.59841 1.5
      vertex 183.599 8.19712 1.5
    endloop
  endfacet
  facet normal 0 0 -1
    outer loop
      vertex 183.401 8.19712 1.5
      vertex 183.401 9.59841 1.5
      vertex 183.599 9.59841 1.5
    endloop
  endfacet
  facet normal 0 0 -1
    outer loop
      vertex 183.202 9.58568 1.5
      vertex 183.401 8.19712 1.5
      vertex 183.205 8.17417 1.5
    endloop
  endfacet
  facet normal 0 0 -1
    outer loop
      vertex 183.401 8.19712 1.5
      vertex 183.202 9.58568 1.5
      vertex 183.401 9.59841 1.5
    endloop
  endfacet
  facet normal 0 0 -1
    outer loop
      vertex 182.81 9.52228 1.5
      vertex 183.205 8.17417 1.5
      vertex 183.012 8.12858 1.5
    endloop
  endfacet
  facet normal 0 0 -1
    outer loop
      vertex 183.205 8.17417 1.5
      vertex 183.005 9.56026 1.5
      vertex 183.202 9.58568 1.5
    endloop
  endfacet
  facet normal 0 0 -1
    outer loop
      vertex 182.429 9.40925 1.5
      vertex 183.012 8.12858 1.5
      vertex 182.827 8.06097 1.5
    endloop
  endfacet
  facet normal 0 0 -1
    outer loop
      vertex 183.205 8.17417 1.5
      vertex 182.81 9.52228 1.5
      vertex 183.005 9.56026 1.5
    endloop
  endfacet
  facet normal 0 0 -1
    outer loop
      vertex 182.066 9.24846 1.5
      vertex 182.827 8.06097 1.5
      vertex 182.65 7.97224 1.5
    endloop
  endfacet
  facet normal 0 0 -1
    outer loop
      vertex 183.012 8.12858 1.5
      vertex 182.618 9.47187 1.5
      vertex 182.81 9.52228 1.5
    endloop
  endfacet
  facet normal 0 0 -1
    outer loop
      vertex 181.726 9.04253 1.5
      vertex 182.65 7.97224 1.5
      vertex 182.485 7.86361 1.5
    endloop
  endfacet
  facet normal 0 0 -1
    outer loop
      vertex 183.012 8.12858 1.5
      vertex 182.429 9.40925 1.5
      vertex 182.618 9.47187 1.5
    endloop
  endfacet
  facet normal 0 0 -1
    outer loop
      vertex 181.567 8.92368 1.5
      vertex 182.485 7.86361 1.5
      vertex 182.333 7.73654 1.5
    endloop
  endfacet
  facet normal 0 0 -1
    outer loop
      vertex 182.827 8.06097 1.5
      vertex 182.245 9.33468 1.5
      vertex 182.429 9.40925 1.5
    endloop
  endfacet
  facet normal 0 0 -1
    outer loop
      vertex 181.273 8.65662 1.5
      vertex 182.333 7.73654 1.5
      vertex 182.198 7.59274 1.5
    endloop
  endfacet
  facet normal 0 0 -1
    outer loop
      vertex 181.016 8.35414 1.5
      vertex 182.198 7.59274 1.5
      vertex 182.08 7.43417 1.5
    endloop
  endfacet
  facet normal 0 0 -1
    outer loop
      vertex 182.827 8.06097 1.5
      vertex 182.066 9.24846 1.5
      vertex 182.245 9.33468 1.5
    endloop
  endfacet
  facet normal 0 0 -1
    outer loop
      vertex 180.799 8.02122 1.5
      vertex 182.08 7.43417 1.5
      vertex 181.981 7.26296 1.5
    endloop
  endfacet
  facet normal 0 0 -1
    outer loop
      vertex 180.627 7.66333 1.5
      vertex 181.981 7.26296 1.5
      vertex 181.903 7.08143 1.5
    endloop
  endfacet
  facet normal 0 0 -1
    outer loop
      vertex 182.65 7.97224 1.5
      vertex 181.893 9.15094 1.5
      vertex 182.066 9.24846 1.5
    endloop
  endfacet
  facet normal 0 0 -1
    outer loop
      vertex 180.558 7.47684 1.5
      vertex 181.903 7.08143 1.5
      vertex 181.846 6.89205 1.5
    endloop
  endfacet
  facet normal 0 0 -1
    outer loop
      vertex 180.457 7.09259 1.5
      vertex 181.846 6.89205 1.5
      vertex 181.811 6.69736 1.5
    endloop
  endfacet
  facet normal 0 0 -1
    outer loop
      vertex 180.406 6.69862 1.5
      vertex 181.811 6.69736 1.5
      vertex 181.8 6.5 1.5
    endloop
  endfacet
  facet normal 0 0 -1
    outer loop
      vertex 182.65 7.97224 1.5
      vertex 181.726 9.04253 1.5
      vertex 181.893 9.15094 1.5
    endloop
  endfacet
  facet normal 0 0 -1
    outer loop
      vertex 180.902 4.80884 1.5
      vertex 182.08 5.56583 1.5
      vertex 181.016 4.64586 1.5
    endloop
  endfacet
  facet normal 0 0 -1
    outer loop
      vertex 180.799 4.97878 1.5
      vertex 182.08 5.56583 1.5
      vertex 180.902 4.80884 1.5
    endloop
  endfacet
  facet normal 0 0 -1
    outer loop
      vertex 182.485 7.86361 1.5
      vertex 181.567 8.92368 1.5
      vertex 181.726 9.04253 1.5
    endloop
  endfacet
  facet normal -0 0 -1
    outer loop
      vertex 182.08 5.56583 1.5
      vertex 180.799 4.97878 1.5
      vertex 181.981 5.73704 1.5
    endloop
  endfacet
  facet normal 0 0 -1
    outer loop
      vertex 182.333 7.73654 1.5
      vertex 181.416 8.79486 1.5
      vertex 181.567 8.92368 1.5
    endloop
  endfacet
  facet normal 0 0 -1
    outer loop
      vertex 180.707 5.15496 1.5
      vertex 181.981 5.73704 1.5
      vertex 180.799 4.97878 1.5
    endloop
  endfacet
  facet normal 0 0 -1
    outer loop
      vertex 182.333 7.73654 1.5
      vertex 181.273 8.65662 1.5
      vertex 181.416 8.79486 1.5
    endloop
  endfacet
  facet normal 0 0 -1
    outer loop
      vertex 180.627 5.33667 1.5
      vertex 181.981 5.73704 1.5
      vertex 180.707 5.15496 1.5
    endloop
  endfacet
  facet normal 0 0 -1
    outer loop
      vertex 182.198 7.59274 1.5
      vertex 181.14 8.50951 1.5
      vertex 181.273 8.65662 1.5
    endloop
  endfacet
  facet normal -0 0 -1
    outer loop
      vertex 181.981 5.73704 1.5
      vertex 180.627 5.33667 1.5
      vertex 181.903 5.91857 1.5
    endloop
  endfacet
  facet normal 0 0 -1
    outer loop
      vertex 182.198 7.59274 1.5
      vertex 181.016 8.35414 1.5
      vertex 181.14 8.50951 1.5
    endloop
  endfacet
  facet normal 0 0 -1
    outer loop
      vertex 180.558 5.52316 1.5
      vertex 181.903 5.91857 1.5
      vertex 180.627 5.33667 1.5
    endloop
  endfacet
  facet normal 0 0 -1
    outer loop
      vertex 182.08 7.43417 1.5
      vertex 180.902 8.19116 1.5
      vertex 181.016 8.35414 1.5
    endloop
  endfacet
  facet normal -0 0 -1
    outer loop
      vertex 181.903 5.91857 1.5
      vertex 180.558 5.52316 1.5
      vertex 181.846 6.10795 1.5
    endloop
  endfacet
  facet normal 0 0 -1
    outer loop
      vertex 182.08 7.43417 1.5
      vertex 180.799 8.02122 1.5
      vertex 180.902 8.19116 1.5
    endloop
  endfacet
  facet normal 0 0 -1
    outer loop
      vertex 180.501 5.71367 1.5
      vertex 181.846 6.10795 1.5
      vertex 180.558 5.52316 1.5
    endloop
  endfacet
  facet normal 0 0 -1
    outer loop
      vertex 181.981 7.26296 1.5
      vertex 180.707 7.84504 1.5
      vertex 180.799 8.02122 1.5
    endloop
  endfacet
  facet normal 0 0 -1
    outer loop
      vertex 180.457 5.90741 1.5
      vertex 181.846 6.10795 1.5
      vertex 180.501 5.71367 1.5
    endloop
  endfacet
  facet normal 0 0 -1
    outer loop
      vertex 181.981 7.26296 1.5
      vertex 180.627 7.66333 1.5
      vertex 180.707 7.84504 1.5
    endloop
  endfacet
  facet normal -0 0 -1
    outer loop
      vertex 181.846 6.10795 1.5
      vertex 180.457 5.90741 1.5
      vertex 181.811 6.30264 1.5
    endloop
  endfacet
  facet normal 0 0 -1
    outer loop
      vertex 181.903 7.08143 1.5
      vertex 180.558 7.47684 1.5
      vertex 180.627 7.66333 1.5
    endloop
  endfacet
  facet normal 0 0 -1
    outer loop
      vertex 180.425 6.10358 1.5
      vertex 181.811 6.30264 1.5
      vertex 180.457 5.90741 1.5
    endloop
  endfacet
  facet normal 0 0 -1
    outer loop
      vertex 181.846 6.89205 1.5
      vertex 180.501 7.28633 1.5
      vertex 180.558 7.47684 1.5
    endloop
  endfacet
  facet normal 0 0 -1
    outer loop
      vertex 180.406 6.30138 1.5
      vertex 181.811 6.30264 1.5
      vertex 180.425 6.10358 1.5
    endloop
  endfacet
  facet normal 0 0 -1
    outer loop
      vertex 181.846 6.89205 1.5
      vertex 180.457 7.09259 1.5
      vertex 180.501 7.28633 1.5
    endloop
  endfacet
  facet normal -0 0 -1
    outer loop
      vertex 181.811 6.30264 1.5
      vertex 180.406 6.30138 1.5
      vertex 181.8 6.5 1.5
    endloop
  endfacet
  facet normal 0 0 -1
    outer loop
      vertex 181.811 6.69736 1.5
      vertex 180.425 6.89642 1.5
      vertex 180.457 7.09259 1.5
    endloop
  endfacet
  facet normal 0 0 -1
    outer loop
      vertex 180.4 6.5 1.5
      vertex 181.8 6.5 1.5
      vertex 180.406 6.30138 1.5
    endloop
  endfacet
  facet normal 0 0 -1
    outer loop
      vertex 181.811 6.69736 1.5
      vertex 180.406 6.69862 1.5
      vertex 180.425 6.89642 1.5
    endloop
  endfacet
  facet normal 0 0 -1
    outer loop
      vertex 181.8 6.5 1.5
      vertex 180.4 6.5 1.5
      vertex 180.406 6.69862 1.5
    endloop
  endfacet
  facet normal 0.0638394 -0.99796 0
    outer loop
      vertex 183.202 9.58568 9.53674e-07
      vertex 183.401 9.59841 1.5
      vertex 183.202 9.58568 1.5
    endloop
  endfacet
  facet normal 0.0638394 -0.99796 0
    outer loop
      vertex 183.401 9.59841 1.5
      vertex 183.202 9.58568 9.53674e-07
      vertex 183.401 9.59841 9.53674e-07
    endloop
  endfacet
  facet normal 0.695039 -0.718972 0
    outer loop
      vertex 181.273 8.65662 9.53674e-07
      vertex 181.416 8.79486 1.5
      vertex 181.273 8.65662 1.5
    endloop
  endfacet
  facet normal 0.695039 -0.718972 0
    outer loop
      vertex 181.416 8.79486 1.5
      vertex 181.273 8.65662 9.53674e-07
      vertex 181.416 8.79486 9.53674e-07
    endloop
  endfacet
  facet normal 0.649022 -0.76077 0
    outer loop
      vertex 181.416 8.79486 9.53674e-07
      vertex 181.567 8.92368 1.5
      vertex 181.416 8.79486 1.5
    endloop
  endfacet
  facet normal 0.649022 -0.76077 0
    outer loop
      vertex 181.567 8.92368 1.5
      vertex 181.416 8.79486 9.53674e-07
      vertex 181.567 8.92368 9.53674e-07
    endloop
  endfacet
  facet normal -0.499898 -0.866084 0
    outer loop
      vertex 126.137 61.0305 1
      vertex 126.308 60.9318 5
      vertex 126.137 61.0305 5
    endloop
  endfacet
  facet normal -0.499898 -0.866084 -0
    outer loop
      vertex 126.308 60.9318 5
      vertex 126.137 61.0305 1
      vertex 126.308 60.9318 1
    endloop
  endfacet
  facet normal -0.940531 0.339707 0
    outer loop
      vertex 126.56 59.8685 1
      vertex 126.627 60.054 5
      vertex 126.627 60.054 1
    endloop
  endfacet
  facet normal -0.940531 0.339707 0
    outer loop
      vertex 126.627 60.054 5
      vertex 126.56 59.8685 1
      vertex 126.56 59.8685 5
    endloop
  endfacet
  facet normal -0.993185 0.116547 0
    outer loop
      vertex 126.627 60.054 1
      vertex 126.65 60.25 5
      vertex 126.65 60.25 1
    endloop
  endfacet
  facet normal -0.993185 0.116547 0
    outer loop
      vertex 126.65 60.25 5
      vertex 126.627 60.054 1
      vertex 126.627 60.054 5
    endloop
  endfacet
  facet normal -0.993185 -0.116547 0
    outer loop
      vertex 126.65 60.25 1
      vertex 126.627 60.446 5
      vertex 126.627 60.446 1
    endloop
  endfacet
  facet normal -0.993185 -0.116547 0
    outer loop
      vertex 126.627 60.446 5
      vertex 126.65 60.25 1
      vertex 126.65 60.25 5
    endloop
  endfacet
  facet normal 1 -0 0
    outer loop
      vertex 124.956 60.1513 5
      vertex 124.956 60.3487 1
      vertex 124.956 60.3487 5
    endloop
  endfacet
  facet normal 1 0 0
    outer loop
      vertex 124.956 60.3487 1
      vertex 124.956 60.1513 5
      vertex 124.956 60.1513 1
    endloop
  endfacet
  facet normal 0.892802 0.45045 0
    outer loop
      vertex 125.09 59.7829 5
      vertex 125.001 59.9593 1
      vertex 125.001 59.9593 5
    endloop
  endfacet
  facet normal 0.892802 0.45045 0
    outer loop
      vertex 125.001 59.9593 1
      vertex 125.09 59.7829 5
      vertex 125.09 59.7829 1
    endloop
  endfacet
  facet normal -0.286883 -0.957966 0
    outer loop
      vertex 125.948 61.0871 1
      vertex 126.137 61.0305 5
      vertex 125.948 61.0871 5
    endloop
  endfacet
  facet normal -0.286883 -0.957966 -0
    outer loop
      vertex 126.137 61.0305 5
      vertex 125.948 61.0871 1
      vertex 126.137 61.0305 1
    endloop
  endfacet
  facet normal 0.765725 0.643168 0
    outer loop
      vertex 125.217 59.6317 5
      vertex 125.09 59.7829 1
      vertex 125.09 59.7829 5
    endloop
  endfacet
  facet normal 0.765725 0.643168 0
    outer loop
      vertex 125.09 59.7829 1
      vertex 125.217 59.6317 5
      vertex 125.217 59.6317 1
    endloop
  endfacet
  facet normal -0.286883 0.957966 0
    outer loop
      vertex 126.137 59.4695 1
      vertex 125.948 59.4129 5
      vertex 126.137 59.4695 5
    endloop
  endfacet
  facet normal -0.286883 0.957966 0
    outer loop
      vertex 125.948 59.4129 5
      vertex 126.137 59.4695 1
      vertex 125.948 59.4129 1
    endloop
  endfacet
  facet normal 0 0 1
    outer loop
      vertex 126.627 60.446 1
      vertex 126.627 60.054 1
      vertex 126.65 60.25 1
    endloop
  endfacet
  facet normal 0 0 1
    outer loop
      vertex 126.56 60.6315 1
      vertex 126.627 60.054 1
      vertex 126.627 60.446 1
    endloop
  endfacet
  facet normal 0 0 1
    outer loop
      vertex 126.56 60.6315 1
      vertex 126.56 59.8685 1
      vertex 126.627 60.054 1
    endloop
  endfacet
  facet normal 0 0 1
    outer loop
      vertex 126.451 60.7964 1
      vertex 126.56 59.8685 1
      vertex 126.56 60.6315 1
    endloop
  endfacet
  facet normal 0 0 1
    outer loop
      vertex 126.451 60.7964 1
      vertex 126.451 59.7036 1
      vertex 126.56 59.8685 1
    endloop
  endfacet
  facet normal 0 0 1
    outer loop
      vertex 126.308 60.9318 1
      vertex 126.451 59.7036 1
      vertex 126.451 60.7964 1
    endloop
  endfacet
  facet normal 0 0 1
    outer loop
      vertex 126.308 60.9318 1
      vertex 126.308 59.5682 1
      vertex 126.451 59.7036 1
    endloop
  endfacet
  facet normal 0 0 1
    outer loop
      vertex 126.137 61.0305 1
      vertex 126.308 59.5682 1
      vertex 126.308 60.9318 1
    endloop
  endfacet
  facet normal 0 0 1
    outer loop
      vertex 126.137 61.0305 1
      vertex 126.137 59.4695 1
      vertex 126.308 59.5682 1
    endloop
  endfacet
  facet normal 0 0 1
    outer loop
      vertex 125.948 61.0871 1
      vertex 126.137 59.4695 1
      vertex 126.137 61.0305 1
    endloop
  endfacet
  facet normal 0 0 1
    outer loop
      vertex 125.948 61.0871 1
      vertex 125.948 59.4129 1
      vertex 126.137 59.4695 1
    endloop
  endfacet
  facet normal 0 0 1
    outer loop
      vertex 125.751 61.0986 1
      vertex 125.948 59.4129 1
      vertex 125.948 61.0871 1
    endloop
  endfacet
  facet normal 0 0 1
    outer loop
      vertex 125.751 61.0986 1
      vertex 125.751 59.4014 1
      vertex 125.948 59.4129 1
    endloop
  endfacet
  facet normal -0 0 1
    outer loop
      vertex 125.556 61.0643 1
      vertex 125.751 59.4014 1
      vertex 125.751 61.0986 1
    endloop
  endfacet
  facet normal 0 0 1
    outer loop
      vertex 125.556 61.0643 1
      vertex 125.556 59.4357 1
      vertex 125.751 59.4014 1
    endloop
  endfacet
  facet normal -0 0 1
    outer loop
      vertex 125.375 60.9861 1
      vertex 125.556 59.4357 1
      vertex 125.556 61.0643 1
    endloop
  endfacet
  facet normal 0 0 1
    outer loop
      vertex 125.375 60.9861 1
      vertex 125.375 59.5139 1
      vertex 125.556 59.4357 1
    endloop
  endfacet
  facet normal -0 0 1
    outer loop
      vertex 125.217 60.8683 1
      vertex 125.375 59.5139 1
      vertex 125.375 60.9861 1
    endloop
  endfacet
  facet normal 0 0 1
    outer loop
      vertex 125.217 60.8683 1
      vertex 125.217 59.6317 1
      vertex 125.375 59.5139 1
    endloop
  endfacet
  facet normal -0 0 1
    outer loop
      vertex 125.09 60.7171 1
      vertex 125.217 59.6317 1
      vertex 125.217 60.8683 1
    endloop
  endfacet
  facet normal 0 0 1
    outer loop
      vertex 125.09 60.7171 1
      vertex 125.09 59.7829 1
      vertex 125.217 59.6317 1
    endloop
  endfacet
  facet normal -0 0 1
    outer loop
      vertex 125.001 60.5407 1
      vertex 125.09 59.7829 1
      vertex 125.09 60.7171 1
    endloop
  endfacet
  facet normal 0 0 1
    outer loop
      vertex 125.001 60.5407 1
      vertex 125.001 59.9593 1
      vertex 125.09 59.7829 1
    endloop
  endfacet
  facet normal -0 0 1
    outer loop
      vertex 124.956 60.3487 1
      vertex 125.001 59.9593 1
      vertex 125.001 60.5407 1
    endloop
  endfacet
  facet normal 0 0 1
    outer loop
      vertex 125.001 59.9593 1
      vertex 124.956 60.3487 1
      vertex 124.956 60.1513 1
    endloop
  endfacet
  facet normal 0.173238 -0.98488 0
    outer loop
      vertex 125.556 61.0643 1
      vertex 125.751 61.0986 5
      vertex 125.556 61.0643 5
    endloop
  endfacet
  facet normal 0.173238 -0.98488 0
    outer loop
      vertex 125.751 61.0986 5
      vertex 125.556 61.0643 1
      vertex 125.751 61.0986 1
    endloop
  endfacet
  facet normal -0.687547 -0.726139 0
    outer loop
      vertex 126.308 60.9318 1
      vertex 126.451 60.7964 5
      vertex 126.308 60.9318 5
    endloop
  endfacet
  facet normal -0.687547 -0.726139 -0
    outer loop
      vertex 126.451 60.7964 5
      vertex 126.308 60.9318 1
      vertex 126.451 60.7964 1
    endloop
  endfacet
  facet normal -0.0582764 0.9983 0
    outer loop
      vertex 125.948 59.4129 1
      vertex 125.751 59.4014 5
      vertex 125.948 59.4129 5
    endloop
  endfacet
  facet normal -0.0582764 0.9983 0
    outer loop
      vertex 125.751 59.4014 5
      vertex 125.948 59.4129 1
      vertex 125.751 59.4014 1
    endloop
  endfacet
  facet normal -0.834223 -0.551427 0
    outer loop
      vertex 126.56 60.6315 1
      vertex 126.451 60.7964 5
      vertex 126.451 60.7964 1
    endloop
  endfacet
  facet normal -0.834223 -0.551427 0
    outer loop
      vertex 126.451 60.7964 5
      vertex 126.56 60.6315 1
      vertex 126.56 60.6315 5
    endloop
  endfacet
  facet normal 0.396611 0.917987 -0
    outer loop
      vertex 125.556 59.4357 1
      vertex 125.375 59.5139 5
      vertex 125.556 59.4357 5
    endloop
  endfacet
  facet normal 0.396611 0.917987 0
    outer loop
      vertex 125.375 59.5139 5
      vertex 125.556 59.4357 1
      vertex 125.375 59.5139 1
    endloop
  endfacet
  facet normal 0.973616 0.228191 0
    outer loop
      vertex 125.001 59.9593 5
      vertex 124.956 60.1513 1
      vertex 124.956 60.1513 5
    endloop
  endfacet
  facet normal 0.973616 0.228191 0
    outer loop
      vertex 124.956 60.1513 1
      vertex 125.001 59.9593 5
      vertex 125.001 59.9593 1
    endloop
  endfacet
  facet normal 0.597724 -0.801702 0
    outer loop
      vertex 125.217 60.8683 1
      vertex 125.375 60.9861 5
      vertex 125.217 60.8683 5
    endloop
  endfacet
  facet normal 0.597724 -0.801702 0
    outer loop
      vertex 125.375 60.9861 5
      vertex 125.217 60.8683 1
      vertex 125.375 60.9861 1
    endloop
  endfacet
  facet normal -0.940531 -0.339707 0
    outer loop
      vertex 126.627 60.446 1
      vertex 126.56 60.6315 5
      vertex 126.56 60.6315 1
    endloop
  endfacet
  facet normal -0.940531 -0.339707 0
    outer loop
      vertex 126.56 60.6315 5
      vertex 126.627 60.446 1
      vertex 126.627 60.446 5
    endloop
  endfacet
  facet normal -0.0582764 -0.9983 0
    outer loop
      vertex 125.751 61.0986 1
      vertex 125.948 61.0871 5
      vertex 125.751 61.0986 5
    endloop
  endfacet
  facet normal -0.0582764 -0.9983 -0
    outer loop
      vertex 125.948 61.0871 5
      vertex 125.751 61.0986 1
      vertex 125.948 61.0871 1
    endloop
  endfacet
  facet normal 0.973616 -0.228191 0
    outer loop
      vertex 124.956 60.3487 5
      vertex 125.001 60.5407 1
      vertex 125.001 60.5407 5
    endloop
  endfacet
  facet normal 0.973616 -0.228191 0
    outer loop
      vertex 125.001 60.5407 1
      vertex 124.956 60.3487 5
      vertex 124.956 60.3487 1
    endloop
  endfacet
  facet normal -0.499898 0.866084 0
    outer loop
      vertex 126.308 59.5682 1
      vertex 126.137 59.4695 5
      vertex 126.308 59.5682 5
    endloop
  endfacet
  facet normal -0.499898 0.866084 0
    outer loop
      vertex 126.137 59.4695 5
      vertex 126.308 59.5682 1
      vertex 126.137 59.4695 1
    endloop
  endfacet
  facet normal 0.173238 0.98488 -0
    outer loop
      vertex 125.751 59.4014 1
      vertex 125.556 59.4357 5
      vertex 125.751 59.4014 5
    endloop
  endfacet
  facet normal 0.173238 0.98488 0
    outer loop
      vertex 125.556 59.4357 5
      vertex 125.751 59.4014 1
      vertex 125.556 59.4357 1
    endloop
  endfacet
  facet normal -0.687547 0.726139 0
    outer loop
      vertex 126.451 59.7036 1
      vertex 126.308 59.5682 5
      vertex 126.451 59.7036 5
    endloop
  endfacet
  facet normal -0.687547 0.726139 0
    outer loop
      vertex 126.308 59.5682 5
      vertex 126.451 59.7036 1
      vertex 126.308 59.5682 1
    endloop
  endfacet
  facet normal -0.834223 0.551427 0
    outer loop
      vertex 126.451 59.7036 1
      vertex 126.56 59.8685 5
      vertex 126.56 59.8685 1
    endloop
  endfacet
  facet normal -0.834223 0.551427 0
    outer loop
      vertex 126.56 59.8685 5
      vertex 126.451 59.7036 1
      vertex 126.451 59.7036 5
    endloop
  endfacet
  facet normal 0.597724 0.801702 -0
    outer loop
      vertex 125.375 59.5139 1
      vertex 125.217 59.6317 5
      vertex 125.375 59.5139 5
    endloop
  endfacet
  facet normal 0.597724 0.801702 0
    outer loop
      vertex 125.217 59.6317 5
      vertex 125.375 59.5139 1
      vertex 125.217 59.6317 1
    endloop
  endfacet
  facet normal 0.892802 -0.45045 0
    outer loop
      vertex 125.001 60.5407 5
      vertex 125.09 60.7171 1
      vertex 125.09 60.7171 5
    endloop
  endfacet
  facet normal 0.892802 -0.45045 0
    outer loop
      vertex 125.09 60.7171 1
      vertex 125.001 60.5407 5
      vertex 125.001 60.5407 1
    endloop
  endfacet
  facet normal 0.765725 -0.643168 0
    outer loop
      vertex 125.09 60.7171 5
      vertex 125.217 60.8683 1
      vertex 125.217 60.8683 5
    endloop
  endfacet
  facet normal 0.765725 -0.643168 0
    outer loop
      vertex 125.217 60.8683 1
      vertex 125.09 60.7171 5
      vertex 125.09 60.7171 1
    endloop
  endfacet
  facet normal 0.396611 -0.917987 0
    outer loop
      vertex 125.375 60.9861 1
      vertex 125.556 61.0643 5
      vertex 125.375 60.9861 5
    endloop
  endfacet
  facet normal 0.396611 -0.917987 0
    outer loop
      vertex 125.556 61.0643 5
      vertex 125.375 60.9861 1
      vertex 125.556 61.0643 1
    endloop
  endfacet
  facet normal -0.499898 -0.866084 0
    outer loop
      vertex 126.137 32.5305 1
      vertex 126.308 32.4318 5
      vertex 126.137 32.5305 5
    endloop
  endfacet
  facet normal -0.499898 -0.866084 -0
    outer loop
      vertex 126.308 32.4318 5
      vertex 126.137 32.5305 1
      vertex 126.308 32.4318 1
    endloop
  endfacet
  facet normal -0.940531 0.339707 0
    outer loop
      vertex 126.56 31.3685 1
      vertex 126.627 31.554 5
      vertex 126.627 31.554 1
    endloop
  endfacet
  facet normal -0.940531 0.339707 0
    outer loop
      vertex 126.627 31.554 5
      vertex 126.56 31.3685 1
      vertex 126.56 31.3685 5
    endloop
  endfacet
  facet normal -0.993185 0.116547 0
    outer loop
      vertex 126.627 31.554 1
      vertex 126.65 31.75 5
      vertex 126.65 31.75 1
    endloop
  endfacet
  facet normal -0.993185 0.116547 0
    outer loop
      vertex 126.65 31.75 5
      vertex 126.627 31.554 1
      vertex 126.627 31.554 5
    endloop
  endfacet
  facet normal -0.993185 -0.116547 0
    outer loop
      vertex 126.65 31.75 1
      vertex 126.627 31.946 5
      vertex 126.627 31.946 1
    endloop
  endfacet
  facet normal -0.993185 -0.116547 0
    outer loop
      vertex 126.627 31.946 5
      vertex 126.65 31.75 1
      vertex 126.65 31.75 5
    endloop
  endfacet
  facet normal 1 -0 0
    outer loop
      vertex 124.956 31.6513 5
      vertex 124.956 31.8487 1
      vertex 124.956 31.8487 5
    endloop
  endfacet
  facet normal 1 0 0
    outer loop
      vertex 124.956 31.8487 1
      vertex 124.956 31.6513 5
      vertex 124.956 31.6513 1
    endloop
  endfacet
  facet normal -0.834223 -0.551427 0
    outer loop
      vertex 126.56 32.1315 1
      vertex 126.451 32.2964 5
      vertex 126.451 32.2964 1
    endloop
  endfacet
  facet normal -0.834223 -0.551427 0
    outer loop
      vertex 126.451 32.2964 5
      vertex 126.56 32.1315 1
      vertex 126.56 32.1315 5
    endloop
  endfacet
  facet normal -0.286883 -0.957966 0
    outer loop
      vertex 125.948 32.5871 1
      vertex 126.137 32.5305 5
      vertex 125.948 32.5871 5
    endloop
  endfacet
  facet normal -0.286883 -0.957966 -0
    outer loop
      vertex 126.137 32.5305 5
      vertex 125.948 32.5871 1
      vertex 126.137 32.5305 1
    endloop
  endfacet
  facet normal 0.765725 0.643168 0
    outer loop
      vertex 125.217 31.1317 5
      vertex 125.09 31.2829 1
      vertex 125.09 31.2829 5
    endloop
  endfacet
  facet normal 0.765725 0.643168 0
    outer loop
      vertex 125.09 31.2829 1
      vertex 125.217 31.1317 5
      vertex 125.217 31.1317 1
    endloop
  endfacet
  facet normal -0.286883 0.957966 0
    outer loop
      vertex 126.137 30.9695 1
      vertex 125.948 30.9129 5
      vertex 126.137 30.9695 5
    endloop
  endfacet
  facet normal -0.286883 0.957966 0
    outer loop
      vertex 125.948 30.9129 5
      vertex 126.137 30.9695 1
      vertex 125.948 30.9129 1
    endloop
  endfacet
  facet normal 0.892802 -0.45045 0
    outer loop
      vertex 125.001 32.0407 5
      vertex 125.09 32.2171 1
      vertex 125.09 32.2171 5
    endloop
  endfacet
  facet normal 0.892802 -0.45045 0
    outer loop
      vertex 125.09 32.2171 1
      vertex 125.001 32.0407 5
      vertex 125.001 32.0407 1
    endloop
  endfacet
  facet normal 0.765725 -0.643168 0
    outer loop
      vertex 125.09 32.2171 5
      vertex 125.217 32.3683 1
      vertex 125.217 32.3683 5
    endloop
  endfacet
  facet normal 0.765725 -0.643168 0
    outer loop
      vertex 125.217 32.3683 1
      vertex 125.09 32.2171 5
      vertex 125.09 32.2171 1
    endloop
  endfacet
  facet normal 0.173238 0.98488 -0
    outer loop
      vertex 125.751 30.9014 1
      vertex 125.556 30.9357 5
      vertex 125.751 30.9014 5
    endloop
  endfacet
  facet normal 0.173238 0.98488 0
    outer loop
      vertex 125.556 30.9357 5
      vertex 125.751 30.9014 1
      vertex 125.556 30.9357 1
    endloop
  endfacet
  facet normal 0.396611 0.917987 -0
    outer loop
      vertex 125.556 30.9357 1
      vertex 125.375 31.0139 5
      vertex 125.556 30.9357 5
    endloop
  endfacet
  facet normal 0.396611 0.917987 0
    outer loop
      vertex 125.375 31.0139 5
      vertex 125.556 30.9357 1
      vertex 125.375 31.0139 1
    endloop
  endfacet
  facet normal -0.940531 -0.339707 0
    outer loop
      vertex 126.627 31.946 1
      vertex 126.56 32.1315 5
      vertex 126.56 32.1315 1
    endloop
  endfacet
  facet normal -0.940531 -0.339707 0
    outer loop
      vertex 126.56 32.1315 5
      vertex 126.627 31.946 1
      vertex 126.627 31.946 5
    endloop
  endfacet
  facet normal 0.973616 -0.228191 0
    outer loop
      vertex 124.956 31.8487 5
      vertex 125.001 32.0407 1
      vertex 125.001 32.0407 5
    endloop
  endfacet
  facet normal 0.973616 -0.228191 0
    outer loop
      vertex 125.001 32.0407 1
      vertex 124.956 31.8487 5
      vertex 124.956 31.8487 1
    endloop
  endfacet
  facet normal -0.499898 0.866084 0
    outer loop
      vertex 126.308 31.0682 1
      vertex 126.137 30.9695 5
      vertex 126.308 31.0682 5
    endloop
  endfacet
  facet normal -0.499898 0.866084 0
    outer loop
      vertex 126.137 30.9695 5
      vertex 126.308 31.0682 1
      vertex 126.137 30.9695 1
    endloop
  endfacet
  facet normal 0.892802 0.45045 0
    outer loop
      vertex 125.09 31.2829 5
      vertex 125.001 31.4593 1
      vertex 125.001 31.4593 5
    endloop
  endfacet
  facet normal 0.892802 0.45045 0
    outer loop
      vertex 125.001 31.4593 1
      vertex 125.09 31.2829 5
      vertex 125.09 31.2829 1
    endloop
  endfacet
  facet normal -0.687547 0.726139 0
    outer loop
      vertex 126.451 31.2036 1
      vertex 126.308 31.0682 5
      vertex 126.451 31.2036 5
    endloop
  endfacet
  facet normal -0.687547 0.726139 0
    outer loop
      vertex 126.308 31.0682 5
      vertex 126.451 31.2036 1
      vertex 126.308 31.0682 1
    endloop
  endfacet
  facet normal -0.687547 -0.726139 0
    outer loop
      vertex 126.308 32.4318 1
      vertex 126.451 32.2964 5
      vertex 126.308 32.4318 5
    endloop
  endfacet
  facet normal -0.687547 -0.726139 -0
    outer loop
      vertex 126.451 32.2964 5
      vertex 126.308 32.4318 1
      vertex 126.451 32.2964 1
    endloop
  endfacet
  facet normal -0.0582764 0.9983 0
    outer loop
      vertex 125.948 30.9129 1
      vertex 125.751 30.9014 5
      vertex 125.948 30.9129 5
    endloop
  endfacet
  facet normal -0.0582764 0.9983 0
    outer loop
      vertex 125.751 30.9014 5
      vertex 125.948 30.9129 1
      vertex 125.751 30.9014 1
    endloop
  endfacet
  facet normal -0.834223 0.551427 0
    outer loop
      vertex 126.451 31.2036 1
      vertex 126.56 31.3685 5
      vertex 126.56 31.3685 1
    endloop
  endfacet
  facet normal -0.834223 0.551427 0
    outer loop
      vertex 126.56 31.3685 5
      vertex 126.451 31.2036 1
      vertex 126.451 31.2036 5
    endloop
  endfacet
  facet normal 0.597724 0.801702 -0
    outer loop
      vertex 125.375 31.0139 1
      vertex 125.217 31.1317 5
      vertex 125.375 31.0139 5
    endloop
  endfacet
  facet normal 0.597724 0.801702 0
    outer loop
      vertex 125.217 31.1317 5
      vertex 125.375 31.0139 1
      vertex 125.217 31.1317 1
    endloop
  endfacet
  facet normal 0.396611 -0.917987 0
    outer loop
      vertex 125.375 32.4861 1
      vertex 125.556 32.5643 5
      vertex 125.375 32.4861 5
    endloop
  endfacet
  facet normal 0.396611 -0.917987 0
    outer loop
      vertex 125.556 32.5643 5
      vertex 125.375 32.4861 1
      vertex 125.556 32.5643 1
    endloop
  endfacet
  facet normal 0 0 1
    outer loop
      vertex 126.627 31.946 1
      vertex 126.627 31.554 1
      vertex 126.65 31.75 1
    endloop
  endfacet
  facet normal 0 0 1
    outer loop
      vertex 126.56 32.1315 1
      vertex 126.627 31.554 1
      vertex 126.627 31.946 1
    endloop
  endfacet
  facet normal 0 0 1
    outer loop
      vertex 126.56 32.1315 1
      vertex 126.56 31.3685 1
      vertex 126.627 31.554 1
    endloop
  endfacet
  facet normal 0 0 1
    outer loop
      vertex 126.451 32.2964 1
      vertex 126.56 31.3685 1
      vertex 126.56 32.1315 1
    endloop
  endfacet
  facet normal 0 0 1
    outer loop
      vertex 126.451 32.2964 1
      vertex 126.451 31.2036 1
      vertex 126.56 31.3685 1
    endloop
  endfacet
  facet normal 0 0 1
    outer loop
      vertex 126.308 32.4318 1
      vertex 126.451 31.2036 1
      vertex 126.451 32.2964 1
    endloop
  endfacet
  facet normal 0 0 1
    outer loop
      vertex 126.308 32.4318 1
      vertex 126.308 31.0682 1
      vertex 126.451 31.2036 1
    endloop
  endfacet
  facet normal 0 0 1
    outer loop
      vertex 126.137 32.5305 1
      vertex 126.308 31.0682 1
      vertex 126.308 32.4318 1
    endloop
  endfacet
  facet normal 0 0 1
    outer loop
      vertex 126.137 32.5305 1
      vertex 126.137 30.9695 1
      vertex 126.308 31.0682 1
    endloop
  endfacet
  facet normal 0 0 1
    outer loop
      vertex 125.948 32.5871 1
      vertex 126.137 30.9695 1
      vertex 126.137 32.5305 1
    endloop
  endfacet
  facet normal 0 0 1
    outer loop
      vertex 125.948 32.5871 1
      vertex 125.948 30.9129 1
      vertex 126.137 30.9695 1
    endloop
  endfacet
  facet normal 0 0 1
    outer loop
      vertex 125.751 32.5986 1
      vertex 125.948 30.9129 1
      vertex 125.948 32.5871 1
    endloop
  endfacet
  facet normal 0 0 1
    outer loop
      vertex 125.751 32.5986 1
      vertex 125.751 30.9014 1
      vertex 125.948 30.9129 1
    endloop
  endfacet
  facet normal -0 0 1
    outer loop
      vertex 125.556 32.5643 1
      vertex 125.751 30.9014 1
      vertex 125.751 32.5986 1
    endloop
  endfacet
  facet normal 0 0 1
    outer loop
      vertex 125.556 32.5643 1
      vertex 125.556 30.9357 1
      vertex 125.751 30.9014 1
    endloop
  endfacet
  facet normal -0 0 1
    outer loop
      vertex 125.375 32.4861 1
      vertex 125.556 30.9357 1
      vertex 125.556 32.5643 1
    endloop
  endfacet
  facet normal 0 0 1
    outer loop
      vertex 125.375 32.4861 1
      vertex 125.375 31.0139 1
      vertex 125.556 30.9357 1
    endloop
  endfacet
  facet normal -0 0 1
    outer loop
      vertex 125.217 32.3683 1
      vertex 125.375 31.0139 1
      vertex 125.375 32.4861 1
    endloop
  endfacet
  facet normal 0 0 1
    outer loop
      vertex 125.217 32.3683 1
      vertex 125.217 31.1317 1
      vertex 125.375 31.0139 1
    endloop
  endfacet
  facet normal -0 0 1
    outer loop
      vertex 125.09 32.2171 1
      vertex 125.217 31.1317 1
      vertex 125.217 32.3683 1
    endloop
  endfacet
  facet normal 0 0 1
    outer loop
      vertex 125.09 32.2171 1
      vertex 125.09 31.2829 1
      vertex 125.217 31.1317 1
    endloop
  endfacet
  facet normal -0 0 1
    outer loop
      vertex 125.001 32.0407 1
      vertex 125.09 31.2829 1
      vertex 125.09 32.2171 1
    endloop
  endfacet
  facet normal 0 0 1
    outer loop
      vertex 125.001 32.0407 1
      vertex 125.001 31.4593 1
      vertex 125.09 31.2829 1
    endloop
  endfacet
  facet normal -0 0 1
    outer loop
      vertex 124.956 31.8487 1
      vertex 125.001 31.4593 1
      vertex 125.001 32.0407 1
    endloop
  endfacet
  facet normal 0 0 1
    outer loop
      vertex 125.001 31.4593 1
      vertex 124.956 31.8487 1
      vertex 124.956 31.6513 1
    endloop
  endfacet
  facet normal -0.0582764 -0.9983 0
    outer loop
      vertex 125.751 32.5986 1
      vertex 125.948 32.5871 5
      vertex 125.751 32.5986 5
    endloop
  endfacet
  facet normal -0.0582764 -0.9983 -0
    outer loop
      vertex 125.948 32.5871 5
      vertex 125.751 32.5986 1
      vertex 125.948 32.5871 1
    endloop
  endfacet
  facet normal 0.973616 0.228191 0
    outer loop
      vertex 125.001 31.4593 5
      vertex 124.956 31.6513 1
      vertex 124.956 31.6513 5
    endloop
  endfacet
  facet normal 0.973616 0.228191 0
    outer loop
      vertex 124.956 31.6513 1
      vertex 125.001 31.4593 5
      vertex 125.001 31.4593 1
    endloop
  endfacet
  facet normal 0.173238 -0.98488 0
    outer loop
      vertex 125.556 32.5643 1
      vertex 125.751 32.5986 5
      vertex 125.556 32.5643 5
    endloop
  endfacet
  facet normal 0.173238 -0.98488 0
    outer loop
      vertex 125.751 32.5986 5
      vertex 125.556 32.5643 1
      vertex 125.751 32.5986 1
    endloop
  endfacet
  facet normal 0.597724 -0.801702 0
    outer loop
      vertex 125.217 32.3683 1
      vertex 125.375 32.4861 5
      vertex 125.217 32.3683 5
    endloop
  endfacet
  facet normal 0.597724 -0.801702 0
    outer loop
      vertex 125.375 32.4861 5
      vertex 125.217 32.3683 1
      vertex 125.375 32.4861 1
    endloop
  endfacet
  facet normal -0.940531 0.339707 0
    outer loop
      vertex 156.96 59.8685 1
      vertex 157.027 60.054 5
      vertex 157.027 60.054 1
    endloop
  endfacet
  facet normal -0.940531 0.339707 0
    outer loop
      vertex 157.027 60.054 5
      vertex 156.96 59.8685 1
      vertex 156.96 59.8685 5
    endloop
  endfacet
  facet normal -0.993185 0.116547 0
    outer loop
      vertex 157.027 60.054 1
      vertex 157.05 60.25 5
      vertex 157.05 60.25 1
    endloop
  endfacet
  facet normal -0.993185 0.116547 0
    outer loop
      vertex 157.05 60.25 5
      vertex 157.027 60.054 1
      vertex 157.027 60.054 5
    endloop
  endfacet
  facet normal -0.940531 -0.339707 0
    outer loop
      vertex 157.027 60.446 1
      vertex 156.96 60.6315 5
      vertex 156.96 60.6315 1
    endloop
  endfacet
  facet normal -0.940531 -0.339707 0
    outer loop
      vertex 156.96 60.6315 5
      vertex 157.027 60.446 1
      vertex 157.027 60.446 5
    endloop
  endfacet
  facet normal 0.396611 -0.917987 0
    outer loop
      vertex 155.775 60.9861 1
      vertex 155.956 61.0643 5
      vertex 155.775 60.9861 5
    endloop
  endfacet
  facet normal 0.396611 -0.917987 0
    outer loop
      vertex 155.956 61.0643 5
      vertex 155.775 60.9861 1
      vertex 155.956 61.0643 1
    endloop
  endfacet
  facet normal -0.286883 0.957966 0
    outer loop
      vertex 156.537 59.4695 1
      vertex 156.348 59.4129 5
      vertex 156.537 59.4695 5
    endloop
  endfacet
  facet normal -0.286883 0.957966 0
    outer loop
      vertex 156.348 59.4129 5
      vertex 156.537 59.4695 1
      vertex 156.348 59.4129 1
    endloop
  endfacet
  facet normal 0.892802 -0.45045 0
    outer loop
      vertex 155.401 60.5407 5
      vertex 155.49 60.7171 1
      vertex 155.49 60.7171 5
    endloop
  endfacet
  facet normal 0.892802 -0.45045 0
    outer loop
      vertex 155.49 60.7171 1
      vertex 155.401 60.5407 5
      vertex 155.401 60.5407 1
    endloop
  endfacet
  facet normal 0.765725 -0.643168 0
    outer loop
      vertex 155.49 60.7171 5
      vertex 155.617 60.8683 1
      vertex 155.617 60.8683 5
    endloop
  endfacet
  facet normal 0.765725 -0.643168 0
    outer loop
      vertex 155.617 60.8683 1
      vertex 155.49 60.7171 5
      vertex 155.49 60.7171 1
    endloop
  endfacet
  facet normal 0.973616 0.228191 0
    outer loop
      vertex 155.401 59.9593 5
      vertex 155.356 60.1513 1
      vertex 155.356 60.1513 5
    endloop
  endfacet
  facet normal 0.973616 0.228191 0
    outer loop
      vertex 155.356 60.1513 1
      vertex 155.401 59.9593 5
      vertex 155.401 59.9593 1
    endloop
  endfacet
  facet normal 1 -0 0
    outer loop
      vertex 155.356 60.1513 5
      vertex 155.356 60.3487 1
      vertex 155.356 60.3487 5
    endloop
  endfacet
  facet normal 1 0 0
    outer loop
      vertex 155.356 60.3487 1
      vertex 155.356 60.1513 5
      vertex 155.356 60.1513 1
    endloop
  endfacet
  facet normal 0 0 1
    outer loop
      vertex 157.027 60.446 1
      vertex 157.027 60.054 1
      vertex 157.05 60.25 1
    endloop
  endfacet
  facet normal 0 0 1
    outer loop
      vertex 156.96 60.6315 1
      vertex 157.027 60.054 1
      vertex 157.027 60.446 1
    endloop
  endfacet
  facet normal 0 0 1
    outer loop
      vertex 156.96 60.6315 1
      vertex 156.96 59.8685 1
      vertex 157.027 60.054 1
    endloop
  endfacet
  facet normal 0 0 1
    outer loop
      vertex 156.851 60.7964 1
      vertex 156.96 59.8685 1
      vertex 156.96 60.6315 1
    endloop
  endfacet
  facet normal 0 0 1
    outer loop
      vertex 156.851 60.7964 1
      vertex 156.851 59.7036 1
      vertex 156.96 59.8685 1
    endloop
  endfacet
  facet normal 0 0 1
    outer loop
      vertex 156.708 60.9318 1
      vertex 156.851 59.7036 1
      vertex 156.851 60.7964 1
    endloop
  endfacet
  facet normal 0 0 1
    outer loop
      vertex 156.708 60.9318 1
      vertex 156.708 59.5682 1
      vertex 156.851 59.7036 1
    endloop
  endfacet
  facet normal 0 0 1
    outer loop
      vertex 156.537 61.0305 1
      vertex 156.708 59.5682 1
      vertex 156.708 60.9318 1
    endloop
  endfacet
  facet normal 0 0 1
    outer loop
      vertex 156.537 61.0305 1
      vertex 156.537 59.4695 1
      vertex 156.708 59.5682 1
    endloop
  endfacet
  facet normal 0 0 1
    outer loop
      vertex 156.348 61.0871 1
      vertex 156.537 59.4695 1
      vertex 156.537 61.0305 1
    endloop
  endfacet
  facet normal 0 0 1
    outer loop
      vertex 156.348 61.0871 1
      vertex 156.348 59.4129 1
      vertex 156.537 59.4695 1
    endloop
  endfacet
  facet normal 0 0 1
    outer loop
      vertex 156.151 61.0986 1
      vertex 156.348 59.4129 1
      vertex 156.348 61.0871 1
    endloop
  endfacet
  facet normal 0 0 1
    outer loop
      vertex 156.151 61.0986 1
      vertex 156.151 59.4014 1
      vertex 156.348 59.4129 1
    endloop
  endfacet
  facet normal -0 0 1
    outer loop
      vertex 155.956 61.0643 1
      vertex 156.151 59.4014 1
      vertex 156.151 61.0986 1
    endloop
  endfacet
  facet normal 0 0 1
    outer loop
      vertex 155.956 61.0643 1
      vertex 155.956 59.4357 1
      vertex 156.151 59.4014 1
    endloop
  endfacet
  facet normal -0 0 1
    outer loop
      vertex 155.775 60.9861 1
      vertex 155.956 59.4357 1
      vertex 155.956 61.0643 1
    endloop
  endfacet
  facet normal 0 0 1
    outer loop
      vertex 155.775 60.9861 1
      vertex 155.775 59.5139 1
      vertex 155.956 59.4357 1
    endloop
  endfacet
  facet normal -0 0 1
    outer loop
      vertex 155.617 60.8683 1
      vertex 155.775 59.5139 1
      vertex 155.775 60.9861 1
    endloop
  endfacet
  facet normal 0 0 1
    outer loop
      vertex 155.617 60.8683 1
      vertex 155.617 59.6317 1
      vertex 155.775 59.5139 1
    endloop
  endfacet
  facet normal -0 0 1
    outer loop
      vertex 155.49 60.7171 1
      vertex 155.617 59.6317 1
      vertex 155.617 60.8683 1
    endloop
  endfacet
  facet normal 0 0 1
    outer loop
      vertex 155.49 60.7171 1
      vertex 155.49 59.7829 1
      vertex 155.617 59.6317 1
    endloop
  endfacet
  facet normal -0 0 1
    outer loop
      vertex 155.401 60.5407 1
      vertex 155.49 59.7829 1
      vertex 155.49 60.7171 1
    endloop
  endfacet
  facet normal 0 0 1
    outer loop
      vertex 155.401 60.5407 1
      vertex 155.401 59.9593 1
      vertex 155.49 59.7829 1
    endloop
  endfacet
  facet normal -0 0 1
    outer loop
      vertex 155.356 60.3487 1
      vertex 155.401 59.9593 1
      vertex 155.401 60.5407 1
    endloop
  endfacet
  facet normal 0 0 1
    outer loop
      vertex 155.401 59.9593 1
      vertex 155.356 60.3487 1
      vertex 155.356 60.1513 1
    endloop
  endfacet
  facet normal -0.834223 0.551427 0
    outer loop
      vertex 156.851 59.7036 1
      vertex 156.96 59.8685 5
      vertex 156.96 59.8685 1
    endloop
  endfacet
  facet normal -0.834223 0.551427 0
    outer loop
      vertex 156.96 59.8685 5
      vertex 156.851 59.7036 1
      vertex 156.851 59.7036 5
    endloop
  endfacet
  facet normal 0.173238 0.98488 -0
    outer loop
      vertex 156.151 59.4014 1
      vertex 155.956 59.4357 5
      vertex 156.151 59.4014 5
    endloop
  endfacet
  facet normal 0.173238 0.98488 0
    outer loop
      vertex 155.956 59.4357 5
      vertex 156.151 59.4014 1
      vertex 155.956 59.4357 1
    endloop
  endfacet
  facet normal -0.687547 -0.726139 0
    outer loop
      vertex 156.708 60.9318 1
      vertex 156.851 60.7964 5
      vertex 156.708 60.9318 5
    endloop
  endfacet
  facet normal -0.687547 -0.726139 -0
    outer loop
      vertex 156.851 60.7964 5
      vertex 156.708 60.9318 1
      vertex 156.851 60.7964 1
    endloop
  endfacet
  facet normal 0.765725 0.643168 0
    outer loop
      vertex 155.617 59.6317 5
      vertex 155.49 59.7829 1
      vertex 155.49 59.7829 5
    endloop
  endfacet
  facet normal 0.765725 0.643168 0
    outer loop
      vertex 155.49 59.7829 1
      vertex 155.617 59.6317 5
      vertex 155.617 59.6317 1
    endloop
  endfacet
  facet normal 0.597724 -0.801702 0
    outer loop
      vertex 155.617 60.8683 1
      vertex 155.775 60.9861 5
      vertex 155.617 60.8683 5
    endloop
  endfacet
  facet normal 0.597724 -0.801702 0
    outer loop
      vertex 155.775 60.9861 5
      vertex 155.617 60.8683 1
      vertex 155.775 60.9861 1
    endloop
  endfacet
  facet normal 0.396611 0.917987 -0
    outer loop
      vertex 155.956 59.4357 1
      vertex 155.775 59.5139 5
      vertex 155.956 59.4357 5
    endloop
  endfacet
  facet normal 0.396611 0.917987 0
    outer loop
      vertex 155.775 59.5139 5
      vertex 155.956 59.4357 1
      vertex 155.775 59.5139 1
    endloop
  endfacet
  facet normal -0.993185 -0.116547 0
    outer loop
      vertex 157.05 60.25 1
      vertex 157.027 60.446 5
      vertex 157.027 60.446 1
    endloop
  endfacet
  facet normal -0.993185 -0.116547 0
    outer loop
      vertex 157.027 60.446 5
      vertex 157.05 60.25 1
      vertex 157.05 60.25 5
    endloop
  endfacet
  facet normal 0.892802 0.45045 0
    outer loop
      vertex 155.49 59.7829 5
      vertex 155.401 59.9593 1
      vertex 155.401 59.9593 5
    endloop
  endfacet
  facet normal 0.892802 0.45045 0
    outer loop
      vertex 155.401 59.9593 1
      vertex 155.49 59.7829 5
      vertex 155.49 59.7829 1
    endloop
  endfacet
  facet normal -0.834223 -0.551427 0
    outer loop
      vertex 156.96 60.6315 1
      vertex 156.851 60.7964 5
      vertex 156.851 60.7964 1
    endloop
  endfacet
  facet normal -0.834223 -0.551427 0
    outer loop
      vertex 156.851 60.7964 5
      vertex 156.96 60.6315 1
      vertex 156.96 60.6315 5
    endloop
  endfacet
  facet normal 0.597724 0.801702 -0
    outer loop
      vertex 155.775 59.5139 1
      vertex 155.617 59.6317 5
      vertex 155.775 59.5139 5
    endloop
  endfacet
  facet normal 0.597724 0.801702 0
    outer loop
      vertex 155.617 59.6317 5
      vertex 155.775 59.5139 1
      vertex 155.617 59.6317 1
    endloop
  endfacet
  facet normal -0.499898 0.866084 0
    outer loop
      vertex 156.708 59.5682 1
      vertex 156.537 59.4695 5
      vertex 156.708 59.5682 5
    endloop
  endfacet
  facet normal -0.499898 0.866084 0
    outer loop
      vertex 156.537 59.4695 5
      vertex 156.708 59.5682 1
      vertex 156.537 59.4695 1
    endloop
  endfacet
  facet normal -0.687547 0.726139 0
    outer loop
      vertex 156.851 59.7036 1
      vertex 156.708 59.5682 5
      vertex 156.851 59.7036 5
    endloop
  endfacet
  facet normal -0.687547 0.726139 0
    outer loop
      vertex 156.708 59.5682 5
      vertex 156.851 59.7036 1
      vertex 156.708 59.5682 1
    endloop
  endfacet
  facet normal -0.286883 -0.957966 0
    outer loop
      vertex 156.348 61.0871 1
      vertex 156.537 61.0305 5
      vertex 156.348 61.0871 5
    endloop
  endfacet
  facet normal -0.286883 -0.957966 -0
    outer loop
      vertex 156.537 61.0305 5
      vertex 156.348 61.0871 1
      vertex 156.537 61.0305 1
    endloop
  endfacet
  facet normal -0.499898 -0.866084 0
    outer loop
      vertex 156.537 61.0305 1
      vertex 156.708 60.9318 5
      vertex 156.537 61.0305 5
    endloop
  endfacet
  facet normal -0.499898 -0.866084 -0
    outer loop
      vertex 156.708 60.9318 5
      vertex 156.537 61.0305 1
      vertex 156.708 60.9318 1
    endloop
  endfacet
  facet normal 0.173238 -0.98488 0
    outer loop
      vertex 155.956 61.0643 1
      vertex 156.151 61.0986 5
      vertex 155.956 61.0643 5
    endloop
  endfacet
  facet normal 0.173238 -0.98488 0
    outer loop
      vertex 156.151 61.0986 5
      vertex 155.956 61.0643 1
      vertex 156.151 61.0986 1
    endloop
  endfacet
  facet normal -0.0582764 -0.9983 0
    outer loop
      vertex 156.151 61.0986 1
      vertex 156.348 61.0871 5
      vertex 156.151 61.0986 5
    endloop
  endfacet
  facet normal -0.0582764 -0.9983 -0
    outer loop
      vertex 156.348 61.0871 5
      vertex 156.151 61.0986 1
      vertex 156.348 61.0871 1
    endloop
  endfacet
  facet normal 0.973616 -0.228191 0
    outer loop
      vertex 155.356 60.3487 5
      vertex 155.401 60.5407 1
      vertex 155.401 60.5407 5
    endloop
  endfacet
  facet normal 0.973616 -0.228191 0
    outer loop
      vertex 155.401 60.5407 1
      vertex 155.356 60.3487 5
      vertex 155.356 60.3487 1
    endloop
  endfacet
  facet normal -0.0582764 0.9983 0
    outer loop
      vertex 156.348 59.4129 1
      vertex 156.151 59.4014 5
      vertex 156.348 59.4129 5
    endloop
  endfacet
  facet normal -0.0582764 0.9983 0
    outer loop
      vertex 156.151 59.4014 5
      vertex 156.348 59.4129 1
      vertex 156.151 59.4014 1
    endloop
  endfacet
  facet normal -0.940531 0.339707 0
    outer loop
      vertex 156.96 31.3685 1
      vertex 157.027 31.554 5
      vertex 157.027 31.554 1
    endloop
  endfacet
  facet normal -0.940531 0.339707 0
    outer loop
      vertex 157.027 31.554 5
      vertex 156.96 31.3685 1
      vertex 156.96 31.3685 5
    endloop
  endfacet
  facet normal -0.993185 0.116547 0
    outer loop
      vertex 157.027 31.554 1
      vertex 157.05 31.75 5
      vertex 157.05 31.75 1
    endloop
  endfacet
  facet normal -0.993185 0.116547 0
    outer loop
      vertex 157.05 31.75 5
      vertex 157.027 31.554 1
      vertex 157.027 31.554 5
    endloop
  endfacet
  facet normal -0.940531 -0.339707 0
    outer loop
      vertex 157.027 31.946 1
      vertex 156.96 32.1315 5
      vertex 156.96 32.1315 1
    endloop
  endfacet
  facet normal -0.940531 -0.339707 0
    outer loop
      vertex 156.96 32.1315 5
      vertex 157.027 31.946 1
      vertex 157.027 31.946 5
    endloop
  endfacet
  facet normal 0.396611 -0.917987 0
    outer loop
      vertex 155.775 32.4861 1
      vertex 155.956 32.5643 5
      vertex 155.775 32.4861 5
    endloop
  endfacet
  facet normal 0.396611 -0.917987 0
    outer loop
      vertex 155.956 32.5643 5
      vertex 155.775 32.4861 1
      vertex 155.956 32.5643 1
    endloop
  endfacet
  facet normal -0.286883 0.957966 0
    outer loop
      vertex 156.537 30.9695 1
      vertex 156.348 30.9129 5
      vertex 156.537 30.9695 5
    endloop
  endfacet
  facet normal -0.286883 0.957966 0
    outer loop
      vertex 156.348 30.9129 5
      vertex 156.537 30.9695 1
      vertex 156.348 30.9129 1
    endloop
  endfacet
  facet normal 0.892802 -0.45045 0
    outer loop
      vertex 155.401 32.0407 5
      vertex 155.49 32.2171 1
      vertex 155.49 32.2171 5
    endloop
  endfacet
  facet normal 0.892802 -0.45045 0
    outer loop
      vertex 155.49 32.2171 1
      vertex 155.401 32.0407 5
      vertex 155.401 32.0407 1
    endloop
  endfacet
  facet normal 0.765725 -0.643168 0
    outer loop
      vertex 155.49 32.2171 5
      vertex 155.617 32.3683 1
      vertex 155.617 32.3683 5
    endloop
  endfacet
  facet normal 0.765725 -0.643168 0
    outer loop
      vertex 155.617 32.3683 1
      vertex 155.49 32.2171 5
      vertex 155.49 32.2171 1
    endloop
  endfacet
  facet normal 0.973616 0.228191 0
    outer loop
      vertex 155.401 31.4593 5
      vertex 155.356 31.6513 1
      vertex 155.356 31.6513 5
    endloop
  endfacet
  facet normal 0.973616 0.228191 0
    outer loop
      vertex 155.356 31.6513 1
      vertex 155.401 31.4593 5
      vertex 155.401 31.4593 1
    endloop
  endfacet
  facet normal 1 -0 0
    outer loop
      vertex 155.356 31.6513 5
      vertex 155.356 31.8487 1
      vertex 155.356 31.8487 5
    endloop
  endfacet
  facet normal 1 0 0
    outer loop
      vertex 155.356 31.8487 1
      vertex 155.356 31.6513 5
      vertex 155.356 31.6513 1
    endloop
  endfacet
  facet normal 0 0 1
    outer loop
      vertex 157.027 31.946 1
      vertex 157.027 31.554 1
      vertex 157.05 31.75 1
    endloop
  endfacet
  facet normal 0 0 1
    outer loop
      vertex 156.96 32.1315 1
      vertex 157.027 31.554 1
      vertex 157.027 31.946 1
    endloop
  endfacet
  facet normal 0 0 1
    outer loop
      vertex 156.96 32.1315 1
      vertex 156.96 31.3685 1
      vertex 157.027 31.554 1
    endloop
  endfacet
  facet normal 0 0 1
    outer loop
      vertex 156.851 32.2964 1
      vertex 156.96 31.3685 1
      vertex 156.96 32.1315 1
    endloop
  endfacet
  facet normal 0 0 1
    outer loop
      vertex 156.851 32.2964 1
      vertex 156.851 31.2036 1
      vertex 156.96 31.3685 1
    endloop
  endfacet
  facet normal 0 0 1
    outer loop
      vertex 156.708 32.4318 1
      vertex 156.851 31.2036 1
      vertex 156.851 32.2964 1
    endloop
  endfacet
  facet normal 0 0 1
    outer loop
      vertex 156.708 32.4318 1
      vertex 156.708 31.0682 1
      vertex 156.851 31.2036 1
    endloop
  endfacet
  facet normal 0 0 1
    outer loop
      vertex 156.537 32.5305 1
      vertex 156.708 31.0682 1
      vertex 156.708 32.4318 1
    endloop
  endfacet
  facet normal 0 0 1
    outer loop
      vertex 156.537 32.5305 1
      vertex 156.537 30.9695 1
      vertex 156.708 31.0682 1
    endloop
  endfacet
  facet normal 0 0 1
    outer loop
      vertex 156.348 32.5871 1
      vertex 156.537 30.9695 1
      vertex 156.537 32.5305 1
    endloop
  endfacet
  facet normal 0 0 1
    outer loop
      vertex 156.348 32.5871 1
      vertex 156.348 30.9129 1
      vertex 156.537 30.9695 1
    endloop
  endfacet
  facet normal 0 0 1
    outer loop
      vertex 156.151 32.5986 1
      vertex 156.348 30.9129 1
      vertex 156.348 32.5871 1
    endloop
  endfacet
  facet normal 0 0 1
    outer loop
      vertex 156.151 32.5986 1
      vertex 156.151 30.9014 1
      vertex 156.348 30.9129 1
    endloop
  endfacet
  facet normal -0 0 1
    outer loop
      vertex 155.956 32.5643 1
      vertex 156.151 30.9014 1
      vertex 156.151 32.5986 1
    endloop
  endfacet
  facet normal 0 0 1
    outer loop
      vertex 155.956 32.5643 1
      vertex 155.956 30.9357 1
      vertex 156.151 30.9014 1
    endloop
  endfacet
  facet normal -0 0 1
    outer loop
      vertex 155.775 32.4861 1
      vertex 155.956 30.9357 1
      vertex 155.956 32.5643 1
    endloop
  endfacet
  facet normal 0 0 1
    outer loop
      vertex 155.775 32.4861 1
      vertex 155.775 31.0139 1
      vertex 155.956 30.9357 1
    endloop
  endfacet
  facet normal -0 0 1
    outer loop
      vertex 155.617 32.3683 1
      vertex 155.775 31.0139 1
      vertex 155.775 32.4861 1
    endloop
  endfacet
  facet normal 0 0 1
    outer loop
      vertex 155.617 32.3683 1
      vertex 155.617 31.1317 1
      vertex 155.775 31.0139 1
    endloop
  endfacet
  facet normal -0 0 1
    outer loop
      vertex 155.49 32.2171 1
      vertex 155.617 31.1317 1
      vertex 155.617 32.3683 1
    endloop
  endfacet
  facet normal 0 0 1
    outer loop
      vertex 155.49 32.2171 1
      vertex 155.49 31.2829 1
      vertex 155.617 31.1317 1
    endloop
  endfacet
  facet normal -0 0 1
    outer loop
      vertex 155.401 32.0407 1
      vertex 155.49 31.2829 1
      vertex 155.49 32.2171 1
    endloop
  endfacet
  facet normal 0 0 1
    outer loop
      vertex 155.401 32.0407 1
      vertex 155.401 31.4593 1
      vertex 155.49 31.2829 1
    endloop
  endfacet
  facet normal -0 0 1
    outer loop
      vertex 155.356 31.8487 1
      vertex 155.401 31.4593 1
      vertex 155.401 32.0407 1
    endloop
  endfacet
  facet normal 0 0 1
    outer loop
      vertex 155.401 31.4593 1
      vertex 155.356 31.8487 1
      vertex 155.356 31.6513 1
    endloop
  endfacet
  facet normal 0.173238 0.98488 -0
    outer loop
      vertex 156.151 30.9014 1
      vertex 155.956 30.9357 5
      vertex 156.151 30.9014 5
    endloop
  endfacet
  facet normal 0.173238 0.98488 0
    outer loop
      vertex 155.956 30.9357 5
      vertex 156.151 30.9014 1
      vertex 155.956 30.9357 1
    endloop
  endfacet
  facet normal -0.687547 -0.726139 0
    outer loop
      vertex 156.708 32.4318 1
      vertex 156.851 32.2964 5
      vertex 156.708 32.4318 5
    endloop
  endfacet
  facet normal -0.687547 -0.726139 -0
    outer loop
      vertex 156.851 32.2964 5
      vertex 156.708 32.4318 1
      vertex 156.851 32.2964 1
    endloop
  endfacet
  facet normal 0.765725 0.643168 0
    outer loop
      vertex 155.617 31.1317 5
      vertex 155.49 31.2829 1
      vertex 155.49 31.2829 5
    endloop
  endfacet
  facet normal 0.765725 0.643168 0
    outer loop
      vertex 155.49 31.2829 1
      vertex 155.617 31.1317 5
      vertex 155.617 31.1317 1
    endloop
  endfacet
  facet normal 0.597724 -0.801702 0
    outer loop
      vertex 155.617 32.3683 1
      vertex 155.775 32.4861 5
      vertex 155.617 32.3683 5
    endloop
  endfacet
  facet normal 0.597724 -0.801702 0
    outer loop
      vertex 155.775 32.4861 5
      vertex 155.617 32.3683 1
      vertex 155.775 32.4861 1
    endloop
  endfacet
  facet normal 0.396611 0.917987 -0
    outer loop
      vertex 155.956 30.9357 1
      vertex 155.775 31.0139 5
      vertex 155.956 30.9357 5
    endloop
  endfacet
  facet normal 0.396611 0.917987 0
    outer loop
      vertex 155.775 31.0139 5
      vertex 155.956 30.9357 1
      vertex 155.775 31.0139 1
    endloop
  endfacet
  facet normal -0.286883 -0.957966 0
    outer loop
      vertex 156.348 32.5871 1
      vertex 156.537 32.5305 5
      vertex 156.348 32.5871 5
    endloop
  endfacet
  facet normal -0.286883 -0.957966 -0
    outer loop
      vertex 156.537 32.5305 5
      vertex 156.348 32.5871 1
      vertex 156.537 32.5305 1
    endloop
  endfacet
  facet normal -0.993185 -0.116547 0
    outer loop
      vertex 157.05 31.75 1
      vertex 157.027 31.946 5
      vertex 157.027 31.946 1
    endloop
  endfacet
  facet normal -0.993185 -0.116547 0
    outer loop
      vertex 157.027 31.946 5
      vertex 157.05 31.75 1
      vertex 157.05 31.75 5
    endloop
  endfacet
  facet normal 0.892802 0.45045 0
    outer loop
      vertex 155.49 31.2829 5
      vertex 155.401 31.4593 1
      vertex 155.401 31.4593 5
    endloop
  endfacet
  facet normal 0.892802 0.45045 0
    outer loop
      vertex 155.401 31.4593 1
      vertex 155.49 31.2829 5
      vertex 155.49 31.2829 1
    endloop
  endfacet
  facet normal -0.834223 -0.551427 0
    outer loop
      vertex 156.96 32.1315 1
      vertex 156.851 32.2964 5
      vertex 156.851 32.2964 1
    endloop
  endfacet
  facet normal -0.834223 -0.551427 0
    outer loop
      vertex 156.851 32.2964 5
      vertex 156.96 32.1315 1
      vertex 156.96 32.1315 5
    endloop
  endfacet
  facet normal 0.597724 0.801702 -0
    outer loop
      vertex 155.775 31.0139 1
      vertex 155.617 31.1317 5
      vertex 155.775 31.0139 5
    endloop
  endfacet
  facet normal 0.597724 0.801702 0
    outer loop
      vertex 155.617 31.1317 5
      vertex 155.775 31.0139 1
      vertex 155.617 31.1317 1
    endloop
  endfacet
  facet normal -0.499898 0.866084 0
    outer loop
      vertex 156.708 31.0682 1
      vertex 156.537 30.9695 5
      vertex 156.708 31.0682 5
    endloop
  endfacet
  facet normal -0.499898 0.866084 0
    outer loop
      vertex 156.537 30.9695 5
      vertex 156.708 31.0682 1
      vertex 156.537 30.9695 1
    endloop
  endfacet
  facet normal -0.687547 0.726139 0
    outer loop
      vertex 156.851 31.2036 1
      vertex 156.708 31.0682 5
      vertex 156.851 31.2036 5
    endloop
  endfacet
  facet normal -0.687547 0.726139 0
    outer loop
      vertex 156.708 31.0682 5
      vertex 156.851 31.2036 1
      vertex 156.708 31.0682 1
    endloop
  endfacet
  facet normal -0.499898 -0.866084 0
    outer loop
      vertex 156.537 32.5305 1
      vertex 156.708 32.4318 5
      vertex 156.537 32.5305 5
    endloop
  endfacet
  facet normal -0.499898 -0.866084 -0
    outer loop
      vertex 156.708 32.4318 5
      vertex 156.537 32.5305 1
      vertex 156.708 32.4318 1
    endloop
  endfacet
  facet normal -0.834223 0.551427 0
    outer loop
      vertex 156.851 31.2036 1
      vertex 156.96 31.3685 5
      vertex 156.96 31.3685 1
    endloop
  endfacet
  facet normal -0.834223 0.551427 0
    outer loop
      vertex 156.96 31.3685 5
      vertex 156.851 31.2036 1
      vertex 156.851 31.2036 5
    endloop
  endfacet
  facet normal 0.173238 -0.98488 0
    outer loop
      vertex 155.956 32.5643 1
      vertex 156.151 32.5986 5
      vertex 155.956 32.5643 5
    endloop
  endfacet
  facet normal 0.173238 -0.98488 0
    outer loop
      vertex 156.151 32.5986 5
      vertex 155.956 32.5643 1
      vertex 156.151 32.5986 1
    endloop
  endfacet
  facet normal -0.0582764 -0.9983 0
    outer loop
      vertex 156.151 32.5986 1
      vertex 156.348 32.5871 5
      vertex 156.151 32.5986 5
    endloop
  endfacet
  facet normal -0.0582764 -0.9983 -0
    outer loop
      vertex 156.348 32.5871 5
      vertex 156.151 32.5986 1
      vertex 156.348 32.5871 1
    endloop
  endfacet
  facet normal 0.973616 -0.228191 0
    outer loop
      vertex 155.356 31.8487 5
      vertex 155.401 32.0407 1
      vertex 155.401 32.0407 5
    endloop
  endfacet
  facet normal 0.973616 -0.228191 0
    outer loop
      vertex 155.401 32.0407 1
      vertex 155.356 31.8487 5
      vertex 155.356 31.8487 1
    endloop
  endfacet
  facet normal -0.0582764 0.9983 0
    outer loop
      vertex 156.348 30.9129 1
      vertex 156.151 30.9014 5
      vertex 156.348 30.9129 5
    endloop
  endfacet
  facet normal -0.0582764 0.9983 0
    outer loop
      vertex 156.151 30.9014 5
      vertex 156.348 30.9129 1
      vertex 156.151 30.9014 1
    endloop
  endfacet
  facet normal -1 0 0
    outer loop
      vertex 95.3 3.2 3
      vertex 95.3 4.8 6
      vertex 95.3 4.8 3
    endloop
  endfacet
  facet normal -1 -0 0
    outer loop
      vertex 95.3 4.8 6
      vertex 95.3 3.2 3
      vertex 95.3 3.2 6
    endloop
  endfacet
  facet normal -1 0 0
    outer loop
      vertex 95.3 91.2 3
      vertex 95.3 92.8 6
      vertex 95.3 92.8 3
    endloop
  endfacet
  facet normal -1 -0 0
    outer loop
      vertex 95.3 92.8 6
      vertex 95.3 91.2 3
      vertex 95.3 91.2 6
    endloop
  endfacet
  facet normal 1 -0 0
    outer loop
      vertex 92.7 3.2 6
      vertex 92.7 4.8 3
      vertex 92.7 4.8 6
    endloop
  endfacet
  facet normal 1 0 0
    outer loop
      vertex 92.7 4.8 3
      vertex 92.7 3.2 6
      vertex 92.7 3.2 3
    endloop
  endfacet
  facet normal 1 -0 0
    outer loop
      vertex 92.7 91.2 6
      vertex 92.7 92.8 3
      vertex 92.7 92.8 6
    endloop
  endfacet
  facet normal 1 0 0
    outer loop
      vertex 92.7 92.8 3
      vertex 92.7 91.2 6
      vertex 92.7 91.2 3
    endloop
  endfacet
  facet normal -0.709468 0 -0.704738
    outer loop
      vertex 159.49 55.9901 9.53674e-07
      vertex 156.51 35.9901 3
      vertex 156.51 53.0099 3
    endloop
  endfacet
  facet normal -0.709468 0 -0.704738
    outer loop
      vertex 156.51 35.9901 3
      vertex 159.49 55.9901 9.53674e-07
      vertex 159.49 33.0099 9.53674e-07
    endloop
  endfacet
  facet normal 0 -0.709444 -0.704762
    outer loop
      vertex 122.51 55.9901 9.53674e-07
      vertex 156.51 53.0099 3
      vertex 125.49 53.0099 3
    endloop
  endfacet
  facet normal 0 -0.709444 -0.704762
    outer loop
      vertex 156.51 53.0099 3
      vertex 122.51 55.9901 9.53674e-07
      vertex 159.49 55.9901 9.53674e-07
    endloop
  endfacet
  facet normal 0.709468 0 -0.704738
    outer loop
      vertex 125.49 35.9901 3
      vertex 122.51 55.9901 9.53674e-07
      vertex 125.49 53.0099 3
    endloop
  endfacet
  facet normal 0.709468 0 -0.704738
    outer loop
      vertex 122.51 55.9901 9.53674e-07
      vertex 125.49 35.9901 3
      vertex 122.51 33.0099 9.53674e-07
    endloop
  endfacet
  facet normal 0 0.709444 -0.704762
    outer loop
      vertex 159.49 33.0099 9.53674e-07
      vertex 125.49 35.9901 3
      vertex 156.51 35.9901 3
    endloop
  endfacet
  facet normal 0 0.709444 -0.704762
    outer loop
      vertex 125.49 35.9901 3
      vertex 159.49 33.0099 9.53674e-07
      vertex 122.51 33.0099 9.53674e-07
    endloop
  endfacet
endsolid OpenSCAD_Model
