solid OpenSCAD_Model
  facet normal -1 0 0
    outer loop
      vertex -10.3 10.3 0
      vertex -10.3 4.4989 17.7005
      vertex -10.3 10.3 35.6
    endloop
  endfacet
  facet normal -1 0 0
    outer loop
      vertex -10.3 10.3 0
      vertex -10.3 4.49009 17.5015
      vertex -10.3 4.4989 17.7005
    endloop
  endfacet
  facet normal -1 0 0
    outer loop
      vertex -10.3 10.3 0
      vertex -10.3 4.4725 17.3032
      vertex -10.3 4.49009 17.5015
    endloop
  endfacet
  facet normal -1 0 0
    outer loop
      vertex -10.3 10.3 0
      vertex -10.3 4.44614 17.1059
      vertex -10.3 4.4725 17.3032
    endloop
  endfacet
  facet normal -1 0 0
    outer loop
      vertex -10.3 10.3 0
      vertex -10.3 4.41109 16.9099
      vertex -10.3 4.44614 17.1059
    endloop
  endfacet
  facet normal -1 0 0
    outer loop
      vertex -10.3 10.3 0
      vertex -10.3 4.3674 16.7156
      vertex -10.3 4.41109 16.9099
    endloop
  endfacet
  facet normal -1 0 0
    outer loop
      vertex -10.3 10.3 0
      vertex -10.3 4.31516 16.5235
      vertex -10.3 4.3674 16.7156
    endloop
  endfacet
  facet normal -1 0 0
    outer loop
      vertex -10.3 10.3 0
      vertex -10.3 4.25447 16.3339
      vertex -10.3 4.31516 16.5235
    endloop
  endfacet
  facet normal -1 0 0
    outer loop
      vertex -10.3 10.3 0
      vertex -10.3 4.18546 16.1471
      vertex -10.3 4.25447 16.3339
    endloop
  endfacet
  facet normal -1 0 0
    outer loop
      vertex -10.3 10.3 0
      vertex -10.3 4.10825 15.9636
      vertex -10.3 4.18546 16.1471
    endloop
  endfacet
  facet normal -1 0 0
    outer loop
      vertex -10.3 10.3 0
      vertex -10.3 4.023 15.7837
      vertex -10.3 4.10825 15.9636
    endloop
  endfacet
  facet normal -1 0 0
    outer loop
      vertex -10.3 10.3 0
      vertex -10.3 3.92987 15.6077
      vertex -10.3 4.023 15.7837
    endloop
  endfacet
  facet normal -1 0 0
    outer loop
      vertex -10.3 10.3 0
      vertex -10.3 3.82906 15.436
      vertex -10.3 3.92987 15.6077
    endloop
  endfacet
  facet normal -1 0 0
    outer loop
      vertex -10.3 10.3 0
      vertex -10.3 3.72074 15.269
      vertex -10.3 3.82906 15.436
    endloop
  endfacet
  facet normal -1 0 0
    outer loop
      vertex -10.3 10.3 0
      vertex -10.3 3.60515 15.1069
      vertex -10.3 3.72074 15.269
    endloop
  endfacet
  facet normal -1 0 0
    outer loop
      vertex -10.3 10.3 0
      vertex -10.3 3.48249 14.95
      vertex -10.3 3.60515 15.1069
    endloop
  endfacet
  facet normal -1 0 0
    outer loop
      vertex -10.3 10.3 0
      vertex -10.3 3.35302 14.7988
      vertex -10.3 3.48249 14.95
    endloop
  endfacet
  facet normal -1 0 0
    outer loop
      vertex -10.3 10.3 0
      vertex -10.3 3.18198 14.618
      vertex -10.3 3.35302 14.7988
    endloop
  endfacet
  facet normal -1 0 0
    outer loop
      vertex -10.3 10.3 0
      vertex -10.3 0 11.436
      vertex -10.3 3.18198 14.618
    endloop
  endfacet
  facet normal -1 0 0
    outer loop
      vertex -10.3 -10.3 0
      vertex -10.3 0 11.436
      vertex -10.3 10.3 0
    endloop
  endfacet
  facet normal -1 -0 0
    outer loop
      vertex -10.3 0 11.436
      vertex -10.3 -10.3 0
      vertex -10.3 -3.18198 14.618
    endloop
  endfacet
  facet normal -1 -0 0
    outer loop
      vertex -10.3 -4.4989 17.7005
      vertex -10.3 -10.3 0
      vertex -10.3 -4.4989 17.8995
    endloop
  endfacet
  facet normal -1 -0 0
    outer loop
      vertex -10.3 -4.49009 17.5015
      vertex -10.3 -10.3 0
      vertex -10.3 -4.4989 17.7005
    endloop
  endfacet
  facet normal -1 -0 0
    outer loop
      vertex -10.3 -4.4725 17.3032
      vertex -10.3 -10.3 0
      vertex -10.3 -4.49009 17.5015
    endloop
  endfacet
  facet normal -1 -0 0
    outer loop
      vertex -10.3 -4.44614 17.1059
      vertex -10.3 -10.3 0
      vertex -10.3 -4.4725 17.3032
    endloop
  endfacet
  facet normal -1 -0 0
    outer loop
      vertex -10.3 -4.41109 16.9099
      vertex -10.3 -10.3 0
      vertex -10.3 -4.44614 17.1059
    endloop
  endfacet
  facet normal -1 -0 0
    outer loop
      vertex -10.3 -4.3674 16.7156
      vertex -10.3 -10.3 0
      vertex -10.3 -4.41109 16.9099
    endloop
  endfacet
  facet normal -1 -0 0
    outer loop
      vertex -10.3 -4.31516 16.5235
      vertex -10.3 -10.3 0
      vertex -10.3 -4.3674 16.7156
    endloop
  endfacet
  facet normal -1 -0 0
    outer loop
      vertex -10.3 -4.25447 16.3339
      vertex -10.3 -10.3 0
      vertex -10.3 -4.31516 16.5235
    endloop
  endfacet
  facet normal -1 -0 0
    outer loop
      vertex -10.3 -4.18546 16.1471
      vertex -10.3 -10.3 0
      vertex -10.3 -4.25447 16.3339
    endloop
  endfacet
  facet normal -1 -0 0
    outer loop
      vertex -10.3 -4.10825 15.9636
      vertex -10.3 -10.3 0
      vertex -10.3 -4.18546 16.1471
    endloop
  endfacet
  facet normal -1 -0 0
    outer loop
      vertex -10.3 -4.023 15.7837
      vertex -10.3 -10.3 0
      vertex -10.3 -4.10825 15.9636
    endloop
  endfacet
  facet normal -1 -0 0
    outer loop
      vertex -10.3 -3.92987 15.6077
      vertex -10.3 -10.3 0
      vertex -10.3 -4.023 15.7837
    endloop
  endfacet
  facet normal -1 -0 0
    outer loop
      vertex -10.3 -3.82906 15.436
      vertex -10.3 -10.3 0
      vertex -10.3 -3.92987 15.6077
    endloop
  endfacet
  facet normal -1 -0 0
    outer loop
      vertex -10.3 -3.72074 15.269
      vertex -10.3 -10.3 0
      vertex -10.3 -3.82906 15.436
    endloop
  endfacet
  facet normal -1 -0 0
    outer loop
      vertex -10.3 -3.60515 15.1069
      vertex -10.3 -10.3 0
      vertex -10.3 -3.72074 15.269
    endloop
  endfacet
  facet normal -1 -0 0
    outer loop
      vertex -10.3 -3.48249 14.95
      vertex -10.3 -10.3 0
      vertex -10.3 -3.60515 15.1069
    endloop
  endfacet
  facet normal -1 -0 0
    outer loop
      vertex -10.3 -3.35302 14.7988
      vertex -10.3 -10.3 0
      vertex -10.3 -3.48249 14.95
    endloop
  endfacet
  facet normal -1 -0 0
    outer loop
      vertex -10.3 -3.18198 14.618
      vertex -10.3 -10.3 0
      vertex -10.3 -3.35302 14.7988
    endloop
  endfacet
  facet normal -1 0 0
    outer loop
      vertex -10.3 4.4989 17.8995
      vertex -10.3 10.3 35.6
      vertex -10.3 4.4989 17.7005
    endloop
  endfacet
  facet normal -1 0 0
    outer loop
      vertex -10.3 4.49009 18.0985
      vertex -10.3 10.3 35.6
      vertex -10.3 4.4989 17.8995
    endloop
  endfacet
  facet normal -1 0 0
    outer loop
      vertex -10.3 4.4725 18.2968
      vertex -10.3 10.3 35.6
      vertex -10.3 4.49009 18.0985
    endloop
  endfacet
  facet normal -1 0 0
    outer loop
      vertex -10.3 4.44614 18.4941
      vertex -10.3 10.3 35.6
      vertex -10.3 4.4725 18.2968
    endloop
  endfacet
  facet normal -1 0 0
    outer loop
      vertex -10.3 4.41109 18.6901
      vertex -10.3 10.3 35.6
      vertex -10.3 4.44614 18.4941
    endloop
  endfacet
  facet normal -1 0 0
    outer loop
      vertex -10.3 4.3674 18.8844
      vertex -10.3 10.3 35.6
      vertex -10.3 4.41109 18.6901
    endloop
  endfacet
  facet normal -1 0 0
    outer loop
      vertex -10.3 4.31516 19.0765
      vertex -10.3 10.3 35.6
      vertex -10.3 4.3674 18.8844
    endloop
  endfacet
  facet normal -1 0 0
    outer loop
      vertex -10.3 4.25447 19.2661
      vertex -10.3 10.3 35.6
      vertex -10.3 4.31516 19.0765
    endloop
  endfacet
  facet normal -1 0 0
    outer loop
      vertex -10.3 4.18546 19.4529
      vertex -10.3 10.3 35.6
      vertex -10.3 4.25447 19.2661
    endloop
  endfacet
  facet normal -1 0 0
    outer loop
      vertex -10.3 4.10825 19.6364
      vertex -10.3 10.3 35.6
      vertex -10.3 4.18546 19.4529
    endloop
  endfacet
  facet normal -1 0 0
    outer loop
      vertex -10.3 4.023 19.8163
      vertex -10.3 10.3 35.6
      vertex -10.3 4.10825 19.6364
    endloop
  endfacet
  facet normal -1 0 0
    outer loop
      vertex -10.3 3.92987 19.9923
      vertex -10.3 10.3 35.6
      vertex -10.3 4.023 19.8163
    endloop
  endfacet
  facet normal -1 0 0
    outer loop
      vertex -10.3 3.82906 20.164
      vertex -10.3 10.3 35.6
      vertex -10.3 3.92987 19.9923
    endloop
  endfacet
  facet normal -1 0 0
    outer loop
      vertex -10.3 3.72074 20.331
      vertex -10.3 10.3 35.6
      vertex -10.3 3.82906 20.164
    endloop
  endfacet
  facet normal -1 0 0
    outer loop
      vertex -10.3 3.60515 20.4931
      vertex -10.3 10.3 35.6
      vertex -10.3 3.72074 20.331
    endloop
  endfacet
  facet normal -1 0 0
    outer loop
      vertex -10.3 3.48249 20.65
      vertex -10.3 10.3 35.6
      vertex -10.3 3.60515 20.4931
    endloop
  endfacet
  facet normal -1 0 0
    outer loop
      vertex -10.3 3.35302 20.8012
      vertex -10.3 10.3 35.6
      vertex -10.3 3.48249 20.65
    endloop
  endfacet
  facet normal -1 0 0
    outer loop
      vertex -10.3 3.21698 20.9466
      vertex -10.3 10.3 35.6
      vertex -10.3 3.35302 20.8012
    endloop
  endfacet
  facet normal -1 0 0
    outer loop
      vertex -10.3 3.07465 21.0858
      vertex -10.3 10.3 35.6
      vertex -10.3 3.21698 20.9466
    endloop
  endfacet
  facet normal -1 0 0
    outer loop
      vertex -10.3 2.9263 21.2186
      vertex -10.3 10.3 35.6
      vertex -10.3 3.07465 21.0858
    endloop
  endfacet
  facet normal -1 0 0
    outer loop
      vertex -10.3 2.77222 21.3447
      vertex -10.3 10.3 35.6
      vertex -10.3 2.9263 21.2186
    endloop
  endfacet
  facet normal -1 0 0
    outer loop
      vertex -10.3 2.61271 21.4638
      vertex -10.3 10.3 35.6
      vertex -10.3 2.77222 21.3447
    endloop
  endfacet
  facet normal -1 0 0
    outer loop
      vertex -10.3 2.44809 21.5758
      vertex -10.3 10.3 35.6
      vertex -10.3 2.61271 21.4638
    endloop
  endfacet
  facet normal -1 0 0
    outer loop
      vertex -10.3 2.27868 21.6804
      vertex -10.3 10.3 35.6
      vertex -10.3 2.44809 21.5758
    endloop
  endfacet
  facet normal -1 0 0
    outer loop
      vertex -10.3 2.1048 21.7774
      vertex -10.3 10.3 35.6
      vertex -10.3 2.27868 21.6804
    endloop
  endfacet
  facet normal -1 0 0
    outer loop
      vertex -10.3 1.92681 21.8666
      vertex -10.3 10.3 35.6
      vertex -10.3 2.1048 21.7774
    endloop
  endfacet
  facet normal -1 0 0
    outer loop
      vertex -10.3 1.74504 21.9479
      vertex -10.3 10.3 35.6
      vertex -10.3 1.92681 21.8666
    endloop
  endfacet
  facet normal -1 0 0
    outer loop
      vertex -10.3 1.55986 22.021
      vertex -10.3 10.3 35.6
      vertex -10.3 1.74504 21.9479
    endloop
  endfacet
  facet normal -1 0 0
    outer loop
      vertex -10.3 1.37163 22.0859
      vertex -10.3 10.3 35.6
      vertex -10.3 1.55986 22.021
    endloop
  endfacet
  facet normal -1 0 0
    outer loop
      vertex -10.3 1.18071 22.1423
      vertex -10.3 10.3 35.6
      vertex -10.3 1.37163 22.0859
    endloop
  endfacet
  facet normal -1 0 0
    outer loop
      vertex -10.3 0.987473 22.1903
      vertex -10.3 10.3 35.6
      vertex -10.3 1.18071 22.1423
    endloop
  endfacet
  facet normal -1 0 0
    outer loop
      vertex -10.3 0.792308 22.2297
      vertex -10.3 10.3 35.6
      vertex -10.3 0.987473 22.1903
    endloop
  endfacet
  facet normal -1 0 0
    outer loop
      vertex -10.3 0.595592 22.2604
      vertex -10.3 10.3 35.6
      vertex -10.3 0.792308 22.2297
    endloop
  endfacet
  facet normal -1 0 0
    outer loop
      vertex -10.3 0.39771 22.2824
      vertex -10.3 10.3 35.6
      vertex -10.3 0.595592 22.2604
    endloop
  endfacet
  facet normal -1 0 0
    outer loop
      vertex -10.3 0.19905 22.2956
      vertex -10.3 10.3 35.6
      vertex -10.3 0.39771 22.2824
    endloop
  endfacet
  facet normal -1 0 0
    outer loop
      vertex -10.3 0 22.3
      vertex -10.3 10.3 35.6
      vertex -10.3 0.19905 22.2956
    endloop
  endfacet
  facet normal -1 0 0
    outer loop
      vertex -10.3 -10.3 35.6
      vertex -10.3 0 22.3
      vertex -10.3 -0.19905 22.2956
    endloop
  endfacet
  facet normal -1 0 0
    outer loop
      vertex -10.3 -10.3 35.6
      vertex -10.3 -0.19905 22.2956
      vertex -10.3 -0.39771 22.2824
    endloop
  endfacet
  facet normal -1 0 0
    outer loop
      vertex -10.3 -10.3 35.6
      vertex -10.3 -0.39771 22.2824
      vertex -10.3 -0.595592 22.2604
    endloop
  endfacet
  facet normal -1 0 0
    outer loop
      vertex -10.3 -10.3 35.6
      vertex -10.3 -0.595592 22.2604
      vertex -10.3 -0.792308 22.2297
    endloop
  endfacet
  facet normal -1 0 0
    outer loop
      vertex -10.3 -10.3 35.6
      vertex -10.3 -0.792308 22.2297
      vertex -10.3 -0.987473 22.1903
    endloop
  endfacet
  facet normal -1 0 0
    outer loop
      vertex -10.3 -10.3 35.6
      vertex -10.3 -0.987473 22.1903
      vertex -10.3 -1.18071 22.1423
    endloop
  endfacet
  facet normal -1 0 0
    outer loop
      vertex -10.3 -10.3 35.6
      vertex -10.3 -1.18071 22.1423
      vertex -10.3 -1.37163 22.0859
    endloop
  endfacet
  facet normal -1 0 0
    outer loop
      vertex -10.3 -10.3 35.6
      vertex -10.3 -1.37163 22.0859
      vertex -10.3 -1.55986 22.021
    endloop
  endfacet
  facet normal -1 0 0
    outer loop
      vertex -10.3 -10.3 35.6
      vertex -10.3 -1.55986 22.021
      vertex -10.3 -1.74504 21.9479
    endloop
  endfacet
  facet normal -1 0 0
    outer loop
      vertex -10.3 -10.3 35.6
      vertex -10.3 -1.74504 21.9479
      vertex -10.3 -1.92681 21.8666
    endloop
  endfacet
  facet normal -1 0 0
    outer loop
      vertex -10.3 -10.3 35.6
      vertex -10.3 -1.92681 21.8666
      vertex -10.3 -2.1048 21.7774
    endloop
  endfacet
  facet normal -1 0 0
    outer loop
      vertex -10.3 -10.3 35.6
      vertex -10.3 -2.1048 21.7774
      vertex -10.3 -2.27868 21.6804
    endloop
  endfacet
  facet normal -1 0 0
    outer loop
      vertex -10.3 -10.3 35.6
      vertex -10.3 -2.27868 21.6804
      vertex -10.3 -2.44809 21.5758
    endloop
  endfacet
  facet normal -1 0 0
    outer loop
      vertex -10.3 -10.3 35.6
      vertex -10.3 -2.44809 21.5758
      vertex -10.3 -2.61271 21.4638
    endloop
  endfacet
  facet normal -1 0 0
    outer loop
      vertex -10.3 -10.3 35.6
      vertex -10.3 -2.61271 21.4638
      vertex -10.3 -2.77222 21.3447
    endloop
  endfacet
  facet normal -1 0 0
    outer loop
      vertex -10.3 -10.3 35.6
      vertex -10.3 -2.77222 21.3447
      vertex -10.3 -2.9263 21.2186
    endloop
  endfacet
  facet normal -1 0 0
    outer loop
      vertex -10.3 -10.3 35.6
      vertex -10.3 -2.9263 21.2186
      vertex -10.3 -3.07465 21.0858
    endloop
  endfacet
  facet normal -1 0 0
    outer loop
      vertex -10.3 -10.3 35.6
      vertex -10.3 -3.07465 21.0858
      vertex -10.3 -3.21698 20.9466
    endloop
  endfacet
  facet normal -1 0 0
    outer loop
      vertex -10.3 -10.3 35.6
      vertex -10.3 -3.21698 20.9466
      vertex -10.3 -3.35302 20.8012
    endloop
  endfacet
  facet normal -1 0 0
    outer loop
      vertex -10.3 -10.3 35.6
      vertex -10.3 -4.4989 17.8995
      vertex -10.3 -10.3 0
    endloop
  endfacet
  facet normal -1 0 0
    outer loop
      vertex -10.3 -4.4989 17.8995
      vertex -10.3 -10.3 35.6
      vertex -10.3 -4.49009 18.0985
    endloop
  endfacet
  facet normal -1 0 0
    outer loop
      vertex -10.3 -4.49009 18.0985
      vertex -10.3 -10.3 35.6
      vertex -10.3 -4.4725 18.2968
    endloop
  endfacet
  facet normal -1 0 0
    outer loop
      vertex -10.3 -4.4725 18.2968
      vertex -10.3 -10.3 35.6
      vertex -10.3 -4.44614 18.4941
    endloop
  endfacet
  facet normal -1 0 0
    outer loop
      vertex -10.3 -4.44614 18.4941
      vertex -10.3 -10.3 35.6
      vertex -10.3 -4.41109 18.6901
    endloop
  endfacet
  facet normal -1 0 0
    outer loop
      vertex -10.3 -4.41109 18.6901
      vertex -10.3 -10.3 35.6
      vertex -10.3 -4.3674 18.8844
    endloop
  endfacet
  facet normal -1 0 0
    outer loop
      vertex -10.3 0 22.3
      vertex -10.3 -10.3 35.6
      vertex -10.3 10.3 35.6
    endloop
  endfacet
  facet normal -1 0 0
    outer loop
      vertex -10.3 -3.48249 20.65
      vertex -10.3 -10.3 35.6
      vertex -10.3 -3.35302 20.8012
    endloop
  endfacet
  facet normal -1 0 0
    outer loop
      vertex -10.3 -3.60515 20.4931
      vertex -10.3 -10.3 35.6
      vertex -10.3 -3.48249 20.65
    endloop
  endfacet
  facet normal -1 0 0
    outer loop
      vertex -10.3 -3.72074 20.331
      vertex -10.3 -10.3 35.6
      vertex -10.3 -3.60515 20.4931
    endloop
  endfacet
  facet normal -1 0 0
    outer loop
      vertex -10.3 -3.82906 20.164
      vertex -10.3 -10.3 35.6
      vertex -10.3 -3.72074 20.331
    endloop
  endfacet
  facet normal -1 0 0
    outer loop
      vertex -10.3 -3.92987 19.9923
      vertex -10.3 -10.3 35.6
      vertex -10.3 -3.82906 20.164
    endloop
  endfacet
  facet normal -1 0 0
    outer loop
      vertex -10.3 -4.023 19.8163
      vertex -10.3 -10.3 35.6
      vertex -10.3 -3.92987 19.9923
    endloop
  endfacet
  facet normal -1 0 0
    outer loop
      vertex -10.3 -4.10825 19.6364
      vertex -10.3 -10.3 35.6
      vertex -10.3 -4.023 19.8163
    endloop
  endfacet
  facet normal -1 0 0
    outer loop
      vertex -10.3 -4.18546 19.4529
      vertex -10.3 -10.3 35.6
      vertex -10.3 -4.10825 19.6364
    endloop
  endfacet
  facet normal -1 0 0
    outer loop
      vertex -10.3 -4.25447 19.2661
      vertex -10.3 -10.3 35.6
      vertex -10.3 -4.18546 19.4529
    endloop
  endfacet
  facet normal -1 0 0
    outer loop
      vertex -10.3 -4.31516 19.0765
      vertex -10.3 -10.3 35.6
      vertex -10.3 -4.25447 19.2661
    endloop
  endfacet
  facet normal -1 0 0
    outer loop
      vertex -10.3 -4.3674 18.8844
      vertex -10.3 -10.3 35.6
      vertex -10.3 -4.31516 19.0765
    endloop
  endfacet
  facet normal 0.427916 0.903819 -0
    outer loop
      vertex 9.24279 12.0638 0
      vertex 9.06537 12.1478 35.6
      vertex 9.24279 12.0638 35.6
    endloop
  endfacet
  facet normal 0.427916 0.903819 0
    outer loop
      vertex 9.06537 12.1478 35.6
      vertex 9.24279 12.0638 0
      vertex 9.06537 12.1478 0
    endloop
  endfacet
  facet normal -0.243027 0.970019 0
    outer loop
      vertex -8.69018 12.2616 0
      vertex -8.88057 12.2139 35.6
      vertex -8.69018 12.2616 35.6
    endloop
  endfacet
  facet normal -0.243027 0.970019 0
    outer loop
      vertex -8.88057 12.2139 35.6
      vertex -8.69018 12.2616 0
      vertex -8.88057 12.2139 0
    endloop
  endfacet
  facet normal -0.970023 0.243015 0
    outer loop
      vertex -10.2616 10.6902 0
      vertex -10.2139 10.8806 35.6
      vertex -10.2139 10.8806 0
    endloop
  endfacet
  facet normal -0.970023 0.243015 0
    outer loop
      vertex -10.2139 10.8806 35.6
      vertex -10.2616 10.6902 0
      vertex -10.2616 10.6902 35.6
    endloop
  endfacet
  facet normal 0 1 0
    outer loop
      vertex 8.3 12.3 35.6
      vertex 4.5 12.3 19.6
      vertex 4.5 12.3 35.6
    endloop
  endfacet
  facet normal 0 1 0
    outer loop
      vertex 4.5 12.3 19.6
      vertex 8.3 12.3 0
      vertex -4.5 12.3 19.6
    endloop
  endfacet
  facet normal 0 1 -0
    outer loop
      vertex 8.3 12.3 0
      vertex 4.5 12.3 19.6
      vertex 8.3 12.3 35.6
    endloop
  endfacet
  facet normal 0 1 -0
    outer loop
      vertex -4.5 12.3 19.6
      vertex -8.3 12.3 35.6
      vertex -4.5 12.3 35.6
    endloop
  endfacet
  facet normal 0 1 0
    outer loop
      vertex -4.5 12.3 19.6
      vertex -8.3 12.3 0
      vertex -8.3 12.3 35.6
    endloop
  endfacet
  facet normal 0 1 0
    outer loop
      vertex -8.3 12.3 0
      vertex -4.5 12.3 19.6
      vertex 8.3 12.3 0
    endloop
  endfacet
  facet normal 0.146733 0.989176 -0
    outer loop
      vertex 8.69018 12.2616 0
      vertex 8.49603 12.2904 35.6
      vertex 8.69018 12.2616 35.6
    endloop
  endfacet
  facet normal 0.146733 0.989176 0
    outer loop
      vertex 8.49603 12.2904 35.6
      vertex 8.69018 12.2616 0
      vertex 8.49603 12.2904 0
    endloop
  endfacet
  facet normal 0.740882 0.671635 0
    outer loop
      vertex 9.84602 11.5688 35.6
      vertex 9.71421 11.7142 0
      vertex 9.71421 11.7142 35.6
    endloop
  endfacet
  facet normal 0.740882 0.671635 0
    outer loop
      vertex 9.71421 11.7142 0
      vertex 9.84602 11.5688 35.6
      vertex 9.84602 11.5688 0
    endloop
  endfacet
  facet normal 0.9038 -0.427955 0
    outer loop
      vertex 10.0638 -11.2428 35.6
      vertex 10.1478 -11.0654 0
      vertex 10.1478 -11.0654 35.6
    endloop
  endfacet
  facet normal 0.9038 -0.427955 0
    outer loop
      vertex 10.1478 -11.0654 0
      vertex 10.0638 -11.2428 35.6
      vertex 10.0638 -11.2428 0
    endloop
  endfacet
  facet normal 0.989182 -0.146696 0
    outer loop
      vertex 10.2616 -10.6902 35.6
      vertex 10.2904 -10.496 0
      vertex 10.2904 -10.496 35.6
    endloop
  endfacet
  facet normal 0.989182 -0.146696 0
    outer loop
      vertex 10.2904 -10.496 0
      vertex 10.2616 -10.6902 35.6
      vertex 10.2616 -10.6902 0
    endloop
  endfacet
  facet normal 0.671556 0.740954 -0
    outer loop
      vertex 9.71421 11.7142 0
      vertex 9.56879 11.846 35.6
      vertex 9.71421 11.7142 35.6
    endloop
  endfacet
  facet normal 0.671556 0.740954 0
    outer loop
      vertex 9.56879 11.846 35.6
      vertex 9.71421 11.7142 0
      vertex 9.56879 11.846 0
    endloop
  endfacet
  facet normal 0 -1 0
    outer loop
      vertex -8.3 -12.3 35.6
      vertex -4.5 -12.3 19.6
      vertex -4.5 -12.3 35.6
    endloop
  endfacet
  facet normal 0 -1 -0
    outer loop
      vertex -4.5 -12.3 19.6
      vertex -8.3 -12.3 0
      vertex 4.5 -12.3 19.6
    endloop
  endfacet
  facet normal 0 -1 0
    outer loop
      vertex -8.3 -12.3 0
      vertex -4.5 -12.3 19.6
      vertex -8.3 -12.3 35.6
    endloop
  endfacet
  facet normal 0 -1 0
    outer loop
      vertex 4.5 -12.3 19.6
      vertex 8.3 -12.3 35.6
      vertex 4.5 -12.3 35.6
    endloop
  endfacet
  facet normal 0 -1 0
    outer loop
      vertex 4.5 -12.3 19.6
      vertex 8.3 -12.3 0
      vertex 8.3 -12.3 35.6
    endloop
  endfacet
  facet normal 0 -1 0
    outer loop
      vertex 8.3 -12.3 0
      vertex 4.5 -12.3 19.6
      vertex -8.3 -12.3 0
    endloop
  endfacet
  facet normal 1 0 0
    outer loop
      vertex 10.3 10.3 35.6
      vertex 10.3 4.4989 17.8995
      vertex 10.3 10.3 0
    endloop
  endfacet
  facet normal 1 0 0
    outer loop
      vertex 10.3 10.3 35.6
      vertex 10.3 4.49009 18.0985
      vertex 10.3 4.4989 17.8995
    endloop
  endfacet
  facet normal 1 0 0
    outer loop
      vertex 10.3 10.3 35.6
      vertex 10.3 4.4725 18.2968
      vertex 10.3 4.49009 18.0985
    endloop
  endfacet
  facet normal 1 0 0
    outer loop
      vertex 10.3 10.3 35.6
      vertex 10.3 4.44614 18.4941
      vertex 10.3 4.4725 18.2968
    endloop
  endfacet
  facet normal 1 0 0
    outer loop
      vertex 10.3 10.3 35.6
      vertex 10.3 4.41109 18.6901
      vertex 10.3 4.44614 18.4941
    endloop
  endfacet
  facet normal 1 0 0
    outer loop
      vertex 10.3 10.3 35.6
      vertex 10.3 4.3674 18.8844
      vertex 10.3 4.41109 18.6901
    endloop
  endfacet
  facet normal 1 0 0
    outer loop
      vertex 10.3 10.3 35.6
      vertex 10.3 4.31516 19.0765
      vertex 10.3 4.3674 18.8844
    endloop
  endfacet
  facet normal 1 0 0
    outer loop
      vertex 10.3 10.3 35.6
      vertex 10.3 4.25447 19.2661
      vertex 10.3 4.31516 19.0765
    endloop
  endfacet
  facet normal 1 0 0
    outer loop
      vertex 10.3 10.3 35.6
      vertex 10.3 4.18546 19.4529
      vertex 10.3 4.25447 19.2661
    endloop
  endfacet
  facet normal 1 0 0
    outer loop
      vertex 10.3 10.3 35.6
      vertex 10.3 4.10825 19.6364
      vertex 10.3 4.18546 19.4529
    endloop
  endfacet
  facet normal 1 0 0
    outer loop
      vertex 10.3 10.3 35.6
      vertex 10.3 4.023 19.8163
      vertex 10.3 4.10825 19.6364
    endloop
  endfacet
  facet normal 1 0 0
    outer loop
      vertex 10.3 10.3 35.6
      vertex 10.3 3.92987 19.9923
      vertex 10.3 4.023 19.8163
    endloop
  endfacet
  facet normal 1 0 0
    outer loop
      vertex 10.3 10.3 35.6
      vertex 10.3 3.82906 20.164
      vertex 10.3 3.92987 19.9923
    endloop
  endfacet
  facet normal 1 0 0
    outer loop
      vertex 10.3 10.3 35.6
      vertex 10.3 3.72074 20.331
      vertex 10.3 3.82906 20.164
    endloop
  endfacet
  facet normal 1 0 0
    outer loop
      vertex 10.3 10.3 35.6
      vertex 10.3 3.60515 20.4931
      vertex 10.3 3.72074 20.331
    endloop
  endfacet
  facet normal 1 0 0
    outer loop
      vertex 10.3 10.3 35.6
      vertex 10.3 3.48249 20.65
      vertex 10.3 3.60515 20.4931
    endloop
  endfacet
  facet normal 1 0 0
    outer loop
      vertex 10.3 10.3 35.6
      vertex 10.3 3.35302 20.8012
      vertex 10.3 3.48249 20.65
    endloop
  endfacet
  facet normal 1 0 0
    outer loop
      vertex 10.3 10.3 35.6
      vertex 10.3 3.21698 20.9466
      vertex 10.3 3.35302 20.8012
    endloop
  endfacet
  facet normal 1 0 0
    outer loop
      vertex 10.3 10.3 35.6
      vertex 10.3 3.07465 21.0858
      vertex 10.3 3.21698 20.9466
    endloop
  endfacet
  facet normal 1 0 0
    outer loop
      vertex 10.3 10.3 35.6
      vertex 10.3 2.9263 21.2186
      vertex 10.3 3.07465 21.0858
    endloop
  endfacet
  facet normal 1 0 0
    outer loop
      vertex 10.3 10.3 35.6
      vertex 10.3 2.77222 21.3447
      vertex 10.3 2.9263 21.2186
    endloop
  endfacet
  facet normal 1 0 0
    outer loop
      vertex 10.3 10.3 35.6
      vertex 10.3 2.61271 21.4638
      vertex 10.3 2.77222 21.3447
    endloop
  endfacet
  facet normal 1 0 0
    outer loop
      vertex 10.3 10.3 35.6
      vertex 10.3 2.44809 21.5758
      vertex 10.3 2.61271 21.4638
    endloop
  endfacet
  facet normal 1 0 0
    outer loop
      vertex 10.3 10.3 35.6
      vertex 10.3 2.27868 21.6804
      vertex 10.3 2.44809 21.5758
    endloop
  endfacet
  facet normal 1 0 0
    outer loop
      vertex 10.3 10.3 35.6
      vertex 10.3 2.1048 21.7774
      vertex 10.3 2.27868 21.6804
    endloop
  endfacet
  facet normal 1 0 0
    outer loop
      vertex 10.3 10.3 35.6
      vertex 10.3 1.92681 21.8666
      vertex 10.3 2.1048 21.7774
    endloop
  endfacet
  facet normal 1 0 0
    outer loop
      vertex 10.3 10.3 35.6
      vertex 10.3 1.74504 21.9479
      vertex 10.3 1.92681 21.8666
    endloop
  endfacet
  facet normal 1 0 0
    outer loop
      vertex 10.3 10.3 35.6
      vertex 10.3 1.55986 22.021
      vertex 10.3 1.74504 21.9479
    endloop
  endfacet
  facet normal 1 0 0
    outer loop
      vertex 10.3 10.3 35.6
      vertex 10.3 1.37163 22.0859
      vertex 10.3 1.55986 22.021
    endloop
  endfacet
  facet normal 1 0 0
    outer loop
      vertex 10.3 10.3 35.6
      vertex 10.3 1.18071 22.1423
      vertex 10.3 1.37163 22.0859
    endloop
  endfacet
  facet normal 1 0 0
    outer loop
      vertex 10.3 10.3 35.6
      vertex 10.3 0.987473 22.1903
      vertex 10.3 1.18071 22.1423
    endloop
  endfacet
  facet normal 1 0 0
    outer loop
      vertex 10.3 10.3 35.6
      vertex 10.3 0.792308 22.2297
      vertex 10.3 0.987473 22.1903
    endloop
  endfacet
  facet normal 1 0 0
    outer loop
      vertex 10.3 10.3 35.6
      vertex 10.3 0.595592 22.2604
      vertex 10.3 0.792308 22.2297
    endloop
  endfacet
  facet normal 1 0 0
    outer loop
      vertex 10.3 10.3 35.6
      vertex 10.3 0.39771 22.2824
      vertex 10.3 0.595592 22.2604
    endloop
  endfacet
  facet normal 1 0 0
    outer loop
      vertex 10.3 10.3 35.6
      vertex 10.3 0.19905 22.2956
      vertex 10.3 0.39771 22.2824
    endloop
  endfacet
  facet normal 1 0 0
    outer loop
      vertex 10.3 10.3 35.6
      vertex 10.3 0 22.3
      vertex 10.3 0.19905 22.2956
    endloop
  endfacet
  facet normal 1 -0 0
    outer loop
      vertex 10.3 -10.3 35.6
      vertex 10.3 0 22.3
      vertex 10.3 10.3 35.6
    endloop
  endfacet
  facet normal 1 0 0
    outer loop
      vertex 10.3 0 22.3
      vertex 10.3 -10.3 35.6
      vertex 10.3 -0.19905 22.2956
    endloop
  endfacet
  facet normal 1 0 0
    outer loop
      vertex 10.3 -0.19905 22.2956
      vertex 10.3 -10.3 35.6
      vertex 10.3 -0.39771 22.2824
    endloop
  endfacet
  facet normal 1 0 0
    outer loop
      vertex 10.3 -0.39771 22.2824
      vertex 10.3 -10.3 35.6
      vertex 10.3 -0.595592 22.2604
    endloop
  endfacet
  facet normal 1 0 0
    outer loop
      vertex 10.3 -0.595592 22.2604
      vertex 10.3 -10.3 35.6
      vertex 10.3 -0.792308 22.2297
    endloop
  endfacet
  facet normal 1 0 0
    outer loop
      vertex 10.3 -0.792308 22.2297
      vertex 10.3 -10.3 35.6
      vertex 10.3 -0.987473 22.1903
    endloop
  endfacet
  facet normal 1 0 0
    outer loop
      vertex 10.3 -0.987473 22.1903
      vertex 10.3 -10.3 35.6
      vertex 10.3 -1.18071 22.1423
    endloop
  endfacet
  facet normal 1 0 0
    outer loop
      vertex 10.3 -1.18071 22.1423
      vertex 10.3 -10.3 35.6
      vertex 10.3 -1.37163 22.0859
    endloop
  endfacet
  facet normal 1 0 0
    outer loop
      vertex 10.3 -1.37163 22.0859
      vertex 10.3 -10.3 35.6
      vertex 10.3 -1.55986 22.021
    endloop
  endfacet
  facet normal 1 0 0
    outer loop
      vertex 10.3 -1.55986 22.021
      vertex 10.3 -10.3 35.6
      vertex 10.3 -1.74504 21.9479
    endloop
  endfacet
  facet normal 1 0 0
    outer loop
      vertex 10.3 -1.74504 21.9479
      vertex 10.3 -10.3 35.6
      vertex 10.3 -1.92681 21.8666
    endloop
  endfacet
  facet normal 1 0 0
    outer loop
      vertex 10.3 -1.92681 21.8666
      vertex 10.3 -10.3 35.6
      vertex 10.3 -2.1048 21.7774
    endloop
  endfacet
  facet normal 1 0 0
    outer loop
      vertex 10.3 -2.1048 21.7774
      vertex 10.3 -10.3 35.6
      vertex 10.3 -2.27868 21.6804
    endloop
  endfacet
  facet normal 1 0 0
    outer loop
      vertex 10.3 -2.27868 21.6804
      vertex 10.3 -10.3 35.6
      vertex 10.3 -2.44809 21.5758
    endloop
  endfacet
  facet normal 1 0 0
    outer loop
      vertex 10.3 -2.44809 21.5758
      vertex 10.3 -10.3 35.6
      vertex 10.3 -2.61271 21.4638
    endloop
  endfacet
  facet normal 1 0 0
    outer loop
      vertex 10.3 -2.61271 21.4638
      vertex 10.3 -10.3 35.6
      vertex 10.3 -2.77222 21.3447
    endloop
  endfacet
  facet normal 1 0 0
    outer loop
      vertex 10.3 -2.77222 21.3447
      vertex 10.3 -10.3 35.6
      vertex 10.3 -2.9263 21.2186
    endloop
  endfacet
  facet normal 1 0 0
    outer loop
      vertex 10.3 -2.9263 21.2186
      vertex 10.3 -10.3 35.6
      vertex 10.3 -3.07465 21.0858
    endloop
  endfacet
  facet normal 1 0 0
    outer loop
      vertex 10.3 -3.07465 21.0858
      vertex 10.3 -10.3 35.6
      vertex 10.3 -3.21698 20.9466
    endloop
  endfacet
  facet normal 1 0 0
    outer loop
      vertex 10.3 -4.4989 17.8995
      vertex 10.3 -10.3 35.6
      vertex 10.3 -4.4989 17.7005
    endloop
  endfacet
  facet normal 1 0 0
    outer loop
      vertex 10.3 -4.49009 18.0985
      vertex 10.3 -10.3 35.6
      vertex 10.3 -4.4989 17.8995
    endloop
  endfacet
  facet normal 1 0 0
    outer loop
      vertex 10.3 -4.4725 18.2968
      vertex 10.3 -10.3 35.6
      vertex 10.3 -4.49009 18.0985
    endloop
  endfacet
  facet normal 1 0 0
    outer loop
      vertex 10.3 -4.44614 18.4941
      vertex 10.3 -10.3 35.6
      vertex 10.3 -4.4725 18.2968
    endloop
  endfacet
  facet normal 1 0 0
    outer loop
      vertex 10.3 -4.41109 18.6901
      vertex 10.3 -10.3 35.6
      vertex 10.3 -4.44614 18.4941
    endloop
  endfacet
  facet normal 1 0 0
    outer loop
      vertex 10.3 -4.3674 18.8844
      vertex 10.3 -10.3 35.6
      vertex 10.3 -4.41109 18.6901
    endloop
  endfacet
  facet normal 1 0 0
    outer loop
      vertex 10.3 -4.31516 19.0765
      vertex 10.3 -10.3 35.6
      vertex 10.3 -4.3674 18.8844
    endloop
  endfacet
  facet normal 1 0 0
    outer loop
      vertex 10.3 -4.25447 19.2661
      vertex 10.3 -10.3 35.6
      vertex 10.3 -4.31516 19.0765
    endloop
  endfacet
  facet normal 1 0 0
    outer loop
      vertex 10.3 -4.18546 19.4529
      vertex 10.3 -10.3 35.6
      vertex 10.3 -4.25447 19.2661
    endloop
  endfacet
  facet normal 1 0 0
    outer loop
      vertex 10.3 -4.10825 19.6364
      vertex 10.3 -10.3 35.6
      vertex 10.3 -4.18546 19.4529
    endloop
  endfacet
  facet normal 1 0 0
    outer loop
      vertex 10.3 -4.023 19.8163
      vertex 10.3 -10.3 35.6
      vertex 10.3 -4.10825 19.6364
    endloop
  endfacet
  facet normal 1 0 0
    outer loop
      vertex 10.3 -3.92987 19.9923
      vertex 10.3 -10.3 35.6
      vertex 10.3 -4.023 19.8163
    endloop
  endfacet
  facet normal 1 0 0
    outer loop
      vertex 10.3 -3.82906 20.164
      vertex 10.3 -10.3 35.6
      vertex 10.3 -3.92987 19.9923
    endloop
  endfacet
  facet normal 1 0 0
    outer loop
      vertex 10.3 -3.72074 20.331
      vertex 10.3 -10.3 35.6
      vertex 10.3 -3.82906 20.164
    endloop
  endfacet
  facet normal 1 0 0
    outer loop
      vertex 10.3 -3.60515 20.4931
      vertex 10.3 -10.3 35.6
      vertex 10.3 -3.72074 20.331
    endloop
  endfacet
  facet normal 1 0 0
    outer loop
      vertex 10.3 -3.48249 20.65
      vertex 10.3 -10.3 35.6
      vertex 10.3 -3.60515 20.4931
    endloop
  endfacet
  facet normal 1 0 0
    outer loop
      vertex 10.3 -3.35302 20.8012
      vertex 10.3 -10.3 35.6
      vertex 10.3 -3.48249 20.65
    endloop
  endfacet
  facet normal 1 0 0
    outer loop
      vertex 10.3 -3.21698 20.9466
      vertex 10.3 -10.3 35.6
      vertex 10.3 -3.35302 20.8012
    endloop
  endfacet
  facet normal 1 -0 0
    outer loop
      vertex 10.3 4.4989 17.7005
      vertex 10.3 10.3 0
      vertex 10.3 4.4989 17.8995
    endloop
  endfacet
  facet normal 1 -0 0
    outer loop
      vertex 10.3 4.49009 17.5015
      vertex 10.3 10.3 0
      vertex 10.3 4.4989 17.7005
    endloop
  endfacet
  facet normal 1 -0 0
    outer loop
      vertex 10.3 4.4725 17.3032
      vertex 10.3 10.3 0
      vertex 10.3 4.49009 17.5015
    endloop
  endfacet
  facet normal 1 -0 0
    outer loop
      vertex 10.3 4.44614 17.1059
      vertex 10.3 10.3 0
      vertex 10.3 4.4725 17.3032
    endloop
  endfacet
  facet normal 1 -0 0
    outer loop
      vertex 10.3 4.41109 16.9099
      vertex 10.3 10.3 0
      vertex 10.3 4.44614 17.1059
    endloop
  endfacet
  facet normal 1 -0 0
    outer loop
      vertex 10.3 4.3674 16.7156
      vertex 10.3 10.3 0
      vertex 10.3 4.41109 16.9099
    endloop
  endfacet
  facet normal 1 -0 0
    outer loop
      vertex 10.3 4.31516 16.5235
      vertex 10.3 10.3 0
      vertex 10.3 4.3674 16.7156
    endloop
  endfacet
  facet normal 1 -0 0
    outer loop
      vertex 10.3 4.25447 16.3339
      vertex 10.3 10.3 0
      vertex 10.3 4.31516 16.5235
    endloop
  endfacet
  facet normal 1 -0 0
    outer loop
      vertex 10.3 4.18546 16.1471
      vertex 10.3 10.3 0
      vertex 10.3 4.25447 16.3339
    endloop
  endfacet
  facet normal 1 -0 0
    outer loop
      vertex 10.3 4.10825 15.9636
      vertex 10.3 10.3 0
      vertex 10.3 4.18546 16.1471
    endloop
  endfacet
  facet normal 1 -0 0
    outer loop
      vertex 10.3 4.023 15.7837
      vertex 10.3 10.3 0
      vertex 10.3 4.10825 15.9636
    endloop
  endfacet
  facet normal 1 -0 0
    outer loop
      vertex 10.3 3.92987 15.6077
      vertex 10.3 10.3 0
      vertex 10.3 4.023 15.7837
    endloop
  endfacet
  facet normal 1 -0 0
    outer loop
      vertex 10.3 3.82906 15.436
      vertex 10.3 10.3 0
      vertex 10.3 3.92987 15.6077
    endloop
  endfacet
  facet normal 1 -0 0
    outer loop
      vertex 10.3 3.72074 15.269
      vertex 10.3 10.3 0
      vertex 10.3 3.82906 15.436
    endloop
  endfacet
  facet normal 1 -0 0
    outer loop
      vertex 10.3 3.60515 15.1069
      vertex 10.3 10.3 0
      vertex 10.3 3.72074 15.269
    endloop
  endfacet
  facet normal 1 -0 0
    outer loop
      vertex 10.3 3.48249 14.95
      vertex 10.3 10.3 0
      vertex 10.3 3.60515 15.1069
    endloop
  endfacet
  facet normal 1 -0 0
    outer loop
      vertex 10.3 3.35302 14.7988
      vertex 10.3 10.3 0
      vertex 10.3 3.48249 14.95
    endloop
  endfacet
  facet normal 1 -0 0
    outer loop
      vertex 10.3 3.18198 14.618
      vertex 10.3 10.3 0
      vertex 10.3 3.35302 14.7988
    endloop
  endfacet
  facet normal 1 -0 0
    outer loop
      vertex 10.3 0 11.436
      vertex 10.3 10.3 0
      vertex 10.3 3.18198 14.618
    endloop
  endfacet
  facet normal 1 0 0
    outer loop
      vertex 10.3 -10.3 0
      vertex 10.3 0 11.436
      vertex 10.3 -3.18198 14.618
    endloop
  endfacet
  facet normal 1 0 0
    outer loop
      vertex 10.3 -10.3 0
      vertex 10.3 -3.18198 14.618
      vertex 10.3 -3.35302 14.7988
    endloop
  endfacet
  facet normal 1 0 0
    outer loop
      vertex 10.3 -10.3 0
      vertex 10.3 -4.4989 17.7005
      vertex 10.3 -10.3 35.6
    endloop
  endfacet
  facet normal 1 0 0
    outer loop
      vertex 10.3 -4.4989 17.7005
      vertex 10.3 -10.3 0
      vertex 10.3 -4.49009 17.5015
    endloop
  endfacet
  facet normal 1 0 0
    outer loop
      vertex 10.3 -4.49009 17.5015
      vertex 10.3 -10.3 0
      vertex 10.3 -4.4725 17.3032
    endloop
  endfacet
  facet normal 1 0 0
    outer loop
      vertex 10.3 -4.4725 17.3032
      vertex 10.3 -10.3 0
      vertex 10.3 -4.44614 17.1059
    endloop
  endfacet
  facet normal 1 0 0
    outer loop
      vertex 10.3 -4.44614 17.1059
      vertex 10.3 -10.3 0
      vertex 10.3 -4.41109 16.9099
    endloop
  endfacet
  facet normal 1 0 0
    outer loop
      vertex 10.3 -4.41109 16.9099
      vertex 10.3 -10.3 0
      vertex 10.3 -4.3674 16.7156
    endloop
  endfacet
  facet normal 1 0 0
    outer loop
      vertex 10.3 0 11.436
      vertex 10.3 -10.3 0
      vertex 10.3 10.3 0
    endloop
  endfacet
  facet normal 1 0 0
    outer loop
      vertex 10.3 -3.48249 14.95
      vertex 10.3 -10.3 0
      vertex 10.3 -3.35302 14.7988
    endloop
  endfacet
  facet normal 1 0 0
    outer loop
      vertex 10.3 -3.60515 15.1069
      vertex 10.3 -10.3 0
      vertex 10.3 -3.48249 14.95
    endloop
  endfacet
  facet normal 1 0 0
    outer loop
      vertex 10.3 -3.72074 15.269
      vertex 10.3 -10.3 0
      vertex 10.3 -3.60515 15.1069
    endloop
  endfacet
  facet normal 1 0 0
    outer loop
      vertex 10.3 -3.82906 15.436
      vertex 10.3 -10.3 0
      vertex 10.3 -3.72074 15.269
    endloop
  endfacet
  facet normal 1 0 0
    outer loop
      vertex 10.3 -3.92987 15.6077
      vertex 10.3 -10.3 0
      vertex 10.3 -3.82906 15.436
    endloop
  endfacet
  facet normal 1 0 0
    outer loop
      vertex 10.3 -4.023 15.7837
      vertex 10.3 -10.3 0
      vertex 10.3 -3.92987 15.6077
    endloop
  endfacet
  facet normal 1 0 0
    outer loop
      vertex 10.3 -4.10825 15.9636
      vertex 10.3 -10.3 0
      vertex 10.3 -4.023 15.7837
    endloop
  endfacet
  facet normal 1 0 0
    outer loop
      vertex 10.3 -4.18546 16.1471
      vertex 10.3 -10.3 0
      vertex 10.3 -4.10825 15.9636
    endloop
  endfacet
  facet normal 1 0 0
    outer loop
      vertex 10.3 -4.25447 16.3339
      vertex 10.3 -10.3 0
      vertex 10.3 -4.18546 16.1471
    endloop
  endfacet
  facet normal 1 0 0
    outer loop
      vertex 10.3 -4.31516 16.5235
      vertex 10.3 -10.3 0
      vertex 10.3 -4.25447 16.3339
    endloop
  endfacet
  facet normal 1 0 0
    outer loop
      vertex 10.3 -4.3674 16.7156
      vertex 10.3 -10.3 0
      vertex 10.3 -4.31516 16.5235
    endloop
  endfacet
  facet normal 0.970023 0.243015 0
    outer loop
      vertex 10.2616 10.6902 35.6
      vertex 10.2139 10.8806 0
      vertex 10.2139 10.8806 35.6
    endloop
  endfacet
  facet normal 0.970023 0.243015 0
    outer loop
      vertex 10.2139 10.8806 0
      vertex 10.2616 10.6902 35.6
      vertex 10.2616 10.6902 0
    endloop
  endfacet
  facet normal 0.243027 0.970019 -0
    outer loop
      vertex 8.88057 12.2139 0
      vertex 8.69018 12.2616 35.6
      vertex 8.88057 12.2139 35.6
    endloop
  endfacet
  facet normal 0.243027 0.970019 0
    outer loop
      vertex 8.69018 12.2616 35.6
      vertex 8.88057 12.2139 0
      vertex 8.69018 12.2616 0
    endloop
  endfacet
  facet normal 0.0489135 0.998803 -0
    outer loop
      vertex 8.49603 12.2904 0
      vertex 8.3 12.3 35.6
      vertex 8.49603 12.2904 35.6
    endloop
  endfacet
  facet normal 0.0489135 0.998803 0
    outer loop
      vertex 8.3 12.3 35.6
      vertex 8.49603 12.2904 0
      vertex 8.3 12.3 0
    endloop
  endfacet
  facet normal -0.989182 0.146696 0
    outer loop
      vertex -10.2904 10.496 0
      vertex -10.2616 10.6902 35.6
      vertex -10.2616 10.6902 0
    endloop
  endfacet
  facet normal -0.989182 0.146696 0
    outer loop
      vertex -10.2616 10.6902 35.6
      vertex -10.2904 10.496 0
      vertex -10.2904 10.496 35.6
    endloop
  endfacet
  facet normal -0.0489135 0.998803 0
    outer loop
      vertex -8.3 12.3 0
      vertex -8.49603 12.2904 35.6
      vertex -8.3 12.3 35.6
    endloop
  endfacet
  facet normal -0.0489135 0.998803 0
    outer loop
      vertex -8.49603 12.2904 35.6
      vertex -8.3 12.3 0
      vertex -8.49603 12.2904 0
    endloop
  endfacet
  facet normal -0.59563 0.803259 0
    outer loop
      vertex -9.41114 11.9629 0
      vertex -9.56879 11.846 35.6
      vertex -9.41114 11.9629 35.6
    endloop
  endfacet
  facet normal -0.59563 0.803259 0
    outer loop
      vertex -9.56879 11.846 35.6
      vertex -9.41114 11.9629 0
      vertex -9.56879 11.846 0
    endloop
  endfacet
  facet normal 0.514084 0.85774 -0
    outer loop
      vertex 9.41114 11.9629 0
      vertex 9.24279 12.0638 35.6
      vertex 9.41114 11.9629 35.6
    endloop
  endfacet
  facet normal 0.514084 0.85774 0
    outer loop
      vertex 9.24279 12.0638 35.6
      vertex 9.41114 11.9629 0
      vertex 9.24279 12.0638 0
    endloop
  endfacet
  facet normal 0.59563 -0.803259 0
    outer loop
      vertex 9.41114 -11.9629 0
      vertex 9.56879 -11.846 35.6
      vertex 9.41114 -11.9629 35.6
    endloop
  endfacet
  facet normal 0.59563 -0.803259 0
    outer loop
      vertex 9.56879 -11.846 35.6
      vertex 9.41114 -11.9629 0
      vertex 9.56879 -11.846 0
    endloop
  endfacet
  facet normal 0.514084 -0.85774 0
    outer loop
      vertex 9.24279 -12.0638 0
      vertex 9.41114 -11.9629 35.6
      vertex 9.24279 -12.0638 35.6
    endloop
  endfacet
  facet normal 0.514084 -0.85774 0
    outer loop
      vertex 9.41114 -11.9629 35.6
      vertex 9.24279 -12.0638 0
      vertex 9.41114 -11.9629 0
    endloop
  endfacet
  facet normal -0.740882 0.671635 0
    outer loop
      vertex -9.84602 11.5688 0
      vertex -9.71421 11.7142 35.6
      vertex -9.71421 11.7142 0
    endloop
  endfacet
  facet normal -0.740882 0.671635 0
    outer loop
      vertex -9.71421 11.7142 35.6
      vertex -9.84602 11.5688 0
      vertex -9.84602 11.5688 35.6
    endloop
  endfacet
  facet normal 0.857763 0.514046 0
    outer loop
      vertex 10.0638 11.2428 35.6
      vertex 9.96294 11.4111 0
      vertex 9.96294 11.4111 35.6
    endloop
  endfacet
  facet normal 0.857763 0.514046 0
    outer loop
      vertex 9.96294 11.4111 0
      vertex 10.0638 11.2428 35.6
      vertex 10.0638 11.2428 0
    endloop
  endfacet
  facet normal 0.336788 0.94158 -0
    outer loop
      vertex 9.06537 12.1478 0
      vertex 8.88057 12.2139 35.6
      vertex 9.06537 12.1478 35.6
    endloop
  endfacet
  facet normal 0.336788 0.94158 0
    outer loop
      vertex 8.88057 12.2139 35.6
      vertex 9.06537 12.1478 0
      vertex 8.88057 12.2139 0
    endloop
  endfacet
  facet normal -0.336788 0.94158 0
    outer loop
      vertex -8.88057 12.2139 0
      vertex -9.06537 12.1478 35.6
      vertex -8.88057 12.2139 35.6
    endloop
  endfacet
  facet normal -0.336788 0.94158 0
    outer loop
      vertex -9.06537 12.1478 35.6
      vertex -8.88057 12.2139 0
      vertex -9.06537 12.1478 0
    endloop
  endfacet
  facet normal 0.998803 0.0489209 0
    outer loop
      vertex 10.3 10.3 35.6
      vertex 10.2904 10.496 0
      vertex 10.2904 10.496 35.6
    endloop
  endfacet
  facet normal 0.998803 0.0489209 0
    outer loop
      vertex 10.2904 10.496 0
      vertex 10.3 10.3 35.6
      vertex 10.3 10.3 0
    endloop
  endfacet
  facet normal -0.671556 0.740954 0
    outer loop
      vertex -9.56879 11.846 0
      vertex -9.71421 11.7142 35.6
      vertex -9.56879 11.846 35.6
    endloop
  endfacet
  facet normal -0.671556 0.740954 0
    outer loop
      vertex -9.71421 11.7142 35.6
      vertex -9.56879 11.846 0
      vertex -9.71421 11.7142 0
    endloop
  endfacet
  facet normal -0.998803 0.0489209 0
    outer loop
      vertex -10.3 10.3 0
      vertex -10.2904 10.496 35.6
      vertex -10.2904 10.496 0
    endloop
  endfacet
  facet normal -0.998803 0.0489209 0
    outer loop
      vertex -10.2904 10.496 35.6
      vertex -10.3 10.3 0
      vertex -10.3 10.3 35.6
    endloop
  endfacet
  facet normal 0.803301 0.595573 0
    outer loop
      vertex 9.96294 11.4111 35.6
      vertex 9.84602 11.5688 0
      vertex 9.84602 11.5688 35.6
    endloop
  endfacet
  facet normal 0.803301 0.595573 0
    outer loop
      vertex 9.84602 11.5688 0
      vertex 9.96294 11.4111 35.6
      vertex 9.96294 11.4111 0
    endloop
  endfacet
  facet normal 0.59563 0.803259 -0
    outer loop
      vertex 9.56879 11.846 0
      vertex 9.41114 11.9629 35.6
      vertex 9.56879 11.846 35.6
    endloop
  endfacet
  facet normal 0.59563 0.803259 0
    outer loop
      vertex 9.41114 11.9629 35.6
      vertex 9.56879 11.846 0
      vertex 9.41114 11.9629 0
    endloop
  endfacet
  facet normal -0.146733 0.989176 0
    outer loop
      vertex -8.49603 12.2904 0
      vertex -8.69018 12.2616 35.6
      vertex -8.49603 12.2904 35.6
    endloop
  endfacet
  facet normal -0.146733 0.989176 0
    outer loop
      vertex -8.69018 12.2616 35.6
      vertex -8.49603 12.2904 0
      vertex -8.69018 12.2616 0
    endloop
  endfacet
  facet normal -0.94158 -0.336788 0
    outer loop
      vertex -10.1478 -11.0654 0
      vertex -10.2139 -10.8806 35.6
      vertex -10.2139 -10.8806 0
    endloop
  endfacet
  facet normal -0.94158 -0.336788 0
    outer loop
      vertex -10.2139 -10.8806 35.6
      vertex -10.1478 -11.0654 0
      vertex -10.1478 -11.0654 35.6
    endloop
  endfacet
  facet normal -0.9038 -0.427955 0
    outer loop
      vertex -10.0638 -11.2428 0
      vertex -10.1478 -11.0654 35.6
      vertex -10.1478 -11.0654 0
    endloop
  endfacet
  facet normal -0.9038 -0.427955 0
    outer loop
      vertex -10.1478 -11.0654 35.6
      vertex -10.0638 -11.2428 0
      vertex -10.0638 -11.2428 35.6
    endloop
  endfacet
  facet normal 0.94158 -0.336788 0
    outer loop
      vertex 10.1478 -11.0654 35.6
      vertex 10.2139 -10.8806 0
      vertex 10.2139 -10.8806 35.6
    endloop
  endfacet
  facet normal 0.94158 -0.336788 0
    outer loop
      vertex 10.2139 -10.8806 0
      vertex 10.1478 -11.0654 35.6
      vertex 10.1478 -11.0654 0
    endloop
  endfacet
  facet normal 0.740882 -0.671635 0
    outer loop
      vertex 9.71421 -11.7142 35.6
      vertex 9.84602 -11.5688 0
      vertex 9.84602 -11.5688 35.6
    endloop
  endfacet
  facet normal 0.740882 -0.671635 0
    outer loop
      vertex 9.84602 -11.5688 0
      vertex 9.71421 -11.7142 35.6
      vertex 9.71421 -11.7142 0
    endloop
  endfacet
  facet normal -0.427916 0.903819 0
    outer loop
      vertex -9.06537 12.1478 0
      vertex -9.24279 12.0638 35.6
      vertex -9.06537 12.1478 35.6
    endloop
  endfacet
  facet normal -0.427916 0.903819 0
    outer loop
      vertex -9.24279 12.0638 35.6
      vertex -9.06537 12.1478 0
      vertex -9.24279 12.0638 0
    endloop
  endfacet
  facet normal 0.998803 -0.0489209 0
    outer loop
      vertex 10.2904 -10.496 35.6
      vertex 10.3 -10.3 0
      vertex 10.3 -10.3 35.6
    endloop
  endfacet
  facet normal 0.998803 -0.0489209 0
    outer loop
      vertex 10.3 -10.3 0
      vertex 10.2904 -10.496 35.6
      vertex 10.2904 -10.496 0
    endloop
  endfacet
  facet normal 0.336788 -0.94158 0
    outer loop
      vertex 8.88057 -12.2139 0
      vertex 9.06537 -12.1478 35.6
      vertex 8.88057 -12.2139 35.6
    endloop
  endfacet
  facet normal 0.336788 -0.94158 0
    outer loop
      vertex 9.06537 -12.1478 35.6
      vertex 8.88057 -12.2139 0
      vertex 9.06537 -12.1478 0
    endloop
  endfacet
  facet normal -0.9038 0.427955 0
    outer loop
      vertex -10.1478 11.0654 0
      vertex -10.0638 11.2428 35.6
      vertex -10.0638 11.2428 0
    endloop
  endfacet
  facet normal -0.9038 0.427955 0
    outer loop
      vertex -10.0638 11.2428 35.6
      vertex -10.1478 11.0654 0
      vertex -10.1478 11.0654 35.6
    endloop
  endfacet
  facet normal 0.970023 -0.243015 0
    outer loop
      vertex 10.2139 -10.8806 35.6
      vertex 10.2616 -10.6902 0
      vertex 10.2616 -10.6902 35.6
    endloop
  endfacet
  facet normal 0.970023 -0.243015 0
    outer loop
      vertex 10.2616 -10.6902 0
      vertex 10.2139 -10.8806 35.6
      vertex 10.2139 -10.8806 0
    endloop
  endfacet
  facet normal -0.989182 -0.146696 0
    outer loop
      vertex -10.2616 -10.6902 0
      vertex -10.2904 -10.496 35.6
      vertex -10.2904 -10.496 0
    endloop
  endfacet
  facet normal -0.989182 -0.146696 0
    outer loop
      vertex -10.2904 -10.496 35.6
      vertex -10.2616 -10.6902 0
      vertex -10.2616 -10.6902 35.6
    endloop
  endfacet
  facet normal -0.970023 -0.243015 0
    outer loop
      vertex -10.2139 -10.8806 0
      vertex -10.2616 -10.6902 35.6
      vertex -10.2616 -10.6902 0
    endloop
  endfacet
  facet normal -0.970023 -0.243015 0
    outer loop
      vertex -10.2616 -10.6902 35.6
      vertex -10.2139 -10.8806 0
      vertex -10.2139 -10.8806 35.6
    endloop
  endfacet
  facet normal -0.336788 -0.94158 0
    outer loop
      vertex -9.06537 -12.1478 0
      vertex -8.88057 -12.2139 35.6
      vertex -9.06537 -12.1478 35.6
    endloop
  endfacet
  facet normal -0.336788 -0.94158 -0
    outer loop
      vertex -8.88057 -12.2139 35.6
      vertex -9.06537 -12.1478 0
      vertex -8.88057 -12.2139 0
    endloop
  endfacet
  facet normal 0.857763 -0.514046 0
    outer loop
      vertex 9.96294 -11.4111 35.6
      vertex 10.0638 -11.2428 0
      vertex 10.0638 -11.2428 35.6
    endloop
  endfacet
  facet normal 0.857763 -0.514046 0
    outer loop
      vertex 10.0638 -11.2428 0
      vertex 9.96294 -11.4111 35.6
      vertex 9.96294 -11.4111 0
    endloop
  endfacet
  facet normal -0.803301 0.595573 0
    outer loop
      vertex -9.96294 11.4111 0
      vertex -9.84602 11.5688 35.6
      vertex -9.84602 11.5688 0
    endloop
  endfacet
  facet normal -0.803301 0.595573 0
    outer loop
      vertex -9.84602 11.5688 35.6
      vertex -9.96294 11.4111 0
      vertex -9.96294 11.4111 35.6
    endloop
  endfacet
  facet normal 0.9038 0.427955 0
    outer loop
      vertex 10.1478 11.0654 35.6
      vertex 10.0638 11.2428 0
      vertex 10.0638 11.2428 35.6
    endloop
  endfacet
  facet normal 0.9038 0.427955 0
    outer loop
      vertex 10.0638 11.2428 0
      vertex 10.1478 11.0654 35.6
      vertex 10.1478 11.0654 0
    endloop
  endfacet
  facet normal 0 0 1
    outer loop
      vertex -4.5 12.3 35.6
      vertex -8.3 12.3 35.6
      vertex -4.5 12.285 35.6
    endloop
  endfacet
  facet normal 0 0 1
    outer loop
      vertex 4.5 12.285 35.6
      vertex 8.3 12.3 35.6
      vertex 4.5 12.3 35.6
    endloop
  endfacet
  facet normal 0 0 1
    outer loop
      vertex 8.3 12.3 35.6
      vertex 4.5 12.285 35.6
      vertex 8.3 10.3 35.6
    endloop
  endfacet
  facet normal -0 0 1
    outer loop
      vertex -4.5 12.285 35.6
      vertex 8.3 10.3 35.6
      vertex 4.5 12.285 35.6
    endloop
  endfacet
  facet normal 0 0 1
    outer loop
      vertex -8.3 10.3 35.6
      vertex -4.5 12.285 35.6
      vertex -8.3 12.3 35.6
    endloop
  endfacet
  facet normal 0 0 1
    outer loop
      vertex -4.5 12.285 35.6
      vertex -8.3 10.3 35.6
      vertex 8.3 10.3 35.6
    endloop
  endfacet
  facet normal -0 0 1
    outer loop
      vertex -8.49603 12.2904 35.6
      vertex -8.3 10.3 35.6
      vertex -8.3 12.3 35.6
    endloop
  endfacet
  facet normal 0 0 1
    outer loop
      vertex -8.3 10.3 35.6
      vertex -10.3 10.3 35.6
      vertex -8.3 -10.3 35.6
    endloop
  endfacet
  facet normal -0 0 1
    outer loop
      vertex -8.69018 12.2616 35.6
      vertex -8.3 10.3 35.6
      vertex -8.49603 12.2904 35.6
    endloop
  endfacet
  facet normal 0 0 1
    outer loop
      vertex -10.3 -10.3 35.6
      vertex -8.3 -10.3 35.6
      vertex -10.3 10.3 35.6
    endloop
  endfacet
  facet normal -0 0 1
    outer loop
      vertex -8.88057 12.2139 35.6
      vertex -8.3 10.3 35.6
      vertex -8.69018 12.2616 35.6
    endloop
  endfacet
  facet normal 0 -0 1
    outer loop
      vertex -10.2904 -10.496 35.6
      vertex -8.3 -10.3 35.6
      vertex -10.3 -10.3 35.6
    endloop
  endfacet
  facet normal -0 0 1
    outer loop
      vertex -9.06537 12.1478 35.6
      vertex -8.3 10.3 35.6
      vertex -8.88057 12.2139 35.6
    endloop
  endfacet
  facet normal 0 0 1
    outer loop
      vertex -8.3 -10.3 35.6
      vertex -8.49603 -12.2904 35.6
      vertex -8.3 -12.3 35.6
    endloop
  endfacet
  facet normal -0 0 1
    outer loop
      vertex -9.24279 12.0638 35.6
      vertex -8.3 10.3 35.6
      vertex -9.06537 12.1478 35.6
    endloop
  endfacet
  facet normal 0 0 1
    outer loop
      vertex -8.3 -10.3 35.6
      vertex -8.69018 -12.2616 35.6
      vertex -8.49603 -12.2904 35.6
    endloop
  endfacet
  facet normal -0 0 1
    outer loop
      vertex -9.41114 11.9629 35.6
      vertex -8.3 10.3 35.6
      vertex -9.24279 12.0638 35.6
    endloop
  endfacet
  facet normal 0 0 1
    outer loop
      vertex -8.3 -10.3 35.6
      vertex -8.88057 -12.2139 35.6
      vertex -8.69018 -12.2616 35.6
    endloop
  endfacet
  facet normal -0 0 1
    outer loop
      vertex -9.56879 11.846 35.6
      vertex -8.3 10.3 35.6
      vertex -9.41114 11.9629 35.6
    endloop
  endfacet
  facet normal 0 0 1
    outer loop
      vertex -8.3 -10.3 35.6
      vertex -9.06537 -12.1478 35.6
      vertex -8.88057 -12.2139 35.6
    endloop
  endfacet
  facet normal -0 0 1
    outer loop
      vertex -9.71421 11.7142 35.6
      vertex -8.3 10.3 35.6
      vertex -9.56879 11.846 35.6
    endloop
  endfacet
  facet normal 0 0 1
    outer loop
      vertex -8.3 -10.3 35.6
      vertex -9.24279 -12.0638 35.6
      vertex -9.06537 -12.1478 35.6
    endloop
  endfacet
  facet normal -0 0 1
    outer loop
      vertex -9.84602 11.5688 35.6
      vertex -8.3 10.3 35.6
      vertex -9.71421 11.7142 35.6
    endloop
  endfacet
  facet normal 0 0 1
    outer loop
      vertex -8.3 -10.3 35.6
      vertex -9.41114 -11.9629 35.6
      vertex -9.24279 -12.0638 35.6
    endloop
  endfacet
  facet normal -0 0 1
    outer loop
      vertex -9.96294 11.4111 35.6
      vertex -8.3 10.3 35.6
      vertex -9.84602 11.5688 35.6
    endloop
  endfacet
  facet normal 0 0 1
    outer loop
      vertex -8.3 -10.3 35.6
      vertex -9.56879 -11.846 35.6
      vertex -9.41114 -11.9629 35.6
    endloop
  endfacet
  facet normal -0 0 1
    outer loop
      vertex -10.0638 11.2428 35.6
      vertex -8.3 10.3 35.6
      vertex -9.96294 11.4111 35.6
    endloop
  endfacet
  facet normal 0 0 1
    outer loop
      vertex -8.3 -10.3 35.6
      vertex -9.71421 -11.7142 35.6
      vertex -9.56879 -11.846 35.6
    endloop
  endfacet
  facet normal -0 0 1
    outer loop
      vertex -10.1478 11.0654 35.6
      vertex -8.3 10.3 35.6
      vertex -10.0638 11.2428 35.6
    endloop
  endfacet
  facet normal 0 0 1
    outer loop
      vertex -8.3 -10.3 35.6
      vertex -9.84602 -11.5688 35.6
      vertex -9.71421 -11.7142 35.6
    endloop
  endfacet
  facet normal -0 0 1
    outer loop
      vertex -10.2139 10.8806 35.6
      vertex -8.3 10.3 35.6
      vertex -10.1478 11.0654 35.6
    endloop
  endfacet
  facet normal 0 0 1
    outer loop
      vertex -8.3 -10.3 35.6
      vertex -9.96294 -11.4111 35.6
      vertex -9.84602 -11.5688 35.6
    endloop
  endfacet
  facet normal -0 0 1
    outer loop
      vertex -10.2616 10.6902 35.6
      vertex -8.3 10.3 35.6
      vertex -10.2139 10.8806 35.6
    endloop
  endfacet
  facet normal 0 0 1
    outer loop
      vertex -8.3 -10.3 35.6
      vertex -10.0638 -11.2428 35.6
      vertex -9.96294 -11.4111 35.6
    endloop
  endfacet
  facet normal -0 0 1
    outer loop
      vertex -10.2904 10.496 35.6
      vertex -8.3 10.3 35.6
      vertex -10.2616 10.6902 35.6
    endloop
  endfacet
  facet normal 0 0 1
    outer loop
      vertex -8.3 -10.3 35.6
      vertex -10.1478 -11.0654 35.6
      vertex -10.0638 -11.2428 35.6
    endloop
  endfacet
  facet normal 0 0 1
    outer loop
      vertex -8.3 10.3 35.6
      vertex -10.2904 10.496 35.6
      vertex -10.3 10.3 35.6
    endloop
  endfacet
  facet normal 0 0 1
    outer loop
      vertex -8.3 -10.3 35.6
      vertex -10.2139 -10.8806 35.6
      vertex -10.1478 -11.0654 35.6
    endloop
  endfacet
  facet normal 0 0 1
    outer loop
      vertex -8.3 -10.3 35.6
      vertex -10.2616 -10.6902 35.6
      vertex -10.2139 -10.8806 35.6
    endloop
  endfacet
  facet normal 0 0 1
    outer loop
      vertex -8.3 -10.3 35.6
      vertex -10.2904 -10.496 35.6
      vertex -10.2616 -10.6902 35.6
    endloop
  endfacet
  facet normal 0 0 1
    outer loop
      vertex 8.3 10.3 35.6
      vertex 10.3 10.3 35.6
      vertex 10.2904 10.496 35.6
    endloop
  endfacet
  facet normal 0 0 1
    outer loop
      vertex 10.3 10.3 35.6
      vertex 8.3 10.3 35.6
      vertex 10.3 -10.3 35.6
    endloop
  endfacet
  facet normal 0 0 1
    outer loop
      vertex 8.3 10.3 35.6
      vertex 10.2904 10.496 35.6
      vertex 10.2616 10.6902 35.6
    endloop
  endfacet
  facet normal 0 0 1
    outer loop
      vertex 8.3 -10.3 35.6
      vertex 10.3 -10.3 35.6
      vertex 8.3 10.3 35.6
    endloop
  endfacet
  facet normal 0 0 1
    outer loop
      vertex 8.3 10.3 35.6
      vertex 10.2616 10.6902 35.6
      vertex 10.2139 10.8806 35.6
    endloop
  endfacet
  facet normal 0 0 1
    outer loop
      vertex 10.3 -10.3 35.6
      vertex 8.3 -10.3 35.6
      vertex 10.2904 -10.496 35.6
    endloop
  endfacet
  facet normal 0 0 1
    outer loop
      vertex 8.3 10.3 35.6
      vertex 10.2139 10.8806 35.6
      vertex 10.1478 11.0654 35.6
    endloop
  endfacet
  facet normal 0 0 1
    outer loop
      vertex 10.2904 -10.496 35.6
      vertex 8.3 -10.3 35.6
      vertex 10.2616 -10.6902 35.6
    endloop
  endfacet
  facet normal 0 0 1
    outer loop
      vertex 8.3 10.3 35.6
      vertex 10.1478 11.0654 35.6
      vertex 10.0638 11.2428 35.6
    endloop
  endfacet
  facet normal 0 0 1
    outer loop
      vertex 10.2616 -10.6902 35.6
      vertex 8.3 -10.3 35.6
      vertex 10.2139 -10.8806 35.6
    endloop
  endfacet
  facet normal 0 0 1
    outer loop
      vertex 8.3 10.3 35.6
      vertex 10.0638 11.2428 35.6
      vertex 9.96294 11.4111 35.6
    endloop
  endfacet
  facet normal 0 0 1
    outer loop
      vertex 10.2139 -10.8806 35.6
      vertex 8.3 -10.3 35.6
      vertex 10.1478 -11.0654 35.6
    endloop
  endfacet
  facet normal 0 0 1
    outer loop
      vertex 8.3 10.3 35.6
      vertex 9.96294 11.4111 35.6
      vertex 9.84602 11.5688 35.6
    endloop
  endfacet
  facet normal 0 0 1
    outer loop
      vertex 10.1478 -11.0654 35.6
      vertex 8.3 -10.3 35.6
      vertex 10.0638 -11.2428 35.6
    endloop
  endfacet
  facet normal 0 0 1
    outer loop
      vertex 8.3 10.3 35.6
      vertex 9.84602 11.5688 35.6
      vertex 9.71421 11.7142 35.6
    endloop
  endfacet
  facet normal 0 0 1
    outer loop
      vertex 10.0638 -11.2428 35.6
      vertex 8.3 -10.3 35.6
      vertex 9.96294 -11.4111 35.6
    endloop
  endfacet
  facet normal 0 0 1
    outer loop
      vertex 8.3 10.3 35.6
      vertex 9.71421 11.7142 35.6
      vertex 9.56879 11.846 35.6
    endloop
  endfacet
  facet normal 0 0 1
    outer loop
      vertex 9.96294 -11.4111 35.6
      vertex 8.3 -10.3 35.6
      vertex 9.84602 -11.5688 35.6
    endloop
  endfacet
  facet normal 0 0 1
    outer loop
      vertex 8.3 10.3 35.6
      vertex 9.56879 11.846 35.6
      vertex 9.41114 11.9629 35.6
    endloop
  endfacet
  facet normal 0 0 1
    outer loop
      vertex 9.84602 -11.5688 35.6
      vertex 8.3 -10.3 35.6
      vertex 9.71421 -11.7142 35.6
    endloop
  endfacet
  facet normal 0 0 1
    outer loop
      vertex 8.3 10.3 35.6
      vertex 9.41114 11.9629 35.6
      vertex 9.24279 12.0638 35.6
    endloop
  endfacet
  facet normal 0 0 1
    outer loop
      vertex 9.71421 -11.7142 35.6
      vertex 8.3 -10.3 35.6
      vertex 9.56879 -11.846 35.6
    endloop
  endfacet
  facet normal 0 0 1
    outer loop
      vertex 8.3 10.3 35.6
      vertex 9.24279 12.0638 35.6
      vertex 9.06537 12.1478 35.6
    endloop
  endfacet
  facet normal 0 0 1
    outer loop
      vertex 9.56879 -11.846 35.6
      vertex 8.3 -10.3 35.6
      vertex 9.41114 -11.9629 35.6
    endloop
  endfacet
  facet normal 0 0 1
    outer loop
      vertex 8.3 10.3 35.6
      vertex 9.06537 12.1478 35.6
      vertex 8.88057 12.2139 35.6
    endloop
  endfacet
  facet normal 0 0 1
    outer loop
      vertex 9.41114 -11.9629 35.6
      vertex 8.3 -10.3 35.6
      vertex 9.24279 -12.0638 35.6
    endloop
  endfacet
  facet normal 0 0 1
    outer loop
      vertex 8.3 10.3 35.6
      vertex 8.88057 12.2139 35.6
      vertex 8.69018 12.2616 35.6
    endloop
  endfacet
  facet normal 0 0 1
    outer loop
      vertex 9.24279 -12.0638 35.6
      vertex 8.3 -10.3 35.6
      vertex 9.06537 -12.1478 35.6
    endloop
  endfacet
  facet normal 0 0 1
    outer loop
      vertex 8.3 10.3 35.6
      vertex 8.69018 12.2616 35.6
      vertex 8.49603 12.2904 35.6
    endloop
  endfacet
  facet normal 0 0 1
    outer loop
      vertex 9.06537 -12.1478 35.6
      vertex 8.3 -10.3 35.6
      vertex 8.88057 -12.2139 35.6
    endloop
  endfacet
  facet normal 0 0 1
    outer loop
      vertex 8.3 10.3 35.6
      vertex 8.49603 12.2904 35.6
      vertex 8.3 12.3 35.6
    endloop
  endfacet
  facet normal 0 0 1
    outer loop
      vertex 8.88057 -12.2139 35.6
      vertex 8.3 -10.3 35.6
      vertex 8.69018 -12.2616 35.6
    endloop
  endfacet
  facet normal 0 0 1
    outer loop
      vertex 8.69018 -12.2616 35.6
      vertex 8.3 -10.3 35.6
      vertex 8.49603 -12.2904 35.6
    endloop
  endfacet
  facet normal 0 0 1
    outer loop
      vertex 8.3 -10.3 35.6
      vertex 8.3 -12.3 35.6
      vertex 8.49603 -12.2904 35.6
    endloop
  endfacet
  facet normal 0 0 1
    outer loop
      vertex 8.3 -10.3 35.6
      vertex 4.5 -12.285 35.6
      vertex 8.3 -12.3 35.6
    endloop
  endfacet
  facet normal 0 0 1
    outer loop
      vertex 8.3 -10.3 35.6
      vertex -4.5 -12.285 35.6
      vertex 4.5 -12.285 35.6
    endloop
  endfacet
  facet normal -0 0 1
    outer loop
      vertex -8.3 -10.3 35.6
      vertex -4.5 -12.285 35.6
      vertex 8.3 -10.3 35.6
    endloop
  endfacet
  facet normal 0 0 1
    outer loop
      vertex -8.3 -12.3 35.6
      vertex -4.5 -12.285 35.6
      vertex -8.3 -10.3 35.6
    endloop
  endfacet
  facet normal 0 0 1
    outer loop
      vertex -4.5 -12.285 35.6
      vertex -8.3 -12.3 35.6
      vertex -4.5 -12.3 35.6
    endloop
  endfacet
  facet normal 0 0 1
    outer loop
      vertex 8.3 -12.3 35.6
      vertex 4.5 -12.285 35.6
      vertex 4.5 -12.3 35.6
    endloop
  endfacet
  facet normal -0.514084 -0.85774 0
    outer loop
      vertex -9.41114 -11.9629 0
      vertex -9.24279 -12.0638 35.6
      vertex -9.41114 -11.9629 35.6
    endloop
  endfacet
  facet normal -0.514084 -0.85774 -0
    outer loop
      vertex -9.24279 -12.0638 35.6
      vertex -9.41114 -11.9629 0
      vertex -9.24279 -12.0638 0
    endloop
  endfacet
  facet normal -0.94158 0.336788 0
    outer loop
      vertex -10.2139 10.8806 0
      vertex -10.1478 11.0654 35.6
      vertex -10.1478 11.0654 0
    endloop
  endfacet
  facet normal -0.94158 0.336788 0
    outer loop
      vertex -10.1478 11.0654 35.6
      vertex -10.2139 10.8806 0
      vertex -10.2139 10.8806 35.6
    endloop
  endfacet
  facet normal 0.989182 0.146696 0
    outer loop
      vertex 10.2904 10.496 35.6
      vertex 10.2616 10.6902 0
      vertex 10.2616 10.6902 35.6
    endloop
  endfacet
  facet normal 0.989182 0.146696 0
    outer loop
      vertex 10.2616 10.6902 0
      vertex 10.2904 10.496 35.6
      vertex 10.2904 10.496 0
    endloop
  endfacet
  facet normal -0.857763 0.514046 0
    outer loop
      vertex -10.0638 11.2428 0
      vertex -9.96294 11.4111 35.6
      vertex -9.96294 11.4111 0
    endloop
  endfacet
  facet normal -0.857763 0.514046 0
    outer loop
      vertex -9.96294 11.4111 35.6
      vertex -10.0638 11.2428 0
      vertex -10.0638 11.2428 35.6
    endloop
  endfacet
  facet normal 0.94158 0.336788 0
    outer loop
      vertex 10.2139 10.8806 35.6
      vertex 10.1478 11.0654 0
      vertex 10.1478 11.0654 35.6
    endloop
  endfacet
  facet normal 0.94158 0.336788 0
    outer loop
      vertex 10.1478 11.0654 0
      vertex 10.2139 10.8806 35.6
      vertex 10.2139 10.8806 0
    endloop
  endfacet
  facet normal -0.243027 -0.970019 0
    outer loop
      vertex -8.88057 -12.2139 0
      vertex -8.69018 -12.2616 35.6
      vertex -8.88057 -12.2139 35.6
    endloop
  endfacet
  facet normal -0.243027 -0.970019 -0
    outer loop
      vertex -8.69018 -12.2616 35.6
      vertex -8.88057 -12.2139 0
      vertex -8.69018 -12.2616 0
    endloop
  endfacet
  facet normal -0.857763 -0.514046 0
    outer loop
      vertex -9.96294 -11.4111 0
      vertex -10.0638 -11.2428 35.6
      vertex -10.0638 -11.2428 0
    endloop
  endfacet
  facet normal -0.857763 -0.514046 0
    outer loop
      vertex -10.0638 -11.2428 35.6
      vertex -9.96294 -11.4111 0
      vertex -9.96294 -11.4111 35.6
    endloop
  endfacet
  facet normal 0.243027 -0.970019 0
    outer loop
      vertex 8.69018 -12.2616 0
      vertex 8.88057 -12.2139 35.6
      vertex 8.69018 -12.2616 35.6
    endloop
  endfacet
  facet normal 0.243027 -0.970019 0
    outer loop
      vertex 8.88057 -12.2139 35.6
      vertex 8.69018 -12.2616 0
      vertex 8.88057 -12.2139 0
    endloop
  endfacet
  facet normal -0.671556 -0.740954 0
    outer loop
      vertex -9.71421 -11.7142 0
      vertex -9.56879 -11.846 35.6
      vertex -9.71421 -11.7142 35.6
    endloop
  endfacet
  facet normal -0.671556 -0.740954 -0
    outer loop
      vertex -9.56879 -11.846 35.6
      vertex -9.71421 -11.7142 0
      vertex -9.56879 -11.846 0
    endloop
  endfacet
  facet normal -0.427916 -0.903819 0
    outer loop
      vertex -9.24279 -12.0638 0
      vertex -9.06537 -12.1478 35.6
      vertex -9.24279 -12.0638 35.6
    endloop
  endfacet
  facet normal -0.427916 -0.903819 -0
    outer loop
      vertex -9.06537 -12.1478 35.6
      vertex -9.24279 -12.0638 0
      vertex -9.06537 -12.1478 0
    endloop
  endfacet
  facet normal -0.0489135 -0.998803 0
    outer loop
      vertex -8.49603 -12.2904 0
      vertex -8.3 -12.3 35.6
      vertex -8.49603 -12.2904 35.6
    endloop
  endfacet
  facet normal -0.0489135 -0.998803 -0
    outer loop
      vertex -8.3 -12.3 35.6
      vertex -8.49603 -12.2904 0
      vertex -8.3 -12.3 0
    endloop
  endfacet
  facet normal 0.0489135 -0.998803 0
    outer loop
      vertex 8.3 -12.3 0
      vertex 8.49603 -12.2904 35.6
      vertex 8.3 -12.3 35.6
    endloop
  endfacet
  facet normal 0.0489135 -0.998803 0
    outer loop
      vertex 8.49603 -12.2904 35.6
      vertex 8.3 -12.3 0
      vertex 8.49603 -12.2904 0
    endloop
  endfacet
  facet normal -0.803301 -0.595573 0
    outer loop
      vertex -9.84602 -11.5688 0
      vertex -9.96294 -11.4111 35.6
      vertex -9.96294 -11.4111 0
    endloop
  endfacet
  facet normal -0.803301 -0.595573 0
    outer loop
      vertex -9.96294 -11.4111 35.6
      vertex -9.84602 -11.5688 0
      vertex -9.84602 -11.5688 35.6
    endloop
  endfacet
  facet normal 0.671556 -0.740954 0
    outer loop
      vertex 9.56879 -11.846 0
      vertex 9.71421 -11.7142 35.6
      vertex 9.56879 -11.846 35.6
    endloop
  endfacet
  facet normal 0.671556 -0.740954 0
    outer loop
      vertex 9.71421 -11.7142 35.6
      vertex 9.56879 -11.846 0
      vertex 9.71421 -11.7142 0
    endloop
  endfacet
  facet normal 0.146733 -0.989176 0
    outer loop
      vertex 8.49603 -12.2904 0
      vertex 8.69018 -12.2616 35.6
      vertex 8.49603 -12.2904 35.6
    endloop
  endfacet
  facet normal 0.146733 -0.989176 0
    outer loop
      vertex 8.69018 -12.2616 35.6
      vertex 8.49603 -12.2904 0
      vertex 8.69018 -12.2616 0
    endloop
  endfacet
  facet normal -0.514084 0.85774 0
    outer loop
      vertex -9.24279 12.0638 0
      vertex -9.41114 11.9629 35.6
      vertex -9.24279 12.0638 35.6
    endloop
  endfacet
  facet normal -0.514084 0.85774 0
    outer loop
      vertex -9.41114 11.9629 35.6
      vertex -9.24279 12.0638 0
      vertex -9.41114 11.9629 0
    endloop
  endfacet
  facet normal -0.998803 -0.0489209 0
    outer loop
      vertex -10.2904 -10.496 0
      vertex -10.3 -10.3 35.6
      vertex -10.3 -10.3 0
    endloop
  endfacet
  facet normal -0.998803 -0.0489209 0
    outer loop
      vertex -10.3 -10.3 35.6
      vertex -10.2904 -10.496 0
      vertex -10.2904 -10.496 35.6
    endloop
  endfacet
  facet normal 0.803301 -0.595573 0
    outer loop
      vertex 9.84602 -11.5688 35.6
      vertex 9.96294 -11.4111 0
      vertex 9.96294 -11.4111 35.6
    endloop
  endfacet
  facet normal 0.803301 -0.595573 0
    outer loop
      vertex 9.96294 -11.4111 0
      vertex 9.84602 -11.5688 35.6
      vertex 9.84602 -11.5688 0
    endloop
  endfacet
  facet normal -0.740882 -0.671635 0
    outer loop
      vertex -9.71421 -11.7142 0
      vertex -9.84602 -11.5688 35.6
      vertex -9.84602 -11.5688 0
    endloop
  endfacet
  facet normal -0.740882 -0.671635 0
    outer loop
      vertex -9.84602 -11.5688 35.6
      vertex -9.71421 -11.7142 0
      vertex -9.71421 -11.7142 35.6
    endloop
  endfacet
  facet normal -0.59563 -0.803259 0
    outer loop
      vertex -9.56879 -11.846 0
      vertex -9.41114 -11.9629 35.6
      vertex -9.56879 -11.846 35.6
    endloop
  endfacet
  facet normal -0.59563 -0.803259 -0
    outer loop
      vertex -9.41114 -11.9629 35.6
      vertex -9.56879 -11.846 0
      vertex -9.41114 -11.9629 0
    endloop
  endfacet
  facet normal 0.427916 -0.903819 0
    outer loop
      vertex 9.06537 -12.1478 0
      vertex 9.24279 -12.0638 35.6
      vertex 9.06537 -12.1478 35.6
    endloop
  endfacet
  facet normal 0.427916 -0.903819 0
    outer loop
      vertex 9.24279 -12.0638 35.6
      vertex 9.06537 -12.1478 0
      vertex 9.24279 -12.0638 0
    endloop
  endfacet
  facet normal -0.146733 -0.989176 0
    outer loop
      vertex -8.69018 -12.2616 0
      vertex -8.49603 -12.2904 35.6
      vertex -8.69018 -12.2616 35.6
    endloop
  endfacet
  facet normal -0.146733 -0.989176 -0
    outer loop
      vertex -8.49603 -12.2904 35.6
      vertex -8.69018 -12.2616 0
      vertex -8.49603 -12.2904 0
    endloop
  endfacet
  facet normal 0 0 -1
    outer loop
      vertex 8.3 -12.3 0
      vertex 10.3 -10.3 0
      vertex 10.2904 -10.496 0
    endloop
  endfacet
  facet normal 0 0 -1
    outer loop
      vertex 10.3 -10.3 0
      vertex 1.37561 2.82435 0
      vertex 10.3 10.3 0
    endloop
  endfacet
  facet normal 0 0 -1
    outer loop
      vertex 8.3 -12.3 0
      vertex 10.2904 -10.496 0
      vertex 10.2616 -10.6902 0
    endloop
  endfacet
  facet normal 0 -0 -1
    outer loop
      vertex 1.42863 3.01593 0
      vertex 10.3 10.3 0
      vertex 1.37561 2.82435 0
    endloop
  endfacet
  facet normal 0 0 -1
    outer loop
      vertex 8.3 -12.3 0
      vertex 10.2616 -10.6902 0
      vertex 10.2139 -10.8806 0
    endloop
  endfacet
  facet normal 0 -0 -1
    outer loop
      vertex 1.47218 3.20988 0
      vertex 10.3 10.3 0
      vertex 1.42863 3.01593 0
    endloop
  endfacet
  facet normal 0 0 -1
    outer loop
      vertex 8.3 -12.3 0
      vertex 10.2139 -10.8806 0
      vertex 10.1478 -11.0654 0
    endloop
  endfacet
  facet normal 0 -0 -1
    outer loop
      vertex 1.5305 3.60303 0
      vertex 10.3 10.3 0
      vertex 1.50616 3.40574 0
    endloop
  endfacet
  facet normal 0 0 -1
    outer loop
      vertex 8.3 -12.3 0
      vertex 10.1478 -11.0654 0
      vertex 10.0638 -11.2428 0
    endloop
  endfacet
  facet normal 0 -0 -1
    outer loop
      vertex 1.54512 3.80128 0
      vertex 10.3 10.3 0
      vertex 1.5305 3.60303 0
    endloop
  endfacet
  facet normal 0 0 -1
    outer loop
      vertex 8.3 -12.3 0
      vertex 10.0638 -11.2428 0
      vertex 9.96294 -11.4111 0
    endloop
  endfacet
  facet normal 0 -0 -1
    outer loop
      vertex 1.55 4 0
      vertex 10.3 10.3 0
      vertex 1.54512 3.80128 0
    endloop
  endfacet
  facet normal 0 0 -1
    outer loop
      vertex 8.3 -12.3 0
      vertex 9.96294 -11.4111 0
      vertex 9.84602 -11.5688 0
    endloop
  endfacet
  facet normal 0 0 -1
    outer loop
      vertex 1.54512 4.19872 0
      vertex 10.3 10.3 0
      vertex 1.55 4 0
    endloop
  endfacet
  facet normal 0 0 -1
    outer loop
      vertex 8.3 -12.3 0
      vertex 9.84602 -11.5688 0
      vertex 9.71421 -11.7142 0
    endloop
  endfacet
  facet normal 0 0 -1
    outer loop
      vertex 1.5305 4.39697 0
      vertex 10.3 10.3 0
      vertex 1.54512 4.19872 0
    endloop
  endfacet
  facet normal 0 0 -1
    outer loop
      vertex 8.3 -12.3 0
      vertex 9.71421 -11.7142 0
      vertex 9.56879 -11.846 0
    endloop
  endfacet
  facet normal 0 0 -1
    outer loop
      vertex 1.50616 4.59426 0
      vertex 10.3 10.3 0
      vertex 1.5305 4.39697 0
    endloop
  endfacet
  facet normal 0 0 -1
    outer loop
      vertex 8.3 -12.3 0
      vertex 9.56879 -11.846 0
      vertex 9.41114 -11.9629 0
    endloop
  endfacet
  facet normal 0 0 -1
    outer loop
      vertex 1.47218 4.79012 0
      vertex 10.3 10.3 0
      vertex 1.50616 4.59426 0
    endloop
  endfacet
  facet normal 0 0 -1
    outer loop
      vertex 8.3 -12.3 0
      vertex 9.41114 -11.9629 0
      vertex 9.24279 -12.0638 0
    endloop
  endfacet
  facet normal 0 0 -1
    outer loop
      vertex 1.42863 4.98407 0
      vertex 10.3 10.3 0
      vertex 1.47218 4.79012 0
    endloop
  endfacet
  facet normal 0 0 -1
    outer loop
      vertex 8.3 -12.3 0
      vertex 9.24279 -12.0638 0
      vertex 9.06537 -12.1478 0
    endloop
  endfacet
  facet normal 0 0 -1
    outer loop
      vertex 1.37561 5.17565 0
      vertex 10.3 10.3 0
      vertex 1.42863 4.98407 0
    endloop
  endfacet
  facet normal 0 0 -1
    outer loop
      vertex 8.3 -12.3 0
      vertex 9.06537 -12.1478 0
      vertex 8.88057 -12.2139 0
    endloop
  endfacet
  facet normal 0 0 -1
    outer loop
      vertex 1.31325 5.3644 0
      vertex 10.3 10.3 0
      vertex 1.37561 5.17565 0
    endloop
  endfacet
  facet normal 0 0 -1
    outer loop
      vertex 8.3 -12.3 0
      vertex 8.88057 -12.2139 0
      vertex 8.69018 -12.2616 0
    endloop
  endfacet
  facet normal 0 0 -1
    outer loop
      vertex 1.24171 5.54987 0
      vertex 10.3 10.3 0
      vertex 1.31325 5.3644 0
    endloop
  endfacet
  facet normal 0 0 -1
    outer loop
      vertex 8.3 -12.3 0
      vertex 8.69018 -12.2616 0
      vertex 8.49603 -12.2904 0
    endloop
  endfacet
  facet normal 0 0 -1
    outer loop
      vertex 1.16116 5.7316 0
      vertex 10.3 10.3 0
      vertex 1.24171 5.54987 0
    endloop
  endfacet
  facet normal -0 0 -1
    outer loop
      vertex 10.3 -10.3 0
      vertex 8.3 -12.3 0
      vertex -0.24994 0.632547 0
    endloop
  endfacet
  facet normal 0 0 -1
    outer loop
      vertex 10.2904 10.496 0
      vertex 8.3 12.3 0
      vertex 10.2616 10.6902 0
    endloop
  endfacet
  facet normal 0 0 -1
    outer loop
      vertex 10.2139 10.8806 0
      vertex 8.3 12.3 0
      vertex 10.1478 11.0654 0
    endloop
  endfacet
  facet normal 0 0 -1
    outer loop
      vertex 9.56879 11.846 0
      vertex 8.3 12.3 0
      vertex 9.41114 11.9629 0
    endloop
  endfacet
  facet normal 0 0 -1
    outer loop
      vertex 9.71421 11.7142 0
      vertex 8.3 12.3 0
      vertex 9.56879 11.846 0
    endloop
  endfacet
  facet normal 0 0 -1
    outer loop
      vertex 9.96294 11.4111 0
      vertex 8.3 12.3 0
      vertex 9.84602 11.5688 0
    endloop
  endfacet
  facet normal 0 0 -1
    outer loop
      vertex 10.1478 11.0654 0
      vertex 8.3 12.3 0
      vertex 10.0638 11.2428 0
    endloop
  endfacet
  facet normal 0 0 -1
    outer loop
      vertex 10.3 10.3 0
      vertex 8.3 12.3 0
      vertex 10.2904 10.496 0
    endloop
  endfacet
  facet normal 0 -0 -1
    outer loop
      vertex 1.50616 3.40574 0
      vertex 10.3 10.3 0
      vertex 1.47218 3.20988 0
    endloop
  endfacet
  facet normal 0 0 -1
    outer loop
      vertex 10.3 -10.3 0
      vertex 1.31325 2.6356 0
      vertex 1.37561 2.82435 0
    endloop
  endfacet
  facet normal 0 0 -1
    outer loop
      vertex 10.3 -10.3 0
      vertex 1.24171 2.45013 0
      vertex 1.31325 2.6356 0
    endloop
  endfacet
  facet normal 0 0 -1
    outer loop
      vertex 10.3 -10.3 0
      vertex 1.16116 2.2684 0
      vertex 1.24171 2.45013 0
    endloop
  endfacet
  facet normal 0 0 -1
    outer loop
      vertex 10.3 -10.3 0
      vertex 1.07178 2.09084 0
      vertex 1.16116 2.2684 0
    endloop
  endfacet
  facet normal 0 0 -1
    outer loop
      vertex 10.3 -10.3 0
      vertex 0.973801 1.91788 0
      vertex 1.07178 2.09084 0
    endloop
  endfacet
  facet normal 0 0 -1
    outer loop
      vertex 10.3 -10.3 0
      vertex 0.867452 1.74994 0
      vertex 0.973801 1.91788 0
    endloop
  endfacet
  facet normal 0 0 -1
    outer loop
      vertex 10.3 -10.3 0
      vertex 0.75299 1.58742 0
      vertex 0.867452 1.74994 0
    endloop
  endfacet
  facet normal 0 0 -1
    outer loop
      vertex 10.3 -10.3 0
      vertex 0.630692 1.43071 0
      vertex 0.75299 1.58742 0
    endloop
  endfacet
  facet normal 0 0 -1
    outer loop
      vertex 10.3 -10.3 0
      vertex 0.500852 1.28019 0
      vertex 0.630692 1.43071 0
    endloop
  endfacet
  facet normal 0 0 -1
    outer loop
      vertex 10.3 -10.3 0
      vertex 0.363782 1.13622 0
      vertex 0.500852 1.28019 0
    endloop
  endfacet
  facet normal 0 0 -1
    outer loop
      vertex 10.3 -10.3 0
      vertex 0.219813 0.999147 0
      vertex 0.363782 1.13622 0
    endloop
  endfacet
  facet normal 0 0 -1
    outer loop
      vertex 10.3 -10.3 0
      vertex 0.0692921 0.869308 0
      vertex 0.219813 0.999147 0
    endloop
  endfacet
  facet normal 0 0 -1
    outer loop
      vertex 10.3 -10.3 0
      vertex -0.0874176 0.747009 0
      vertex 0.0692921 0.869308 0
    endloop
  endfacet
  facet normal 0 0 -1
    outer loop
      vertex 10.3 -10.3 0
      vertex -0.24994 0.632547 0
      vertex -0.0874176 0.747009 0
    endloop
  endfacet
  facet normal 0 0 -1
    outer loop
      vertex 8.3 -12.3 0
      vertex -0.417884 0.526198 0
      vertex -0.24994 0.632547 0
    endloop
  endfacet
  facet normal 0 0 -1
    outer loop
      vertex 8.3 -12.3 0
      vertex -0.590843 0.428219 0
      vertex -0.417884 0.526198 0
    endloop
  endfacet
  facet normal 0 0 -1
    outer loop
      vertex 8.3 -12.3 0
      vertex -0.768401 0.338843 0
      vertex -0.590843 0.428219 0
    endloop
  endfacet
  facet normal 0 0 -1
    outer loop
      vertex 8.3 -12.3 0
      vertex -0.950131 0.258287 0
      vertex -0.768401 0.338843 0
    endloop
  endfacet
  facet normal 0 0 -1
    outer loop
      vertex 8.3 -12.3 0
      vertex -1.1356 0.186746 0
      vertex -0.950131 0.258287 0
    endloop
  endfacet
  facet normal 0 0 -1
    outer loop
      vertex 8.3 -12.3 0
      vertex -1.32435 0.124392 0
      vertex -1.1356 0.186746 0
    endloop
  endfacet
  facet normal 0 0 -1
    outer loop
      vertex 8.3 -12.3 0
      vertex -1.51593 0.071373 0
      vertex -1.32435 0.124392 0
    endloop
  endfacet
  facet normal 0 0 -1
    outer loop
      vertex 8.3 -12.3 0
      vertex -1.70988 0.0278187 0
      vertex -1.51593 0.071373 0
    endloop
  endfacet
  facet normal 0 0 -1
    outer loop
      vertex -8.3 -12.3 0
      vertex -1.70988 0.0278187 0
      vertex 8.3 -12.3 0
    endloop
  endfacet
  facet normal 0 0 -1
    outer loop
      vertex -1.70988 0.0278187 0
      vertex -8.3 -12.3 0
      vertex -1.90574 -0.00616455 0
    endloop
  endfacet
  facet normal 0 0 -1
    outer loop
      vertex -1.90574 -0.00616455 0
      vertex -8.3 -12.3 0
      vertex -2.10303 -0.0304976 0
    endloop
  endfacet
  facet normal 0 0 -1
    outer loop
      vertex -2.10303 -0.0304976 0
      vertex -8.3 -12.3 0
      vertex -2.30128 -0.0451212 0
    endloop
  endfacet
  facet normal 0 0 -1
    outer loop
      vertex -2.30128 -0.0451212 0
      vertex -8.3 -12.3 0
      vertex -2.5 -0.0499992 0
    endloop
  endfacet
  facet normal -0 0 -1
    outer loop
      vertex -2.5 -0.0499992 0
      vertex -8.3 -12.3 0
      vertex -2.69872 -0.0451212 0
    endloop
  endfacet
  facet normal -0 0 -1
    outer loop
      vertex -2.69872 -0.0451212 0
      vertex -8.3 -12.3 0
      vertex -2.89697 -0.0304976 0
    endloop
  endfacet
  facet normal -0 0 -1
    outer loop
      vertex -2.89697 -0.0304976 0
      vertex -8.3 -12.3 0
      vertex -3.09426 -0.00616455 0
    endloop
  endfacet
  facet normal -0 0 -1
    outer loop
      vertex -3.09426 -0.00616455 0
      vertex -8.3 -12.3 0
      vertex -3.29012 0.0278187 0
    endloop
  endfacet
  facet normal 0 0 -1
    outer loop
      vertex -10.3 -10.3 0
      vertex -3.29012 0.0278187 0
      vertex -8.3 -12.3 0
    endloop
  endfacet
  facet normal -0 0 -1
    outer loop
      vertex -3.29012 0.0278187 0
      vertex -10.3 -10.3 0
      vertex -3.48407 0.071373 0
    endloop
  endfacet
  facet normal -0 0 -1
    outer loop
      vertex -3.48407 0.071373 0
      vertex -10.3 -10.3 0
      vertex -3.67565 0.124392 0
    endloop
  endfacet
  facet normal -0 0 -1
    outer loop
      vertex -3.67565 0.124392 0
      vertex -10.3 -10.3 0
      vertex -3.8644 0.186746 0
    endloop
  endfacet
  facet normal -0 0 -1
    outer loop
      vertex -3.8644 0.186746 0
      vertex -10.3 -10.3 0
      vertex -4.04987 0.258287 0
    endloop
  endfacet
  facet normal -0 0 -1
    outer loop
      vertex -4.04987 0.258287 0
      vertex -10.3 -10.3 0
      vertex -4.2316 0.338843 0
    endloop
  endfacet
  facet normal -0 0 -1
    outer loop
      vertex -4.2316 0.338843 0
      vertex -10.3 -10.3 0
      vertex -4.40916 0.428219 0
    endloop
  endfacet
  facet normal -0 0 -1
    outer loop
      vertex -4.40916 0.428219 0
      vertex -10.3 -10.3 0
      vertex -4.58212 0.526198 0
    endloop
  endfacet
  facet normal -0 0 -1
    outer loop
      vertex -4.58212 0.526198 0
      vertex -10.3 -10.3 0
      vertex -4.75006 0.632547 0
    endloop
  endfacet
  facet normal -0 0 -1
    outer loop
      vertex -4.75006 0.632547 0
      vertex -10.3 -10.3 0
      vertex -4.91258 0.747009 0
    endloop
  endfacet
  facet normal -0 0 -1
    outer loop
      vertex -4.91258 0.747009 0
      vertex -10.3 -10.3 0
      vertex -5.06929 0.869308 0
    endloop
  endfacet
  facet normal 0 0 -1
    outer loop
      vertex -6.50616 3.40574 0
      vertex -10.3 10.3 0
      vertex -6.5305 3.60303 0
    endloop
  endfacet
  facet normal 0 0 -1
    outer loop
      vertex -6.47218 3.20988 0
      vertex -10.3 10.3 0
      vertex -6.50616 3.40574 0
    endloop
  endfacet
  facet normal 0 0 -1
    outer loop
      vertex -10.3 10.3 0
      vertex -6.47218 3.20988 0
      vertex -10.3 -10.3 0
    endloop
  endfacet
  facet normal -0 0 -1
    outer loop
      vertex -6.42863 3.01593 0
      vertex -10.3 -10.3 0
      vertex -6.47218 3.20988 0
    endloop
  endfacet
  facet normal -0 0 -1
    outer loop
      vertex -6.37561 2.82435 0
      vertex -10.3 -10.3 0
      vertex -6.42863 3.01593 0
    endloop
  endfacet
  facet normal -0 0 -1
    outer loop
      vertex -6.31325 2.6356 0
      vertex -10.3 -10.3 0
      vertex -6.37561 2.82435 0
    endloop
  endfacet
  facet normal -0 0 -1
    outer loop
      vertex -6.24171 2.45013 0
      vertex -10.3 -10.3 0
      vertex -6.31325 2.6356 0
    endloop
  endfacet
  facet normal -0 0 -1
    outer loop
      vertex -6.16116 2.2684 0
      vertex -10.3 -10.3 0
      vertex -6.24171 2.45013 0
    endloop
  endfacet
  facet normal -0 0 -1
    outer loop
      vertex -6.07178 2.09084 0
      vertex -10.3 -10.3 0
      vertex -6.16116 2.2684 0
    endloop
  endfacet
  facet normal -0 0 -1
    outer loop
      vertex -5.9738 1.91788 0
      vertex -10.3 -10.3 0
      vertex -6.07178 2.09084 0
    endloop
  endfacet
  facet normal -0 0 -1
    outer loop
      vertex -5.86745 1.74994 0
      vertex -10.3 -10.3 0
      vertex -5.9738 1.91788 0
    endloop
  endfacet
  facet normal -0 0 -1
    outer loop
      vertex -5.75299 1.58742 0
      vertex -10.3 -10.3 0
      vertex -5.86745 1.74994 0
    endloop
  endfacet
  facet normal -0 0 -1
    outer loop
      vertex -5.63069 1.43071 0
      vertex -10.3 -10.3 0
      vertex -5.75299 1.58742 0
    endloop
  endfacet
  facet normal -0 0 -1
    outer loop
      vertex -5.50085 1.28019 0
      vertex -10.3 -10.3 0
      vertex -5.63069 1.43071 0
    endloop
  endfacet
  facet normal -0 0 -1
    outer loop
      vertex -5.36378 1.13622 0
      vertex -10.3 -10.3 0
      vertex -5.50085 1.28019 0
    endloop
  endfacet
  facet normal -0 0 -1
    outer loop
      vertex -5.21981 0.999147 0
      vertex -10.3 -10.3 0
      vertex -5.36378 1.13622 0
    endloop
  endfacet
  facet normal -0 0 -1
    outer loop
      vertex -5.06929 0.869308 0
      vertex -10.3 -10.3 0
      vertex -5.21981 0.999147 0
    endloop
  endfacet
  facet normal 0 0 -1
    outer loop
      vertex 9.24279 12.0638 0
      vertex 8.3 12.3 0
      vertex 9.06537 12.1478 0
    endloop
  endfacet
  facet normal 0 0 -1
    outer loop
      vertex 8.88057 12.2139 0
      vertex 8.3 12.3 0
      vertex 8.69018 12.2616 0
    endloop
  endfacet
  facet normal 0 0 -1
    outer loop
      vertex 8.69018 12.2616 0
      vertex 8.3 12.3 0
      vertex 8.49603 12.2904 0
    endloop
  endfacet
  facet normal 0 0 -1
    outer loop
      vertex 9.06537 12.1478 0
      vertex 8.3 12.3 0
      vertex 8.88057 12.2139 0
    endloop
  endfacet
  facet normal 0 0 -1
    outer loop
      vertex 9.41114 11.9629 0
      vertex 8.3 12.3 0
      vertex 9.24279 12.0638 0
    endloop
  endfacet
  facet normal 0 0 -1
    outer loop
      vertex 9.84602 11.5688 0
      vertex 8.3 12.3 0
      vertex 9.71421 11.7142 0
    endloop
  endfacet
  facet normal 0 0 -1
    outer loop
      vertex 10.0638 11.2428 0
      vertex 8.3 12.3 0
      vertex 9.96294 11.4111 0
    endloop
  endfacet
  facet normal 0 0 -1
    outer loop
      vertex 10.2616 10.6902 0
      vertex 8.3 12.3 0
      vertex 10.2139 10.8806 0
    endloop
  endfacet
  facet normal -0 0 -1
    outer loop
      vertex 10.3 10.3 0
      vertex 1.16116 5.7316 0
      vertex 8.3 12.3 0
    endloop
  endfacet
  facet normal 0 0 -1
    outer loop
      vertex 1.07178 5.90916 0
      vertex 8.3 12.3 0
      vertex 1.16116 5.7316 0
    endloop
  endfacet
  facet normal 0 0 -1
    outer loop
      vertex 0.973801 6.08212 0
      vertex 8.3 12.3 0
      vertex 1.07178 5.90916 0
    endloop
  endfacet
  facet normal 0 0 -1
    outer loop
      vertex 0.867452 6.25006 0
      vertex 8.3 12.3 0
      vertex 0.973801 6.08212 0
    endloop
  endfacet
  facet normal 0 0 -1
    outer loop
      vertex 0.75299 6.41258 0
      vertex 8.3 12.3 0
      vertex 0.867452 6.25006 0
    endloop
  endfacet
  facet normal 0 0 -1
    outer loop
      vertex 0.630692 6.56929 0
      vertex 8.3 12.3 0
      vertex 0.75299 6.41258 0
    endloop
  endfacet
  facet normal 0 0 -1
    outer loop
      vertex 0.500852 6.71981 0
      vertex 8.3 12.3 0
      vertex 0.630692 6.56929 0
    endloop
  endfacet
  facet normal 0 0 -1
    outer loop
      vertex 0.363782 6.86378 0
      vertex 8.3 12.3 0
      vertex 0.500852 6.71981 0
    endloop
  endfacet
  facet normal 0 0 -1
    outer loop
      vertex 0.219813 7.00085 0
      vertex 8.3 12.3 0
      vertex 0.363782 6.86378 0
    endloop
  endfacet
  facet normal 0 0 -1
    outer loop
      vertex 0.0692921 7.13069 0
      vertex 8.3 12.3 0
      vertex 0.219813 7.00085 0
    endloop
  endfacet
  facet normal 0 0 -1
    outer loop
      vertex -0.0874176 7.25299 0
      vertex 8.3 12.3 0
      vertex 0.0692921 7.13069 0
    endloop
  endfacet
  facet normal 0 0 -1
    outer loop
      vertex -0.24994 7.36745 0
      vertex 8.3 12.3 0
      vertex -0.0874176 7.25299 0
    endloop
  endfacet
  facet normal 0 0 -1
    outer loop
      vertex -0.417884 7.4738 0
      vertex 8.3 12.3 0
      vertex -0.24994 7.36745 0
    endloop
  endfacet
  facet normal 0 0 -1
    outer loop
      vertex -0.590843 7.57178 0
      vertex 8.3 12.3 0
      vertex -0.417884 7.4738 0
    endloop
  endfacet
  facet normal 0 0 -1
    outer loop
      vertex -0.768401 7.66116 0
      vertex 8.3 12.3 0
      vertex -0.590843 7.57178 0
    endloop
  endfacet
  facet normal 0 0 -1
    outer loop
      vertex -0.950131 7.74171 0
      vertex 8.3 12.3 0
      vertex -0.768401 7.66116 0
    endloop
  endfacet
  facet normal 0 0 -1
    outer loop
      vertex -1.1356 7.81325 0
      vertex 8.3 12.3 0
      vertex -0.950131 7.74171 0
    endloop
  endfacet
  facet normal 0 0 -1
    outer loop
      vertex -1.32435 7.87561 0
      vertex 8.3 12.3 0
      vertex -1.1356 7.81325 0
    endloop
  endfacet
  facet normal 0 0 -1
    outer loop
      vertex -1.51593 7.92863 0
      vertex 8.3 12.3 0
      vertex -1.32435 7.87561 0
    endloop
  endfacet
  facet normal 0 0 -1
    outer loop
      vertex -1.70988 7.97218 0
      vertex 8.3 12.3 0
      vertex -1.51593 7.92863 0
    endloop
  endfacet
  facet normal 0 0 -1
    outer loop
      vertex -8.3 12.3 0
      vertex -1.70988 7.97218 0
      vertex -1.90574 8.00616 0
    endloop
  endfacet
  facet normal 0 0 -1
    outer loop
      vertex -8.3 12.3 0
      vertex -1.90574 8.00616 0
      vertex -2.10303 8.0305 0
    endloop
  endfacet
  facet normal 0 0 -1
    outer loop
      vertex -8.3 12.3 0
      vertex -2.10303 8.0305 0
      vertex -2.30128 8.04512 0
    endloop
  endfacet
  facet normal 0 0 -1
    outer loop
      vertex -8.3 12.3 0
      vertex -2.30128 8.04512 0
      vertex -2.5 8.05 0
    endloop
  endfacet
  facet normal 0 0 -1
    outer loop
      vertex -8.3 12.3 0
      vertex -2.5 8.05 0
      vertex -2.69872 8.04512 0
    endloop
  endfacet
  facet normal 0 0 -1
    outer loop
      vertex -8.3 12.3 0
      vertex -2.69872 8.04512 0
      vertex -2.89697 8.0305 0
    endloop
  endfacet
  facet normal 0 0 -1
    outer loop
      vertex -8.3 12.3 0
      vertex -2.89697 8.0305 0
      vertex -3.09426 8.00616 0
    endloop
  endfacet
  facet normal 0 0 -1
    outer loop
      vertex -8.3 12.3 0
      vertex -3.09426 8.00616 0
      vertex -3.29012 7.97218 0
    endloop
  endfacet
  facet normal 0 0 -1
    outer loop
      vertex -8.3 12.3 0
      vertex -3.29012 7.97218 0
      vertex -3.48407 7.92863 0
    endloop
  endfacet
  facet normal 0 0 -1
    outer loop
      vertex -8.3 12.3 0
      vertex -3.48407 7.92863 0
      vertex -3.67565 7.87561 0
    endloop
  endfacet
  facet normal 0 0 -1
    outer loop
      vertex -8.3 12.3 0
      vertex -3.67565 7.87561 0
      vertex -3.8644 7.81325 0
    endloop
  endfacet
  facet normal 0 0 -1
    outer loop
      vertex -6.5305 3.60303 0
      vertex -10.3 10.3 0
      vertex -6.54512 3.80128 0
    endloop
  endfacet
  facet normal 0 0 -1
    outer loop
      vertex -6.54512 3.80128 0
      vertex -10.3 10.3 0
      vertex -6.55 4 0
    endloop
  endfacet
  facet normal 0 0 -1
    outer loop
      vertex -1.70988 7.97218 0
      vertex -8.3 12.3 0
      vertex 8.3 12.3 0
    endloop
  endfacet
  facet normal 0 0 -1
    outer loop
      vertex -4.04987 7.74171 0
      vertex -8.3 12.3 0
      vertex -3.8644 7.81325 0
    endloop
  endfacet
  facet normal 0 0 -1
    outer loop
      vertex -4.2316 7.66116 0
      vertex -8.3 12.3 0
      vertex -4.04987 7.74171 0
    endloop
  endfacet
  facet normal 0 0 -1
    outer loop
      vertex -4.40916 7.57178 0
      vertex -8.3 12.3 0
      vertex -4.2316 7.66116 0
    endloop
  endfacet
  facet normal 0 0 -1
    outer loop
      vertex -4.58212 7.4738 0
      vertex -8.3 12.3 0
      vertex -4.40916 7.57178 0
    endloop
  endfacet
  facet normal 0 0 -1
    outer loop
      vertex -4.75006 7.36745 0
      vertex -8.3 12.3 0
      vertex -4.58212 7.4738 0
    endloop
  endfacet
  facet normal 0 0 -1
    outer loop
      vertex -4.91258 7.25299 0
      vertex -8.3 12.3 0
      vertex -4.75006 7.36745 0
    endloop
  endfacet
  facet normal 0 0 -1
    outer loop
      vertex -5.06929 7.13069 0
      vertex -8.3 12.3 0
      vertex -4.91258 7.25299 0
    endloop
  endfacet
  facet normal 0 0 -1
    outer loop
      vertex -5.21981 7.00085 0
      vertex -8.3 12.3 0
      vertex -5.06929 7.13069 0
    endloop
  endfacet
  facet normal 0 0 -1
    outer loop
      vertex -10.3 10.3 0
      vertex -5.21981 7.00085 0
      vertex -5.36378 6.86378 0
    endloop
  endfacet
  facet normal 0 0 -1
    outer loop
      vertex -10.3 10.3 0
      vertex -5.36378 6.86378 0
      vertex -5.50085 6.71981 0
    endloop
  endfacet
  facet normal 0 0 -1
    outer loop
      vertex -10.3 10.3 0
      vertex -5.50085 6.71981 0
      vertex -5.63069 6.56929 0
    endloop
  endfacet
  facet normal 0 0 -1
    outer loop
      vertex -10.3 10.3 0
      vertex -5.63069 6.56929 0
      vertex -5.75299 6.41258 0
    endloop
  endfacet
  facet normal 0 0 -1
    outer loop
      vertex -10.3 10.3 0
      vertex -5.75299 6.41258 0
      vertex -5.86745 6.25006 0
    endloop
  endfacet
  facet normal 0 0 -1
    outer loop
      vertex -10.3 10.3 0
      vertex -5.86745 6.25006 0
      vertex -5.9738 6.08212 0
    endloop
  endfacet
  facet normal 0 0 -1
    outer loop
      vertex -10.3 10.3 0
      vertex -5.9738 6.08212 0
      vertex -6.07178 5.90916 0
    endloop
  endfacet
  facet normal 0 0 -1
    outer loop
      vertex -10.3 10.3 0
      vertex -6.07178 5.90916 0
      vertex -6.16116 5.7316 0
    endloop
  endfacet
  facet normal 0 0 -1
    outer loop
      vertex -10.3 10.3 0
      vertex -6.16116 5.7316 0
      vertex -6.24171 5.54987 0
    endloop
  endfacet
  facet normal 0 0 -1
    outer loop
      vertex -10.3 10.3 0
      vertex -6.24171 5.54987 0
      vertex -6.31325 5.3644 0
    endloop
  endfacet
  facet normal 0 0 -1
    outer loop
      vertex -10.3 10.3 0
      vertex -6.31325 5.3644 0
      vertex -6.37561 5.17565 0
    endloop
  endfacet
  facet normal 0 0 -1
    outer loop
      vertex -10.3 10.3 0
      vertex -6.37561 5.17565 0
      vertex -6.42863 4.98407 0
    endloop
  endfacet
  facet normal 0 0 -1
    outer loop
      vertex -10.3 10.3 0
      vertex -6.42863 4.98407 0
      vertex -6.47218 4.79012 0
    endloop
  endfacet
  facet normal 0 0 -1
    outer loop
      vertex -10.3 10.3 0
      vertex -6.47218 4.79012 0
      vertex -6.50616 4.59426 0
    endloop
  endfacet
  facet normal 0 0 -1
    outer loop
      vertex -10.3 10.3 0
      vertex -6.50616 4.59426 0
      vertex -6.5305 4.39697 0
    endloop
  endfacet
  facet normal 0 0 -1
    outer loop
      vertex -6.55 4 0
      vertex -10.3 10.3 0
      vertex -6.54512 4.19872 0
    endloop
  endfacet
  facet normal 0 0 -1
    outer loop
      vertex -10.3 -10.3 0
      vertex -8.3 -12.3 0
      vertex -8.49603 -12.2904 0
    endloop
  endfacet
  facet normal 0 0 -1
    outer loop
      vertex -6.54512 4.19872 0
      vertex -10.3 10.3 0
      vertex -6.5305 4.39697 0
    endloop
  endfacet
  facet normal 0 0 -1
    outer loop
      vertex -10.3 -10.3 0
      vertex -8.49603 -12.2904 0
      vertex -8.69018 -12.2616 0
    endloop
  endfacet
  facet normal 0 0 -1
    outer loop
      vertex -5.21981 7.00085 0
      vertex -10.3 10.3 0
      vertex -8.3 12.3 0
    endloop
  endfacet
  facet normal 0 0 -1
    outer loop
      vertex -10.3 -10.3 0
      vertex -8.69018 -12.2616 0
      vertex -8.88057 -12.2139 0
    endloop
  endfacet
  facet normal 0 0 -1
    outer loop
      vertex -8.3 12.3 0
      vertex -10.3 10.3 0
      vertex -8.49603 12.2904 0
    endloop
  endfacet
  facet normal 0 0 -1
    outer loop
      vertex -10.3 -10.3 0
      vertex -8.88057 -12.2139 0
      vertex -9.06537 -12.1478 0
    endloop
  endfacet
  facet normal 0 0 -1
    outer loop
      vertex -8.49603 12.2904 0
      vertex -10.3 10.3 0
      vertex -8.69018 12.2616 0
    endloop
  endfacet
  facet normal 0 0 -1
    outer loop
      vertex -10.3 -10.3 0
      vertex -9.06537 -12.1478 0
      vertex -9.24279 -12.0638 0
    endloop
  endfacet
  facet normal 0 0 -1
    outer loop
      vertex -8.69018 12.2616 0
      vertex -10.3 10.3 0
      vertex -8.88057 12.2139 0
    endloop
  endfacet
  facet normal 0 0 -1
    outer loop
      vertex -10.3 -10.3 0
      vertex -9.24279 -12.0638 0
      vertex -9.41114 -11.9629 0
    endloop
  endfacet
  facet normal 0 0 -1
    outer loop
      vertex -8.88057 12.2139 0
      vertex -10.3 10.3 0
      vertex -9.06537 12.1478 0
    endloop
  endfacet
  facet normal 0 0 -1
    outer loop
      vertex -10.3 -10.3 0
      vertex -9.41114 -11.9629 0
      vertex -9.56879 -11.846 0
    endloop
  endfacet
  facet normal 0 0 -1
    outer loop
      vertex -9.06537 12.1478 0
      vertex -10.3 10.3 0
      vertex -9.24279 12.0638 0
    endloop
  endfacet
  facet normal 0 0 -1
    outer loop
      vertex -10.3 -10.3 0
      vertex -9.56879 -11.846 0
      vertex -9.71421 -11.7142 0
    endloop
  endfacet
  facet normal 0 0 -1
    outer loop
      vertex -9.24279 12.0638 0
      vertex -10.3 10.3 0
      vertex -9.41114 11.9629 0
    endloop
  endfacet
  facet normal 0 0 -1
    outer loop
      vertex -10.3 -10.3 0
      vertex -9.71421 -11.7142 0
      vertex -9.84602 -11.5688 0
    endloop
  endfacet
  facet normal 0 0 -1
    outer loop
      vertex -9.41114 11.9629 0
      vertex -10.3 10.3 0
      vertex -9.56879 11.846 0
    endloop
  endfacet
  facet normal 0 0 -1
    outer loop
      vertex -10.3 -10.3 0
      vertex -9.84602 -11.5688 0
      vertex -9.96294 -11.4111 0
    endloop
  endfacet
  facet normal 0 0 -1
    outer loop
      vertex -9.56879 11.846 0
      vertex -10.3 10.3 0
      vertex -9.71421 11.7142 0
    endloop
  endfacet
  facet normal 0 0 -1
    outer loop
      vertex -10.3 -10.3 0
      vertex -9.96294 -11.4111 0
      vertex -10.0638 -11.2428 0
    endloop
  endfacet
  facet normal 0 0 -1
    outer loop
      vertex -9.71421 11.7142 0
      vertex -10.3 10.3 0
      vertex -9.84602 11.5688 0
    endloop
  endfacet
  facet normal 0 0 -1
    outer loop
      vertex -10.3 -10.3 0
      vertex -10.0638 -11.2428 0
      vertex -10.1478 -11.0654 0
    endloop
  endfacet
  facet normal 0 0 -1
    outer loop
      vertex -9.84602 11.5688 0
      vertex -10.3 10.3 0
      vertex -9.96294 11.4111 0
    endloop
  endfacet
  facet normal 0 0 -1
    outer loop
      vertex -10.3 -10.3 0
      vertex -10.1478 -11.0654 0
      vertex -10.2139 -10.8806 0
    endloop
  endfacet
  facet normal 0 0 -1
    outer loop
      vertex -9.96294 11.4111 0
      vertex -10.3 10.3 0
      vertex -10.0638 11.2428 0
    endloop
  endfacet
  facet normal 0 0 -1
    outer loop
      vertex -10.3 -10.3 0
      vertex -10.2139 -10.8806 0
      vertex -10.2616 -10.6902 0
    endloop
  endfacet
  facet normal 0 0 -1
    outer loop
      vertex -10.0638 11.2428 0
      vertex -10.3 10.3 0
      vertex -10.1478 11.0654 0
    endloop
  endfacet
  facet normal 0 0 -1
    outer loop
      vertex -10.3 -10.3 0
      vertex -10.2616 -10.6902 0
      vertex -10.2904 -10.496 0
    endloop
  endfacet
  facet normal 0 0 -1
    outer loop
      vertex -10.1478 11.0654 0
      vertex -10.3 10.3 0
      vertex -10.2139 10.8806 0
    endloop
  endfacet
  facet normal 0 0 -1
    outer loop
      vertex -10.2139 10.8806 0
      vertex -10.3 10.3 0
      vertex -10.2616 10.6902 0
    endloop
  endfacet
  facet normal 0 0 -1
    outer loop
      vertex -10.2616 10.6902 0
      vertex -10.3 10.3 0
      vertex -10.2904 10.496 0
    endloop
  endfacet
  facet normal -1 0 0
    outer loop
      vertex 7.3 -9.3 2
      vertex 7.3 9.3 22
      vertex 7.3 9.3 2
    endloop
  endfacet
  facet normal -1 -0 0
    outer loop
      vertex 7.3 9.3 22
      vertex 7.3 -9.3 2
      vertex 7.3 -9.3 22
    endloop
  endfacet
  facet normal 0 0 1
    outer loop
      vertex 7.3 9.3 2
      vertex 7.25 6 2
      vertex 7.3 -9.3 2
    endloop
  endfacet
  facet normal 0 0 1
    outer loop
      vertex 7.3 9.3 2
      vertex 7.24119 6.19885 2
      vertex 7.25 6 2
    endloop
  endfacet
  facet normal 0 0 1
    outer loop
      vertex 7.3 9.3 2
      vertex 7.21485 6.39615 2
      vertex 7.24119 6.19885 2
    endloop
  endfacet
  facet normal 0 0 1
    outer loop
      vertex 7.3 9.3 2
      vertex 7.17117 6.59035 2
      vertex 7.21485 6.39615 2
    endloop
  endfacet
  facet normal 0 0 1
    outer loop
      vertex 7.3 9.3 2
      vertex 7.1105 6.77993 2
      vertex 7.17117 6.59035 2
    endloop
  endfacet
  facet normal 0 0 1
    outer loop
      vertex 7.3 9.3 2
      vertex 7.03331 6.9634 2
      vertex 7.1105 6.77993 2
    endloop
  endfacet
  facet normal 0 0 1
    outer loop
      vertex 7.3 9.3 2
      vertex 6.94021 7.13934 2
      vertex 7.03331 6.9634 2
    endloop
  endfacet
  facet normal 0 0 1
    outer loop
      vertex 7.3 9.3 2
      vertex 6.83192 7.30636 2
      vertex 6.94021 7.13934 2
    endloop
  endfacet
  facet normal 0 0 1
    outer loop
      vertex 7.3 9.3 2
      vertex 6.7093 7.46315 2
      vertex 6.83192 7.30636 2
    endloop
  endfacet
  facet normal 0 0 1
    outer loop
      vertex 7.3 9.3 2
      vertex 6.57329 7.60849 2
      vertex 6.7093 7.46315 2
    endloop
  endfacet
  facet normal 0 0 1
    outer loop
      vertex 7.3 9.3 2
      vertex 6.42498 7.74125 2
      vertex 6.57329 7.60849 2
    endloop
  endfacet
  facet normal 0 0 1
    outer loop
      vertex 7.3 9.3 2
      vertex 6.26551 7.86037 2
      vertex 6.42498 7.74125 2
    endloop
  endfacet
  facet normal 0 0 1
    outer loop
      vertex 7.3 9.3 2
      vertex 6.09614 7.96494 2
      vertex 6.26551 7.86037 2
    endloop
  endfacet
  facet normal 0 0 1
    outer loop
      vertex 7.3 9.3 2
      vertex 5.91819 8.05412 2
      vertex 6.09614 7.96494 2
    endloop
  endfacet
  facet normal 0 0 1
    outer loop
      vertex 7.3 9.3 2
      vertex 5.73305 8.12724 2
      vertex 5.91819 8.05412 2
    endloop
  endfacet
  facet normal 0 0 1
    outer loop
      vertex 7.3 9.3 2
      vertex 5.54218 8.1837 2
      vertex 5.73305 8.12724 2
    endloop
  endfacet
  facet normal 0 0 1
    outer loop
      vertex 7.3 9.3 2
      vertex 5.34706 8.22307 2
      vertex 5.54218 8.1837 2
    endloop
  endfacet
  facet normal 0 0 1
    outer loop
      vertex 7.3 9.3 2
      vertex 5.14923 8.24505 2
      vertex 5.34706 8.22307 2
    endloop
  endfacet
  facet normal 0 0 1
    outer loop
      vertex 7.3 9.3 2
      vertex 4.95022 8.24945 2
      vertex 5.14923 8.24505 2
    endloop
  endfacet
  facet normal 0 0 1
    outer loop
      vertex 7.3 9.3 2
      vertex 4.75161 8.23625 2
      vertex 4.95022 8.24945 2
    endloop
  endfacet
  facet normal -0 0 1
    outer loop
      vertex 1.62384 9.21694 2
      vertex 4.75161 8.23625 2
      vertex 7.3 9.3 2
    endloop
  endfacet
  facet normal -0 -0 1
    outer loop
      vertex 1.77879 9.09062 2
      vertex 4.75161 8.23625 2
      vertex 1.62384 9.21694 2
    endloop
  endfacet
  facet normal -0 -0 1
    outer loop
      vertex 1.92987 8.95971 2
      vertex 4.55494 8.20554 2
      vertex 1.77879 9.09062 2
    endloop
  endfacet
  facet normal 0 0 1
    outer loop
      vertex 3.22766 7.38611 2
      vertex 3.19988 7.42548 2
      vertex 3.22495 7.38231 2
    endloop
  endfacet
  facet normal 0 0 1
    outer loop
      vertex 3.3571 7.53732 2
      vertex 3.19988 7.42548 2
      vertex 3.22766 7.38611 2
    endloop
  endfacet
  facet normal -0 0 1
    outer loop
      vertex 3.09434 7.59526 2
      vertex 3.3571 7.53732 2
      vertex 3.49939 7.67651 2
    endloop
  endfacet
  facet normal 0 0 1
    outer loop
      vertex 3.3571 7.53732 2
      vertex 3.09434 7.59526 2
      vertex 3.19988 7.42548 2
    endloop
  endfacet
  facet normal -0 0 1
    outer loop
      vertex 2.98374 7.76179 2
      vertex 3.49939 7.67651 2
      vertex 3.65344 7.80257 2
    endloop
  endfacet
  facet normal 0 0 1
    outer loop
      vertex 2.74778 8.08451 2
      vertex 3.65344 7.80257 2
      vertex 3.81802 7.91453 2
    endloop
  endfacet
  facet normal 0 0 1
    outer loop
      vertex 2.62264 8.24041 2
      vertex 3.81802 7.91453 2
      vertex 3.99185 8.0115 2
    endloop
  endfacet
  facet normal 0 0 1
    outer loop
      vertex 3.49939 7.67651 2
      vertex 2.98374 7.76179 2
      vertex 3.09434 7.59526 2
    endloop
  endfacet
  facet normal 0 0 1
    outer loop
      vertex 2.49286 8.39247 2
      vertex 3.99185 8.0115 2
      vertex 4.17357 8.09273 2
    endloop
  endfacet
  facet normal -0 -0 1
    outer loop
      vertex 2.07695 8.82431 2
      vertex 4.55494 8.20554 2
      vertex 1.92987 8.95971 2
    endloop
  endfacet
  facet normal 0 0 1
    outer loop
      vertex 3.65344 7.80257 2
      vertex 2.86819 7.92493 2
      vertex 2.98374 7.76179 2
    endloop
  endfacet
  facet normal 0 0 1
    outer loop
      vertex 3.65344 7.80257 2
      vertex 2.74778 8.08451 2
      vertex 2.86819 7.92493 2
    endloop
  endfacet
  facet normal 0 0 1
    outer loop
      vertex 3.81802 7.91453 2
      vertex 2.62264 8.24041 2
      vertex 2.74778 8.08451 2
    endloop
  endfacet
  facet normal 0 0 1
    outer loop
      vertex 3.99185 8.0115 2
      vertex 2.49286 8.39247 2
      vertex 2.62264 8.24041 2
    endloop
  endfacet
  facet normal 0 0 1
    outer loop
      vertex 4.17357 8.09273 2
      vertex 2.35857 8.54057 2
      vertex 2.49286 8.39247 2
    endloop
  endfacet
  facet normal 0 0 1
    outer loop
      vertex 4.36176 8.15758 2
      vertex 2.35857 8.54057 2
      vertex 4.17357 8.09273 2
    endloop
  endfacet
  facet normal -0 -0 1
    outer loop
      vertex 2.35857 8.54057 2
      vertex 4.36176 8.15758 2
      vertex 2.2199 8.68456 2
    endloop
  endfacet
  facet normal -0 -0 1
    outer loop
      vertex 2.2199 8.68456 2
      vertex 4.36176 8.15758 2
      vertex 2.07695 8.82431 2
    endloop
  endfacet
  facet normal 0 0 1
    outer loop
      vertex 4.55494 8.20554 2
      vertex 2.07695 8.82431 2
      vertex 4.36176 8.15758 2
    endloop
  endfacet
  facet normal 0 0 1
    outer loop
      vertex 4.75161 8.23625 2
      vertex 1.77879 9.09062 2
      vertex 4.55494 8.20554 2
    endloop
  endfacet
  facet normal 0 -0 1
    outer loop
      vertex 1.62384 9.21694 2
      vertex 7.3 9.3 2
      vertex 1.51545 9.3 2
    endloop
  endfacet
  facet normal -0 0 1
    outer loop
      vertex 7.24119 5.80114 2
      vertex 7.3 -9.3 2
      vertex 7.25 6 2
    endloop
  endfacet
  facet normal -0 0 1
    outer loop
      vertex 7.21485 5.60385 2
      vertex 7.3 -9.3 2
      vertex 7.24119 5.80114 2
    endloop
  endfacet
  facet normal -0 0 1
    outer loop
      vertex 7.17117 5.40965 2
      vertex 7.3 -9.3 2
      vertex 7.21485 5.60385 2
    endloop
  endfacet
  facet normal -0 0 1
    outer loop
      vertex 7.1105 5.22007 2
      vertex 7.3 -9.3 2
      vertex 7.17117 5.40965 2
    endloop
  endfacet
  facet normal -0 0 1
    outer loop
      vertex 7.03331 5.03659 2
      vertex 7.3 -9.3 2
      vertex 7.1105 5.22007 2
    endloop
  endfacet
  facet normal -0 0 1
    outer loop
      vertex 6.94021 4.86066 2
      vertex 7.3 -9.3 2
      vertex 7.03331 5.03659 2
    endloop
  endfacet
  facet normal -0 0 1
    outer loop
      vertex 6.83192 4.69364 2
      vertex 7.3 -9.3 2
      vertex 6.94021 4.86066 2
    endloop
  endfacet
  facet normal -0 0 1
    outer loop
      vertex 6.7093 4.53685 2
      vertex 7.3 -9.3 2
      vertex 6.83192 4.69364 2
    endloop
  endfacet
  facet normal -0 0 1
    outer loop
      vertex 6.57329 4.39151 2
      vertex 7.3 -9.3 2
      vertex 6.7093 4.53685 2
    endloop
  endfacet
  facet normal -0 0 1
    outer loop
      vertex 6.42498 4.25875 2
      vertex 7.3 -9.3 2
      vertex 6.57329 4.39151 2
    endloop
  endfacet
  facet normal -0 0 1
    outer loop
      vertex 6.26551 4.13963 2
      vertex 7.3 -9.3 2
      vertex 6.42498 4.25875 2
    endloop
  endfacet
  facet normal 0 0 1
    outer loop
      vertex 3.48523 1.10181 2
      vertex 6.26551 4.13963 2
      vertex 6.09614 4.03506 2
    endloop
  endfacet
  facet normal 0 0 1
    outer loop
      vertex 3.64857 1.4667 2
      vertex 6.09614 4.03506 2
      vertex 5.91819 3.94587 2
    endloop
  endfacet
  facet normal 0 0 1
    outer loop
      vertex 3.78968 1.84075 2
      vertex 5.91819 3.94587 2
      vertex 5.73305 3.87276 2
    endloop
  endfacet
  facet normal 0 0 1
    outer loop
      vertex 3.85175 2.03078 2
      vertex 5.73305 3.87276 2
      vertex 5.54218 3.8163 2
    endloop
  endfacet
  facet normal 0 0 1
    outer loop
      vertex 3.9586 2.41602 2
      vertex 5.54218 3.8163 2
      vertex 5.34706 3.77693 2
    endloop
  endfacet
  facet normal 0 0 1
    outer loop
      vertex 4.00329 2.61087 2
      vertex 5.34706 3.77693 2
      vertex 5.14923 3.75495 2
    endloop
  endfacet
  facet normal 0 0 1
    outer loop
      vertex 4.04211 2.80698 2
      vertex 5.14923 3.75495 2
      vertex 4.95022 3.75055 2
    endloop
  endfacet
  facet normal 0 0 1
    outer loop
      vertex 4.10198 3.20225 2
      vertex 4.95022 3.75055 2
      vertex 4.75161 3.76375 2
    endloop
  endfacet
  facet normal 0 0 1
    outer loop
      vertex 4.12297 3.40105 2
      vertex 4.75161 3.76375 2
      vertex 4.55494 3.79445 2
    endloop
  endfacet
  facet normal 0 0 1
    outer loop
      vertex 4.13798 3.6004 2
      vertex 4.55494 3.79445 2
      vertex 4.36176 3.84242 2
    endloop
  endfacet
  facet normal 0 0 1
    outer loop
      vertex 4.14699 3.80011 2
      vertex 4.36176 3.84242 2
      vertex 4.17357 3.90727 2
    endloop
  endfacet
  facet normal 0 0 1
    outer loop
      vertex 4.14699 3.80011 2
      vertex 4.17357 3.90727 2
      vertex 4.14877 3.91836 2
    endloop
  endfacet
  facet normal 0 0 1
    outer loop
      vertex 4.36176 3.84242 2
      vertex 4.14699 3.80011 2
      vertex 4.13798 3.6004 2
    endloop
  endfacet
  facet normal 0 0 1
    outer loop
      vertex 4.55494 3.79445 2
      vertex 4.13798 3.6004 2
      vertex 4.12297 3.40105 2
    endloop
  endfacet
  facet normal 0 0 1
    outer loop
      vertex 4.75161 3.76375 2
      vertex 4.12297 3.40105 2
      vertex 4.10198 3.20225 2
    endloop
  endfacet
  facet normal 0 0 1
    outer loop
      vertex 4.95022 3.75055 2
      vertex 4.10198 3.20225 2
      vertex 4.07501 3.00416 2
    endloop
  endfacet
  facet normal 0 0 1
    outer loop
      vertex 4.95022 3.75055 2
      vertex 4.07501 3.00416 2
      vertex 4.04211 2.80698 2
    endloop
  endfacet
  facet normal 0 0 1
    outer loop
      vertex 5.14923 3.75495 2
      vertex 4.04211 2.80698 2
      vertex 4.00329 2.61087 2
    endloop
  endfacet
  facet normal 0 0 1
    outer loop
      vertex 5.34706 3.77693 2
      vertex 4.00329 2.61087 2
      vertex 3.9586 2.41602 2
    endloop
  endfacet
  facet normal 0 0 1
    outer loop
      vertex 5.54218 3.8163 2
      vertex 3.9586 2.41602 2
      vertex 3.90807 2.2226 2
    endloop
  endfacet
  facet normal 0 0 1
    outer loop
      vertex 5.54218 3.8163 2
      vertex 3.90807 2.2226 2
      vertex 3.85175 2.03078 2
    endloop
  endfacet
  facet normal 0 0 1
    outer loop
      vertex 5.73305 3.87276 2
      vertex 3.85175 2.03078 2
      vertex 3.78968 1.84075 2
    endloop
  endfacet
  facet normal 0 0 1
    outer loop
      vertex 5.91819 3.94587 2
      vertex 3.78968 1.84075 2
      vertex 3.72194 1.65267 2
    endloop
  endfacet
  facet normal 0 0 1
    outer loop
      vertex 5.91819 3.94587 2
      vertex 3.72194 1.65267 2
      vertex 3.64857 1.4667 2
    endloop
  endfacet
  facet normal 0 0 1
    outer loop
      vertex 6.09614 4.03506 2
      vertex 3.64857 1.4667 2
      vertex 3.56964 1.28303 2
    endloop
  endfacet
  facet normal 0 0 1
    outer loop
      vertex 6.09614 4.03506 2
      vertex 3.56964 1.28303 2
      vertex 3.48523 1.10181 2
    endloop
  endfacet
  facet normal 0 0 1
    outer loop
      vertex 6.26551 4.13963 2
      vertex 3.48523 1.10181 2
      vertex 7.3 -9.3 2
    endloop
  endfacet
  facet normal -0 0 1
    outer loop
      vertex 3.39541 0.923216 2
      vertex 7.3 -9.3 2
      vertex 3.48523 1.10181 2
    endloop
  endfacet
  facet normal -0 0 1
    outer loop
      vertex 3.30027 0.747398 2
      vertex 7.3 -9.3 2
      vertex 3.39541 0.923216 2
    endloop
  endfacet
  facet normal -0 0 1
    outer loop
      vertex 3.19988 0.57452 2
      vertex 7.3 -9.3 2
      vertex 3.30027 0.747398 2
    endloop
  endfacet
  facet normal -0 0 1
    outer loop
      vertex 3.09434 0.404738 2
      vertex 7.3 -9.3 2
      vertex 3.19988 0.57452 2
    endloop
  endfacet
  facet normal -0 0 1
    outer loop
      vertex 2.98374 0.238205 2
      vertex 7.3 -9.3 2
      vertex 3.09434 0.404738 2
    endloop
  endfacet
  facet normal -0 0 1
    outer loop
      vertex 2.86819 0.0750713 2
      vertex 7.3 -9.3 2
      vertex 2.98374 0.238205 2
    endloop
  endfacet
  facet normal -0 0 1
    outer loop
      vertex 2.74778 -0.0845137 2
      vertex 7.3 -9.3 2
      vertex 2.86819 0.0750713 2
    endloop
  endfacet
  facet normal -0 0 1
    outer loop
      vertex 2.62264 -0.240409 2
      vertex 7.3 -9.3 2
      vertex 2.74778 -0.0845137 2
    endloop
  endfacet
  facet normal -0 0 1
    outer loop
      vertex 2.49286 -0.392472 2
      vertex 7.3 -9.3 2
      vertex 2.62264 -0.240409 2
    endloop
  endfacet
  facet normal -0 0 1
    outer loop
      vertex 2.35857 -0.540565 2
      vertex 7.3 -9.3 2
      vertex 2.49286 -0.392472 2
    endloop
  endfacet
  facet normal -0 0 1
    outer loop
      vertex 2.2199 -0.684556 2
      vertex 7.3 -9.3 2
      vertex 2.35857 -0.540565 2
    endloop
  endfacet
  facet normal -0 0 1
    outer loop
      vertex 2.07695 -0.824312 2
      vertex 7.3 -9.3 2
      vertex 2.2199 -0.684556 2
    endloop
  endfacet
  facet normal -0 0 1
    outer loop
      vertex 1.92987 -0.959709 2
      vertex 7.3 -9.3 2
      vertex 2.07695 -0.824312 2
    endloop
  endfacet
  facet normal -0 0 1
    outer loop
      vertex 1.77879 -1.09062 2
      vertex 7.3 -9.3 2
      vertex 1.92987 -0.959709 2
    endloop
  endfacet
  facet normal -0 0 1
    outer loop
      vertex 1.62384 -1.21694 2
      vertex 7.3 -9.3 2
      vertex 1.77879 -1.09062 2
    endloop
  endfacet
  facet normal -0 0 1
    outer loop
      vertex 1.46516 -1.33854 2
      vertex 7.3 -9.3 2
      vertex 1.62384 -1.21694 2
    endloop
  endfacet
  facet normal -0 0 1
    outer loop
      vertex 1.3029 -1.45531 2
      vertex 7.3 -9.3 2
      vertex 1.46516 -1.33854 2
    endloop
  endfacet
  facet normal -0 0 1
    outer loop
      vertex 1.13721 -1.56716 2
      vertex 7.3 -9.3 2
      vertex 1.3029 -1.45531 2
    endloop
  endfacet
  facet normal -0 0 1
    outer loop
      vertex 0.968221 -1.67397 2
      vertex 7.3 -9.3 2
      vertex 1.13721 -1.56716 2
    endloop
  endfacet
  facet normal -0 0 1
    outer loop
      vertex 0.796102 -1.77566 2
      vertex 7.3 -9.3 2
      vertex 0.968221 -1.67397 2
    endloop
  endfacet
  facet normal -0 0 1
    outer loop
      vertex 0.621005 -1.87212 2
      vertex 7.3 -9.3 2
      vertex 0.796102 -1.77566 2
    endloop
  endfacet
  facet normal -0 0 1
    outer loop
      vertex 0.443087 -1.96328 2
      vertex 7.3 -9.3 2
      vertex 0.621005 -1.87212 2
    endloop
  endfacet
  facet normal -0 0 1
    outer loop
      vertex 0.262509 -2.04905 2
      vertex 7.3 -9.3 2
      vertex 0.443087 -1.96328 2
    endloop
  endfacet
  facet normal -0 0 1
    outer loop
      vertex 0.0794353 -2.12936 2
      vertex 7.3 -9.3 2
      vertex 0.262509 -2.04905 2
    endloop
  endfacet
  facet normal -0 0 1
    outer loop
      vertex -0.105968 -2.20412 2
      vertex 7.3 -9.3 2
      vertex 0.0794353 -2.12936 2
    endloop
  endfacet
  facet normal -0 0 1
    outer loop
      vertex -0.293538 -2.27328 2
      vertex 7.3 -9.3 2
      vertex -0.105968 -2.20412 2
    endloop
  endfacet
  facet normal -0 0 1
    outer loop
      vertex -0.4831 -2.33677 2
      vertex 7.3 -9.3 2
      vertex -0.293538 -2.27328 2
    endloop
  endfacet
  facet normal -0 0 1
    outer loop
      vertex -0.674486 -2.39453 2
      vertex 7.3 -9.3 2
      vertex -0.4831 -2.33677 2
    endloop
  endfacet
  facet normal -0 0 1
    outer loop
      vertex -0.867521 -2.44651 2
      vertex 7.3 -9.3 2
      vertex -0.674486 -2.39453 2
    endloop
  endfacet
  facet normal -0 0 1
    outer loop
      vertex -1.06203 -2.49267 2
      vertex 7.3 -9.3 2
      vertex -0.867521 -2.44651 2
    endloop
  endfacet
  facet normal -0 0 1
    outer loop
      vertex -1.25784 -2.53296 2
      vertex 7.3 -9.3 2
      vertex -1.06203 -2.49267 2
    endloop
  endfacet
  facet normal 0 0 1
    outer loop
      vertex -7.3 -9.3 2
      vertex -1.25784 -2.53296 2
      vertex -1.45477 -2.56734 2
    endloop
  endfacet
  facet normal 0 0 1
    outer loop
      vertex -7.3 -9.3 2
      vertex -1.45477 -2.56734 2
      vertex -1.65265 -2.59579 2
    endloop
  endfacet
  facet normal 0 0 1
    outer loop
      vertex -7.3 -9.3 2
      vertex -1.65265 -2.59579 2
      vertex -1.85129 -2.61828 2
    endloop
  endfacet
  facet normal 0 0 1
    outer loop
      vertex -7.3 -9.3 2
      vertex -1.85129 -2.61828 2
      vertex -2.05052 -2.63479 2
    endloop
  endfacet
  facet normal 0 0 1
    outer loop
      vertex -7.3 -9.3 2
      vertex -2.05052 -2.63479 2
      vertex -2.25016 -2.6453 2
    endloop
  endfacet
  facet normal 0 0 1
    outer loop
      vertex -7.3 -9.3 2
      vertex -2.25016 -2.6453 2
      vertex -2.45002 -2.64981 2
    endloop
  endfacet
  facet normal 0 0 1
    outer loop
      vertex -7.3 -9.3 2
      vertex -2.45002 -2.64981 2
      vertex -2.64993 -2.64831 2
    endloop
  endfacet
  facet normal 0 0 1
    outer loop
      vertex -7.3 -9.3 2
      vertex -2.64993 -2.64831 2
      vertex -2.8497 -2.6408 2
    endloop
  endfacet
  facet normal 0 0 1
    outer loop
      vertex -7.3 -9.3 2
      vertex -2.8497 -2.6408 2
      vertex -3.04915 -2.62729 2
    endloop
  endfacet
  facet normal 0 0 1
    outer loop
      vertex -7.3 -9.3 2
      vertex -3.04915 -2.62729 2
      vertex -3.24811 -2.60779 2
    endloop
  endfacet
  facet normal 0 0 1
    outer loop
      vertex -7.3 -9.3 2
      vertex -3.24811 -2.60779 2
      vertex -3.44639 -2.58231 2
    endloop
  endfacet
  facet normal 0 0 1
    outer loop
      vertex -7.3 -9.3 2
      vertex -3.44639 -2.58231 2
      vertex -3.64382 -2.55089 2
    endloop
  endfacet
  facet normal 0 0 1
    outer loop
      vertex -7.3 -9.3 2
      vertex -3.64382 -2.55089 2
      vertex -3.84021 -2.51355 2
    endloop
  endfacet
  facet normal 0 0 1
    outer loop
      vertex -7.3 -9.3 2
      vertex -3.84021 -2.51355 2
      vertex -4.0354 -2.47032 2
    endloop
  endfacet
  facet normal 0 0 1
    outer loop
      vertex -7.3 -9.3 2
      vertex -4.0354 -2.47032 2
      vertex -4.22919 -2.42125 2
    endloop
  endfacet
  facet normal 0 0 1
    outer loop
      vertex -7.3 -9.3 2
      vertex -4.22919 -2.42125 2
      vertex -4.42142 -2.36637 2
    endloop
  endfacet
  facet normal 0 0 1
    outer loop
      vertex -7.3 -9.3 2
      vertex -4.42142 -2.36637 2
      vertex -4.61192 -2.30573 2
    endloop
  endfacet
  facet normal 0 0 1
    outer loop
      vertex -7.3 -9.3 2
      vertex -4.61192 -2.30573 2
      vertex -4.80051 -2.2394 2
    endloop
  endfacet
  facet normal 0 0 1
    outer loop
      vertex -7.3 -9.3 2
      vertex -4.80051 -2.2394 2
      vertex -4.98701 -2.16743 2
    endloop
  endfacet
  facet normal 0 0 1
    outer loop
      vertex -7.3 -9.3 2
      vertex -4.98701 -2.16743 2
      vertex -5.17127 -2.08989 2
    endloop
  endfacet
  facet normal 0 0 1
    outer loop
      vertex -7.3 -9.3 2
      vertex -5.17127 -2.08989 2
      vertex -5.35312 -2.00685 2
    endloop
  endfacet
  facet normal 0 0 1
    outer loop
      vertex -7.3 -9.3 2
      vertex -5.35312 -2.00685 2
      vertex -5.53239 -1.91837 2
    endloop
  endfacet
  facet normal 0 0 1
    outer loop
      vertex -7.3 -9.3 2
      vertex -5.53239 -1.91837 2
      vertex -5.70892 -1.82455 2
    endloop
  endfacet
  facet normal 0 0 1
    outer loop
      vertex -7.3 -9.3 2
      vertex -5.70892 -1.82455 2
      vertex -5.88254 -1.72546 2
    endloop
  endfacet
  facet normal 0 0 1
    outer loop
      vertex -1.25784 -2.53296 2
      vertex -7.3 -9.3 2
      vertex 7.3 -9.3 2
    endloop
  endfacet
  facet normal 0 0 1
    outer loop
      vertex -6.05311 -1.6212 2
      vertex -7.3 -9.3 2
      vertex -5.88254 -1.72546 2
    endloop
  endfacet
  facet normal 0 0 1
    outer loop
      vertex -6.22047 -1.51186 2
      vertex -7.3 -9.3 2
      vertex -6.05311 -1.6212 2
    endloop
  endfacet
  facet normal 0 0 1
    outer loop
      vertex -6.38447 -1.39753 2
      vertex -7.3 -9.3 2
      vertex -6.22047 -1.51186 2
    endloop
  endfacet
  facet normal 0 0 1
    outer loop
      vertex -6.54496 -1.27833 2
      vertex -7.3 -9.3 2
      vertex -6.38447 -1.39753 2
    endloop
  endfacet
  facet normal 0 0 1
    outer loop
      vertex -6.70179 -1.15436 2
      vertex -7.3 -9.3 2
      vertex -6.54496 -1.27833 2
    endloop
  endfacet
  facet normal 0 0 1
    outer loop
      vertex -6.85482 -1.02573 2
      vertex -7.3 -9.3 2
      vertex -6.70179 -1.15436 2
    endloop
  endfacet
  facet normal 0 0 1
    outer loop
      vertex -7.00392 -0.892564 2
      vertex -7.3 -9.3 2
      vertex -6.85482 -1.02573 2
    endloop
  endfacet
  facet normal 0 0 1
    outer loop
      vertex -7.14895 -0.754972 2
      vertex -7.3 -9.3 2
      vertex -7.00392 -0.892564 2
    endloop
  endfacet
  facet normal 0 0 1
    outer loop
      vertex -7.28978 -0.613082 2
      vertex -7.3 -9.3 2
      vertex -7.14895 -0.754972 2
    endloop
  endfacet
  facet normal 0 0 1
    outer loop
      vertex -7.3 -9.3 2
      vertex -7.28978 -0.613082 2
      vertex -7.3 -0.602144 2
    endloop
  endfacet
  facet normal -0 0 1
    outer loop
      vertex -7.3 9.3 2
      vertex -6.54496 9.27833 2
      vertex -6.51579 9.3 2
    endloop
  endfacet
  facet normal 0 0 1
    outer loop
      vertex -7.3 9.3 2
      vertex -6.70179 9.15436 2
      vertex -6.54496 9.27833 2
    endloop
  endfacet
  facet normal 0 0 1
    outer loop
      vertex -7.3 9.3 2
      vertex -6.85482 9.02573 2
      vertex -6.70179 9.15436 2
    endloop
  endfacet
  facet normal 0 0 1
    outer loop
      vertex -7.3 9.3 2
      vertex -7.00392 8.89256 2
      vertex -6.85482 9.02573 2
    endloop
  endfacet
  facet normal 0 0 1
    outer loop
      vertex -7.3 9.3 2
      vertex -7.14895 8.75497 2
      vertex -7.00392 8.89256 2
    endloop
  endfacet
  facet normal 0 0 1
    outer loop
      vertex -7.3 9.3 2
      vertex -7.28978 8.61308 2
      vertex -7.14895 8.75497 2
    endloop
  endfacet
  facet normal 0 0 1
    outer loop
      vertex -7.28978 8.61308 2
      vertex -7.3 9.3 2
      vertex -7.3 8.60214 2
    endloop
  endfacet
  facet normal 1 0 0
    outer loop
      vertex -7.3 2.43393 22
      vertex -7.3 -0.602144 19
      vertex -7.3 2.43393 19
    endloop
  endfacet
  facet normal 1 -0 0
    outer loop
      vertex -7.3 -9.3 22
      vertex -7.3 -0.602144 19
      vertex -7.3 2.43393 22
    endloop
  endfacet
  facet normal 1 0 0
    outer loop
      vertex -7.3 -9.3 2
      vertex -7.3 -0.602144 19
      vertex -7.3 -9.3 22
    endloop
  endfacet
  facet normal 1 0 0
    outer loop
      vertex -7.3 -0.602144 19
      vertex -7.3 -9.3 2
      vertex -7.3 -0.602144 2
    endloop
  endfacet
  facet normal 1 0 0
    outer loop
      vertex -7.3 9.3 22
      vertex -7.3 8.60214 19
      vertex -7.3 9.3 2
    endloop
  endfacet
  facet normal 1 -0 0
    outer loop
      vertex -7.3 5.56607 22
      vertex -7.3 8.60214 19
      vertex -7.3 9.3 22
    endloop
  endfacet
  facet normal 1 0 0
    outer loop
      vertex -7.3 8.60214 19
      vertex -7.3 5.56607 22
      vertex -7.3 5.56607 19
    endloop
  endfacet
  facet normal 1 0 0
    outer loop
      vertex -7.3 9.3 2
      vertex -7.3 8.60214 19
      vertex -7.3 8.60214 2
    endloop
  endfacet
  facet normal 0 -1 0
    outer loop
      vertex 1.51545 9.3 19
      vertex -7.3 9.3 22
      vertex -6.51579 9.3 19
    endloop
  endfacet
  facet normal 0 -1 0
    outer loop
      vertex -7.3 9.3 2
      vertex -6.51579 9.3 19
      vertex -7.3 9.3 22
    endloop
  endfacet
  facet normal 0 -1 -0
    outer loop
      vertex -6.51579 9.3 19
      vertex -7.3 9.3 2
      vertex -6.51579 9.3 2
    endloop
  endfacet
  facet normal 0 -1 0
    outer loop
      vertex -7.3 9.3 22
      vertex 1.51545 9.3 19
      vertex 7.3 9.3 22
    endloop
  endfacet
  facet normal 0 -1 0
    outer loop
      vertex 7.3 9.3 2
      vertex 1.51545 9.3 19
      vertex 1.51545 9.3 2
    endloop
  endfacet
  facet normal 0 -1 0
    outer loop
      vertex 1.51545 9.3 19
      vertex 7.3 9.3 2
      vertex 7.3 9.3 22
    endloop
  endfacet
  facet normal 0 1 -0
    outer loop
      vertex 7.3 -9.3 2
      vertex -7.3 -9.3 22
      vertex 7.3 -9.3 22
    endloop
  endfacet
  facet normal 0 1 0
    outer loop
      vertex -7.3 -9.3 22
      vertex 7.3 -9.3 2
      vertex -7.3 -9.3 2
    endloop
  endfacet
  facet normal -1 0 0
    outer loop
      vertex 8.3 -10.3 22
      vertex 8.3 10.3 35.6
      vertex 8.3 10.3 22
    endloop
  endfacet
  facet normal -1 -0 0
    outer loop
      vertex 8.3 10.3 35.6
      vertex 8.3 -10.3 22
      vertex 8.3 -10.3 35.6
    endloop
  endfacet
  facet normal 0 0 1
    outer loop
      vertex -8.3 -10.3 22
      vertex -7.3 2.43393 22
      vertex -7.32982 2.52511 22
    endloop
  endfacet
  facet normal 0 0 1
    outer loop
      vertex 8.3 10.3 22
      vertex 7.3 9.3 22
      vertex 8.3 -10.3 22
    endloop
  endfacet
  facet normal 0 0 1
    outer loop
      vertex 8.3 10.3 22
      vertex -7.3 9.3 22
      vertex 7.3 9.3 22
    endloop
  endfacet
  facet normal 0 0 1
    outer loop
      vertex -8.3 10.3 22
      vertex -7.3 5.56607 22
      vertex -7.3 9.3 22
    endloop
  endfacet
  facet normal 0 0 1
    outer loop
      vertex -7.3 5.56607 22
      vertex -8.3 10.3 22
      vertex -7.32982 5.47489 22
    endloop
  endfacet
  facet normal 0 0 1
    outer loop
      vertex -7.32982 5.47489 22
      vertex -8.3 10.3 22
      vertex -7.38432 5.28292 22
    endloop
  endfacet
  facet normal 0 0 1
    outer loop
      vertex -7.38432 5.28292 22
      vertex -8.3 10.3 22
      vertex -7.43119 5.08896 22
    endloop
  endfacet
  facet normal 0 0 1
    outer loop
      vertex -7.43119 5.08896 22
      vertex -8.3 10.3 22
      vertex -7.47036 4.8933 22
    endloop
  endfacet
  facet normal 0 0 1
    outer loop
      vertex -7.47036 4.8933 22
      vertex -8.3 10.3 22
      vertex -7.50177 4.69624 22
    endloop
  endfacet
  facet normal 0 0 1
    outer loop
      vertex -7.50177 4.69624 22
      vertex -8.3 10.3 22
      vertex -7.52538 4.49809 22
    endloop
  endfacet
  facet normal 0 0 1
    outer loop
      vertex -7.54901 4.09977 22
      vertex -8.3 10.3 22
      vertex -7.54901 3.90023 22
    endloop
  endfacet
  facet normal 0 0 1
    outer loop
      vertex -7.54113 4.29916 22
      vertex -8.3 10.3 22
      vertex -7.54901 4.09977 22
    endloop
  endfacet
  facet normal 0 0 1
    outer loop
      vertex -7.52538 4.49809 22
      vertex -8.3 10.3 22
      vertex -7.54113 4.29916 22
    endloop
  endfacet
  facet normal -0 0 1
    outer loop
      vertex -8.3 10.3 22
      vertex -7.3 9.3 22
      vertex 8.3 10.3 22
    endloop
  endfacet
  facet normal -0 0 1
    outer loop
      vertex 7.3 -9.3 22
      vertex 8.3 -10.3 22
      vertex 7.3 9.3 22
    endloop
  endfacet
  facet normal -0 0 1
    outer loop
      vertex -7.3 -9.3 22
      vertex 8.3 -10.3 22
      vertex 7.3 -9.3 22
    endloop
  endfacet
  facet normal 0 0 1
    outer loop
      vertex -8.3 -10.3 22
      vertex -7.32982 2.52511 22
      vertex -7.38432 2.71707 22
    endloop
  endfacet
  facet normal 0 0 1
    outer loop
      vertex -8.3 -10.3 22
      vertex -7.38432 2.71707 22
      vertex -7.43119 2.91104 22
    endloop
  endfacet
  facet normal 0 0 1
    outer loop
      vertex -8.3 -10.3 22
      vertex -7.43119 2.91104 22
      vertex -7.47036 3.1067 22
    endloop
  endfacet
  facet normal 0 0 1
    outer loop
      vertex -8.3 -10.3 22
      vertex -7.47036 3.1067 22
      vertex -7.50177 3.30376 22
    endloop
  endfacet
  facet normal 0 0 1
    outer loop
      vertex -8.3 -10.3 22
      vertex -7.50177 3.30376 22
      vertex -7.52538 3.50191 22
    endloop
  endfacet
  facet normal 0 0 1
    outer loop
      vertex -8.3 -10.3 22
      vertex -7.52538 3.50191 22
      vertex -7.54113 3.70083 22
    endloop
  endfacet
  facet normal 0 0 1
    outer loop
      vertex -8.3 10.3 22
      vertex -7.54113 3.70083 22
      vertex -7.54901 3.90023 22
    endloop
  endfacet
  facet normal 0 0 1
    outer loop
      vertex -7.54113 3.70083 22
      vertex -8.3 10.3 22
      vertex -8.3 -10.3 22
    endloop
  endfacet
  facet normal 0 0 1
    outer loop
      vertex -7.3 -9.3 22
      vertex -8.3 -10.3 22
      vertex 8.3 -10.3 22
    endloop
  endfacet
  facet normal 0 0 1
    outer loop
      vertex -7.3 2.43393 22
      vertex -8.3 -10.3 22
      vertex -7.3 -9.3 22
    endloop
  endfacet
  facet normal 1 -0 0
    outer loop
      vertex -8.3 -10.3 35.6
      vertex -8.3 10.3 22
      vertex -8.3 10.3 35.6
    endloop
  endfacet
  facet normal 1 0 0
    outer loop
      vertex -8.3 10.3 22
      vertex -8.3 -10.3 35.6
      vertex -8.3 -10.3 22
    endloop
  endfacet
  facet normal 0 -1 0
    outer loop
      vertex -8.3 10.3 22
      vertex 8.3 10.3 35.6
      vertex -8.3 10.3 35.6
    endloop
  endfacet
  facet normal 0 -1 -0
    outer loop
      vertex 8.3 10.3 35.6
      vertex -8.3 10.3 22
      vertex 8.3 10.3 22
    endloop
  endfacet
  facet normal 0 1 -0
    outer loop
      vertex 8.3 -10.3 22
      vertex -8.3 -10.3 35.6
      vertex 8.3 -10.3 35.6
    endloop
  endfacet
  facet normal 0 1 0
    outer loop
      vertex -8.3 -10.3 35.6
      vertex 8.3 -10.3 22
      vertex -8.3 -10.3 22
    endloop
  endfacet
  facet normal 0 0.707109 -0.707105
    outer loop
      vertex -10.3 0 11.436
      vertex -15.3 3.18198 14.618
      vertex -10.3 3.18198 14.618
    endloop
  endfacet
  facet normal 0 0.707109 -0.707105
    outer loop
      vertex -15.3 3.18198 14.618
      vertex -10.3 0 11.436
      vertex -15.3 0 11.436
    endloop
  endfacet
  facet normal 0 0.964956 -0.262412
    outer loop
      vertex -10.3 4.31516 16.5235
      vertex -15.3 4.3674 16.7156
      vertex -10.3 4.3674 16.7156
    endloop
  endfacet
  facet normal 0 0.964956 -0.262412
    outer loop
      vertex -15.3 4.3674 16.7156
      vertex -10.3 4.31516 16.5235
      vertex -15.3 4.31516 16.5235
    endloop
  endfacet
  facet normal -0 0.598287 0.801282
    outer loop
      vertex -15.3 2.77222 21.3447
      vertex -10.3 2.61271 21.4638
      vertex -10.3 2.77222 21.3447
    endloop
  endfacet
  facet normal 0 0.598287 0.801282
    outer loop
      vertex -10.3 2.61271 21.4638
      vertex -15.3 2.77222 21.3447
      vertex -15.3 2.61271 21.4638
    endloop
  endfacet
  facet normal 0 0.838971 -0.544176
    outer loop
      vertex -10.3 3.72074 15.269
      vertex -15.3 3.82906 15.436
      vertex -10.3 3.82906 15.436
    endloop
  endfacet
  facet normal 0 0.838971 -0.544176
    outer loop
      vertex -15.3 3.82906 15.436
      vertex -10.3 3.72074 15.269
      vertex -15.3 3.72074 15.269
    endloop
  endfacet
  facet normal 0 0.726442 -0.687227
    outer loop
      vertex -10.3 3.18198 14.618
      vertex -15.3 3.35302 14.7988
      vertex -10.3 3.35302 14.7988
    endloop
  endfacet
  facet normal 0 0.726442 -0.687227
    outer loop
      vertex -15.3 3.35302 14.7988
      vertex -10.3 3.18198 14.618
      vertex -15.3 3.18198 14.618
    endloop
  endfacet
  facet normal 0 -0.984384 -0.176034
    outer loop
      vertex -15.3 -4.41109 16.9099
      vertex -10.3 -4.44614 17.1059
      vertex -15.3 -4.44614 17.1059
    endloop
  endfacet
  facet normal 0 -0.984384 -0.176034
    outer loop
      vertex -10.3 -4.44614 17.1059
      vertex -15.3 -4.41109 16.9099
      vertex -10.3 -4.41109 16.9099
    endloop
  endfacet
  facet normal 0 -0.938035 -0.346541
    outer loop
      vertex -15.3 -4.18546 16.1471
      vertex -10.3 -4.25447 16.3339
      vertex -15.3 -4.25447 16.3339
    endloop
  endfacet
  facet normal 0 -0.938035 -0.346541
    outer loop
      vertex -10.3 -4.25447 16.3339
      vertex -15.3 -4.18546 16.1471
      vertex -10.3 -4.18546 16.1471
    endloop
  endfacet
  facet normal 0 0.883884 -0.467705
    outer loop
      vertex -10.3 3.92987 15.6077
      vertex -15.3 4.023 15.7837
      vertex -10.3 4.023 15.7837
    endloop
  endfacet
  facet normal 0 0.883884 -0.467705
    outer loop
      vertex -15.3 4.023 15.7837
      vertex -10.3 3.92987 15.6077
      vertex -15.3 3.92987 15.6077
    endloop
  endfacet
  facet normal 0 -0.991193 -0.132427
    outer loop
      vertex -15.3 -4.44614 17.1059
      vertex -10.3 -4.4725 17.3032
      vertex -15.3 -4.4725 17.3032
    endloop
  endfacet
  facet normal 0 -0.991193 -0.132427
    outer loop
      vertex -10.3 -4.4725 17.3032
      vertex -15.3 -4.44614 17.1059
      vertex -10.3 -4.44614 17.1059
    endloop
  endfacet
  facet normal 0 -0.862351 0.506311
    outer loop
      vertex -15.3 -3.92987 19.9923
      vertex -10.3 -3.82906 20.164
      vertex -15.3 -3.82906 20.164
    endloop
  endfacet
  facet normal 0 -0.862351 0.506311
    outer loop
      vertex -10.3 -3.82906 20.164
      vertex -15.3 -3.92987 19.9923
      vertex -10.3 -3.92987 19.9923
    endloop
  endfacet
  facet normal 0 -0.487177 0.873303
    outer loop
      vertex -15.3 -2.1048 21.7774
      vertex -10.3 -2.27868 21.6804
      vertex -10.3 -2.1048 21.7774
    endloop
  endfacet
  facet normal 0 -0.487177 0.873303
    outer loop
      vertex -10.3 -2.27868 21.6804
      vertex -15.3 -2.1048 21.7774
      vertex -15.3 -2.27868 21.6804
    endloop
  endfacet
  facet normal 0 0.787825 -0.615899
    outer loop
      vertex -10.3 3.48249 14.95
      vertex -15.3 3.60515 15.1069
      vertex -10.3 3.60515 15.1069
    endloop
  endfacet
  facet normal 0 0.787825 -0.615899
    outer loop
      vertex -15.3 3.60515 15.1069
      vertex -10.3 3.48249 14.95
      vertex -15.3 3.48249 14.95
    endloop
  endfacet
  facet normal 0 0.975639 0.219381
    outer loop
      vertex -10.3 4.41109 18.6901
      vertex -15.3 4.3674 18.8844
      vertex -10.3 4.3674 18.8844
    endloop
  endfacet
  facet normal 0 0.975639 0.219381
    outer loop
      vertex -15.3 4.3674 18.8844
      vertex -10.3 4.41109 18.6901
      vertex -15.3 4.41109 18.6901
    endloop
  endfacet
  facet normal 0 -0.759579 -0.650415
    outer loop
      vertex -15.3 -3.35302 14.7988
      vertex -10.3 -3.48249 14.95
      vertex -15.3 -3.48249 14.95
    endloop
  endfacet
  facet normal 0 -0.759579 -0.650415
    outer loop
      vertex -10.3 -3.48249 14.95
      vertex -15.3 -3.35302 14.7988
      vertex -10.3 -3.35302 14.7988
    endloop
  endfacet
  facet normal -0 0.0220996 0.999756
    outer loop
      vertex -15.3 0.19905 22.2956
      vertex -10.3 0 22.3
      vertex -10.3 0.19905 22.2956
    endloop
  endfacet
  facet normal 0 0.0220996 0.999756
    outer loop
      vertex -10.3 0 22.3
      vertex -15.3 0.19905 22.2956
      vertex -15.3 0 22.3
    endloop
  endfacet
  facet normal 0 -0.73022 0.683212
    outer loop
      vertex -15.3 -3.35302 20.8012
      vertex -10.3 -3.21698 20.9466
      vertex -15.3 -3.21698 20.9466
    endloop
  endfacet
  facet normal 0 -0.73022 0.683212
    outer loop
      vertex -10.3 -3.21698 20.9466
      vertex -15.3 -3.35302 20.8012
      vertex -10.3 -3.35302 20.8012
    endloop
  endfacet
  facet normal 0 0.921731 -0.38783
    outer loop
      vertex -10.3 4.10825 15.9636
      vertex -15.3 4.18546 16.1471
      vertex -10.3 4.18546 16.1471
    endloop
  endfacet
  facet normal 0 0.921731 -0.38783
    outer loop
      vertex -15.3 4.18546 16.1471
      vertex -10.3 4.10825 15.9636
      vertex -15.3 4.10825 15.9636
    endloop
  endfacet
  facet normal 0 0.996089 -0.0883571
    outer loop
      vertex -10.3 4.4725 17.3032
      vertex -15.3 4.49009 17.5015
      vertex -10.3 4.49009 17.5015
    endloop
  endfacet
  facet normal 0 0.996089 -0.0883571
    outer loop
      vertex -15.3 4.49009 17.5015
      vertex -10.3 4.4725 17.3032
      vertex -15.3 4.4725 17.3032
    endloop
  endfacet
  facet normal 0 0.984384 0.176034
    outer loop
      vertex -10.3 4.44614 18.4941
      vertex -15.3 4.41109 18.6901
      vertex -10.3 4.41109 18.6901
    endloop
  endfacet
  facet normal 0 0.984384 0.176034
    outer loop
      vertex -15.3 4.41109 18.6901
      vertex -10.3 4.44614 18.4941
      vertex -15.3 4.44614 18.4941
    endloop
  endfacet
  facet normal 0 -0.32596 0.945384
    outer loop
      vertex -15.3 -1.37163 22.0859
      vertex -10.3 -1.55986 22.021
      vertex -10.3 -1.37163 22.0859
    endloop
  endfacet
  facet normal 0 -0.32596 0.945384
    outer loop
      vertex -10.3 -1.55986 22.021
      vertex -15.3 -1.37163 22.0859
      vertex -15.3 -1.55986 22.021
    endloop
  endfacet
  facet normal 0 -0.964956 0.262412
    outer loop
      vertex -15.3 -4.3674 18.8844
      vertex -10.3 -4.31516 19.0765
      vertex -15.3 -4.31516 19.0765
    endloop
  endfacet
  facet normal 0 -0.964956 0.262412
    outer loop
      vertex -10.3 -4.31516 19.0765
      vertex -15.3 -4.3674 18.8844
      vertex -10.3 -4.3674 18.8844
    endloop
  endfacet
  facet normal -0 0.241074 0.970507
    outer loop
      vertex -15.3 1.18071 22.1423
      vertex -10.3 0.987473 22.1903
      vertex -10.3 1.18071 22.1423
    endloop
  endfacet
  facet normal 0 0.241074 0.970507
    outer loop
      vertex -10.3 0.987473 22.1903
      vertex -15.3 1.18071 22.1423
      vertex -15.3 0.987473 22.1903
    endloop
  endfacet
  facet normal 0 0.991193 -0.132427
    outer loop
      vertex -10.3 4.44614 17.1059
      vertex -15.3 4.4725 17.3032
      vertex -10.3 4.4725 17.3032
    endloop
  endfacet
  facet normal 0 0.991193 -0.132427
    outer loop
      vertex -15.3 4.4725 17.3032
      vertex -10.3 4.44614 17.1059
      vertex -15.3 4.44614 17.1059
    endloop
  endfacet
  facet normal 0 -0.726442 -0.687227
    outer loop
      vertex -15.3 -3.18198 14.618
      vertex -10.3 -3.35302 14.7988
      vertex -15.3 -3.35302 14.7988
    endloop
  endfacet
  facet normal 0 -0.726442 -0.687227
    outer loop
      vertex -10.3 -3.35302 14.7988
      vertex -15.3 -3.18198 14.618
      vertex -10.3 -3.18198 14.618
    endloop
  endfacet
  facet normal 0 0.787825 0.615899
    outer loop
      vertex -10.3 3.60515 20.4931
      vertex -15.3 3.48249 20.65
      vertex -10.3 3.48249 20.65
    endloop
  endfacet
  facet normal 0 0.787825 0.615899
    outer loop
      vertex -15.3 3.48249 20.65
      vertex -10.3 3.60515 20.4931
      vertex -15.3 3.60515 20.4931
    endloop
  endfacet
  facet normal 0 -0.787825 0.615899
    outer loop
      vertex -15.3 -3.60515 20.4931
      vertex -10.3 -3.48249 20.65
      vertex -15.3 -3.48249 20.65
    endloop
  endfacet
  facet normal 0 -0.787825 0.615899
    outer loop
      vertex -10.3 -3.48249 20.65
      vertex -15.3 -3.60515 20.4931
      vertex -10.3 -3.60515 20.4931
    endloop
  endfacet
  facet normal 0 -0.996089 -0.0883571
    outer loop
      vertex -15.3 -4.4725 17.3032
      vertex -10.3 -4.49009 17.5015
      vertex -15.3 -4.49009 17.5015
    endloop
  endfacet
  facet normal 0 -0.996089 -0.0883571
    outer loop
      vertex -10.3 -4.49009 17.5015
      vertex -15.3 -4.4725 17.3032
      vertex -10.3 -4.4725 17.3032
    endloop
  endfacet
  facet normal 0 0.938035 0.346541
    outer loop
      vertex -10.3 4.25447 19.2661
      vertex -15.3 4.18546 19.4529
      vertex -10.3 4.18546 19.4529
    endloop
  endfacet
  facet normal 0 0.938035 0.346541
    outer loop
      vertex -15.3 4.18546 19.4529
      vertex -10.3 4.25447 19.2661
      vertex -15.3 4.25447 19.2661
    endloop
  endfacet
  facet normal 0 1 -0
    outer loop
      vertex -10.3 4.4989 17.7005
      vertex -15.3 4.4989 17.8995
      vertex -10.3 4.4989 17.8995
    endloop
  endfacet
  facet normal 0 1 0
    outer loop
      vertex -15.3 4.4989 17.8995
      vertex -10.3 4.4989 17.7005
      vertex -15.3 4.4989 17.7005
    endloop
  endfacet
  facet normal 0 0.984384 -0.176034
    outer loop
      vertex -10.3 4.41109 16.9099
      vertex -15.3 4.44614 17.1059
      vertex -10.3 4.44614 17.1059
    endloop
  endfacet
  facet normal 0 0.984384 -0.176034
    outer loop
      vertex -15.3 4.44614 17.1059
      vertex -10.3 4.41109 16.9099
      vertex -15.3 4.41109 16.9099
    endloop
  endfacet
  facet normal 0 -0.759579 0.650415
    outer loop
      vertex -15.3 -3.48249 20.65
      vertex -10.3 -3.35302 20.8012
      vertex -15.3 -3.35302 20.8012
    endloop
  endfacet
  facet normal 0 -0.759579 0.650415
    outer loop
      vertex -10.3 -3.35302 20.8012
      vertex -15.3 -3.48249 20.65
      vertex -10.3 -3.48249 20.65
    endloop
  endfacet
  facet normal 0 0.838971 0.544176
    outer loop
      vertex -10.3 3.82906 20.164
      vertex -15.3 3.72074 20.331
      vertex -10.3 3.72074 20.331
    endloop
  endfacet
  facet normal 0 0.838971 0.544176
    outer loop
      vertex -15.3 3.72074 20.331
      vertex -10.3 3.82906 20.164
      vertex -15.3 3.82906 20.164
    endloop
  endfacet
  facet normal 0 0.814198 -0.580587
    outer loop
      vertex -10.3 3.60515 15.1069
      vertex -15.3 3.72074 15.269
      vertex -10.3 3.72074 15.269
    endloop
  endfacet
  facet normal 0 0.814198 -0.580587
    outer loop
      vertex -15.3 3.72074 15.269
      vertex -10.3 3.60515 15.1069
      vertex -15.3 3.60515 15.1069
    endloop
  endfacet
  facet normal 0 -0.598287 0.801282
    outer loop
      vertex -15.3 -2.61271 21.4638
      vertex -10.3 -2.77222 21.3447
      vertex -10.3 -2.61271 21.4638
    endloop
  endfacet
  facet normal 0 -0.598287 0.801282
    outer loop
      vertex -10.3 -2.77222 21.3447
      vertex -15.3 -2.61271 21.4638
      vertex -15.3 -2.77222 21.3447
    endloop
  endfacet
  facet normal 0 -0.633342 0.773872
    outer loop
      vertex -15.3 -2.77222 21.3447
      vertex -10.3 -2.9263 21.2186
      vertex -10.3 -2.77222 21.3447
    endloop
  endfacet
  facet normal 0 -0.633342 0.773872
    outer loop
      vertex -10.3 -2.9263 21.2186
      vertex -15.3 -2.77222 21.3447
      vertex -15.3 -2.9263 21.2186
    endloop
  endfacet
  facet normal -0 0.110497 0.993877
    outer loop
      vertex -15.3 0.595592 22.2604
      vertex -10.3 0.39771 22.2824
      vertex -10.3 0.595592 22.2604
    endloop
  endfacet
  facet normal 0 0.110497 0.993877
    outer loop
      vertex -10.3 0.39771 22.2824
      vertex -15.3 0.595592 22.2604
      vertex -15.3 0.39771 22.2824
    endloop
  endfacet
  facet normal 0 0.862351 0.506311
    outer loop
      vertex -10.3 3.92987 19.9923
      vertex -15.3 3.82906 20.164
      vertex -10.3 3.82906 20.164
    endloop
  endfacet
  facet normal 0 0.862351 0.506311
    outer loop
      vertex -15.3 3.82906 20.164
      vertex -10.3 3.92987 19.9923
      vertex -15.3 3.92987 19.9923
    endloop
  endfacet
  facet normal -0 0.699202 0.714924
    outer loop
      vertex -15.3 3.21698 20.9466
      vertex -10.3 3.07465 21.0858
      vertex -10.3 3.21698 20.9466
    endloop
  endfacet
  facet normal 0 0.699202 0.714924
    outer loop
      vertex -10.3 3.07465 21.0858
      vertex -15.3 3.21698 20.9466
      vertex -15.3 3.07465 21.0858
    endloop
  endfacet
  facet normal 0 0.759579 -0.650415
    outer loop
      vertex -10.3 3.35302 14.7988
      vertex -15.3 3.48249 14.95
      vertex -10.3 3.48249 14.95
    endloop
  endfacet
  facet normal 0 0.759579 -0.650415
    outer loop
      vertex -15.3 3.48249 14.95
      vertex -10.3 3.35302 14.7988
      vertex -15.3 3.35302 14.7988
    endloop
  endfacet
  facet normal 0 0.975639 -0.219381
    outer loop
      vertex -10.3 4.3674 16.7156
      vertex -15.3 4.41109 16.9099
      vertex -10.3 4.41109 16.9099
    endloop
  endfacet
  facet normal 0 0.975639 -0.219381
    outer loop
      vertex -15.3 4.41109 16.9099
      vertex -10.3 4.3674 16.7156
      vertex -15.3 4.3674 16.7156
    endloop
  endfacet
  facet normal 0 0.862351 -0.506311
    outer loop
      vertex -10.3 3.82906 15.436
      vertex -15.3 3.92987 15.6077
      vertex -10.3 3.92987 15.6077
    endloop
  endfacet
  facet normal 0 0.862351 -0.506311
    outer loop
      vertex -15.3 3.92987 15.6077
      vertex -10.3 3.82906 15.436
      vertex -15.3 3.82906 15.436
    endloop
  endfacet
  facet normal 0 -0.562511 0.82679
    outer loop
      vertex -15.3 -2.44809 21.5758
      vertex -10.3 -2.61271 21.4638
      vertex -10.3 -2.44809 21.5758
    endloop
  endfacet
  facet normal 0 -0.562511 0.82679
    outer loop
      vertex -10.3 -2.61271 21.4638
      vertex -15.3 -2.44809 21.5758
      vertex -15.3 -2.61271 21.4638
    endloop
  endfacet
  facet normal -0 0.283308 0.959029
    outer loop
      vertex -15.3 1.37163 22.0859
      vertex -10.3 1.18071 22.1423
      vertex -10.3 1.37163 22.0859
    endloop
  endfacet
  facet normal 0 0.283308 0.959029
    outer loop
      vertex -10.3 1.18071 22.1423
      vertex -15.3 1.37163 22.0859
      vertex -15.3 1.18071 22.1423
    endloop
  endfacet
  facet normal 0 -0.938035 0.346541
    outer loop
      vertex -15.3 -4.25447 19.2661
      vertex -10.3 -4.18546 19.4529
      vertex -15.3 -4.18546 19.4529
    endloop
  endfacet
  facet normal 0 -0.938035 0.346541
    outer loop
      vertex -10.3 -4.18546 19.4529
      vertex -15.3 -4.25447 19.2661
      vertex -10.3 -4.25447 19.2661
    endloop
  endfacet
  facet normal 0 -0.241074 0.970507
    outer loop
      vertex -15.3 -0.987473 22.1903
      vertex -10.3 -1.18071 22.1423
      vertex -10.3 -0.987473 22.1903
    endloop
  endfacet
  facet normal 0 -0.241074 0.970507
    outer loop
      vertex -10.3 -1.18071 22.1423
      vertex -15.3 -0.987473 22.1903
      vertex -15.3 -1.18071 22.1423
    endloop
  endfacet
  facet normal 0 0.883884 0.467705
    outer loop
      vertex -10.3 4.023 19.8163
      vertex -15.3 3.92987 19.9923
      vertex -10.3 3.92987 19.9923
    endloop
  endfacet
  facet normal 0 0.883884 0.467705
    outer loop
      vertex -15.3 3.92987 19.9923
      vertex -10.3 4.023 19.8163
      vertex -15.3 4.023 19.8163
    endloop
  endfacet
  facet normal 0 -0.862351 -0.506311
    outer loop
      vertex -15.3 -3.82906 15.436
      vertex -10.3 -3.92987 15.6077
      vertex -15.3 -3.92987 15.6077
    endloop
  endfacet
  facet normal 0 -0.862351 -0.506311
    outer loop
      vertex -10.3 -3.92987 15.6077
      vertex -15.3 -3.82906 15.436
      vertex -10.3 -3.82906 15.436
    endloop
  endfacet
  facet normal 0 0.964956 0.262412
    outer loop
      vertex -10.3 4.3674 18.8844
      vertex -15.3 4.31516 19.0765
      vertex -10.3 4.31516 19.0765
    endloop
  endfacet
  facet normal 0 0.964956 0.262412
    outer loop
      vertex -15.3 4.31516 19.0765
      vertex -10.3 4.3674 18.8844
      vertex -15.3 4.3674 18.8844
    endloop
  endfacet
  facet normal 0 -0.707109 -0.707105
    outer loop
      vertex -15.3 0 11.436
      vertex -10.3 -3.18198 14.618
      vertex -15.3 -3.18198 14.618
    endloop
  endfacet
  facet normal 0 -0.707109 -0.707105
    outer loop
      vertex -10.3 -3.18198 14.618
      vertex -15.3 0 11.436
      vertex -10.3 0 11.436
    endloop
  endfacet
  facet normal 0 0.814198 0.580587
    outer loop
      vertex -10.3 3.72074 20.331
      vertex -15.3 3.60515 20.4931
      vertex -10.3 3.60515 20.4931
    endloop
  endfacet
  facet normal 0 0.814198 0.580587
    outer loop
      vertex -15.3 3.60515 20.4931
      vertex -10.3 3.72074 20.331
      vertex -15.3 3.72074 20.331
    endloop
  endfacet
  facet normal 0 -0.814198 -0.580587
    outer loop
      vertex -15.3 -3.60515 15.1069
      vertex -10.3 -3.72074 15.269
      vertex -15.3 -3.72074 15.269
    endloop
  endfacet
  facet normal 0 -0.814198 -0.580587
    outer loop
      vertex -10.3 -3.72074 15.269
      vertex -15.3 -3.60515 15.1069
      vertex -10.3 -3.60515 15.1069
    endloop
  endfacet
  facet normal 0 -0.154196 0.98804
    outer loop
      vertex -15.3 -0.595592 22.2604
      vertex -10.3 -0.792308 22.2297
      vertex -10.3 -0.595592 22.2604
    endloop
  endfacet
  facet normal 0 -0.154196 0.98804
    outer loop
      vertex -10.3 -0.792308 22.2297
      vertex -15.3 -0.595592 22.2604
      vertex -15.3 -0.792308 22.2297
    endloop
  endfacet
  facet normal 0 0.73022 0.683212
    outer loop
      vertex -10.3 3.35302 20.8012
      vertex -15.3 3.21698 20.9466
      vertex -10.3 3.21698 20.9466
    endloop
  endfacet
  facet normal 0 0.73022 0.683212
    outer loop
      vertex -15.3 3.21698 20.9466
      vertex -10.3 3.35302 20.8012
      vertex -15.3 3.35302 20.8012
    endloop
  endfacet
  facet normal -0 0.154196 0.98804
    outer loop
      vertex -15.3 0.792308 22.2297
      vertex -10.3 0.595592 22.2604
      vertex -10.3 0.792308 22.2297
    endloop
  endfacet
  facet normal 0 0.154196 0.98804
    outer loop
      vertex -10.3 0.595592 22.2604
      vertex -15.3 0.792308 22.2297
      vertex -15.3 0.595592 22.2604
    endloop
  endfacet
  facet normal 0 -0.975639 -0.219381
    outer loop
      vertex -15.3 -4.3674 16.7156
      vertex -10.3 -4.41109 16.9099
      vertex -15.3 -4.41109 16.9099
    endloop
  endfacet
  facet normal 0 -0.975639 -0.219381
    outer loop
      vertex -10.3 -4.41109 16.9099
      vertex -15.3 -4.3674 16.7156
      vertex -10.3 -4.3674 16.7156
    endloop
  endfacet
  facet normal -0 0.562511 0.82679
    outer loop
      vertex -15.3 2.61271 21.4638
      vertex -10.3 2.44809 21.5758
      vertex -10.3 2.61271 21.4638
    endloop
  endfacet
  facet normal 0 0.562511 0.82679
    outer loop
      vertex -10.3 2.44809 21.5758
      vertex -15.3 2.61271 21.4638
      vertex -15.3 2.44809 21.5758
    endloop
  endfacet
  facet normal 0 -0.999021 0.044228
    outer loop
      vertex -15.3 -4.4989 17.8995
      vertex -10.3 -4.49009 18.0985
      vertex -15.3 -4.49009 18.0985
    endloop
  endfacet
  facet normal 0 -0.999021 0.044228
    outer loop
      vertex -10.3 -4.49009 18.0985
      vertex -15.3 -4.4989 17.8995
      vertex -10.3 -4.4989 17.8995
    endloop
  endfacet
  facet normal 0 -0.699202 0.714924
    outer loop
      vertex -15.3 -3.07465 21.0858
      vertex -10.3 -3.21698 20.9466
      vertex -10.3 -3.07465 21.0858
    endloop
  endfacet
  facet normal 0 -0.699202 0.714924
    outer loop
      vertex -10.3 -3.21698 20.9466
      vertex -15.3 -3.07465 21.0858
      vertex -15.3 -3.21698 20.9466
    endloop
  endfacet
  facet normal 0 -0.921731 0.38783
    outer loop
      vertex -15.3 -4.18546 19.4529
      vertex -10.3 -4.10825 19.6364
      vertex -15.3 -4.10825 19.6364
    endloop
  endfacet
  facet normal 0 -0.921731 0.38783
    outer loop
      vertex -10.3 -4.10825 19.6364
      vertex -15.3 -4.18546 19.4529
      vertex -10.3 -4.18546 19.4529
    endloop
  endfacet
  facet normal 0 0.903671 -0.428227
    outer loop
      vertex -10.3 4.023 15.7837
      vertex -15.3 4.10825 15.9636
      vertex -10.3 4.10825 15.9636
    endloop
  endfacet
  facet normal 0 0.903671 -0.428227
    outer loop
      vertex -15.3 4.10825 15.9636
      vertex -10.3 4.023 15.7837
      vertex -15.3 4.023 15.7837
    endloop
  endfacet
  facet normal 0 -0.448037 0.894015
    outer loop
      vertex -15.3 -1.92681 21.8666
      vertex -10.3 -2.1048 21.7774
      vertex -10.3 -1.92681 21.8666
    endloop
  endfacet
  facet normal 0 -0.448037 0.894015
    outer loop
      vertex -10.3 -2.1048 21.7774
      vertex -15.3 -1.92681 21.8666
      vertex -15.3 -2.1048 21.7774
    endloop
  endfacet
  facet normal 0 0.759579 0.650415
    outer loop
      vertex -10.3 3.48249 20.65
      vertex -15.3 3.35302 20.8012
      vertex -10.3 3.35302 20.8012
    endloop
  endfacet
  facet normal 0 0.759579 0.650415
    outer loop
      vertex -15.3 3.35302 20.8012
      vertex -10.3 3.48249 20.65
      vertex -15.3 3.48249 20.65
    endloop
  endfacet
  facet normal 0 -0.921731 -0.38783
    outer loop
      vertex -15.3 -4.10825 15.9636
      vertex -10.3 -4.18546 16.1471
      vertex -15.3 -4.18546 16.1471
    endloop
  endfacet
  facet normal 0 -0.921731 -0.38783
    outer loop
      vertex -10.3 -4.18546 16.1471
      vertex -15.3 -4.10825 15.9636
      vertex -10.3 -4.10825 15.9636
    endloop
  endfacet
  facet normal -0 0.066299 0.9978
    outer loop
      vertex -15.3 0.39771 22.2824
      vertex -10.3 0.19905 22.2956
      vertex -10.3 0.39771 22.2824
    endloop
  endfacet
  facet normal 0 0.066299 0.9978
    outer loop
      vertex -10.3 0.19905 22.2956
      vertex -15.3 0.39771 22.2824
      vertex -15.3 0.19905 22.2956
    endloop
  endfacet
  facet normal 0 -0.525363 0.850878
    outer loop
      vertex -15.3 -2.27868 21.6804
      vertex -10.3 -2.44809 21.5758
      vertex -10.3 -2.27868 21.6804
    endloop
  endfacet
  facet normal 0 -0.525363 0.850878
    outer loop
      vertex -10.3 -2.44809 21.5758
      vertex -15.3 -2.27868 21.6804
      vertex -15.3 -2.44809 21.5758
    endloop
  endfacet
  facet normal 0 -0.283308 0.959029
    outer loop
      vertex -15.3 -1.18071 22.1423
      vertex -10.3 -1.37163 22.0859
      vertex -10.3 -1.18071 22.1423
    endloop
  endfacet
  facet normal 0 -0.283308 0.959029
    outer loop
      vertex -10.3 -1.37163 22.0859
      vertex -15.3 -1.18071 22.1423
      vertex -15.3 -1.37163 22.0859
    endloop
  endfacet
  facet normal -0 0.448037 0.894015
    outer loop
      vertex -15.3 2.1048 21.7774
      vertex -10.3 1.92681 21.8666
      vertex -10.3 2.1048 21.7774
    endloop
  endfacet
  facet normal 0 0.448037 0.894015
    outer loop
      vertex -10.3 1.92681 21.8666
      vertex -15.3 2.1048 21.7774
      vertex -15.3 1.92681 21.8666
    endloop
  endfacet
  facet normal 0 -0.066299 0.9978
    outer loop
      vertex -15.3 -0.19905 22.2956
      vertex -10.3 -0.39771 22.2824
      vertex -10.3 -0.19905 22.2956
    endloop
  endfacet
  facet normal 0 -0.066299 0.9978
    outer loop
      vertex -10.3 -0.39771 22.2824
      vertex -15.3 -0.19905 22.2956
      vertex -15.3 -0.39771 22.2824
    endloop
  endfacet
  facet normal 0 -0.883884 -0.467705
    outer loop
      vertex -15.3 -3.92987 15.6077
      vertex -10.3 -4.023 15.7837
      vertex -15.3 -4.023 15.7837
    endloop
  endfacet
  facet normal 0 -0.883884 -0.467705
    outer loop
      vertex -10.3 -4.023 15.7837
      vertex -15.3 -3.92987 15.6077
      vertex -10.3 -3.92987 15.6077
    endloop
  endfacet
  facet normal 0 -0.975639 0.219381
    outer loop
      vertex -15.3 -4.41109 18.6901
      vertex -10.3 -4.3674 18.8844
      vertex -15.3 -4.3674 18.8844
    endloop
  endfacet
  facet normal 0 -0.975639 0.219381
    outer loop
      vertex -10.3 -4.3674 18.8844
      vertex -15.3 -4.41109 18.6901
      vertex -10.3 -4.41109 18.6901
    endloop
  endfacet
  facet normal 0 0.996089 0.0883571
    outer loop
      vertex -10.3 4.49009 18.0985
      vertex -15.3 4.4725 18.2968
      vertex -10.3 4.4725 18.2968
    endloop
  endfacet
  facet normal 0 0.996089 0.0883571
    outer loop
      vertex -15.3 4.4725 18.2968
      vertex -10.3 4.49009 18.0985
      vertex -15.3 4.49009 18.0985
    endloop
  endfacet
  facet normal 0 -0.787825 -0.615899
    outer loop
      vertex -15.3 -3.48249 14.95
      vertex -10.3 -3.60515 15.1069
      vertex -15.3 -3.60515 15.1069
    endloop
  endfacet
  facet normal 0 -0.787825 -0.615899
    outer loop
      vertex -10.3 -3.60515 15.1069
      vertex -15.3 -3.48249 14.95
      vertex -10.3 -3.48249 14.95
    endloop
  endfacet
  facet normal 0 0.952398 -0.304858
    outer loop
      vertex -10.3 4.25447 16.3339
      vertex -15.3 4.31516 16.5235
      vertex -10.3 4.31516 16.5235
    endloop
  endfacet
  facet normal 0 0.952398 -0.304858
    outer loop
      vertex -15.3 4.31516 16.5235
      vertex -10.3 4.25447 16.3339
      vertex -15.3 4.25447 16.3339
    endloop
  endfacet
  facet normal -0 0.32596 0.945384
    outer loop
      vertex -15.3 1.55986 22.021
      vertex -10.3 1.37163 22.0859
      vertex -10.3 1.55986 22.021
    endloop
  endfacet
  facet normal 0 0.32596 0.945384
    outer loop
      vertex -10.3 1.37163 22.0859
      vertex -15.3 1.55986 22.021
      vertex -15.3 1.37163 22.0859
    endloop
  endfacet
  facet normal 0 -0.666978 0.745077
    outer loop
      vertex -15.3 -2.9263 21.2186
      vertex -10.3 -3.07465 21.0858
      vertex -10.3 -2.9263 21.2186
    endloop
  endfacet
  facet normal 0 -0.666978 0.745077
    outer loop
      vertex -10.3 -3.07465 21.0858
      vertex -15.3 -2.9263 21.2186
      vertex -15.3 -3.07465 21.0858
    endloop
  endfacet
  facet normal -0 0.487177 0.873303
    outer loop
      vertex -15.3 2.27868 21.6804
      vertex -10.3 2.1048 21.7774
      vertex -10.3 2.27868 21.6804
    endloop
  endfacet
  facet normal 0 0.487177 0.873303
    outer loop
      vertex -10.3 2.1048 21.7774
      vertex -15.3 2.27868 21.6804
      vertex -15.3 2.1048 21.7774
    endloop
  endfacet
  facet normal 0 0.938035 -0.346541
    outer loop
      vertex -10.3 4.18546 16.1471
      vertex -15.3 4.25447 16.3339
      vertex -10.3 4.25447 16.3339
    endloop
  endfacet
  facet normal 0 0.938035 -0.346541
    outer loop
      vertex -15.3 4.25447 16.3339
      vertex -10.3 4.18546 16.1471
      vertex -15.3 4.18546 16.1471
    endloop
  endfacet
  facet normal -0 0.197888 0.980225
    outer loop
      vertex -15.3 0.987473 22.1903
      vertex -10.3 0.792308 22.2297
      vertex -10.3 0.987473 22.1903
    endloop
  endfacet
  facet normal 0 0.197888 0.980225
    outer loop
      vertex -10.3 0.792308 22.2297
      vertex -15.3 0.987473 22.1903
      vertex -15.3 0.792308 22.2297
    endloop
  endfacet
  facet normal 0 -0.996089 0.0883571
    outer loop
      vertex -15.3 -4.49009 18.0985
      vertex -10.3 -4.4725 18.2968
      vertex -15.3 -4.4725 18.2968
    endloop
  endfacet
  facet normal 0 -0.996089 0.0883571
    outer loop
      vertex -10.3 -4.4725 18.2968
      vertex -15.3 -4.49009 18.0985
      vertex -10.3 -4.49009 18.0985
    endloop
  endfacet
  facet normal -0 0.666978 0.745077
    outer loop
      vertex -15.3 3.07465 21.0858
      vertex -10.3 2.9263 21.2186
      vertex -10.3 3.07465 21.0858
    endloop
  endfacet
  facet normal 0 0.666978 0.745077
    outer loop
      vertex -10.3 2.9263 21.2186
      vertex -15.3 3.07465 21.0858
      vertex -15.3 2.9263 21.2186
    endloop
  endfacet
  facet normal -0 0.633342 0.773872
    outer loop
      vertex -15.3 2.9263 21.2186
      vertex -10.3 2.77222 21.3447
      vertex -10.3 2.9263 21.2186
    endloop
  endfacet
  facet normal 0 0.633342 0.773872
    outer loop
      vertex -10.3 2.77222 21.3447
      vertex -15.3 2.9263 21.2186
      vertex -15.3 2.77222 21.3447
    endloop
  endfacet
  facet normal 0 -0.367178 0.930151
    outer loop
      vertex -15.3 -1.55986 22.021
      vertex -10.3 -1.74504 21.9479
      vertex -10.3 -1.55986 22.021
    endloop
  endfacet
  facet normal 0 -0.367178 0.930151
    outer loop
      vertex -10.3 -1.74504 21.9479
      vertex -15.3 -1.55986 22.021
      vertex -15.3 -1.74504 21.9479
    endloop
  endfacet
  facet normal -0 0.40829 0.912852
    outer loop
      vertex -15.3 1.92681 21.8666
      vertex -10.3 1.74504 21.9479
      vertex -10.3 1.92681 21.8666
    endloop
  endfacet
  facet normal 0 0.40829 0.912852
    outer loop
      vertex -10.3 1.74504 21.9479
      vertex -15.3 1.92681 21.8666
      vertex -15.3 1.74504 21.9479
    endloop
  endfacet
  facet normal 0 0.999021 -0.044228
    outer loop
      vertex -10.3 4.49009 17.5015
      vertex -15.3 4.4989 17.7005
      vertex -10.3 4.4989 17.7005
    endloop
  endfacet
  facet normal 0 0.999021 -0.044228
    outer loop
      vertex -15.3 4.4989 17.7005
      vertex -10.3 4.49009 17.5015
      vertex -15.3 4.49009 17.5015
    endloop
  endfacet
  facet normal 0 -0.999021 -0.044228
    outer loop
      vertex -15.3 -4.49009 17.5015
      vertex -10.3 -4.4989 17.7005
      vertex -15.3 -4.4989 17.7005
    endloop
  endfacet
  facet normal 0 -0.999021 -0.044228
    outer loop
      vertex -10.3 -4.4989 17.7005
      vertex -15.3 -4.49009 17.5015
      vertex -10.3 -4.49009 17.5015
    endloop
  endfacet
  facet normal 0 -0.838971 -0.544176
    outer loop
      vertex -15.3 -3.72074 15.269
      vertex -10.3 -3.82906 15.436
      vertex -15.3 -3.82906 15.436
    endloop
  endfacet
  facet normal 0 -0.838971 -0.544176
    outer loop
      vertex -10.3 -3.82906 15.436
      vertex -15.3 -3.72074 15.269
      vertex -10.3 -3.72074 15.269
    endloop
  endfacet
  facet normal 0 -0.0220996 0.999756
    outer loop
      vertex -15.3 0 22.3
      vertex -10.3 -0.19905 22.2956
      vertex -10.3 0 22.3
    endloop
  endfacet
  facet normal 0 -0.0220996 0.999756
    outer loop
      vertex -10.3 -0.19905 22.2956
      vertex -15.3 0 22.3
      vertex -15.3 -0.19905 22.2956
    endloop
  endfacet
  facet normal 0 0.921731 0.38783
    outer loop
      vertex -10.3 4.18546 19.4529
      vertex -15.3 4.10825 19.6364
      vertex -10.3 4.10825 19.6364
    endloop
  endfacet
  facet normal 0 0.921731 0.38783
    outer loop
      vertex -15.3 4.10825 19.6364
      vertex -10.3 4.18546 19.4529
      vertex -15.3 4.18546 19.4529
    endloop
  endfacet
  facet normal 0 -0.197888 0.980225
    outer loop
      vertex -15.3 -0.792308 22.2297
      vertex -10.3 -0.987473 22.1903
      vertex -10.3 -0.792308 22.2297
    endloop
  endfacet
  facet normal 0 -0.197888 0.980225
    outer loop
      vertex -10.3 -0.987473 22.1903
      vertex -15.3 -0.792308 22.2297
      vertex -15.3 -0.987473 22.1903
    endloop
  endfacet
  facet normal 0 -0.952398 -0.304858
    outer loop
      vertex -15.3 -4.25447 16.3339
      vertex -10.3 -4.31516 16.5235
      vertex -15.3 -4.31516 16.5235
    endloop
  endfacet
  facet normal 0 -0.952398 -0.304858
    outer loop
      vertex -10.3 -4.31516 16.5235
      vertex -15.3 -4.25447 16.3339
      vertex -10.3 -4.25447 16.3339
    endloop
  endfacet
  facet normal 0 0.991193 0.132427
    outer loop
      vertex -10.3 4.4725 18.2968
      vertex -15.3 4.44614 18.4941
      vertex -10.3 4.44614 18.4941
    endloop
  endfacet
  facet normal 0 0.991193 0.132427
    outer loop
      vertex -15.3 4.44614 18.4941
      vertex -10.3 4.4725 18.2968
      vertex -15.3 4.4725 18.2968
    endloop
  endfacet
  facet normal 0 -0.40829 0.912852
    outer loop
      vertex -15.3 -1.74504 21.9479
      vertex -10.3 -1.92681 21.8666
      vertex -10.3 -1.74504 21.9479
    endloop
  endfacet
  facet normal 0 -0.40829 0.912852
    outer loop
      vertex -10.3 -1.92681 21.8666
      vertex -15.3 -1.74504 21.9479
      vertex -15.3 -1.92681 21.8666
    endloop
  endfacet
  facet normal 0 -0.883884 0.467705
    outer loop
      vertex -15.3 -4.023 19.8163
      vertex -10.3 -3.92987 19.9923
      vertex -15.3 -3.92987 19.9923
    endloop
  endfacet
  facet normal 0 -0.883884 0.467705
    outer loop
      vertex -10.3 -3.92987 19.9923
      vertex -15.3 -4.023 19.8163
      vertex -10.3 -4.023 19.8163
    endloop
  endfacet
  facet normal 0 -0.903671 -0.428227
    outer loop
      vertex -15.3 -4.023 15.7837
      vertex -10.3 -4.10825 15.9636
      vertex -15.3 -4.10825 15.9636
    endloop
  endfacet
  facet normal 0 -0.903671 -0.428227
    outer loop
      vertex -10.3 -4.10825 15.9636
      vertex -15.3 -4.023 15.7837
      vertex -10.3 -4.023 15.7837
    endloop
  endfacet
  facet normal 0 -0.984384 0.176034
    outer loop
      vertex -15.3 -4.44614 18.4941
      vertex -10.3 -4.41109 18.6901
      vertex -15.3 -4.41109 18.6901
    endloop
  endfacet
  facet normal 0 -0.984384 0.176034
    outer loop
      vertex -10.3 -4.41109 18.6901
      vertex -15.3 -4.44614 18.4941
      vertex -10.3 -4.44614 18.4941
    endloop
  endfacet
  facet normal 0 -0.964956 -0.262412
    outer loop
      vertex -15.3 -4.31516 16.5235
      vertex -10.3 -4.3674 16.7156
      vertex -15.3 -4.3674 16.7156
    endloop
  endfacet
  facet normal 0 -0.964956 -0.262412
    outer loop
      vertex -10.3 -4.3674 16.7156
      vertex -15.3 -4.31516 16.5235
      vertex -10.3 -4.31516 16.5235
    endloop
  endfacet
  facet normal 0 -0.903671 0.428227
    outer loop
      vertex -15.3 -4.10825 19.6364
      vertex -10.3 -4.023 19.8163
      vertex -15.3 -4.023 19.8163
    endloop
  endfacet
  facet normal 0 -0.903671 0.428227
    outer loop
      vertex -10.3 -4.023 19.8163
      vertex -15.3 -4.10825 19.6364
      vertex -10.3 -4.10825 19.6364
    endloop
  endfacet
  facet normal -1 0 0
    outer loop
      vertex -15.3 1.99441 17.6505
      vertex -15.3 4.4989 17.7005
      vertex -15.3 4.49009 17.5015
    endloop
  endfacet
  facet normal -1 0 0
    outer loop
      vertex -15.3 4.4989 17.7005
      vertex -15.3 1.99938 17.8499
      vertex -15.3 4.4989 17.8995
    endloop
  endfacet
  facet normal -1 0 0
    outer loop
      vertex -15.3 1.99441 17.6505
      vertex -15.3 4.49009 17.5015
      vertex -15.3 4.4725 17.3032
    endloop
  endfacet
  facet normal -1 -0 0
    outer loop
      vertex -15.3 4.4989 17.8995
      vertex -15.3 1.99938 17.8499
      vertex -15.3 4.49009 18.0985
    endloop
  endfacet
  facet normal -1 0 0
    outer loop
      vertex -15.3 1.96961 17.4527
      vertex -15.3 4.4725 17.3032
      vertex -15.3 4.44614 17.1059
    endloop
  endfacet
  facet normal -1 0 0
    outer loop
      vertex -15.3 1.98448 18.0487
      vertex -15.3 4.49009 18.0985
      vertex -15.3 1.99938 17.8499
    endloop
  endfacet
  facet normal -1 0 0
    outer loop
      vertex -15.3 1.96961 17.4527
      vertex -15.3 4.44614 17.1059
      vertex -15.3 4.41109 16.9099
    endloop
  endfacet
  facet normal -1 -0 0
    outer loop
      vertex -15.3 4.49009 18.0985
      vertex -15.3 1.98448 18.0487
      vertex -15.3 4.4725 18.2968
    endloop
  endfacet
  facet normal -1 0 0
    outer loop
      vertex -15.3 1.96961 17.4527
      vertex -15.3 4.41109 16.9099
      vertex -15.3 4.3674 16.7156
    endloop
  endfacet
  facet normal -1 -0 0
    outer loop
      vertex -15.3 4.4725 18.2968
      vertex -15.3 1.98448 18.0487
      vertex -15.3 4.44614 18.4941
    endloop
  endfacet
  facet normal -1 0 0
    outer loop
      vertex -15.3 1.92525 17.2583
      vertex -15.3 4.3674 16.7156
      vertex -15.3 4.31516 16.5235
    endloop
  endfacet
  facet normal -1 -0 0
    outer loop
      vertex -15.3 4.44614 18.4941
      vertex -15.3 1.98448 18.0487
      vertex -15.3 4.41109 18.6901
    endloop
  endfacet
  facet normal -1 0 0
    outer loop
      vertex -15.3 1.92525 17.2583
      vertex -15.3 4.31516 16.5235
      vertex -15.3 4.25447 16.3339
    endloop
  endfacet
  facet normal -1 0 0
    outer loop
      vertex -15.3 1.94986 18.245
      vertex -15.3 4.41109 18.6901
      vertex -15.3 1.98448 18.0487
    endloop
  endfacet
  facet normal -1 0 0
    outer loop
      vertex -15.3 1.86175 17.0693
      vertex -15.3 4.25447 16.3339
      vertex -15.3 4.18546 16.1471
    endloop
  endfacet
  facet normal -1 -0 0
    outer loop
      vertex -15.3 4.41109 18.6901
      vertex -15.3 1.94986 18.245
      vertex -15.3 4.3674 18.8844
    endloop
  endfacet
  facet normal -1 0 0
    outer loop
      vertex -15.3 1.86175 17.0693
      vertex -15.3 4.18546 16.1471
      vertex -15.3 4.10825 15.9636
    endloop
  endfacet
  facet normal -1 -0 0
    outer loop
      vertex -15.3 4.3674 18.8844
      vertex -15.3 1.94986 18.245
      vertex -15.3 4.31516 19.0765
    endloop
  endfacet
  facet normal -1 0 0
    outer loop
      vertex -15.3 1.77974 16.8876
      vertex -15.3 4.10825 15.9636
      vertex -15.3 4.023 15.7837
    endloop
  endfacet
  facet normal -1 0 0
    outer loop
      vertex -15.3 1.89585 18.437
      vertex -15.3 4.31516 19.0765
      vertex -15.3 1.94986 18.245
    endloop
  endfacet
  facet normal -1 0 0
    outer loop
      vertex -15.3 1.77974 16.8876
      vertex -15.3 4.023 15.7837
      vertex -15.3 3.92987 15.6077
    endloop
  endfacet
  facet normal -1 -0 0
    outer loop
      vertex -15.3 4.31516 19.0765
      vertex -15.3 1.89585 18.437
      vertex -15.3 4.25447 19.2661
    endloop
  endfacet
  facet normal -1 0 0
    outer loop
      vertex -15.3 1.68005 16.7149
      vertex -15.3 3.92987 15.6077
      vertex -15.3 3.82906 15.436
    endloop
  endfacet
  facet normal -1 -0 0
    outer loop
      vertex -15.3 4.25447 19.2661
      vertex -15.3 1.89585 18.437
      vertex -15.3 4.18546 19.4529
    endloop
  endfacet
  facet normal -1 0 0
    outer loop
      vertex -15.3 1.68005 16.7149
      vertex -15.3 3.82906 15.436
      vertex -15.3 3.72074 15.269
    endloop
  endfacet
  facet normal -1 0 0
    outer loop
      vertex -15.3 1.82301 18.6226
      vertex -15.3 4.18546 19.4529
      vertex -15.3 1.89585 18.437
    endloop
  endfacet
  facet normal -1 0 0
    outer loop
      vertex -15.3 1.68005 16.7149
      vertex -15.3 3.72074 15.269
      vertex -15.3 3.60515 15.1069
    endloop
  endfacet
  facet normal -1 -0 0
    outer loop
      vertex -15.3 4.18546 19.4529
      vertex -15.3 1.82301 18.6226
      vertex -15.3 4.10825 19.6364
    endloop
  endfacet
  facet normal -1 0 0
    outer loop
      vertex -15.3 1.56366 16.553
      vertex -15.3 3.60515 15.1069
      vertex -15.3 3.48249 14.95
    endloop
  endfacet
  facet normal -1 -0 0
    outer loop
      vertex -15.3 4.10825 19.6364
      vertex -15.3 1.82301 18.6226
      vertex -15.3 4.023 19.8163
    endloop
  endfacet
  facet normal -1 0 0
    outer loop
      vertex -15.3 1.56366 16.553
      vertex -15.3 3.48249 14.95
      vertex -15.3 3.35302 14.7988
    endloop
  endfacet
  facet normal -1 0 0
    outer loop
      vertex -15.3 1.73205 18.8
      vertex -15.3 4.023 19.8163
      vertex -15.3 1.82301 18.6226
    endloop
  endfacet
  facet normal -1 -0 0
    outer loop
      vertex -15.3 4.023 19.8163
      vertex -15.3 1.73205 18.8
      vertex -15.3 3.92987 19.9923
    endloop
  endfacet
  facet normal -1 0 0
    outer loop
      vertex -15.3 1.43173 16.4035
      vertex -15.3 3.35302 14.7988
      vertex -15.3 3.18198 14.618
    endloop
  endfacet
  facet normal -1 -0 0
    outer loop
      vertex -15.3 3.92987 19.9923
      vertex -15.3 1.73205 18.8
      vertex -15.3 3.82906 20.164
    endloop
  endfacet
  facet normal -1 -0 0
    outer loop
      vertex -15.3 3.82906 20.164
      vertex -15.3 1.73205 18.8
      vertex -15.3 3.72074 20.331
    endloop
  endfacet
  facet normal -1 0 0
    outer loop
      vertex -15.3 1.62388 18.9675
      vertex -15.3 3.72074 20.331
      vertex -15.3 1.73205 18.8
    endloop
  endfacet
  facet normal -1 -0 0
    outer loop
      vertex -15.3 3.72074 20.331
      vertex -15.3 1.62388 18.9675
      vertex -15.3 3.60515 20.4931
    endloop
  endfacet
  facet normal -1 0 0
    outer loop
      vertex -15.3 1.49956 19.1234
      vertex -15.3 3.48249 20.65
      vertex -15.3 1.62388 18.9675
    endloop
  endfacet
  facet normal -1 -0 0
    outer loop
      vertex -15.3 3.48249 20.65
      vertex -15.3 1.49956 19.1234
      vertex -15.3 3.35302 20.8012
    endloop
  endfacet
  facet normal -1 -0 0
    outer loop
      vertex -15.3 3.35302 20.8012
      vertex -15.3 1.49956 19.1234
      vertex -15.3 3.21698 20.9466
    endloop
  endfacet
  facet normal -1 -0 0
    outer loop
      vertex -15.3 3.60515 20.4931
      vertex -15.3 1.62388 18.9675
      vertex -15.3 3.48249 20.65
    endloop
  endfacet
  facet normal -1 -0 0
    outer loop
      vertex -15.3 4.4989 17.7005
      vertex -15.3 1.99441 17.6505
      vertex -15.3 1.99938 17.8499
    endloop
  endfacet
  facet normal -1 0 0
    outer loop
      vertex -15.3 4.4725 17.3032
      vertex -15.3 1.96961 17.4527
      vertex -15.3 1.99441 17.6505
    endloop
  endfacet
  facet normal -1 0 0
    outer loop
      vertex -15.3 4.3674 16.7156
      vertex -15.3 1.92525 17.2583
      vertex -15.3 1.96961 17.4527
    endloop
  endfacet
  facet normal -1 0 0
    outer loop
      vertex -15.3 4.25447 16.3339
      vertex -15.3 1.86175 17.0693
      vertex -15.3 1.92525 17.2583
    endloop
  endfacet
  facet normal -1 0 0
    outer loop
      vertex -15.3 4.10825 15.9636
      vertex -15.3 1.77974 16.8876
      vertex -15.3 1.86175 17.0693
    endloop
  endfacet
  facet normal -1 0 0
    outer loop
      vertex -15.3 3.92987 15.6077
      vertex -15.3 1.68005 16.7149
      vertex -15.3 1.77974 16.8876
    endloop
  endfacet
  facet normal -1 0 0
    outer loop
      vertex -15.3 3.60515 15.1069
      vertex -15.3 1.56366 16.553
      vertex -15.3 1.68005 16.7149
    endloop
  endfacet
  facet normal -1 0 0
    outer loop
      vertex -15.3 3.35302 14.7988
      vertex -15.3 1.43173 16.4035
      vertex -15.3 1.56366 16.553
    endloop
  endfacet
  facet normal -1 0 0
    outer loop
      vertex -15.3 3.18198 14.618
      vertex -15.3 1.28557 16.2679
      vertex -15.3 1.43173 16.4035
    endloop
  endfacet
  facet normal -1 0 0
    outer loop
      vertex -15.3 3.18198 14.618
      vertex -15.3 1.12664 16.1475
      vertex -15.3 1.28557 16.2679
    endloop
  endfacet
  facet normal -1 0 0
    outer loop
      vertex -15.3 3.18198 14.618
      vertex -15.3 0.956508 16.0436
      vertex -15.3 1.12664 16.1475
    endloop
  endfacet
  facet normal -1 0 0
    outer loop
      vertex -15.3 3.18198 14.618
      vertex -15.3 0.776869 15.957
      vertex -15.3 0.956508 16.0436
    endloop
  endfacet
  facet normal -1 0 0
    outer loop
      vertex -15.3 3.18198 14.618
      vertex -15.3 0.58951 15.8889
      vertex -15.3 0.776869 15.957
    endloop
  endfacet
  facet normal -1 0 0
    outer loop
      vertex -15.3 3.18198 14.618
      vertex -15.3 0.396292 15.8397
      vertex -15.3 0.58951 15.8889
    endloop
  endfacet
  facet normal -1 0 0
    outer loop
      vertex -15.3 0 11.436
      vertex -15.3 0.396292 15.8397
      vertex -15.3 3.18198 14.618
    endloop
  endfacet
  facet normal -1 0 0
    outer loop
      vertex -15.3 0.396292 15.8397
      vertex -15.3 0 11.436
      vertex -15.3 0.199135 15.8099
    endloop
  endfacet
  facet normal -1 0 0
    outer loop
      vertex -15.3 0 11.436
      vertex -15.3 0 15.8
      vertex -15.3 0.199135 15.8099
    endloop
  endfacet
  facet normal -1 0 0
    outer loop
      vertex -15.3 0 11.436
      vertex -15.3 -0.199135 15.8099
      vertex -15.3 0 15.8
    endloop
  endfacet
  facet normal -1 0 0
    outer loop
      vertex -15.3 0 11.436
      vertex -15.3 -0.396292 15.8397
      vertex -15.3 -0.199135 15.8099
    endloop
  endfacet
  facet normal -1 0 0
    outer loop
      vertex -15.3 0 11.436
      vertex -15.3 -0.58951 15.8889
      vertex -15.3 -0.396292 15.8397
    endloop
  endfacet
  facet normal -1 0 0
    outer loop
      vertex -15.3 -3.18198 14.618
      vertex -15.3 -0.58951 15.8889
      vertex -15.3 0 11.436
    endloop
  endfacet
  facet normal -1 -0 0
    outer loop
      vertex -15.3 -0.58951 15.8889
      vertex -15.3 -3.18198 14.618
      vertex -15.3 -0.776869 15.957
    endloop
  endfacet
  facet normal -1 -0 0
    outer loop
      vertex -15.3 -0.776869 15.957
      vertex -15.3 -3.18198 14.618
      vertex -15.3 -0.956508 16.0436
    endloop
  endfacet
  facet normal -1 -0 0
    outer loop
      vertex -15.3 -0.956508 16.0436
      vertex -15.3 -3.18198 14.618
      vertex -15.3 -1.12664 16.1475
    endloop
  endfacet
  facet normal -1 -0 0
    outer loop
      vertex -15.3 -1.12664 16.1475
      vertex -15.3 -3.18198 14.618
      vertex -15.3 -1.28557 16.2679
    endloop
  endfacet
  facet normal -1 -0 0
    outer loop
      vertex -15.3 -1.28557 16.2679
      vertex -15.3 -3.18198 14.618
      vertex -15.3 -1.43173 16.4035
    endloop
  endfacet
  facet normal -1 0 0
    outer loop
      vertex -15.3 -3.35302 14.7988
      vertex -15.3 -1.43173 16.4035
      vertex -15.3 -3.18198 14.618
    endloop
  endfacet
  facet normal -1 -0 0
    outer loop
      vertex -15.3 -1.43173 16.4035
      vertex -15.3 -3.35302 14.7988
      vertex -15.3 -1.56366 16.553
    endloop
  endfacet
  facet normal -1 0 0
    outer loop
      vertex -15.3 -3.48249 14.95
      vertex -15.3 -1.56366 16.553
      vertex -15.3 -3.35302 14.7988
    endloop
  endfacet
  facet normal -1 0 0
    outer loop
      vertex -15.3 -3.60515 15.1069
      vertex -15.3 -1.56366 16.553
      vertex -15.3 -3.48249 14.95
    endloop
  endfacet
  facet normal -1 0 0
    outer loop
      vertex -15.3 -4.4989 17.7005
      vertex -15.3 -1.99938 17.8499
      vertex -15.3 -1.99441 17.6505
    endloop
  endfacet
  facet normal -1 0 0
    outer loop
      vertex -15.3 -1.99938 17.8499
      vertex -15.3 -2.27868 21.6804
      vertex -15.3 -2.1048 21.7774
    endloop
  endfacet
  facet normal -1 0 0
    outer loop
      vertex -15.3 -1.99938 17.8499
      vertex -15.3 -2.44809 21.5758
      vertex -15.3 -2.27868 21.6804
    endloop
  endfacet
  facet normal -1 0 0
    outer loop
      vertex -15.3 -1.99938 17.8499
      vertex -15.3 -2.61271 21.4638
      vertex -15.3 -2.44809 21.5758
    endloop
  endfacet
  facet normal -1 0 0
    outer loop
      vertex -15.3 -4.4725 17.3032
      vertex -15.3 -1.99441 17.6505
      vertex -15.3 -1.96961 17.4527
    endloop
  endfacet
  facet normal -1 0 0
    outer loop
      vertex -15.3 -1.99938 17.8499
      vertex -15.3 -2.77222 21.3447
      vertex -15.3 -2.61271 21.4638
    endloop
  endfacet
  facet normal -1 0 0
    outer loop
      vertex -15.3 -1.99938 17.8499
      vertex -15.3 -2.9263 21.2186
      vertex -15.3 -2.77222 21.3447
    endloop
  endfacet
  facet normal -1 0 0
    outer loop
      vertex -15.3 -4.41109 16.9099
      vertex -15.3 -1.96961 17.4527
      vertex -15.3 -1.92525 17.2583
    endloop
  endfacet
  facet normal -1 0 0
    outer loop
      vertex -15.3 -1.99938 17.8499
      vertex -15.3 -3.07465 21.0858
      vertex -15.3 -2.9263 21.2186
    endloop
  endfacet
  facet normal -1 -0 0
    outer loop
      vertex -15.3 -1.56366 16.553
      vertex -15.3 -3.60515 15.1069
      vertex -15.3 -1.68005 16.7149
    endloop
  endfacet
  facet normal -1 0 0
    outer loop
      vertex -15.3 -3.72074 15.269
      vertex -15.3 -1.68005 16.7149
      vertex -15.3 -3.60515 15.1069
    endloop
  endfacet
  facet normal -1 0 0
    outer loop
      vertex -15.3 -1.99938 17.8499
      vertex -15.3 -3.21698 20.9466
      vertex -15.3 -3.07465 21.0858
    endloop
  endfacet
  facet normal -1 0 0
    outer loop
      vertex -15.3 -3.82906 15.436
      vertex -15.3 -1.68005 16.7149
      vertex -15.3 -3.72074 15.269
    endloop
  endfacet
  facet normal -1 0 0
    outer loop
      vertex -15.3 -1.99938 17.8499
      vertex -15.3 -3.35302 20.8012
      vertex -15.3 -3.21698 20.9466
    endloop
  endfacet
  facet normal -1 0 0
    outer loop
      vertex -15.3 -3.92987 15.6077
      vertex -15.3 -1.68005 16.7149
      vertex -15.3 -3.82906 15.436
    endloop
  endfacet
  facet normal -1 0 0
    outer loop
      vertex -15.3 -1.99938 17.8499
      vertex -15.3 -3.48249 20.65
      vertex -15.3 -3.35302 20.8012
    endloop
  endfacet
  facet normal -1 -0 0
    outer loop
      vertex -15.3 -1.68005 16.7149
      vertex -15.3 -3.92987 15.6077
      vertex -15.3 -1.77974 16.8876
    endloop
  endfacet
  facet normal -1 0 0
    outer loop
      vertex -15.3 -1.99938 17.8499
      vertex -15.3 -3.60515 20.4931
      vertex -15.3 -3.48249 20.65
    endloop
  endfacet
  facet normal -1 0 0
    outer loop
      vertex -15.3 -4.023 15.7837
      vertex -15.3 -1.77974 16.8876
      vertex -15.3 -3.92987 15.6077
    endloop
  endfacet
  facet normal -1 0 0
    outer loop
      vertex -15.3 -1.99938 17.8499
      vertex -15.3 -3.72074 20.331
      vertex -15.3 -3.60515 20.4931
    endloop
  endfacet
  facet normal -1 0 0
    outer loop
      vertex -15.3 -4.10825 15.9636
      vertex -15.3 -1.77974 16.8876
      vertex -15.3 -4.023 15.7837
    endloop
  endfacet
  facet normal -1 0 0
    outer loop
      vertex -15.3 -1.99938 17.8499
      vertex -15.3 -3.82906 20.164
      vertex -15.3 -3.72074 20.331
    endloop
  endfacet
  facet normal -1 -0 0
    outer loop
      vertex -15.3 -1.77974 16.8876
      vertex -15.3 -4.10825 15.9636
      vertex -15.3 -1.86175 17.0693
    endloop
  endfacet
  facet normal -1 0 0
    outer loop
      vertex -15.3 -1.99938 17.8499
      vertex -15.3 -3.92987 19.9923
      vertex -15.3 -3.82906 20.164
    endloop
  endfacet
  facet normal -1 0 0
    outer loop
      vertex -15.3 -4.18546 16.1471
      vertex -15.3 -1.86175 17.0693
      vertex -15.3 -4.10825 15.9636
    endloop
  endfacet
  facet normal -1 0 0
    outer loop
      vertex -15.3 -1.99938 17.8499
      vertex -15.3 -4.023 19.8163
      vertex -15.3 -3.92987 19.9923
    endloop
  endfacet
  facet normal -1 0 0
    outer loop
      vertex -15.3 -4.25447 16.3339
      vertex -15.3 -1.86175 17.0693
      vertex -15.3 -4.18546 16.1471
    endloop
  endfacet
  facet normal -1 0 0
    outer loop
      vertex -15.3 -1.99938 17.8499
      vertex -15.3 -4.10825 19.6364
      vertex -15.3 -4.023 19.8163
    endloop
  endfacet
  facet normal -1 -0 0
    outer loop
      vertex -15.3 -1.86175 17.0693
      vertex -15.3 -4.25447 16.3339
      vertex -15.3 -1.92525 17.2583
    endloop
  endfacet
  facet normal -1 0 0
    outer loop
      vertex -15.3 -1.99938 17.8499
      vertex -15.3 -4.18546 19.4529
      vertex -15.3 -4.10825 19.6364
    endloop
  endfacet
  facet normal -1 0 0
    outer loop
      vertex -15.3 -4.31516 16.5235
      vertex -15.3 -1.92525 17.2583
      vertex -15.3 -4.25447 16.3339
    endloop
  endfacet
  facet normal -1 0 0
    outer loop
      vertex -15.3 -1.99938 17.8499
      vertex -15.3 -4.25447 19.2661
      vertex -15.3 -4.18546 19.4529
    endloop
  endfacet
  facet normal -1 0 0
    outer loop
      vertex -15.3 -4.3674 16.7156
      vertex -15.3 -1.92525 17.2583
      vertex -15.3 -4.31516 16.5235
    endloop
  endfacet
  facet normal -1 0 0
    outer loop
      vertex -15.3 -1.99938 17.8499
      vertex -15.3 -4.31516 19.0765
      vertex -15.3 -4.25447 19.2661
    endloop
  endfacet
  facet normal -1 0 0
    outer loop
      vertex -15.3 -4.41109 16.9099
      vertex -15.3 -1.92525 17.2583
      vertex -15.3 -4.3674 16.7156
    endloop
  endfacet
  facet normal -1 0 0
    outer loop
      vertex -15.3 -1.99938 17.8499
      vertex -15.3 -4.3674 18.8844
      vertex -15.3 -4.31516 19.0765
    endloop
  endfacet
  facet normal -1 0 0
    outer loop
      vertex -15.3 -1.96961 17.4527
      vertex -15.3 -4.41109 16.9099
      vertex -15.3 -4.44614 17.1059
    endloop
  endfacet
  facet normal -1 0 0
    outer loop
      vertex -15.3 -1.99938 17.8499
      vertex -15.3 -4.41109 18.6901
      vertex -15.3 -4.3674 18.8844
    endloop
  endfacet
  facet normal -1 0 0
    outer loop
      vertex -15.3 -1.96961 17.4527
      vertex -15.3 -4.44614 17.1059
      vertex -15.3 -4.4725 17.3032
    endloop
  endfacet
  facet normal -1 0 0
    outer loop
      vertex -15.3 -1.99938 17.8499
      vertex -15.3 -4.44614 18.4941
      vertex -15.3 -4.41109 18.6901
    endloop
  endfacet
  facet normal -1 0 0
    outer loop
      vertex -15.3 -1.99441 17.6505
      vertex -15.3 -4.4725 17.3032
      vertex -15.3 -4.49009 17.5015
    endloop
  endfacet
  facet normal -1 0 0
    outer loop
      vertex -15.3 -1.99938 17.8499
      vertex -15.3 -4.4725 18.2968
      vertex -15.3 -4.44614 18.4941
    endloop
  endfacet
  facet normal -1 -0 0
    outer loop
      vertex -15.3 -1.99441 17.6505
      vertex -15.3 -4.49009 17.5015
      vertex -15.3 -4.4989 17.7005
    endloop
  endfacet
  facet normal -1 0 0
    outer loop
      vertex -15.3 -1.99938 17.8499
      vertex -15.3 -4.49009 18.0985
      vertex -15.3 -4.4725 18.2968
    endloop
  endfacet
  facet normal -1 -0 0
    outer loop
      vertex -15.3 -1.99938 17.8499
      vertex -15.3 -4.4989 17.7005
      vertex -15.3 -4.4989 17.8995
    endloop
  endfacet
  facet normal -1 0 0
    outer loop
      vertex -15.3 -1.99938 17.8499
      vertex -15.3 -4.4989 17.8995
      vertex -15.3 -4.49009 18.0985
    endloop
  endfacet
  facet normal -1 0 0
    outer loop
      vertex -15.3 1.36034 19.2661
      vertex -15.3 3.21698 20.9466
      vertex -15.3 1.49956 19.1234
    endloop
  endfacet
  facet normal -1 -0 0
    outer loop
      vertex -15.3 3.21698 20.9466
      vertex -15.3 1.36034 19.2661
      vertex -15.3 3.07465 21.0858
    endloop
  endfacet
  facet normal -1 -0 0
    outer loop
      vertex -15.3 3.07465 21.0858
      vertex -15.3 1.36034 19.2661
      vertex -15.3 2.9263 21.2186
    endloop
  endfacet
  facet normal -1 0 0
    outer loop
      vertex -15.3 1.20761 19.3943
      vertex -15.3 2.9263 21.2186
      vertex -15.3 1.36034 19.2661
    endloop
  endfacet
  facet normal -1 -0 0
    outer loop
      vertex -15.3 2.9263 21.2186
      vertex -15.3 1.20761 19.3943
      vertex -15.3 2.77222 21.3447
    endloop
  endfacet
  facet normal -1 -0 0
    outer loop
      vertex -15.3 2.77222 21.3447
      vertex -15.3 1.20761 19.3943
      vertex -15.3 2.61271 21.4638
    endloop
  endfacet
  facet normal -1 -0 0
    outer loop
      vertex -15.3 2.61271 21.4638
      vertex -15.3 1.20761 19.3943
      vertex -15.3 2.44809 21.5758
    endloop
  endfacet
  facet normal -1 0 0
    outer loop
      vertex -15.3 1.04287 19.5066
      vertex -15.3 2.44809 21.5758
      vertex -15.3 1.20761 19.3943
    endloop
  endfacet
  facet normal -1 -0 0
    outer loop
      vertex -15.3 2.44809 21.5758
      vertex -15.3 1.04287 19.5066
      vertex -15.3 2.27868 21.6804
    endloop
  endfacet
  facet normal -1 -0 0
    outer loop
      vertex -15.3 2.27868 21.6804
      vertex -15.3 1.04287 19.5066
      vertex -15.3 2.1048 21.7774
    endloop
  endfacet
  facet normal -1 0 0
    outer loop
      vertex -15.3 0.867767 19.6019
      vertex -15.3 2.1048 21.7774
      vertex -15.3 1.04287 19.5066
    endloop
  endfacet
  facet normal -1 -0 0
    outer loop
      vertex -15.3 2.1048 21.7774
      vertex -15.3 0.867767 19.6019
      vertex -15.3 1.92681 21.8666
    endloop
  endfacet
  facet normal -1 -0 0
    outer loop
      vertex -15.3 1.92681 21.8666
      vertex -15.3 0.867767 19.6019
      vertex -15.3 1.74504 21.9479
    endloop
  endfacet
  facet normal -1 0 0
    outer loop
      vertex -15.3 0.68404 19.6794
      vertex -15.3 1.74504 21.9479
      vertex -15.3 0.867767 19.6019
    endloop
  endfacet
  facet normal -1 -0 0
    outer loop
      vertex -15.3 1.74504 21.9479
      vertex -15.3 0.68404 19.6794
      vertex -15.3 1.55986 22.021
    endloop
  endfacet
  facet normal -1 -0 0
    outer loop
      vertex -15.3 1.55986 22.021
      vertex -15.3 0.68404 19.6794
      vertex -15.3 1.37163 22.0859
    endloop
  endfacet
  facet normal -1 0 0
    outer loop
      vertex -15.3 0.493514 19.7382
      vertex -15.3 1.37163 22.0859
      vertex -15.3 0.68404 19.6794
    endloop
  endfacet
  facet normal -1 -0 0
    outer loop
      vertex -15.3 1.37163 22.0859
      vertex -15.3 0.493514 19.7382
      vertex -15.3 1.18071 22.1423
    endloop
  endfacet
  facet normal -1 -0 0
    outer loop
      vertex -15.3 1.18071 22.1423
      vertex -15.3 0.493514 19.7382
      vertex -15.3 0.987473 22.1903
    endloop
  endfacet
  facet normal -1 -0 0
    outer loop
      vertex -15.3 0.987473 22.1903
      vertex -15.3 0.493514 19.7382
      vertex -15.3 0.792308 22.2297
    endloop
  endfacet
  facet normal -1 0 0
    outer loop
      vertex -15.3 0.298084 19.7777
      vertex -15.3 0.792308 22.2297
      vertex -15.3 0.493514 19.7382
    endloop
  endfacet
  facet normal -1 -0 0
    outer loop
      vertex -15.3 0.792308 22.2297
      vertex -15.3 0.298084 19.7777
      vertex -15.3 0.595592 22.2604
    endloop
  endfacet
  facet normal -1 -0 0
    outer loop
      vertex -15.3 0.595592 22.2604
      vertex -15.3 0.298084 19.7777
      vertex -15.3 0.39771 22.2824
    endloop
  endfacet
  facet normal -1 0 0
    outer loop
      vertex -15.3 0.0996914 19.7975
      vertex -15.3 0.39771 22.2824
      vertex -15.3 0.298084 19.7777
    endloop
  endfacet
  facet normal -1 -0 0
    outer loop
      vertex -15.3 0.39771 22.2824
      vertex -15.3 0.0996914 19.7975
      vertex -15.3 0.19905 22.2956
    endloop
  endfacet
  facet normal -1 0 0
    outer loop
      vertex -15.3 0.0996914 19.7975
      vertex -15.3 0 22.3
      vertex -15.3 0.19905 22.2956
    endloop
  endfacet
  facet normal -1 0 0
    outer loop
      vertex -15.3 -0.0996914 19.7975
      vertex -15.3 0 22.3
      vertex -15.3 0.0996914 19.7975
    endloop
  endfacet
  facet normal -1 0 0
    outer loop
      vertex -15.3 -0.0996914 19.7975
      vertex -15.3 -0.19905 22.2956
      vertex -15.3 0 22.3
    endloop
  endfacet
  facet normal -1 0 0
    outer loop
      vertex -15.3 -0.39771 22.2824
      vertex -15.3 -0.0996914 19.7975
      vertex -15.3 -0.298084 19.7777
    endloop
  endfacet
  facet normal -1 0 0
    outer loop
      vertex -15.3 -0.0996914 19.7975
      vertex -15.3 -0.39771 22.2824
      vertex -15.3 -0.19905 22.2956
    endloop
  endfacet
  facet normal -1 0 0
    outer loop
      vertex -15.3 -0.792308 22.2297
      vertex -15.3 -0.298084 19.7777
      vertex -15.3 -0.493514 19.7382
    endloop
  endfacet
  facet normal -1 0 0
    outer loop
      vertex -15.3 -0.298084 19.7777
      vertex -15.3 -0.595592 22.2604
      vertex -15.3 -0.39771 22.2824
    endloop
  endfacet
  facet normal -1 0 0
    outer loop
      vertex -15.3 -1.37163 22.0859
      vertex -15.3 -0.493514 19.7382
      vertex -15.3 -0.68404 19.6794
    endloop
  endfacet
  facet normal -1 0 0
    outer loop
      vertex -15.3 -0.298084 19.7777
      vertex -15.3 -0.792308 22.2297
      vertex -15.3 -0.595592 22.2604
    endloop
  endfacet
  facet normal -1 0 0
    outer loop
      vertex -15.3 -1.74504 21.9479
      vertex -15.3 -0.68404 19.6794
      vertex -15.3 -0.867767 19.6019
    endloop
  endfacet
  facet normal -1 0 0
    outer loop
      vertex -15.3 -0.493514 19.7382
      vertex -15.3 -0.987473 22.1903
      vertex -15.3 -0.792308 22.2297
    endloop
  endfacet
  facet normal -1 0 0
    outer loop
      vertex -15.3 -2.1048 21.7774
      vertex -15.3 -0.867767 19.6019
      vertex -15.3 -1.04287 19.5066
    endloop
  endfacet
  facet normal -1 0 0
    outer loop
      vertex -15.3 -0.493514 19.7382
      vertex -15.3 -1.18071 22.1423
      vertex -15.3 -0.987473 22.1903
    endloop
  endfacet
  facet normal -1 0 0
    outer loop
      vertex -15.3 -2.1048 21.7774
      vertex -15.3 -1.04287 19.5066
      vertex -15.3 -1.20761 19.3943
    endloop
  endfacet
  facet normal -1 0 0
    outer loop
      vertex -15.3 -2.1048 21.7774
      vertex -15.3 -1.20761 19.3943
      vertex -15.3 -1.36034 19.2661
    endloop
  endfacet
  facet normal -1 0 0
    outer loop
      vertex -15.3 -0.493514 19.7382
      vertex -15.3 -1.37163 22.0859
      vertex -15.3 -1.18071 22.1423
    endloop
  endfacet
  facet normal -1 0 0
    outer loop
      vertex -15.3 -2.1048 21.7774
      vertex -15.3 -1.36034 19.2661
      vertex -15.3 -1.49956 19.1234
    endloop
  endfacet
  facet normal -1 0 0
    outer loop
      vertex -15.3 -0.68404 19.6794
      vertex -15.3 -1.55986 22.021
      vertex -15.3 -1.37163 22.0859
    endloop
  endfacet
  facet normal -1 0 0
    outer loop
      vertex -15.3 -2.1048 21.7774
      vertex -15.3 -1.49956 19.1234
      vertex -15.3 -1.62388 18.9675
    endloop
  endfacet
  facet normal -1 0 0
    outer loop
      vertex -15.3 -2.1048 21.7774
      vertex -15.3 -1.62388 18.9675
      vertex -15.3 -1.73205 18.8
    endloop
  endfacet
  facet normal -1 0 0
    outer loop
      vertex -15.3 -0.68404 19.6794
      vertex -15.3 -1.74504 21.9479
      vertex -15.3 -1.55986 22.021
    endloop
  endfacet
  facet normal -1 0 0
    outer loop
      vertex -15.3 -2.1048 21.7774
      vertex -15.3 -1.73205 18.8
      vertex -15.3 -1.82301 18.6226
    endloop
  endfacet
  facet normal -1 0 0
    outer loop
      vertex -15.3 -2.1048 21.7774
      vertex -15.3 -1.82301 18.6226
      vertex -15.3 -1.89585 18.437
    endloop
  endfacet
  facet normal -1 0 0
    outer loop
      vertex -15.3 -0.867767 19.6019
      vertex -15.3 -1.92681 21.8666
      vertex -15.3 -1.74504 21.9479
    endloop
  endfacet
  facet normal -1 0 0
    outer loop
      vertex -15.3 -2.1048 21.7774
      vertex -15.3 -1.89585 18.437
      vertex -15.3 -1.94986 18.245
    endloop
  endfacet
  facet normal -1 0 0
    outer loop
      vertex -15.3 -2.1048 21.7774
      vertex -15.3 -1.94986 18.245
      vertex -15.3 -1.98448 18.0487
    endloop
  endfacet
  facet normal -1 0 0
    outer loop
      vertex -15.3 -2.1048 21.7774
      vertex -15.3 -1.98448 18.0487
      vertex -15.3 -1.99938 17.8499
    endloop
  endfacet
  facet normal -1 0 0
    outer loop
      vertex -15.3 -0.867767 19.6019
      vertex -15.3 -2.1048 21.7774
      vertex -15.3 -1.92681 21.8666
    endloop
  endfacet
  facet normal 0 -0.110497 0.993877
    outer loop
      vertex -15.3 -0.39771 22.2824
      vertex -10.3 -0.595592 22.2604
      vertex -10.3 -0.39771 22.2824
    endloop
  endfacet
  facet normal 0 -0.110497 0.993877
    outer loop
      vertex -10.3 -0.595592 22.2604
      vertex -15.3 -0.39771 22.2824
      vertex -15.3 -0.595592 22.2604
    endloop
  endfacet
  facet normal 0 0.999021 0.044228
    outer loop
      vertex -10.3 4.4989 17.8995
      vertex -15.3 4.49009 18.0985
      vertex -10.3 4.49009 18.0985
    endloop
  endfacet
  facet normal 0 0.999021 0.044228
    outer loop
      vertex -15.3 4.49009 18.0985
      vertex -10.3 4.4989 17.8995
      vertex -15.3 4.4989 17.8995
    endloop
  endfacet
  facet normal 0 -0.952398 0.304858
    outer loop
      vertex -15.3 -4.31516 19.0765
      vertex -10.3 -4.25447 19.2661
      vertex -15.3 -4.25447 19.2661
    endloop
  endfacet
  facet normal 0 -0.952398 0.304858
    outer loop
      vertex -10.3 -4.25447 19.2661
      vertex -15.3 -4.31516 19.0765
      vertex -10.3 -4.31516 19.0765
    endloop
  endfacet
  facet normal 0 -0.838971 0.544176
    outer loop
      vertex -15.3 -3.82906 20.164
      vertex -10.3 -3.72074 20.331
      vertex -15.3 -3.72074 20.331
    endloop
  endfacet
  facet normal 0 -0.838971 0.544176
    outer loop
      vertex -10.3 -3.72074 20.331
      vertex -15.3 -3.82906 20.164
      vertex -10.3 -3.82906 20.164
    endloop
  endfacet
  facet normal 0 0.903671 0.428227
    outer loop
      vertex -10.3 4.10825 19.6364
      vertex -15.3 4.023 19.8163
      vertex -10.3 4.023 19.8163
    endloop
  endfacet
  facet normal 0 0.903671 0.428227
    outer loop
      vertex -15.3 4.023 19.8163
      vertex -10.3 4.10825 19.6364
      vertex -15.3 4.10825 19.6364
    endloop
  endfacet
  facet normal 0 -0.991193 0.132427
    outer loop
      vertex -15.3 -4.4725 18.2968
      vertex -10.3 -4.44614 18.4941
      vertex -15.3 -4.44614 18.4941
    endloop
  endfacet
  facet normal 0 -0.991193 0.132427
    outer loop
      vertex -10.3 -4.44614 18.4941
      vertex -15.3 -4.4725 18.2968
      vertex -10.3 -4.4725 18.2968
    endloop
  endfacet
  facet normal 0 -0.814198 0.580587
    outer loop
      vertex -15.3 -3.72074 20.331
      vertex -10.3 -3.60515 20.4931
      vertex -15.3 -3.60515 20.4931
    endloop
  endfacet
  facet normal 0 -0.814198 0.580587
    outer loop
      vertex -10.3 -3.60515 20.4931
      vertex -15.3 -3.72074 20.331
      vertex -10.3 -3.72074 20.331
    endloop
  endfacet
  facet normal -0 0.367178 0.930151
    outer loop
      vertex -15.3 1.74504 21.9479
      vertex -10.3 1.55986 22.021
      vertex -10.3 1.74504 21.9479
    endloop
  endfacet
  facet normal 0 0.367178 0.930151
    outer loop
      vertex -10.3 1.55986 22.021
      vertex -15.3 1.74504 21.9479
      vertex -15.3 1.55986 22.021
    endloop
  endfacet
  facet normal -0 0.525363 0.850878
    outer loop
      vertex -15.3 2.44809 21.5758
      vertex -10.3 2.27868 21.6804
      vertex -10.3 2.44809 21.5758
    endloop
  endfacet
  facet normal 0 0.525363 0.850878
    outer loop
      vertex -10.3 2.27868 21.6804
      vertex -15.3 2.44809 21.5758
      vertex -15.3 2.27868 21.6804
    endloop
  endfacet
  facet normal 0 -1 0
    outer loop
      vertex -15.3 -4.4989 17.7005
      vertex -10.3 -4.4989 17.8995
      vertex -15.3 -4.4989 17.8995
    endloop
  endfacet
  facet normal 0 -1 -0
    outer loop
      vertex -10.3 -4.4989 17.8995
      vertex -15.3 -4.4989 17.7005
      vertex -10.3 -4.4989 17.7005
    endloop
  endfacet
  facet normal 0 0.952398 0.304858
    outer loop
      vertex -10.3 4.31516 19.0765
      vertex -15.3 4.25447 19.2661
      vertex -10.3 4.25447 19.2661
    endloop
  endfacet
  facet normal 0 0.952398 0.304858
    outer loop
      vertex -15.3 4.25447 19.2661
      vertex -10.3 4.31516 19.0765
      vertex -15.3 4.31516 19.0765
    endloop
  endfacet
  facet normal 0 0.707109 -0.707105
    outer loop
      vertex 15.3 0 11.436
      vertex 10.3 3.18198 14.618
      vertex 15.3 3.18198 14.618
    endloop
  endfacet
  facet normal 0 0.707109 -0.707105
    outer loop
      vertex 10.3 3.18198 14.618
      vertex 15.3 0 11.436
      vertex 10.3 0 11.436
    endloop
  endfacet
  facet normal 0 0.964956 -0.262412
    outer loop
      vertex 15.3 4.31516 16.5235
      vertex 10.3 4.3674 16.7156
      vertex 15.3 4.3674 16.7156
    endloop
  endfacet
  facet normal 0 0.964956 -0.262412
    outer loop
      vertex 10.3 4.3674 16.7156
      vertex 15.3 4.31516 16.5235
      vertex 10.3 4.31516 16.5235
    endloop
  endfacet
  facet normal -0 0.598287 0.801282
    outer loop
      vertex 10.3 2.77222 21.3447
      vertex 15.3 2.61271 21.4638
      vertex 15.3 2.77222 21.3447
    endloop
  endfacet
  facet normal 0 0.598287 0.801282
    outer loop
      vertex 15.3 2.61271 21.4638
      vertex 10.3 2.77222 21.3447
      vertex 10.3 2.61271 21.4638
    endloop
  endfacet
  facet normal 0 0.838971 -0.544176
    outer loop
      vertex 15.3 3.72074 15.269
      vertex 10.3 3.82906 15.436
      vertex 15.3 3.82906 15.436
    endloop
  endfacet
  facet normal 0 0.838971 -0.544176
    outer loop
      vertex 10.3 3.82906 15.436
      vertex 15.3 3.72074 15.269
      vertex 10.3 3.72074 15.269
    endloop
  endfacet
  facet normal 0 0.726442 -0.687227
    outer loop
      vertex 15.3 3.18198 14.618
      vertex 10.3 3.35302 14.7988
      vertex 15.3 3.35302 14.7988
    endloop
  endfacet
  facet normal 0 0.726442 -0.687227
    outer loop
      vertex 10.3 3.35302 14.7988
      vertex 15.3 3.18198 14.618
      vertex 10.3 3.18198 14.618
    endloop
  endfacet
  facet normal 0 -0.984384 -0.176034
    outer loop
      vertex 10.3 -4.41109 16.9099
      vertex 15.3 -4.44614 17.1059
      vertex 10.3 -4.44614 17.1059
    endloop
  endfacet
  facet normal 0 -0.984384 -0.176034
    outer loop
      vertex 15.3 -4.44614 17.1059
      vertex 10.3 -4.41109 16.9099
      vertex 15.3 -4.41109 16.9099
    endloop
  endfacet
  facet normal 0 -0.938035 -0.346541
    outer loop
      vertex 10.3 -4.18546 16.1471
      vertex 15.3 -4.25447 16.3339
      vertex 10.3 -4.25447 16.3339
    endloop
  endfacet
  facet normal 0 -0.938035 -0.346541
    outer loop
      vertex 15.3 -4.25447 16.3339
      vertex 10.3 -4.18546 16.1471
      vertex 15.3 -4.18546 16.1471
    endloop
  endfacet
  facet normal 0 0.883884 -0.467705
    outer loop
      vertex 15.3 3.92987 15.6077
      vertex 10.3 4.023 15.7837
      vertex 15.3 4.023 15.7837
    endloop
  endfacet
  facet normal 0 0.883884 -0.467705
    outer loop
      vertex 10.3 4.023 15.7837
      vertex 15.3 3.92987 15.6077
      vertex 10.3 3.92987 15.6077
    endloop
  endfacet
  facet normal 0 -0.991193 -0.132427
    outer loop
      vertex 10.3 -4.44614 17.1059
      vertex 15.3 -4.4725 17.3032
      vertex 10.3 -4.4725 17.3032
    endloop
  endfacet
  facet normal 0 -0.991193 -0.132427
    outer loop
      vertex 15.3 -4.4725 17.3032
      vertex 10.3 -4.44614 17.1059
      vertex 15.3 -4.44614 17.1059
    endloop
  endfacet
  facet normal 0 -0.862351 0.506311
    outer loop
      vertex 10.3 -3.92987 19.9923
      vertex 15.3 -3.82906 20.164
      vertex 10.3 -3.82906 20.164
    endloop
  endfacet
  facet normal 0 -0.862351 0.506311
    outer loop
      vertex 15.3 -3.82906 20.164
      vertex 10.3 -3.92987 19.9923
      vertex 15.3 -3.92987 19.9923
    endloop
  endfacet
  facet normal 0 -0.487177 0.873303
    outer loop
      vertex 10.3 -2.1048 21.7774
      vertex 15.3 -2.27868 21.6804
      vertex 15.3 -2.1048 21.7774
    endloop
  endfacet
  facet normal 0 -0.487177 0.873303
    outer loop
      vertex 15.3 -2.27868 21.6804
      vertex 10.3 -2.1048 21.7774
      vertex 10.3 -2.27868 21.6804
    endloop
  endfacet
  facet normal 0 0.787825 -0.615899
    outer loop
      vertex 15.3 3.48249 14.95
      vertex 10.3 3.60515 15.1069
      vertex 15.3 3.60515 15.1069
    endloop
  endfacet
  facet normal 0 0.787825 -0.615899
    outer loop
      vertex 10.3 3.60515 15.1069
      vertex 15.3 3.48249 14.95
      vertex 10.3 3.48249 14.95
    endloop
  endfacet
  facet normal 0 0.975639 0.219381
    outer loop
      vertex 15.3 4.41109 18.6901
      vertex 10.3 4.3674 18.8844
      vertex 15.3 4.3674 18.8844
    endloop
  endfacet
  facet normal 0 0.975639 0.219381
    outer loop
      vertex 10.3 4.3674 18.8844
      vertex 15.3 4.41109 18.6901
      vertex 10.3 4.41109 18.6901
    endloop
  endfacet
  facet normal 0 -0.759579 -0.650415
    outer loop
      vertex 10.3 -3.35302 14.7988
      vertex 15.3 -3.48249 14.95
      vertex 10.3 -3.48249 14.95
    endloop
  endfacet
  facet normal 0 -0.759579 -0.650415
    outer loop
      vertex 15.3 -3.48249 14.95
      vertex 10.3 -3.35302 14.7988
      vertex 15.3 -3.35302 14.7988
    endloop
  endfacet
  facet normal -0 0.0220996 0.999756
    outer loop
      vertex 10.3 0.19905 22.2956
      vertex 15.3 0 22.3
      vertex 15.3 0.19905 22.2956
    endloop
  endfacet
  facet normal 0 0.0220996 0.999756
    outer loop
      vertex 15.3 0 22.3
      vertex 10.3 0.19905 22.2956
      vertex 10.3 0 22.3
    endloop
  endfacet
  facet normal 0 -0.73022 0.683212
    outer loop
      vertex 10.3 -3.35302 20.8012
      vertex 15.3 -3.21698 20.9466
      vertex 10.3 -3.21698 20.9466
    endloop
  endfacet
  facet normal 0 -0.73022 0.683212
    outer loop
      vertex 15.3 -3.21698 20.9466
      vertex 10.3 -3.35302 20.8012
      vertex 15.3 -3.35302 20.8012
    endloop
  endfacet
  facet normal 0 0.921731 -0.38783
    outer loop
      vertex 15.3 4.10825 15.9636
      vertex 10.3 4.18546 16.1471
      vertex 15.3 4.18546 16.1471
    endloop
  endfacet
  facet normal 0 0.921731 -0.38783
    outer loop
      vertex 10.3 4.18546 16.1471
      vertex 15.3 4.10825 15.9636
      vertex 10.3 4.10825 15.9636
    endloop
  endfacet
  facet normal 0 0.996089 -0.0883571
    outer loop
      vertex 15.3 4.4725 17.3032
      vertex 10.3 4.49009 17.5015
      vertex 15.3 4.49009 17.5015
    endloop
  endfacet
  facet normal 0 0.996089 -0.0883571
    outer loop
      vertex 10.3 4.49009 17.5015
      vertex 15.3 4.4725 17.3032
      vertex 10.3 4.4725 17.3032
    endloop
  endfacet
  facet normal 0 0.984384 0.176034
    outer loop
      vertex 15.3 4.44614 18.4941
      vertex 10.3 4.41109 18.6901
      vertex 15.3 4.41109 18.6901
    endloop
  endfacet
  facet normal 0 0.984384 0.176034
    outer loop
      vertex 10.3 4.41109 18.6901
      vertex 15.3 4.44614 18.4941
      vertex 10.3 4.44614 18.4941
    endloop
  endfacet
  facet normal 0 -0.32596 0.945384
    outer loop
      vertex 10.3 -1.37163 22.0859
      vertex 15.3 -1.55986 22.021
      vertex 15.3 -1.37163 22.0859
    endloop
  endfacet
  facet normal 0 -0.32596 0.945384
    outer loop
      vertex 15.3 -1.55986 22.021
      vertex 10.3 -1.37163 22.0859
      vertex 10.3 -1.55986 22.021
    endloop
  endfacet
  facet normal 0 -0.964956 0.262412
    outer loop
      vertex 10.3 -4.3674 18.8844
      vertex 15.3 -4.31516 19.0765
      vertex 10.3 -4.31516 19.0765
    endloop
  endfacet
  facet normal 0 -0.964956 0.262412
    outer loop
      vertex 15.3 -4.31516 19.0765
      vertex 10.3 -4.3674 18.8844
      vertex 15.3 -4.3674 18.8844
    endloop
  endfacet
  facet normal 0 0.991193 -0.132427
    outer loop
      vertex 15.3 4.44614 17.1059
      vertex 10.3 4.4725 17.3032
      vertex 15.3 4.4725 17.3032
    endloop
  endfacet
  facet normal 0 0.991193 -0.132427
    outer loop
      vertex 10.3 4.4725 17.3032
      vertex 15.3 4.44614 17.1059
      vertex 10.3 4.44614 17.1059
    endloop
  endfacet
  facet normal 0 -0.726442 -0.687227
    outer loop
      vertex 10.3 -3.18198 14.618
      vertex 15.3 -3.35302 14.7988
      vertex 10.3 -3.35302 14.7988
    endloop
  endfacet
  facet normal 0 -0.726442 -0.687227
    outer loop
      vertex 15.3 -3.35302 14.7988
      vertex 10.3 -3.18198 14.618
      vertex 15.3 -3.18198 14.618
    endloop
  endfacet
  facet normal 0 0.787825 0.615899
    outer loop
      vertex 15.3 3.60515 20.4931
      vertex 10.3 3.48249 20.65
      vertex 15.3 3.48249 20.65
    endloop
  endfacet
  facet normal 0 0.787825 0.615899
    outer loop
      vertex 10.3 3.48249 20.65
      vertex 15.3 3.60515 20.4931
      vertex 10.3 3.60515 20.4931
    endloop
  endfacet
  facet normal 0 -0.787825 0.615899
    outer loop
      vertex 10.3 -3.60515 20.4931
      vertex 15.3 -3.48249 20.65
      vertex 10.3 -3.48249 20.65
    endloop
  endfacet
  facet normal 0 -0.787825 0.615899
    outer loop
      vertex 15.3 -3.48249 20.65
      vertex 10.3 -3.60515 20.4931
      vertex 15.3 -3.60515 20.4931
    endloop
  endfacet
  facet normal 0 -0.996089 -0.0883571
    outer loop
      vertex 10.3 -4.4725 17.3032
      vertex 15.3 -4.49009 17.5015
      vertex 10.3 -4.49009 17.5015
    endloop
  endfacet
  facet normal 0 -0.996089 -0.0883571
    outer loop
      vertex 15.3 -4.49009 17.5015
      vertex 10.3 -4.4725 17.3032
      vertex 15.3 -4.4725 17.3032
    endloop
  endfacet
  facet normal 0 0.938035 0.346541
    outer loop
      vertex 15.3 4.25447 19.2661
      vertex 10.3 4.18546 19.4529
      vertex 15.3 4.18546 19.4529
    endloop
  endfacet
  facet normal 0 0.938035 0.346541
    outer loop
      vertex 10.3 4.18546 19.4529
      vertex 15.3 4.25447 19.2661
      vertex 10.3 4.25447 19.2661
    endloop
  endfacet
  facet normal 0 1 -0
    outer loop
      vertex 15.3 4.4989 17.7005
      vertex 10.3 4.4989 17.8995
      vertex 15.3 4.4989 17.8995
    endloop
  endfacet
  facet normal 0 1 0
    outer loop
      vertex 10.3 4.4989 17.8995
      vertex 15.3 4.4989 17.7005
      vertex 10.3 4.4989 17.7005
    endloop
  endfacet
  facet normal 0 -0.903671 -0.428227
    outer loop
      vertex 10.3 -4.023 15.7837
      vertex 15.3 -4.10825 15.9636
      vertex 10.3 -4.10825 15.9636
    endloop
  endfacet
  facet normal 0 -0.903671 -0.428227
    outer loop
      vertex 15.3 -4.10825 15.9636
      vertex 10.3 -4.023 15.7837
      vertex 15.3 -4.023 15.7837
    endloop
  endfacet
  facet normal 0 0.984384 -0.176034
    outer loop
      vertex 15.3 4.41109 16.9099
      vertex 10.3 4.44614 17.1059
      vertex 15.3 4.44614 17.1059
    endloop
  endfacet
  facet normal 0 0.984384 -0.176034
    outer loop
      vertex 10.3 4.44614 17.1059
      vertex 15.3 4.41109 16.9099
      vertex 10.3 4.41109 16.9099
    endloop
  endfacet
  facet normal 0 -0.759579 0.650415
    outer loop
      vertex 10.3 -3.48249 20.65
      vertex 15.3 -3.35302 20.8012
      vertex 10.3 -3.35302 20.8012
    endloop
  endfacet
  facet normal 0 -0.759579 0.650415
    outer loop
      vertex 15.3 -3.35302 20.8012
      vertex 10.3 -3.48249 20.65
      vertex 15.3 -3.48249 20.65
    endloop
  endfacet
  facet normal 0 0.838971 0.544176
    outer loop
      vertex 15.3 3.82906 20.164
      vertex 10.3 3.72074 20.331
      vertex 15.3 3.72074 20.331
    endloop
  endfacet
  facet normal 0 0.838971 0.544176
    outer loop
      vertex 10.3 3.72074 20.331
      vertex 15.3 3.82906 20.164
      vertex 10.3 3.82906 20.164
    endloop
  endfacet
  facet normal 0 0.814198 -0.580587
    outer loop
      vertex 15.3 3.60515 15.1069
      vertex 10.3 3.72074 15.269
      vertex 15.3 3.72074 15.269
    endloop
  endfacet
  facet normal 0 0.814198 -0.580587
    outer loop
      vertex 10.3 3.72074 15.269
      vertex 15.3 3.60515 15.1069
      vertex 10.3 3.60515 15.1069
    endloop
  endfacet
  facet normal 0 -0.598287 0.801282
    outer loop
      vertex 10.3 -2.61271 21.4638
      vertex 15.3 -2.77222 21.3447
      vertex 15.3 -2.61271 21.4638
    endloop
  endfacet
  facet normal 0 -0.598287 0.801282
    outer loop
      vertex 15.3 -2.77222 21.3447
      vertex 10.3 -2.61271 21.4638
      vertex 10.3 -2.77222 21.3447
    endloop
  endfacet
  facet normal 0 -0.633342 0.773872
    outer loop
      vertex 10.3 -2.77222 21.3447
      vertex 15.3 -2.9263 21.2186
      vertex 15.3 -2.77222 21.3447
    endloop
  endfacet
  facet normal 0 -0.633342 0.773872
    outer loop
      vertex 15.3 -2.9263 21.2186
      vertex 10.3 -2.77222 21.3447
      vertex 10.3 -2.9263 21.2186
    endloop
  endfacet
  facet normal -0 0.110497 0.993877
    outer loop
      vertex 10.3 0.595592 22.2604
      vertex 15.3 0.39771 22.2824
      vertex 15.3 0.595592 22.2604
    endloop
  endfacet
  facet normal 0 0.110497 0.993877
    outer loop
      vertex 15.3 0.39771 22.2824
      vertex 10.3 0.595592 22.2604
      vertex 10.3 0.39771 22.2824
    endloop
  endfacet
  facet normal 0 0.862351 0.506311
    outer loop
      vertex 15.3 3.92987 19.9923
      vertex 10.3 3.82906 20.164
      vertex 15.3 3.82906 20.164
    endloop
  endfacet
  facet normal 0 0.862351 0.506311
    outer loop
      vertex 10.3 3.82906 20.164
      vertex 15.3 3.92987 19.9923
      vertex 10.3 3.92987 19.9923
    endloop
  endfacet
  facet normal -0 0.699202 0.714924
    outer loop
      vertex 10.3 3.21698 20.9466
      vertex 15.3 3.07465 21.0858
      vertex 15.3 3.21698 20.9466
    endloop
  endfacet
  facet normal 0 0.699202 0.714924
    outer loop
      vertex 15.3 3.07465 21.0858
      vertex 10.3 3.21698 20.9466
      vertex 10.3 3.07465 21.0858
    endloop
  endfacet
  facet normal 0 0.759579 -0.650415
    outer loop
      vertex 15.3 3.35302 14.7988
      vertex 10.3 3.48249 14.95
      vertex 15.3 3.48249 14.95
    endloop
  endfacet
  facet normal 0 0.759579 -0.650415
    outer loop
      vertex 10.3 3.48249 14.95
      vertex 15.3 3.35302 14.7988
      vertex 10.3 3.35302 14.7988
    endloop
  endfacet
  facet normal 0 0.975639 -0.219381
    outer loop
      vertex 15.3 4.3674 16.7156
      vertex 10.3 4.41109 16.9099
      vertex 15.3 4.41109 16.9099
    endloop
  endfacet
  facet normal 0 0.975639 -0.219381
    outer loop
      vertex 10.3 4.41109 16.9099
      vertex 15.3 4.3674 16.7156
      vertex 10.3 4.3674 16.7156
    endloop
  endfacet
  facet normal 0 0.862351 -0.506311
    outer loop
      vertex 15.3 3.82906 15.436
      vertex 10.3 3.92987 15.6077
      vertex 15.3 3.92987 15.6077
    endloop
  endfacet
  facet normal 0 0.862351 -0.506311
    outer loop
      vertex 10.3 3.92987 15.6077
      vertex 15.3 3.82906 15.436
      vertex 10.3 3.82906 15.436
    endloop
  endfacet
  facet normal 0 -0.562511 0.82679
    outer loop
      vertex 10.3 -2.44809 21.5758
      vertex 15.3 -2.61271 21.4638
      vertex 15.3 -2.44809 21.5758
    endloop
  endfacet
  facet normal 0 -0.562511 0.82679
    outer loop
      vertex 15.3 -2.61271 21.4638
      vertex 10.3 -2.44809 21.5758
      vertex 10.3 -2.61271 21.4638
    endloop
  endfacet
  facet normal 0 -0.938035 0.346541
    outer loop
      vertex 10.3 -4.25447 19.2661
      vertex 15.3 -4.18546 19.4529
      vertex 10.3 -4.18546 19.4529
    endloop
  endfacet
  facet normal 0 -0.938035 0.346541
    outer loop
      vertex 15.3 -4.18546 19.4529
      vertex 10.3 -4.25447 19.2661
      vertex 15.3 -4.25447 19.2661
    endloop
  endfacet
  facet normal 0 -0.241074 0.970507
    outer loop
      vertex 10.3 -0.987473 22.1903
      vertex 15.3 -1.18071 22.1423
      vertex 15.3 -0.987473 22.1903
    endloop
  endfacet
  facet normal 0 -0.241074 0.970507
    outer loop
      vertex 15.3 -1.18071 22.1423
      vertex 10.3 -0.987473 22.1903
      vertex 10.3 -1.18071 22.1423
    endloop
  endfacet
  facet normal 0 0.883884 0.467705
    outer loop
      vertex 15.3 4.023 19.8163
      vertex 10.3 3.92987 19.9923
      vertex 15.3 3.92987 19.9923
    endloop
  endfacet
  facet normal 0 0.883884 0.467705
    outer loop
      vertex 10.3 3.92987 19.9923
      vertex 15.3 4.023 19.8163
      vertex 10.3 4.023 19.8163
    endloop
  endfacet
  facet normal 0 -0.862351 -0.506311
    outer loop
      vertex 10.3 -3.82906 15.436
      vertex 15.3 -3.92987 15.6077
      vertex 10.3 -3.92987 15.6077
    endloop
  endfacet
  facet normal 0 -0.862351 -0.506311
    outer loop
      vertex 15.3 -3.92987 15.6077
      vertex 10.3 -3.82906 15.436
      vertex 15.3 -3.82906 15.436
    endloop
  endfacet
  facet normal 0 0.964956 0.262412
    outer loop
      vertex 15.3 4.3674 18.8844
      vertex 10.3 4.31516 19.0765
      vertex 15.3 4.31516 19.0765
    endloop
  endfacet
  facet normal 0 0.964956 0.262412
    outer loop
      vertex 10.3 4.31516 19.0765
      vertex 15.3 4.3674 18.8844
      vertex 10.3 4.3674 18.8844
    endloop
  endfacet
  facet normal 0 -0.707109 -0.707105
    outer loop
      vertex 10.3 0 11.436
      vertex 15.3 -3.18198 14.618
      vertex 10.3 -3.18198 14.618
    endloop
  endfacet
  facet normal 0 -0.707109 -0.707105
    outer loop
      vertex 15.3 -3.18198 14.618
      vertex 10.3 0 11.436
      vertex 15.3 0 11.436
    endloop
  endfacet
  facet normal 0 0.814198 0.580587
    outer loop
      vertex 15.3 3.72074 20.331
      vertex 10.3 3.60515 20.4931
      vertex 15.3 3.60515 20.4931
    endloop
  endfacet
  facet normal 0 0.814198 0.580587
    outer loop
      vertex 10.3 3.60515 20.4931
      vertex 15.3 3.72074 20.331
      vertex 10.3 3.72074 20.331
    endloop
  endfacet
  facet normal 0 -0.814198 -0.580587
    outer loop
      vertex 10.3 -3.60515 15.1069
      vertex 15.3 -3.72074 15.269
      vertex 10.3 -3.72074 15.269
    endloop
  endfacet
  facet normal 0 -0.814198 -0.580587
    outer loop
      vertex 15.3 -3.72074 15.269
      vertex 10.3 -3.60515 15.1069
      vertex 15.3 -3.60515 15.1069
    endloop
  endfacet
  facet normal 0 -0.154196 0.98804
    outer loop
      vertex 10.3 -0.595592 22.2604
      vertex 15.3 -0.792308 22.2297
      vertex 15.3 -0.595592 22.2604
    endloop
  endfacet
  facet normal 0 -0.154196 0.98804
    outer loop
      vertex 15.3 -0.792308 22.2297
      vertex 10.3 -0.595592 22.2604
      vertex 10.3 -0.792308 22.2297
    endloop
  endfacet
  facet normal 0 0.73022 0.683212
    outer loop
      vertex 15.3 3.35302 20.8012
      vertex 10.3 3.21698 20.9466
      vertex 15.3 3.21698 20.9466
    endloop
  endfacet
  facet normal 0 0.73022 0.683212
    outer loop
      vertex 10.3 3.21698 20.9466
      vertex 15.3 3.35302 20.8012
      vertex 10.3 3.35302 20.8012
    endloop
  endfacet
  facet normal -0 0.241074 0.970507
    outer loop
      vertex 10.3 1.18071 22.1423
      vertex 15.3 0.987473 22.1903
      vertex 15.3 1.18071 22.1423
    endloop
  endfacet
  facet normal 0 0.241074 0.970507
    outer loop
      vertex 15.3 0.987473 22.1903
      vertex 10.3 1.18071 22.1423
      vertex 10.3 0.987473 22.1903
    endloop
  endfacet
  facet normal -0 0.154196 0.98804
    outer loop
      vertex 10.3 0.792308 22.2297
      vertex 15.3 0.595592 22.2604
      vertex 15.3 0.792308 22.2297
    endloop
  endfacet
  facet normal 0 0.154196 0.98804
    outer loop
      vertex 15.3 0.595592 22.2604
      vertex 10.3 0.792308 22.2297
      vertex 10.3 0.595592 22.2604
    endloop
  endfacet
  facet normal 0 -0.975639 -0.219381
    outer loop
      vertex 10.3 -4.3674 16.7156
      vertex 15.3 -4.41109 16.9099
      vertex 10.3 -4.41109 16.9099
    endloop
  endfacet
  facet normal 0 -0.975639 -0.219381
    outer loop
      vertex 15.3 -4.41109 16.9099
      vertex 10.3 -4.3674 16.7156
      vertex 15.3 -4.3674 16.7156
    endloop
  endfacet
  facet normal -0 0.562511 0.82679
    outer loop
      vertex 10.3 2.61271 21.4638
      vertex 15.3 2.44809 21.5758
      vertex 15.3 2.61271 21.4638
    endloop
  endfacet
  facet normal 0 0.562511 0.82679
    outer loop
      vertex 15.3 2.44809 21.5758
      vertex 10.3 2.61271 21.4638
      vertex 10.3 2.44809 21.5758
    endloop
  endfacet
  facet normal 0 -0.999021 0.044228
    outer loop
      vertex 10.3 -4.4989 17.8995
      vertex 15.3 -4.49009 18.0985
      vertex 10.3 -4.49009 18.0985
    endloop
  endfacet
  facet normal 0 -0.999021 0.044228
    outer loop
      vertex 15.3 -4.49009 18.0985
      vertex 10.3 -4.4989 17.8995
      vertex 15.3 -4.4989 17.8995
    endloop
  endfacet
  facet normal 0 -0.699202 0.714924
    outer loop
      vertex 10.3 -3.07465 21.0858
      vertex 15.3 -3.21698 20.9466
      vertex 15.3 -3.07465 21.0858
    endloop
  endfacet
  facet normal 0 -0.699202 0.714924
    outer loop
      vertex 15.3 -3.21698 20.9466
      vertex 10.3 -3.07465 21.0858
      vertex 10.3 -3.21698 20.9466
    endloop
  endfacet
  facet normal 0 -0.921731 0.38783
    outer loop
      vertex 10.3 -4.18546 19.4529
      vertex 15.3 -4.10825 19.6364
      vertex 10.3 -4.10825 19.6364
    endloop
  endfacet
  facet normal 0 -0.921731 0.38783
    outer loop
      vertex 15.3 -4.10825 19.6364
      vertex 10.3 -4.18546 19.4529
      vertex 15.3 -4.18546 19.4529
    endloop
  endfacet
  facet normal 0 0.903671 -0.428227
    outer loop
      vertex 15.3 4.023 15.7837
      vertex 10.3 4.10825 15.9636
      vertex 15.3 4.10825 15.9636
    endloop
  endfacet
  facet normal 0 0.903671 -0.428227
    outer loop
      vertex 10.3 4.10825 15.9636
      vertex 15.3 4.023 15.7837
      vertex 10.3 4.023 15.7837
    endloop
  endfacet
  facet normal 0 -0.448037 0.894015
    outer loop
      vertex 10.3 -1.92681 21.8666
      vertex 15.3 -2.1048 21.7774
      vertex 15.3 -1.92681 21.8666
    endloop
  endfacet
  facet normal 0 -0.448037 0.894015
    outer loop
      vertex 15.3 -2.1048 21.7774
      vertex 10.3 -1.92681 21.8666
      vertex 10.3 -2.1048 21.7774
    endloop
  endfacet
  facet normal 0 0.759579 0.650415
    outer loop
      vertex 15.3 3.48249 20.65
      vertex 10.3 3.35302 20.8012
      vertex 15.3 3.35302 20.8012
    endloop
  endfacet
  facet normal 0 0.759579 0.650415
    outer loop
      vertex 10.3 3.35302 20.8012
      vertex 15.3 3.48249 20.65
      vertex 10.3 3.48249 20.65
    endloop
  endfacet
  facet normal 0 -0.921731 -0.38783
    outer loop
      vertex 10.3 -4.10825 15.9636
      vertex 15.3 -4.18546 16.1471
      vertex 10.3 -4.18546 16.1471
    endloop
  endfacet
  facet normal 0 -0.921731 -0.38783
    outer loop
      vertex 15.3 -4.18546 16.1471
      vertex 10.3 -4.10825 15.9636
      vertex 15.3 -4.10825 15.9636
    endloop
  endfacet
  facet normal 0 -0.525363 0.850878
    outer loop
      vertex 10.3 -2.27868 21.6804
      vertex 15.3 -2.44809 21.5758
      vertex 15.3 -2.27868 21.6804
    endloop
  endfacet
  facet normal 0 -0.525363 0.850878
    outer loop
      vertex 15.3 -2.44809 21.5758
      vertex 10.3 -2.27868 21.6804
      vertex 10.3 -2.44809 21.5758
    endloop
  endfacet
  facet normal 0 -0.283308 0.959029
    outer loop
      vertex 10.3 -1.18071 22.1423
      vertex 15.3 -1.37163 22.0859
      vertex 15.3 -1.18071 22.1423
    endloop
  endfacet
  facet normal 0 -0.283308 0.959029
    outer loop
      vertex 15.3 -1.37163 22.0859
      vertex 10.3 -1.18071 22.1423
      vertex 10.3 -1.37163 22.0859
    endloop
  endfacet
  facet normal -0 0.448037 0.894015
    outer loop
      vertex 10.3 2.1048 21.7774
      vertex 15.3 1.92681 21.8666
      vertex 15.3 2.1048 21.7774
    endloop
  endfacet
  facet normal 0 0.448037 0.894015
    outer loop
      vertex 15.3 1.92681 21.8666
      vertex 10.3 2.1048 21.7774
      vertex 10.3 1.92681 21.8666
    endloop
  endfacet
  facet normal 0 -0.066299 0.9978
    outer loop
      vertex 10.3 -0.19905 22.2956
      vertex 15.3 -0.39771 22.2824
      vertex 15.3 -0.19905 22.2956
    endloop
  endfacet
  facet normal 0 -0.066299 0.9978
    outer loop
      vertex 15.3 -0.39771 22.2824
      vertex 10.3 -0.19905 22.2956
      vertex 10.3 -0.39771 22.2824
    endloop
  endfacet
  facet normal 0 -0.883884 -0.467705
    outer loop
      vertex 10.3 -3.92987 15.6077
      vertex 15.3 -4.023 15.7837
      vertex 10.3 -4.023 15.7837
    endloop
  endfacet
  facet normal 0 -0.883884 -0.467705
    outer loop
      vertex 15.3 -4.023 15.7837
      vertex 10.3 -3.92987 15.6077
      vertex 15.3 -3.92987 15.6077
    endloop
  endfacet
  facet normal 0 -0.975639 0.219381
    outer loop
      vertex 10.3 -4.41109 18.6901
      vertex 15.3 -4.3674 18.8844
      vertex 10.3 -4.3674 18.8844
    endloop
  endfacet
  facet normal 0 -0.975639 0.219381
    outer loop
      vertex 15.3 -4.3674 18.8844
      vertex 10.3 -4.41109 18.6901
      vertex 15.3 -4.41109 18.6901
    endloop
  endfacet
  facet normal 0 0.996089 0.0883571
    outer loop
      vertex 15.3 4.49009 18.0985
      vertex 10.3 4.4725 18.2968
      vertex 15.3 4.4725 18.2968
    endloop
  endfacet
  facet normal 0 0.996089 0.0883571
    outer loop
      vertex 10.3 4.4725 18.2968
      vertex 15.3 4.49009 18.0985
      vertex 10.3 4.49009 18.0985
    endloop
  endfacet
  facet normal 1 0 0
    outer loop
      vertex 15.3 4.49009 18.0985
      vertex 15.3 1.98448 18.0487
      vertex 15.3 1.99938 17.8499
    endloop
  endfacet
  facet normal 1 0 0
    outer loop
      vertex 15.3 2.27868 21.6804
      vertex 15.3 1.94986 18.245
      vertex 15.3 1.98448 18.0487
    endloop
  endfacet
  facet normal 1 0 0
    outer loop
      vertex 15.3 0.867767 19.6019
      vertex 15.3 2.1048 21.7774
      vertex 15.3 1.92681 21.8666
    endloop
  endfacet
  facet normal 1 0 0
    outer loop
      vertex 15.3 2.27868 21.6804
      vertex 15.3 1.89585 18.437
      vertex 15.3 1.94986 18.245
    endloop
  endfacet
  facet normal 1 0 0
    outer loop
      vertex 15.3 2.27868 21.6804
      vertex 15.3 1.82301 18.6226
      vertex 15.3 1.89585 18.437
    endloop
  endfacet
  facet normal 1 0 0
    outer loop
      vertex 15.3 0.867767 19.6019
      vertex 15.3 1.92681 21.8666
      vertex 15.3 1.74504 21.9479
    endloop
  endfacet
  facet normal 1 0 0
    outer loop
      vertex 15.3 2.27868 21.6804
      vertex 15.3 1.73205 18.8
      vertex 15.3 1.82301 18.6226
    endloop
  endfacet
  facet normal 1 0 0
    outer loop
      vertex 15.3 2.27868 21.6804
      vertex 15.3 1.62388 18.9675
      vertex 15.3 1.73205 18.8
    endloop
  endfacet
  facet normal 1 0 0
    outer loop
      vertex 15.3 0.68404 19.6794
      vertex 15.3 1.74504 21.9479
      vertex 15.3 1.55986 22.021
    endloop
  endfacet
  facet normal 1 0 0
    outer loop
      vertex 15.3 2.27868 21.6804
      vertex 15.3 1.49956 19.1234
      vertex 15.3 1.62388 18.9675
    endloop
  endfacet
  facet normal 1 0 0
    outer loop
      vertex 15.3 0.68404 19.6794
      vertex 15.3 1.55986 22.021
      vertex 15.3 1.37163 22.0859
    endloop
  endfacet
  facet normal 1 0 0
    outer loop
      vertex 15.3 2.27868 21.6804
      vertex 15.3 1.36034 19.2661
      vertex 15.3 1.49956 19.1234
    endloop
  endfacet
  facet normal 1 0 0
    outer loop
      vertex 15.3 2.27868 21.6804
      vertex 15.3 1.20761 19.3943
      vertex 15.3 1.36034 19.2661
    endloop
  endfacet
  facet normal 1 0 0
    outer loop
      vertex 15.3 0.493514 19.7382
      vertex 15.3 1.37163 22.0859
      vertex 15.3 1.18071 22.1423
    endloop
  endfacet
  facet normal 1 0 0
    outer loop
      vertex 15.3 2.27868 21.6804
      vertex 15.3 1.04287 19.5066
      vertex 15.3 1.20761 19.3943
    endloop
  endfacet
  facet normal 1 0 0
    outer loop
      vertex 15.3 0.493514 19.7382
      vertex 15.3 1.18071 22.1423
      vertex 15.3 0.987473 22.1903
    endloop
  endfacet
  facet normal 1 0 0
    outer loop
      vertex 15.3 2.1048 21.7774
      vertex 15.3 0.867767 19.6019
      vertex 15.3 1.04287 19.5066
    endloop
  endfacet
  facet normal 1 0 0
    outer loop
      vertex 15.3 0.493514 19.7382
      vertex 15.3 0.987473 22.1903
      vertex 15.3 0.792308 22.2297
    endloop
  endfacet
  facet normal 1 0 0
    outer loop
      vertex 15.3 1.74504 21.9479
      vertex 15.3 0.68404 19.6794
      vertex 15.3 0.867767 19.6019
    endloop
  endfacet
  facet normal 1 0 0
    outer loop
      vertex 15.3 0.298084 19.7777
      vertex 15.3 0.792308 22.2297
      vertex 15.3 0.595592 22.2604
    endloop
  endfacet
  facet normal 1 0 0
    outer loop
      vertex 15.3 1.37163 22.0859
      vertex 15.3 0.493514 19.7382
      vertex 15.3 0.68404 19.6794
    endloop
  endfacet
  facet normal 1 0 0
    outer loop
      vertex 15.3 0.298084 19.7777
      vertex 15.3 0.595592 22.2604
      vertex 15.3 0.39771 22.2824
    endloop
  endfacet
  facet normal 1 0 0
    outer loop
      vertex 15.3 0.792308 22.2297
      vertex 15.3 0.298084 19.7777
      vertex 15.3 0.493514 19.7382
    endloop
  endfacet
  facet normal 1 0 0
    outer loop
      vertex 15.3 0.0996914 19.7975
      vertex 15.3 0.39771 22.2824
      vertex 15.3 0.19905 22.2956
    endloop
  endfacet
  facet normal 1 0 0
    outer loop
      vertex 15.3 0.39771 22.2824
      vertex 15.3 0.0996914 19.7975
      vertex 15.3 0.298084 19.7777
    endloop
  endfacet
  facet normal 1 0 0
    outer loop
      vertex 15.3 0 22.3
      vertex 15.3 0.0996914 19.7975
      vertex 15.3 0.19905 22.2956
    endloop
  endfacet
  facet normal 1 0 0
    outer loop
      vertex 15.3 0 22.3
      vertex 15.3 -0.0996914 19.7975
      vertex 15.3 0.0996914 19.7975
    endloop
  endfacet
  facet normal 1 -0 0
    outer loop
      vertex 15.3 -0.19905 22.2956
      vertex 15.3 -0.0996914 19.7975
      vertex 15.3 0 22.3
    endloop
  endfacet
  facet normal 1 -0 0
    outer loop
      vertex 15.3 -0.39771 22.2824
      vertex 15.3 -0.0996914 19.7975
      vertex 15.3 -0.19905 22.2956
    endloop
  endfacet
  facet normal 1 0 0
    outer loop
      vertex 15.3 -0.0996914 19.7975
      vertex 15.3 -0.39771 22.2824
      vertex 15.3 -0.298084 19.7777
    endloop
  endfacet
  facet normal 1 -0 0
    outer loop
      vertex 15.3 -0.595592 22.2604
      vertex 15.3 -0.298084 19.7777
      vertex 15.3 -0.39771 22.2824
    endloop
  endfacet
  facet normal 1 -0 0
    outer loop
      vertex 15.3 -0.792308 22.2297
      vertex 15.3 -0.298084 19.7777
      vertex 15.3 -0.595592 22.2604
    endloop
  endfacet
  facet normal 1 0 0
    outer loop
      vertex 15.3 -0.298084 19.7777
      vertex 15.3 -0.792308 22.2297
      vertex 15.3 -0.493514 19.7382
    endloop
  endfacet
  facet normal 1 -0 0
    outer loop
      vertex 15.3 -0.987473 22.1903
      vertex 15.3 -0.493514 19.7382
      vertex 15.3 -0.792308 22.2297
    endloop
  endfacet
  facet normal 1 -0 0
    outer loop
      vertex 15.3 -1.18071 22.1423
      vertex 15.3 -0.493514 19.7382
      vertex 15.3 -0.987473 22.1903
    endloop
  endfacet
  facet normal 1 -0 0
    outer loop
      vertex 15.3 -1.37163 22.0859
      vertex 15.3 -0.493514 19.7382
      vertex 15.3 -1.18071 22.1423
    endloop
  endfacet
  facet normal 1 0 0
    outer loop
      vertex 15.3 -0.493514 19.7382
      vertex 15.3 -1.37163 22.0859
      vertex 15.3 -0.68404 19.6794
    endloop
  endfacet
  facet normal 1 -0 0
    outer loop
      vertex 15.3 -1.55986 22.021
      vertex 15.3 -0.68404 19.6794
      vertex 15.3 -1.37163 22.0859
    endloop
  endfacet
  facet normal 1 -0 0
    outer loop
      vertex 15.3 -1.74504 21.9479
      vertex 15.3 -0.68404 19.6794
      vertex 15.3 -1.55986 22.021
    endloop
  endfacet
  facet normal 1 0 0
    outer loop
      vertex 15.3 -0.68404 19.6794
      vertex 15.3 -1.74504 21.9479
      vertex 15.3 -0.867767 19.6019
    endloop
  endfacet
  facet normal 1 -0 0
    outer loop
      vertex 15.3 -1.92681 21.8666
      vertex 15.3 -0.867767 19.6019
      vertex 15.3 -1.74504 21.9479
    endloop
  endfacet
  facet normal 1 -0 0
    outer loop
      vertex 15.3 -2.1048 21.7774
      vertex 15.3 -0.867767 19.6019
      vertex 15.3 -1.92681 21.8666
    endloop
  endfacet
  facet normal 1 0 0
    outer loop
      vertex 15.3 -0.867767 19.6019
      vertex 15.3 -2.1048 21.7774
      vertex 15.3 -1.04287 19.5066
    endloop
  endfacet
  facet normal 1 -0 0
    outer loop
      vertex 15.3 -2.27868 21.6804
      vertex 15.3 -1.04287 19.5066
      vertex 15.3 -2.1048 21.7774
    endloop
  endfacet
  facet normal 1 -0 0
    outer loop
      vertex 15.3 -2.44809 21.5758
      vertex 15.3 -1.04287 19.5066
      vertex 15.3 -2.27868 21.6804
    endloop
  endfacet
  facet normal 1 0 0
    outer loop
      vertex 15.3 -1.04287 19.5066
      vertex 15.3 -2.44809 21.5758
      vertex 15.3 -1.20761 19.3943
    endloop
  endfacet
  facet normal 1 -0 0
    outer loop
      vertex 15.3 -2.61271 21.4638
      vertex 15.3 -1.20761 19.3943
      vertex 15.3 -2.44809 21.5758
    endloop
  endfacet
  facet normal 1 -0 0
    outer loop
      vertex 15.3 -2.77222 21.3447
      vertex 15.3 -1.20761 19.3943
      vertex 15.3 -2.61271 21.4638
    endloop
  endfacet
  facet normal 1 -0 0
    outer loop
      vertex 15.3 -2.9263 21.2186
      vertex 15.3 -1.20761 19.3943
      vertex 15.3 -2.77222 21.3447
    endloop
  endfacet
  facet normal 1 0 0
    outer loop
      vertex 15.3 -1.20761 19.3943
      vertex 15.3 -2.9263 21.2186
      vertex 15.3 -1.36034 19.2661
    endloop
  endfacet
  facet normal 1 -0 0
    outer loop
      vertex 15.3 -3.07465 21.0858
      vertex 15.3 -1.36034 19.2661
      vertex 15.3 -2.9263 21.2186
    endloop
  endfacet
  facet normal 1 -0 0
    outer loop
      vertex 15.3 -3.21698 20.9466
      vertex 15.3 -1.36034 19.2661
      vertex 15.3 -3.07465 21.0858
    endloop
  endfacet
  facet normal 1 0 0
    outer loop
      vertex 15.3 -1.36034 19.2661
      vertex 15.3 -3.21698 20.9466
      vertex 15.3 -1.49956 19.1234
    endloop
  endfacet
  facet normal 1 0 0
    outer loop
      vertex 15.3 1.99938 17.8499
      vertex 15.3 4.4989 17.8995
      vertex 15.3 4.49009 18.0985
    endloop
  endfacet
  facet normal 1 0 0
    outer loop
      vertex 15.3 4.4989 17.8995
      vertex 15.3 1.99938 17.8499
      vertex 15.3 4.4989 17.7005
    endloop
  endfacet
  facet normal 1 0 0
    outer loop
      vertex 15.3 1.98448 18.0487
      vertex 15.3 4.49009 18.0985
      vertex 15.3 4.4725 18.2968
    endloop
  endfacet
  facet normal 1 0 0
    outer loop
      vertex 15.3 1.99441 17.6505
      vertex 15.3 4.4989 17.7005
      vertex 15.3 1.99938 17.8499
    endloop
  endfacet
  facet normal 1 0 0
    outer loop
      vertex 15.3 1.98448 18.0487
      vertex 15.3 4.4725 18.2968
      vertex 15.3 4.44614 18.4941
    endloop
  endfacet
  facet normal 1 0 0
    outer loop
      vertex 15.3 4.4989 17.7005
      vertex 15.3 1.99441 17.6505
      vertex 15.3 4.49009 17.5015
    endloop
  endfacet
  facet normal 1 0 0
    outer loop
      vertex 15.3 1.98448 18.0487
      vertex 15.3 4.44614 18.4941
      vertex 15.3 4.41109 18.6901
    endloop
  endfacet
  facet normal 1 0 0
    outer loop
      vertex 15.3 4.49009 17.5015
      vertex 15.3 1.99441 17.6505
      vertex 15.3 4.4725 17.3032
    endloop
  endfacet
  facet normal 1 0 0
    outer loop
      vertex 15.3 1.98448 18.0487
      vertex 15.3 4.41109 18.6901
      vertex 15.3 4.3674 18.8844
    endloop
  endfacet
  facet normal 1 -0 0
    outer loop
      vertex 15.3 1.96961 17.4527
      vertex 15.3 4.4725 17.3032
      vertex 15.3 1.99441 17.6505
    endloop
  endfacet
  facet normal 1 0 0
    outer loop
      vertex 15.3 1.98448 18.0487
      vertex 15.3 4.3674 18.8844
      vertex 15.3 4.31516 19.0765
    endloop
  endfacet
  facet normal 1 0 0
    outer loop
      vertex 15.3 4.4725 17.3032
      vertex 15.3 1.96961 17.4527
      vertex 15.3 4.44614 17.1059
    endloop
  endfacet
  facet normal 1 0 0
    outer loop
      vertex 15.3 1.98448 18.0487
      vertex 15.3 4.31516 19.0765
      vertex 15.3 4.25447 19.2661
    endloop
  endfacet
  facet normal 1 0 0
    outer loop
      vertex 15.3 4.44614 17.1059
      vertex 15.3 1.96961 17.4527
      vertex 15.3 4.41109 16.9099
    endloop
  endfacet
  facet normal 1 0 0
    outer loop
      vertex 15.3 1.98448 18.0487
      vertex 15.3 4.25447 19.2661
      vertex 15.3 4.18546 19.4529
    endloop
  endfacet
  facet normal 1 0 0
    outer loop
      vertex 15.3 4.41109 16.9099
      vertex 15.3 1.96961 17.4527
      vertex 15.3 4.3674 16.7156
    endloop
  endfacet
  facet normal 1 0 0
    outer loop
      vertex 15.3 1.98448 18.0487
      vertex 15.3 4.18546 19.4529
      vertex 15.3 4.10825 19.6364
    endloop
  endfacet
  facet normal 1 -0 0
    outer loop
      vertex 15.3 1.92525 17.2583
      vertex 15.3 4.3674 16.7156
      vertex 15.3 1.96961 17.4527
    endloop
  endfacet
  facet normal 1 0 0
    outer loop
      vertex 15.3 1.98448 18.0487
      vertex 15.3 4.10825 19.6364
      vertex 15.3 4.023 19.8163
    endloop
  endfacet
  facet normal 1 0 0
    outer loop
      vertex 15.3 4.3674 16.7156
      vertex 15.3 1.92525 17.2583
      vertex 15.3 4.31516 16.5235
    endloop
  endfacet
  facet normal 1 0 0
    outer loop
      vertex 15.3 1.98448 18.0487
      vertex 15.3 4.023 19.8163
      vertex 15.3 3.92987 19.9923
    endloop
  endfacet
  facet normal 1 0 0
    outer loop
      vertex 15.3 4.31516 16.5235
      vertex 15.3 1.92525 17.2583
      vertex 15.3 4.25447 16.3339
    endloop
  endfacet
  facet normal 1 0 0
    outer loop
      vertex 15.3 1.98448 18.0487
      vertex 15.3 3.92987 19.9923
      vertex 15.3 3.82906 20.164
    endloop
  endfacet
  facet normal 1 -0 0
    outer loop
      vertex 15.3 1.86175 17.0693
      vertex 15.3 4.25447 16.3339
      vertex 15.3 1.92525 17.2583
    endloop
  endfacet
  facet normal 1 0 0
    outer loop
      vertex 15.3 1.98448 18.0487
      vertex 15.3 3.82906 20.164
      vertex 15.3 3.72074 20.331
    endloop
  endfacet
  facet normal 1 0 0
    outer loop
      vertex 15.3 4.25447 16.3339
      vertex 15.3 1.86175 17.0693
      vertex 15.3 4.18546 16.1471
    endloop
  endfacet
  facet normal 1 0 0
    outer loop
      vertex 15.3 1.98448 18.0487
      vertex 15.3 3.72074 20.331
      vertex 15.3 3.60515 20.4931
    endloop
  endfacet
  facet normal 1 0 0
    outer loop
      vertex 15.3 4.18546 16.1471
      vertex 15.3 1.86175 17.0693
      vertex 15.3 4.10825 15.9636
    endloop
  endfacet
  facet normal 1 0 0
    outer loop
      vertex 15.3 1.98448 18.0487
      vertex 15.3 3.60515 20.4931
      vertex 15.3 3.48249 20.65
    endloop
  endfacet
  facet normal 1 -0 0
    outer loop
      vertex 15.3 1.77974 16.8876
      vertex 15.3 4.10825 15.9636
      vertex 15.3 1.86175 17.0693
    endloop
  endfacet
  facet normal 1 0 0
    outer loop
      vertex 15.3 1.98448 18.0487
      vertex 15.3 3.48249 20.65
      vertex 15.3 3.35302 20.8012
    endloop
  endfacet
  facet normal 1 0 0
    outer loop
      vertex 15.3 4.10825 15.9636
      vertex 15.3 1.77974 16.8876
      vertex 15.3 4.023 15.7837
    endloop
  endfacet
  facet normal 1 0 0
    outer loop
      vertex 15.3 1.98448 18.0487
      vertex 15.3 3.35302 20.8012
      vertex 15.3 3.21698 20.9466
    endloop
  endfacet
  facet normal 1 0 0
    outer loop
      vertex 15.3 4.023 15.7837
      vertex 15.3 1.77974 16.8876
      vertex 15.3 3.92987 15.6077
    endloop
  endfacet
  facet normal 1 0 0
    outer loop
      vertex 15.3 1.98448 18.0487
      vertex 15.3 3.21698 20.9466
      vertex 15.3 3.07465 21.0858
    endloop
  endfacet
  facet normal 1 0 0
    outer loop
      vertex 15.3 1.98448 18.0487
      vertex 15.3 3.07465 21.0858
      vertex 15.3 2.9263 21.2186
    endloop
  endfacet
  facet normal 1 0 0
    outer loop
      vertex 15.3 1.98448 18.0487
      vertex 15.3 2.9263 21.2186
      vertex 15.3 2.77222 21.3447
    endloop
  endfacet
  facet normal 1 0 0
    outer loop
      vertex 15.3 1.98448 18.0487
      vertex 15.3 2.77222 21.3447
      vertex 15.3 2.61271 21.4638
    endloop
  endfacet
  facet normal 1 0 0
    outer loop
      vertex 15.3 1.98448 18.0487
      vertex 15.3 2.61271 21.4638
      vertex 15.3 2.44809 21.5758
    endloop
  endfacet
  facet normal 1 0 0
    outer loop
      vertex 15.3 1.98448 18.0487
      vertex 15.3 2.44809 21.5758
      vertex 15.3 2.27868 21.6804
    endloop
  endfacet
  facet normal 1 0 0
    outer loop
      vertex 15.3 1.04287 19.5066
      vertex 15.3 2.27868 21.6804
      vertex 15.3 2.1048 21.7774
    endloop
  endfacet
  facet normal 1 -0 0
    outer loop
      vertex 15.3 1.68005 16.7149
      vertex 15.3 3.92987 15.6077
      vertex 15.3 1.77974 16.8876
    endloop
  endfacet
  facet normal 1 0 0
    outer loop
      vertex 15.3 3.92987 15.6077
      vertex 15.3 1.68005 16.7149
      vertex 15.3 3.82906 15.436
    endloop
  endfacet
  facet normal 1 0 0
    outer loop
      vertex 15.3 3.82906 15.436
      vertex 15.3 1.68005 16.7149
      vertex 15.3 3.72074 15.269
    endloop
  endfacet
  facet normal 1 0 0
    outer loop
      vertex 15.3 3.72074 15.269
      vertex 15.3 1.68005 16.7149
      vertex 15.3 3.60515 15.1069
    endloop
  endfacet
  facet normal 1 -0 0
    outer loop
      vertex 15.3 1.56366 16.553
      vertex 15.3 3.60515 15.1069
      vertex 15.3 1.68005 16.7149
    endloop
  endfacet
  facet normal 1 0 0
    outer loop
      vertex 15.3 3.60515 15.1069
      vertex 15.3 1.56366 16.553
      vertex 15.3 3.48249 14.95
    endloop
  endfacet
  facet normal 1 0 0
    outer loop
      vertex 15.3 3.48249 14.95
      vertex 15.3 1.56366 16.553
      vertex 15.3 3.35302 14.7988
    endloop
  endfacet
  facet normal 1 -0 0
    outer loop
      vertex 15.3 1.43173 16.4035
      vertex 15.3 3.35302 14.7988
      vertex 15.3 1.56366 16.553
    endloop
  endfacet
  facet normal 1 0 0
    outer loop
      vertex 15.3 3.35302 14.7988
      vertex 15.3 1.43173 16.4035
      vertex 15.3 3.18198 14.618
    endloop
  endfacet
  facet normal 1 -0 0
    outer loop
      vertex 15.3 1.28557 16.2679
      vertex 15.3 3.18198 14.618
      vertex 15.3 1.43173 16.4035
    endloop
  endfacet
  facet normal 1 -0 0
    outer loop
      vertex 15.3 1.12664 16.1475
      vertex 15.3 3.18198 14.618
      vertex 15.3 1.28557 16.2679
    endloop
  endfacet
  facet normal 1 -0 0
    outer loop
      vertex 15.3 0.956508 16.0436
      vertex 15.3 3.18198 14.618
      vertex 15.3 1.12664 16.1475
    endloop
  endfacet
  facet normal 1 -0 0
    outer loop
      vertex 15.3 0.776869 15.957
      vertex 15.3 3.18198 14.618
      vertex 15.3 0.956508 16.0436
    endloop
  endfacet
  facet normal 1 -0 0
    outer loop
      vertex 15.3 0.58951 15.8889
      vertex 15.3 3.18198 14.618
      vertex 15.3 0.776869 15.957
    endloop
  endfacet
  facet normal 1 -0 0
    outer loop
      vertex 15.3 0.396292 15.8397
      vertex 15.3 3.18198 14.618
      vertex 15.3 0.58951 15.8889
    endloop
  endfacet
  facet normal 1 0 0
    outer loop
      vertex 15.3 0 11.436
      vertex 15.3 0.396292 15.8397
      vertex 15.3 0.199135 15.8099
    endloop
  endfacet
  facet normal 1 0 0
    outer loop
      vertex 15.3 0 11.436
      vertex 15.3 0.199135 15.8099
      vertex 15.3 0 15.8
    endloop
  endfacet
  facet normal 1 0 0
    outer loop
      vertex 15.3 0.396292 15.8397
      vertex 15.3 0 11.436
      vertex 15.3 3.18198 14.618
    endloop
  endfacet
  facet normal 1 0 0
    outer loop
      vertex 15.3 -0.199135 15.8099
      vertex 15.3 0 11.436
      vertex 15.3 0 15.8
    endloop
  endfacet
  facet normal 1 0 0
    outer loop
      vertex 15.3 -0.396292 15.8397
      vertex 15.3 0 11.436
      vertex 15.3 -0.199135 15.8099
    endloop
  endfacet
  facet normal 1 0 0
    outer loop
      vertex 15.3 -0.58951 15.8889
      vertex 15.3 0 11.436
      vertex 15.3 -0.396292 15.8397
    endloop
  endfacet
  facet normal 1 0 0
    outer loop
      vertex 15.3 -3.18198 14.618
      vertex 15.3 -0.58951 15.8889
      vertex 15.3 -0.776869 15.957
    endloop
  endfacet
  facet normal 1 0 0
    outer loop
      vertex 15.3 -3.18198 14.618
      vertex 15.3 -0.776869 15.957
      vertex 15.3 -0.956508 16.0436
    endloop
  endfacet
  facet normal 1 0 0
    outer loop
      vertex 15.3 -3.18198 14.618
      vertex 15.3 -0.956508 16.0436
      vertex 15.3 -1.12664 16.1475
    endloop
  endfacet
  facet normal 1 0 0
    outer loop
      vertex 15.3 -3.18198 14.618
      vertex 15.3 -1.12664 16.1475
      vertex 15.3 -1.28557 16.2679
    endloop
  endfacet
  facet normal 1 0 0
    outer loop
      vertex 15.3 -3.18198 14.618
      vertex 15.3 -1.28557 16.2679
      vertex 15.3 -1.43173 16.4035
    endloop
  endfacet
  facet normal 1 0 0
    outer loop
      vertex 15.3 -3.35302 14.7988
      vertex 15.3 -1.43173 16.4035
      vertex 15.3 -1.56366 16.553
    endloop
  endfacet
  facet normal 1 0 0
    outer loop
      vertex 15.3 -3.60515 15.1069
      vertex 15.3 -1.56366 16.553
      vertex 15.3 -1.68005 16.7149
    endloop
  endfacet
  facet normal 1 0 0
    outer loop
      vertex 15.3 -3.92987 15.6077
      vertex 15.3 -1.68005 16.7149
      vertex 15.3 -1.77974 16.8876
    endloop
  endfacet
  facet normal 1 0 0
    outer loop
      vertex 15.3 -4.10825 15.9636
      vertex 15.3 -1.77974 16.8876
      vertex 15.3 -1.86175 17.0693
    endloop
  endfacet
  facet normal 1 0 0
    outer loop
      vertex 15.3 -4.25447 16.3339
      vertex 15.3 -1.86175 17.0693
      vertex 15.3 -1.92525 17.2583
    endloop
  endfacet
  facet normal 1 -0 0
    outer loop
      vertex 15.3 -3.35302 20.8012
      vertex 15.3 -1.49956 19.1234
      vertex 15.3 -3.21698 20.9466
    endloop
  endfacet
  facet normal 1 -0 0
    outer loop
      vertex 15.3 -3.48249 20.65
      vertex 15.3 -1.49956 19.1234
      vertex 15.3 -3.35302 20.8012
    endloop
  endfacet
  facet normal 1 0 0
    outer loop
      vertex 15.3 -1.49956 19.1234
      vertex 15.3 -3.48249 20.65
      vertex 15.3 -1.62388 18.9675
    endloop
  endfacet
  facet normal 1 -0 0
    outer loop
      vertex 15.3 -3.60515 20.4931
      vertex 15.3 -1.62388 18.9675
      vertex 15.3 -3.48249 20.65
    endloop
  endfacet
  facet normal 1 -0 0
    outer loop
      vertex 15.3 -3.72074 20.331
      vertex 15.3 -1.62388 18.9675
      vertex 15.3 -3.60515 20.4931
    endloop
  endfacet
  facet normal 1 0 0
    outer loop
      vertex 15.3 -1.62388 18.9675
      vertex 15.3 -3.72074 20.331
      vertex 15.3 -1.73205 18.8
    endloop
  endfacet
  facet normal 1 -0 0
    outer loop
      vertex 15.3 -3.82906 20.164
      vertex 15.3 -1.73205 18.8
      vertex 15.3 -3.72074 20.331
    endloop
  endfacet
  facet normal 1 -0 0
    outer loop
      vertex 15.3 -3.92987 19.9923
      vertex 15.3 -1.73205 18.8
      vertex 15.3 -3.82906 20.164
    endloop
  endfacet
  facet normal 1 -0 0
    outer loop
      vertex 15.3 -4.023 19.8163
      vertex 15.3 -1.73205 18.8
      vertex 15.3 -3.92987 19.9923
    endloop
  endfacet
  facet normal 1 0 0
    outer loop
      vertex 15.3 -0.58951 15.8889
      vertex 15.3 -3.18198 14.618
      vertex 15.3 0 11.436
    endloop
  endfacet
  facet normal 1 0 0
    outer loop
      vertex 15.3 -1.73205 18.8
      vertex 15.3 -4.023 19.8163
      vertex 15.3 -1.82301 18.6226
    endloop
  endfacet
  facet normal 1 -0 0
    outer loop
      vertex 15.3 -4.10825 19.6364
      vertex 15.3 -1.82301 18.6226
      vertex 15.3 -4.023 19.8163
    endloop
  endfacet
  facet normal 1 -0 0
    outer loop
      vertex 15.3 -4.18546 19.4529
      vertex 15.3 -1.82301 18.6226
      vertex 15.3 -4.10825 19.6364
    endloop
  endfacet
  facet normal 1 0 0
    outer loop
      vertex 15.3 -1.43173 16.4035
      vertex 15.3 -3.35302 14.7988
      vertex 15.3 -3.18198 14.618
    endloop
  endfacet
  facet normal 1 0 0
    outer loop
      vertex 15.3 -1.82301 18.6226
      vertex 15.3 -4.18546 19.4529
      vertex 15.3 -1.89585 18.437
    endloop
  endfacet
  facet normal 1 0 0
    outer loop
      vertex 15.3 -1.56366 16.553
      vertex 15.3 -3.48249 14.95
      vertex 15.3 -3.35302 14.7988
    endloop
  endfacet
  facet normal 1 -0 0
    outer loop
      vertex 15.3 -4.25447 19.2661
      vertex 15.3 -1.89585 18.437
      vertex 15.3 -4.18546 19.4529
    endloop
  endfacet
  facet normal 1 0 0
    outer loop
      vertex 15.3 -1.56366 16.553
      vertex 15.3 -3.60515 15.1069
      vertex 15.3 -3.48249 14.95
    endloop
  endfacet
  facet normal 1 -0 0
    outer loop
      vertex 15.3 -4.31516 19.0765
      vertex 15.3 -1.89585 18.437
      vertex 15.3 -4.25447 19.2661
    endloop
  endfacet
  facet normal 1 0 0
    outer loop
      vertex 15.3 -1.68005 16.7149
      vertex 15.3 -3.72074 15.269
      vertex 15.3 -3.60515 15.1069
    endloop
  endfacet
  facet normal 1 0 0
    outer loop
      vertex 15.3 -1.89585 18.437
      vertex 15.3 -4.31516 19.0765
      vertex 15.3 -1.94986 18.245
    endloop
  endfacet
  facet normal 1 0 0
    outer loop
      vertex 15.3 -1.68005 16.7149
      vertex 15.3 -3.82906 15.436
      vertex 15.3 -3.72074 15.269
    endloop
  endfacet
  facet normal 1 -0 0
    outer loop
      vertex 15.3 -4.3674 18.8844
      vertex 15.3 -1.94986 18.245
      vertex 15.3 -4.31516 19.0765
    endloop
  endfacet
  facet normal 1 0 0
    outer loop
      vertex 15.3 -1.68005 16.7149
      vertex 15.3 -3.92987 15.6077
      vertex 15.3 -3.82906 15.436
    endloop
  endfacet
  facet normal 1 -0 0
    outer loop
      vertex 15.3 -4.41109 18.6901
      vertex 15.3 -1.94986 18.245
      vertex 15.3 -4.3674 18.8844
    endloop
  endfacet
  facet normal 1 0 0
    outer loop
      vertex 15.3 -1.77974 16.8876
      vertex 15.3 -4.023 15.7837
      vertex 15.3 -3.92987 15.6077
    endloop
  endfacet
  facet normal 1 0 0
    outer loop
      vertex 15.3 -1.94986 18.245
      vertex 15.3 -4.41109 18.6901
      vertex 15.3 -1.98448 18.0487
    endloop
  endfacet
  facet normal 1 0 0
    outer loop
      vertex 15.3 -1.77974 16.8876
      vertex 15.3 -4.10825 15.9636
      vertex 15.3 -4.023 15.7837
    endloop
  endfacet
  facet normal 1 -0 0
    outer loop
      vertex 15.3 -4.44614 18.4941
      vertex 15.3 -1.98448 18.0487
      vertex 15.3 -4.41109 18.6901
    endloop
  endfacet
  facet normal 1 0 0
    outer loop
      vertex 15.3 -1.86175 17.0693
      vertex 15.3 -4.18546 16.1471
      vertex 15.3 -4.10825 15.9636
    endloop
  endfacet
  facet normal 1 -0 0
    outer loop
      vertex 15.3 -4.4725 18.2968
      vertex 15.3 -1.98448 18.0487
      vertex 15.3 -4.44614 18.4941
    endloop
  endfacet
  facet normal 1 0 0
    outer loop
      vertex 15.3 -1.86175 17.0693
      vertex 15.3 -4.25447 16.3339
      vertex 15.3 -4.18546 16.1471
    endloop
  endfacet
  facet normal 1 -0 0
    outer loop
      vertex 15.3 -4.49009 18.0985
      vertex 15.3 -1.98448 18.0487
      vertex 15.3 -4.4725 18.2968
    endloop
  endfacet
  facet normal 1 0 0
    outer loop
      vertex 15.3 -1.92525 17.2583
      vertex 15.3 -4.31516 16.5235
      vertex 15.3 -4.25447 16.3339
    endloop
  endfacet
  facet normal 1 0 0
    outer loop
      vertex 15.3 -1.98448 18.0487
      vertex 15.3 -4.49009 18.0985
      vertex 15.3 -1.99938 17.8499
    endloop
  endfacet
  facet normal 1 0 0
    outer loop
      vertex 15.3 -1.92525 17.2583
      vertex 15.3 -4.3674 16.7156
      vertex 15.3 -4.31516 16.5235
    endloop
  endfacet
  facet normal 1 -0 0
    outer loop
      vertex 15.3 -4.4989 17.8995
      vertex 15.3 -1.99938 17.8499
      vertex 15.3 -4.49009 18.0985
    endloop
  endfacet
  facet normal 1 0 0
    outer loop
      vertex 15.3 -1.92525 17.2583
      vertex 15.3 -4.41109 16.9099
      vertex 15.3 -4.3674 16.7156
    endloop
  endfacet
  facet normal 1 0 0
    outer loop
      vertex 15.3 -4.4989 17.7005
      vertex 15.3 -1.99938 17.8499
      vertex 15.3 -4.4989 17.8995
    endloop
  endfacet
  facet normal 1 0 0
    outer loop
      vertex 15.3 -1.96961 17.4527
      vertex 15.3 -4.41109 16.9099
      vertex 15.3 -1.92525 17.2583
    endloop
  endfacet
  facet normal 1 0 0
    outer loop
      vertex 15.3 -1.99938 17.8499
      vertex 15.3 -4.4989 17.7005
      vertex 15.3 -1.99441 17.6505
    endloop
  endfacet
  facet normal 1 0 -0
    outer loop
      vertex 15.3 -4.41109 16.9099
      vertex 15.3 -1.96961 17.4527
      vertex 15.3 -4.44614 17.1059
    endloop
  endfacet
  facet normal 1 0 -0
    outer loop
      vertex 15.3 -4.49009 17.5015
      vertex 15.3 -1.99441 17.6505
      vertex 15.3 -4.4989 17.7005
    endloop
  endfacet
  facet normal 1 0 -0
    outer loop
      vertex 15.3 -4.44614 17.1059
      vertex 15.3 -1.96961 17.4527
      vertex 15.3 -4.4725 17.3032
    endloop
  endfacet
  facet normal 1 0 -0
    outer loop
      vertex 15.3 -4.4725 17.3032
      vertex 15.3 -1.99441 17.6505
      vertex 15.3 -4.49009 17.5015
    endloop
  endfacet
  facet normal 1 0 0
    outer loop
      vertex 15.3 -1.99441 17.6505
      vertex 15.3 -4.4725 17.3032
      vertex 15.3 -1.96961 17.4527
    endloop
  endfacet
  facet normal 0 -0.787825 -0.615899
    outer loop
      vertex 10.3 -3.48249 14.95
      vertex 15.3 -3.60515 15.1069
      vertex 10.3 -3.60515 15.1069
    endloop
  endfacet
  facet normal 0 -0.787825 -0.615899
    outer loop
      vertex 15.3 -3.60515 15.1069
      vertex 10.3 -3.48249 14.95
      vertex 15.3 -3.48249 14.95
    endloop
  endfacet
  facet normal 0 0.952398 -0.304858
    outer loop
      vertex 15.3 4.25447 16.3339
      vertex 10.3 4.31516 16.5235
      vertex 15.3 4.31516 16.5235
    endloop
  endfacet
  facet normal 0 0.952398 -0.304858
    outer loop
      vertex 10.3 4.31516 16.5235
      vertex 15.3 4.25447 16.3339
      vertex 10.3 4.25447 16.3339
    endloop
  endfacet
  facet normal -0 0.066299 0.9978
    outer loop
      vertex 10.3 0.39771 22.2824
      vertex 15.3 0.19905 22.2956
      vertex 15.3 0.39771 22.2824
    endloop
  endfacet
  facet normal 0 0.066299 0.9978
    outer loop
      vertex 15.3 0.19905 22.2956
      vertex 10.3 0.39771 22.2824
      vertex 10.3 0.19905 22.2956
    endloop
  endfacet
  facet normal -0 0.32596 0.945384
    outer loop
      vertex 10.3 1.55986 22.021
      vertex 15.3 1.37163 22.0859
      vertex 15.3 1.55986 22.021
    endloop
  endfacet
  facet normal 0 0.32596 0.945384
    outer loop
      vertex 15.3 1.37163 22.0859
      vertex 10.3 1.55986 22.021
      vertex 10.3 1.37163 22.0859
    endloop
  endfacet
  facet normal 0 -0.666978 0.745077
    outer loop
      vertex 10.3 -2.9263 21.2186
      vertex 15.3 -3.07465 21.0858
      vertex 15.3 -2.9263 21.2186
    endloop
  endfacet
  facet normal 0 -0.666978 0.745077
    outer loop
      vertex 15.3 -3.07465 21.0858
      vertex 10.3 -2.9263 21.2186
      vertex 10.3 -3.07465 21.0858
    endloop
  endfacet
  facet normal -0 0.487177 0.873303
    outer loop
      vertex 10.3 2.27868 21.6804
      vertex 15.3 2.1048 21.7774
      vertex 15.3 2.27868 21.6804
    endloop
  endfacet
  facet normal 0 0.487177 0.873303
    outer loop
      vertex 15.3 2.1048 21.7774
      vertex 10.3 2.27868 21.6804
      vertex 10.3 2.1048 21.7774
    endloop
  endfacet
  facet normal 0 0.938035 -0.346541
    outer loop
      vertex 15.3 4.18546 16.1471
      vertex 10.3 4.25447 16.3339
      vertex 15.3 4.25447 16.3339
    endloop
  endfacet
  facet normal 0 0.938035 -0.346541
    outer loop
      vertex 10.3 4.25447 16.3339
      vertex 15.3 4.18546 16.1471
      vertex 10.3 4.18546 16.1471
    endloop
  endfacet
  facet normal -0 0.197888 0.980225
    outer loop
      vertex 10.3 0.987473 22.1903
      vertex 15.3 0.792308 22.2297
      vertex 15.3 0.987473 22.1903
    endloop
  endfacet
  facet normal 0 0.197888 0.980225
    outer loop
      vertex 15.3 0.792308 22.2297
      vertex 10.3 0.987473 22.1903
      vertex 10.3 0.792308 22.2297
    endloop
  endfacet
  facet normal 0 -0.996089 0.0883571
    outer loop
      vertex 10.3 -4.49009 18.0985
      vertex 15.3 -4.4725 18.2968
      vertex 10.3 -4.4725 18.2968
    endloop
  endfacet
  facet normal 0 -0.996089 0.0883571
    outer loop
      vertex 15.3 -4.4725 18.2968
      vertex 10.3 -4.49009 18.0985
      vertex 15.3 -4.49009 18.0985
    endloop
  endfacet
  facet normal -0 0.666978 0.745077
    outer loop
      vertex 10.3 3.07465 21.0858
      vertex 15.3 2.9263 21.2186
      vertex 15.3 3.07465 21.0858
    endloop
  endfacet
  facet normal 0 0.666978 0.745077
    outer loop
      vertex 15.3 2.9263 21.2186
      vertex 10.3 3.07465 21.0858
      vertex 10.3 2.9263 21.2186
    endloop
  endfacet
  facet normal -0 0.633342 0.773872
    outer loop
      vertex 10.3 2.9263 21.2186
      vertex 15.3 2.77222 21.3447
      vertex 15.3 2.9263 21.2186
    endloop
  endfacet
  facet normal 0 0.633342 0.773872
    outer loop
      vertex 15.3 2.77222 21.3447
      vertex 10.3 2.9263 21.2186
      vertex 10.3 2.77222 21.3447
    endloop
  endfacet
  facet normal 0 -0.367178 0.930151
    outer loop
      vertex 10.3 -1.55986 22.021
      vertex 15.3 -1.74504 21.9479
      vertex 15.3 -1.55986 22.021
    endloop
  endfacet
  facet normal 0 -0.367178 0.930151
    outer loop
      vertex 15.3 -1.74504 21.9479
      vertex 10.3 -1.55986 22.021
      vertex 10.3 -1.74504 21.9479
    endloop
  endfacet
  facet normal -0 0.40829 0.912852
    outer loop
      vertex 10.3 1.92681 21.8666
      vertex 15.3 1.74504 21.9479
      vertex 15.3 1.92681 21.8666
    endloop
  endfacet
  facet normal 0 0.40829 0.912852
    outer loop
      vertex 15.3 1.74504 21.9479
      vertex 10.3 1.92681 21.8666
      vertex 10.3 1.74504 21.9479
    endloop
  endfacet
  facet normal 0 0.999021 -0.044228
    outer loop
      vertex 15.3 4.49009 17.5015
      vertex 10.3 4.4989 17.7005
      vertex 15.3 4.4989 17.7005
    endloop
  endfacet
  facet normal 0 0.999021 -0.044228
    outer loop
      vertex 10.3 4.4989 17.7005
      vertex 15.3 4.49009 17.5015
      vertex 10.3 4.49009 17.5015
    endloop
  endfacet
  facet normal -0 0.283308 0.959029
    outer loop
      vertex 10.3 1.37163 22.0859
      vertex 15.3 1.18071 22.1423
      vertex 15.3 1.37163 22.0859
    endloop
  endfacet
  facet normal 0 0.283308 0.959029
    outer loop
      vertex 15.3 1.18071 22.1423
      vertex 10.3 1.37163 22.0859
      vertex 10.3 1.18071 22.1423
    endloop
  endfacet
  facet normal 0 -0.999021 -0.044228
    outer loop
      vertex 10.3 -4.49009 17.5015
      vertex 15.3 -4.4989 17.7005
      vertex 10.3 -4.4989 17.7005
    endloop
  endfacet
  facet normal 0 -0.999021 -0.044228
    outer loop
      vertex 15.3 -4.4989 17.7005
      vertex 10.3 -4.49009 17.5015
      vertex 15.3 -4.49009 17.5015
    endloop
  endfacet
  facet normal 0 -0.838971 -0.544176
    outer loop
      vertex 10.3 -3.72074 15.269
      vertex 15.3 -3.82906 15.436
      vertex 10.3 -3.82906 15.436
    endloop
  endfacet
  facet normal 0 -0.838971 -0.544176
    outer loop
      vertex 15.3 -3.82906 15.436
      vertex 10.3 -3.72074 15.269
      vertex 15.3 -3.72074 15.269
    endloop
  endfacet
  facet normal 0 -0.0220996 0.999756
    outer loop
      vertex 10.3 0 22.3
      vertex 15.3 -0.19905 22.2956
      vertex 15.3 0 22.3
    endloop
  endfacet
  facet normal 0 -0.0220996 0.999756
    outer loop
      vertex 15.3 -0.19905 22.2956
      vertex 10.3 0 22.3
      vertex 10.3 -0.19905 22.2956
    endloop
  endfacet
  facet normal 0 0.921731 0.38783
    outer loop
      vertex 15.3 4.18546 19.4529
      vertex 10.3 4.10825 19.6364
      vertex 15.3 4.10825 19.6364
    endloop
  endfacet
  facet normal 0 0.921731 0.38783
    outer loop
      vertex 10.3 4.10825 19.6364
      vertex 15.3 4.18546 19.4529
      vertex 10.3 4.18546 19.4529
    endloop
  endfacet
  facet normal 0 -0.197888 0.980225
    outer loop
      vertex 10.3 -0.792308 22.2297
      vertex 15.3 -0.987473 22.1903
      vertex 15.3 -0.792308 22.2297
    endloop
  endfacet
  facet normal 0 -0.197888 0.980225
    outer loop
      vertex 15.3 -0.987473 22.1903
      vertex 10.3 -0.792308 22.2297
      vertex 10.3 -0.987473 22.1903
    endloop
  endfacet
  facet normal 0 -0.952398 -0.304858
    outer loop
      vertex 10.3 -4.25447 16.3339
      vertex 15.3 -4.31516 16.5235
      vertex 10.3 -4.31516 16.5235
    endloop
  endfacet
  facet normal 0 -0.952398 -0.304858
    outer loop
      vertex 15.3 -4.31516 16.5235
      vertex 10.3 -4.25447 16.3339
      vertex 15.3 -4.25447 16.3339
    endloop
  endfacet
  facet normal 0 0.991193 0.132427
    outer loop
      vertex 15.3 4.4725 18.2968
      vertex 10.3 4.44614 18.4941
      vertex 15.3 4.44614 18.4941
    endloop
  endfacet
  facet normal 0 0.991193 0.132427
    outer loop
      vertex 10.3 4.44614 18.4941
      vertex 15.3 4.4725 18.2968
      vertex 10.3 4.4725 18.2968
    endloop
  endfacet
  facet normal 0 -0.40829 0.912852
    outer loop
      vertex 10.3 -1.74504 21.9479
      vertex 15.3 -1.92681 21.8666
      vertex 15.3 -1.74504 21.9479
    endloop
  endfacet
  facet normal 0 -0.40829 0.912852
    outer loop
      vertex 15.3 -1.92681 21.8666
      vertex 10.3 -1.74504 21.9479
      vertex 10.3 -1.92681 21.8666
    endloop
  endfacet
  facet normal 0 -0.883884 0.467705
    outer loop
      vertex 10.3 -4.023 19.8163
      vertex 15.3 -3.92987 19.9923
      vertex 10.3 -3.92987 19.9923
    endloop
  endfacet
  facet normal 0 -0.883884 0.467705
    outer loop
      vertex 15.3 -3.92987 19.9923
      vertex 10.3 -4.023 19.8163
      vertex 15.3 -4.023 19.8163
    endloop
  endfacet
  facet normal 0 -0.984384 0.176034
    outer loop
      vertex 10.3 -4.44614 18.4941
      vertex 15.3 -4.41109 18.6901
      vertex 10.3 -4.41109 18.6901
    endloop
  endfacet
  facet normal 0 -0.984384 0.176034
    outer loop
      vertex 15.3 -4.41109 18.6901
      vertex 10.3 -4.44614 18.4941
      vertex 15.3 -4.44614 18.4941
    endloop
  endfacet
  facet normal 0 -0.964956 -0.262412
    outer loop
      vertex 10.3 -4.31516 16.5235
      vertex 15.3 -4.3674 16.7156
      vertex 10.3 -4.3674 16.7156
    endloop
  endfacet
  facet normal 0 -0.964956 -0.262412
    outer loop
      vertex 15.3 -4.3674 16.7156
      vertex 10.3 -4.31516 16.5235
      vertex 15.3 -4.31516 16.5235
    endloop
  endfacet
  facet normal 0 -0.903671 0.428227
    outer loop
      vertex 10.3 -4.10825 19.6364
      vertex 15.3 -4.023 19.8163
      vertex 10.3 -4.023 19.8163
    endloop
  endfacet
  facet normal 0 -0.903671 0.428227
    outer loop
      vertex 15.3 -4.023 19.8163
      vertex 10.3 -4.10825 19.6364
      vertex 15.3 -4.10825 19.6364
    endloop
  endfacet
  facet normal 0 -0.110497 0.993877
    outer loop
      vertex 10.3 -0.39771 22.2824
      vertex 15.3 -0.595592 22.2604
      vertex 15.3 -0.39771 22.2824
    endloop
  endfacet
  facet normal 0 -0.110497 0.993877
    outer loop
      vertex 15.3 -0.595592 22.2604
      vertex 10.3 -0.39771 22.2824
      vertex 10.3 -0.595592 22.2604
    endloop
  endfacet
  facet normal -0 0.525363 0.850878
    outer loop
      vertex 10.3 2.44809 21.5758
      vertex 15.3 2.27868 21.6804
      vertex 15.3 2.44809 21.5758
    endloop
  endfacet
  facet normal 0 0.525363 0.850878
    outer loop
      vertex 15.3 2.27868 21.6804
      vertex 10.3 2.44809 21.5758
      vertex 10.3 2.27868 21.6804
    endloop
  endfacet
  facet normal 0 0.999021 0.044228
    outer loop
      vertex 15.3 4.4989 17.8995
      vertex 10.3 4.49009 18.0985
      vertex 15.3 4.49009 18.0985
    endloop
  endfacet
  facet normal 0 0.999021 0.044228
    outer loop
      vertex 10.3 4.49009 18.0985
      vertex 15.3 4.4989 17.8995
      vertex 10.3 4.4989 17.8995
    endloop
  endfacet
  facet normal 0 -0.952398 0.304858
    outer loop
      vertex 10.3 -4.31516 19.0765
      vertex 15.3 -4.25447 19.2661
      vertex 10.3 -4.25447 19.2661
    endloop
  endfacet
  facet normal 0 -0.952398 0.304858
    outer loop
      vertex 15.3 -4.25447 19.2661
      vertex 10.3 -4.31516 19.0765
      vertex 15.3 -4.31516 19.0765
    endloop
  endfacet
  facet normal 0 -0.838971 0.544176
    outer loop
      vertex 10.3 -3.82906 20.164
      vertex 15.3 -3.72074 20.331
      vertex 10.3 -3.72074 20.331
    endloop
  endfacet
  facet normal 0 -0.838971 0.544176
    outer loop
      vertex 15.3 -3.72074 20.331
      vertex 10.3 -3.82906 20.164
      vertex 15.3 -3.82906 20.164
    endloop
  endfacet
  facet normal 0 0.903671 0.428227
    outer loop
      vertex 15.3 4.10825 19.6364
      vertex 10.3 4.023 19.8163
      vertex 15.3 4.023 19.8163
    endloop
  endfacet
  facet normal 0 0.903671 0.428227
    outer loop
      vertex 10.3 4.023 19.8163
      vertex 15.3 4.10825 19.6364
      vertex 10.3 4.10825 19.6364
    endloop
  endfacet
  facet normal 0 -0.991193 0.132427
    outer loop
      vertex 10.3 -4.4725 18.2968
      vertex 15.3 -4.44614 18.4941
      vertex 10.3 -4.44614 18.4941
    endloop
  endfacet
  facet normal 0 -0.991193 0.132427
    outer loop
      vertex 15.3 -4.44614 18.4941
      vertex 10.3 -4.4725 18.2968
      vertex 15.3 -4.4725 18.2968
    endloop
  endfacet
  facet normal 0 -0.814198 0.580587
    outer loop
      vertex 10.3 -3.72074 20.331
      vertex 15.3 -3.60515 20.4931
      vertex 10.3 -3.60515 20.4931
    endloop
  endfacet
  facet normal 0 -0.814198 0.580587
    outer loop
      vertex 15.3 -3.60515 20.4931
      vertex 10.3 -3.72074 20.331
      vertex 15.3 -3.72074 20.331
    endloop
  endfacet
  facet normal -0 0.367178 0.930151
    outer loop
      vertex 10.3 1.74504 21.9479
      vertex 15.3 1.55986 22.021
      vertex 15.3 1.74504 21.9479
    endloop
  endfacet
  facet normal 0 0.367178 0.930151
    outer loop
      vertex 15.3 1.55986 22.021
      vertex 10.3 1.74504 21.9479
      vertex 10.3 1.55986 22.021
    endloop
  endfacet
  facet normal 0 -1 0
    outer loop
      vertex 10.3 -4.4989 17.7005
      vertex 15.3 -4.4989 17.8995
      vertex 10.3 -4.4989 17.8995
    endloop
  endfacet
  facet normal 0 -1 -0
    outer loop
      vertex 15.3 -4.4989 17.8995
      vertex 10.3 -4.4989 17.7005
      vertex 15.3 -4.4989 17.7005
    endloop
  endfacet
  facet normal 0 0.952398 0.304858
    outer loop
      vertex 15.3 4.31516 19.0765
      vertex 10.3 4.25447 19.2661
      vertex 15.3 4.25447 19.2661
    endloop
  endfacet
  facet normal 0 0.952398 0.304858
    outer loop
      vertex 10.3 4.25447 19.2661
      vertex 15.3 4.31516 19.0765
      vertex 10.3 4.31516 19.0765
    endloop
  endfacet
  facet normal 0 0 1
    outer loop
      vertex 1.99006 -14.9991 35.6
      vertex 4.5 -12.285 35.6
      vertex 2 -14.8 35.6
    endloop
  endfacet
  facet normal 0 0 1
    outer loop
      vertex 4.5 -12.285 35.6
      vertex 1.99006 -14.6009 35.6
      vertex 2 -14.8 35.6
    endloop
  endfacet
  facet normal 0 0 1
    outer loop
      vertex 4.5 -12.285 35.6
      vertex 1.96034 -14.4037 35.6
      vertex 1.99006 -14.6009 35.6
    endloop
  endfacet
  facet normal 0 0 1
    outer loop
      vertex 4.5 -12.285 35.6
      vertex 1.91115 -14.2105 35.6
      vertex 1.96034 -14.4037 35.6
    endloop
  endfacet
  facet normal 0 0 1
    outer loop
      vertex 4.5 -12.285 35.6
      vertex 1.84295 -14.0231 35.6
      vertex 1.91115 -14.2105 35.6
    endloop
  endfacet
  facet normal 0 0 1
    outer loop
      vertex 4.5 -12.285 35.6
      vertex 1.75644 -13.8435 35.6
      vertex 1.84295 -14.0231 35.6
    endloop
  endfacet
  facet normal 0 0 1
    outer loop
      vertex 4.5 -12.285 35.6
      vertex 1.65248 -13.6734 35.6
      vertex 1.75644 -13.8435 35.6
    endloop
  endfacet
  facet normal 0 0 1
    outer loop
      vertex 4.5 -12.285 35.6
      vertex 1.53209 -13.5144 35.6
      vertex 1.65248 -13.6734 35.6
    endloop
  endfacet
  facet normal 0 0 1
    outer loop
      vertex 4.5 -12.285 35.6
      vertex 1.39647 -13.3683 35.6
      vertex 1.53209 -13.5144 35.6
    endloop
  endfacet
  facet normal 0 0 1
    outer loop
      vertex 4.5 -12.285 35.6
      vertex 1.24698 -13.2363 35.6
      vertex 1.39647 -13.3683 35.6
    endloop
  endfacet
  facet normal 0 0 1
    outer loop
      vertex 4.5 -12.285 35.6
      vertex 1.08509 -13.1199 35.6
      vertex 1.24698 -13.2363 35.6
    endloop
  endfacet
  facet normal 0 0 1
    outer loop
      vertex 4.5 -12.285 35.6
      vertex 0.912421 -13.0203 35.6
      vertex 1.08509 -13.1199 35.6
    endloop
  endfacet
  facet normal 0 0 1
    outer loop
      vertex 4.5 -12.285 35.6
      vertex 0.730681 -12.9383 35.6
      vertex 0.912421 -13.0203 35.6
    endloop
  endfacet
  facet normal 0 0 1
    outer loop
      vertex 4.5 -12.285 35.6
      vertex 0.54168 -12.8748 35.6
      vertex 0.730681 -12.9383 35.6
    endloop
  endfacet
  facet normal 0 0 1
    outer loop
      vertex 4.5 -12.285 35.6
      vertex 0.347296 -12.8304 35.6
      vertex 0.54168 -12.8748 35.6
    endloop
  endfacet
  facet normal 0 0 1
    outer loop
      vertex 4.5 -12.285 35.6
      vertex 0.14946 -12.8056 35.6
      vertex 0.347296 -12.8304 35.6
    endloop
  endfacet
  facet normal 0 0 1
    outer loop
      vertex 4.5 -12.285 35.6
      vertex -0.049861 -12.8006 35.6
      vertex 0.14946 -12.8056 35.6
    endloop
  endfacet
  facet normal -0 0 1
    outer loop
      vertex -4.5 -12.285 35.6
      vertex -0.049861 -12.8006 35.6
      vertex 4.5 -12.285 35.6
    endloop
  endfacet
  facet normal 0 0 1
    outer loop
      vertex -1.99751 -14.7003 35.6
      vertex -4.5 -12.285 35.6
      vertex -1.99751 -14.8997 35.6
    endloop
  endfacet
  facet normal 0 0 1
    outer loop
      vertex -1.97766 -14.5019 35.6
      vertex -4.5 -12.285 35.6
      vertex -1.99751 -14.7003 35.6
    endloop
  endfacet
  facet normal 0 0 1
    outer loop
      vertex -1.93815 -14.3065 35.6
      vertex -4.5 -12.285 35.6
      vertex -1.97766 -14.5019 35.6
    endloop
  endfacet
  facet normal 0 0 1
    outer loop
      vertex -1.87938 -14.116 35.6
      vertex -4.5 -12.285 35.6
      vertex -1.93815 -14.3065 35.6
    endloop
  endfacet
  facet normal 0 0 1
    outer loop
      vertex -1.80194 -13.9322 35.6
      vertex -4.5 -12.285 35.6
      vertex -1.87938 -14.116 35.6
    endloop
  endfacet
  facet normal 0 0 1
    outer loop
      vertex -1.70658 -13.7571 35.6
      vertex -4.5 -12.285 35.6
      vertex -1.80194 -13.9322 35.6
    endloop
  endfacet
  facet normal 0 0 1
    outer loop
      vertex -1.59426 -13.5924 35.6
      vertex -4.5 -12.285 35.6
      vertex -1.70658 -13.7571 35.6
    endloop
  endfacet
  facet normal 0 0 1
    outer loop
      vertex -1.4661 -13.4397 35.6
      vertex -4.5 -12.285 35.6
      vertex -1.59426 -13.5924 35.6
    endloop
  endfacet
  facet normal 0 0 1
    outer loop
      vertex -1.32337 -13.3004 35.6
      vertex -4.5 -12.285 35.6
      vertex -1.4661 -13.4397 35.6
    endloop
  endfacet
  facet normal 0 0 1
    outer loop
      vertex -1.16749 -13.1761 35.6
      vertex -4.5 -12.285 35.6
      vertex -1.32337 -13.3004 35.6
    endloop
  endfacet
  facet normal 0 0 1
    outer loop
      vertex -1 -13.0679 35.6
      vertex -4.5 -12.285 35.6
      vertex -1.16749 -13.1761 35.6
    endloop
  endfacet
  facet normal 0 0 1
    outer loop
      vertex -0.822574 -12.977 35.6
      vertex -4.5 -12.285 35.6
      vertex -1 -13.0679 35.6
    endloop
  endfacet
  facet normal 0 0 1
    outer loop
      vertex -0.636972 -12.9041 35.6
      vertex -4.5 -12.285 35.6
      vertex -0.822574 -12.977 35.6
    endloop
  endfacet
  facet normal 0 0 1
    outer loop
      vertex -0.445042 -12.8501 35.6
      vertex -4.5 -12.285 35.6
      vertex -0.636972 -12.9041 35.6
    endloop
  endfacet
  facet normal 0 0 1
    outer loop
      vertex -0.248687 -12.8155 35.6
      vertex -4.5 -12.285 35.6
      vertex -0.445042 -12.8501 35.6
    endloop
  endfacet
  facet normal 0 0 1
    outer loop
      vertex -0.049861 -12.8006 35.6
      vertex -4.5 -12.285 35.6
      vertex -0.248687 -12.8155 35.6
    endloop
  endfacet
  facet normal 0 0 1
    outer loop
      vertex 1.96034 -15.1963 35.6
      vertex 4.5 -12.285 35.6
      vertex 1.99006 -14.9991 35.6
    endloop
  endfacet
  facet normal 0 0 1
    outer loop
      vertex 4.5 -12.285 35.6
      vertex 1.96034 -15.1963 35.6
      vertex 4.5 -19.295 35.6
    endloop
  endfacet
  facet normal -0 0 1
    outer loop
      vertex 1.91115 -15.3895 35.6
      vertex 4.5 -19.295 35.6
      vertex 1.96034 -15.1963 35.6
    endloop
  endfacet
  facet normal -0 0 1
    outer loop
      vertex 1.84295 -15.5769 35.6
      vertex 4.5 -19.295 35.6
      vertex 1.91115 -15.3895 35.6
    endloop
  endfacet
  facet normal -0 0 1
    outer loop
      vertex 1.75644 -15.7565 35.6
      vertex 4.5 -19.295 35.6
      vertex 1.84295 -15.5769 35.6
    endloop
  endfacet
  facet normal -0 0 1
    outer loop
      vertex 1.65248 -15.9266 35.6
      vertex 4.5 -19.295 35.6
      vertex 1.75644 -15.7565 35.6
    endloop
  endfacet
  facet normal -0 0 1
    outer loop
      vertex 1.53209 -16.0856 35.6
      vertex 4.5 -19.295 35.6
      vertex 1.65248 -15.9266 35.6
    endloop
  endfacet
  facet normal -0 0 1
    outer loop
      vertex 1.39647 -16.2317 35.6
      vertex 4.5 -19.295 35.6
      vertex 1.53209 -16.0856 35.6
    endloop
  endfacet
  facet normal -0 0 1
    outer loop
      vertex 1.24698 -16.3637 35.6
      vertex 4.5 -19.295 35.6
      vertex 1.39647 -16.2317 35.6
    endloop
  endfacet
  facet normal -0 0 1
    outer loop
      vertex 1.08509 -16.4801 35.6
      vertex 4.5 -19.295 35.6
      vertex 1.24698 -16.3637 35.6
    endloop
  endfacet
  facet normal -0 0 1
    outer loop
      vertex 0.912421 -16.5797 35.6
      vertex 4.5 -19.295 35.6
      vertex 1.08509 -16.4801 35.6
    endloop
  endfacet
  facet normal -0 0 1
    outer loop
      vertex 0.730681 -16.6617 35.6
      vertex 4.5 -19.295 35.6
      vertex 0.912421 -16.5797 35.6
    endloop
  endfacet
  facet normal -0 0 1
    outer loop
      vertex 0.54168 -16.7252 35.6
      vertex 4.5 -19.295 35.6
      vertex 0.730681 -16.6617 35.6
    endloop
  endfacet
  facet normal -0 0 1
    outer loop
      vertex 0.347296 -16.7696 35.6
      vertex 4.5 -19.295 35.6
      vertex 0.54168 -16.7252 35.6
    endloop
  endfacet
  facet normal -0 0 1
    outer loop
      vertex 0.14946 -16.7944 35.6
      vertex 4.5 -19.295 35.6
      vertex 0.347296 -16.7696 35.6
    endloop
  endfacet
  facet normal -0 0 1
    outer loop
      vertex -0.049861 -16.7994 35.6
      vertex 4.5 -19.295 35.6
      vertex 0.14946 -16.7944 35.6
    endloop
  endfacet
  facet normal 0 0 1
    outer loop
      vertex -4.5 -19.295 35.6
      vertex -0.049861 -16.7994 35.6
      vertex -0.248687 -16.7845 35.6
    endloop
  endfacet
  facet normal 0 0 1
    outer loop
      vertex -4.5 -19.295 35.6
      vertex -0.248687 -16.7845 35.6
      vertex -0.445042 -16.7499 35.6
    endloop
  endfacet
  facet normal 0 0 1
    outer loop
      vertex -4.5 -19.295 35.6
      vertex -0.445042 -16.7499 35.6
      vertex -0.636972 -16.6959 35.6
    endloop
  endfacet
  facet normal 0 0 1
    outer loop
      vertex -4.5 -19.295 35.6
      vertex -0.636972 -16.6959 35.6
      vertex -0.822574 -16.623 35.6
    endloop
  endfacet
  facet normal 0 0 1
    outer loop
      vertex -4.5 -12.285 35.6
      vertex -1.97766 -15.0981 35.6
      vertex -1.99751 -14.8997 35.6
    endloop
  endfacet
  facet normal 0 0 1
    outer loop
      vertex -4.5 -19.295 35.6
      vertex -1.97766 -15.0981 35.6
      vertex -4.5 -12.285 35.6
    endloop
  endfacet
  facet normal 0 0 1
    outer loop
      vertex -1.97766 -15.0981 35.6
      vertex -4.5 -19.295 35.6
      vertex -1.93815 -15.2935 35.6
    endloop
  endfacet
  facet normal 0 0 1
    outer loop
      vertex -1.93815 -15.2935 35.6
      vertex -4.5 -19.295 35.6
      vertex -1.87938 -15.484 35.6
    endloop
  endfacet
  facet normal 0 0 1
    outer loop
      vertex -1.87938 -15.484 35.6
      vertex -4.5 -19.295 35.6
      vertex -1.80194 -15.6678 35.6
    endloop
  endfacet
  facet normal 0 0 1
    outer loop
      vertex -1.80194 -15.6678 35.6
      vertex -4.5 -19.295 35.6
      vertex -1.70658 -15.8429 35.6
    endloop
  endfacet
  facet normal 0 0 1
    outer loop
      vertex -0.049861 -16.7994 35.6
      vertex -4.5 -19.295 35.6
      vertex 4.5 -19.295 35.6
    endloop
  endfacet
  facet normal 0 0 1
    outer loop
      vertex -1 -16.5321 35.6
      vertex -4.5 -19.295 35.6
      vertex -0.822574 -16.623 35.6
    endloop
  endfacet
  facet normal 0 0 1
    outer loop
      vertex -1.16749 -16.4239 35.6
      vertex -4.5 -19.295 35.6
      vertex -1 -16.5321 35.6
    endloop
  endfacet
  facet normal 0 0 1
    outer loop
      vertex -1.32337 -16.2996 35.6
      vertex -4.5 -19.295 35.6
      vertex -1.16749 -16.4239 35.6
    endloop
  endfacet
  facet normal 0 0 1
    outer loop
      vertex -1.4661 -16.1603 35.6
      vertex -4.5 -19.295 35.6
      vertex -1.32337 -16.2996 35.6
    endloop
  endfacet
  facet normal 0 0 1
    outer loop
      vertex -1.59426 -16.0076 35.6
      vertex -4.5 -19.295 35.6
      vertex -1.4661 -16.1603 35.6
    endloop
  endfacet
  facet normal 0 0 1
    outer loop
      vertex -1.70658 -15.8429 35.6
      vertex -4.5 -19.295 35.6
      vertex -1.59426 -16.0076 35.6
    endloop
  endfacet
  facet normal 0 -0.75281 -0.658238
    outer loop
      vertex -4.5 -12.3 19.6
      vertex 4.5 -19.295 27.6
      vertex -4.5 -19.295 27.6
    endloop
  endfacet
  facet normal 0 -0.75281 -0.658238
    outer loop
      vertex 4.5 -19.295 27.6
      vertex -4.5 -12.3 19.6
      vertex 4.5 -12.3 19.6
    endloop
  endfacet
  facet normal 0 -1 0
    outer loop
      vertex -4.5 -19.295 27.6
      vertex 4.5 -19.295 35.6
      vertex -4.5 -19.295 35.6
    endloop
  endfacet
  facet normal 0 -1 -0
    outer loop
      vertex 4.5 -19.295 35.6
      vertex -4.5 -19.295 27.6
      vertex 4.5 -19.295 27.6
    endloop
  endfacet
  facet normal -1 0 0
    outer loop
      vertex -4.5 -19.295 27.6
      vertex -4.5 -12.3 35.6
      vertex -4.5 -12.3 19.6
    endloop
  endfacet
  facet normal -1 -0 0
    outer loop
      vertex -4.5 -12.3 35.6
      vertex -4.5 -19.295 27.6
      vertex -4.5 -19.295 35.6
    endloop
  endfacet
  facet normal 0 0 0
    outer loop
      vertex -4.5 -19.295 35.6
      vertex -4.5 -12.285 35.6
      vertex -4.5 -12.3 35.6
    endloop
  endfacet
  facet normal 1 0 0
    outer loop
      vertex 4.5 -19.295 27.6
      vertex 4.5 -12.3 35.6
      vertex 4.5 -19.295 35.6
    endloop
  endfacet
  facet normal 1 0 0
    outer loop
      vertex 4.5 -12.3 35.6
      vertex 4.5 -19.295 27.6
      vertex 4.5 -12.3 19.6
    endloop
  endfacet
  facet normal 0 0 0
    outer loop
      vertex 4.5 -12.285 35.6
      vertex 4.5 -19.295 35.6
      vertex 4.5 -12.3 35.6
    endloop
  endfacet
  facet normal -0 0 1
    outer loop
      vertex 1.96034 15.1963 35.6
      vertex 4.5 12.285 35.6
      vertex 4.5 19.295 35.6
    endloop
  endfacet
  facet normal 0 0 1
    outer loop
      vertex 4.5 12.285 35.6
      vertex 1.99006 14.9991 35.6
      vertex 2 14.8 35.6
    endloop
  endfacet
  facet normal 0 0 1
    outer loop
      vertex 4.5 12.285 35.6
      vertex 1.96034 15.1963 35.6
      vertex 1.99006 14.9991 35.6
    endloop
  endfacet
  facet normal 0 0 1
    outer loop
      vertex 4.5 19.295 35.6
      vertex 1.91115 15.3895 35.6
      vertex 1.96034 15.1963 35.6
    endloop
  endfacet
  facet normal 0 0 1
    outer loop
      vertex 4.5 19.295 35.6
      vertex 1.84295 15.5769 35.6
      vertex 1.91115 15.3895 35.6
    endloop
  endfacet
  facet normal 0 0 1
    outer loop
      vertex 4.5 19.295 35.6
      vertex 1.75644 15.7565 35.6
      vertex 1.84295 15.5769 35.6
    endloop
  endfacet
  facet normal 0 0 1
    outer loop
      vertex 4.5 19.295 35.6
      vertex 1.65248 15.9266 35.6
      vertex 1.75644 15.7565 35.6
    endloop
  endfacet
  facet normal 0 0 1
    outer loop
      vertex 4.5 19.295 35.6
      vertex 1.53209 16.0856 35.6
      vertex 1.65248 15.9266 35.6
    endloop
  endfacet
  facet normal 0 0 1
    outer loop
      vertex 4.5 19.295 35.6
      vertex 1.39647 16.2317 35.6
      vertex 1.53209 16.0856 35.6
    endloop
  endfacet
  facet normal 0 0 1
    outer loop
      vertex 4.5 19.295 35.6
      vertex 1.24698 16.3637 35.6
      vertex 1.39647 16.2317 35.6
    endloop
  endfacet
  facet normal 0 0 1
    outer loop
      vertex 4.5 19.295 35.6
      vertex 1.08509 16.4801 35.6
      vertex 1.24698 16.3637 35.6
    endloop
  endfacet
  facet normal 0 0 1
    outer loop
      vertex 4.5 19.295 35.6
      vertex 0.912421 16.5797 35.6
      vertex 1.08509 16.4801 35.6
    endloop
  endfacet
  facet normal 0 0 1
    outer loop
      vertex 4.5 19.295 35.6
      vertex 0.730681 16.6617 35.6
      vertex 0.912421 16.5797 35.6
    endloop
  endfacet
  facet normal 0 0 1
    outer loop
      vertex 4.5 19.295 35.6
      vertex 0.54168 16.7252 35.6
      vertex 0.730681 16.6617 35.6
    endloop
  endfacet
  facet normal 0 0 1
    outer loop
      vertex 4.5 19.295 35.6
      vertex 0.347296 16.7696 35.6
      vertex 0.54168 16.7252 35.6
    endloop
  endfacet
  facet normal 0 0 1
    outer loop
      vertex 4.5 19.295 35.6
      vertex 0.14946 16.7944 35.6
      vertex 0.347296 16.7696 35.6
    endloop
  endfacet
  facet normal 0 0 1
    outer loop
      vertex 4.5 19.295 35.6
      vertex -0.049861 16.7994 35.6
      vertex 0.14946 16.7944 35.6
    endloop
  endfacet
  facet normal -0 0 1
    outer loop
      vertex -4.5 19.295 35.6
      vertex -0.049861 16.7994 35.6
      vertex 4.5 19.295 35.6
    endloop
  endfacet
  facet normal 0 0 1
    outer loop
      vertex -0.049861 16.7994 35.6
      vertex -4.5 19.295 35.6
      vertex -0.248687 16.7845 35.6
    endloop
  endfacet
  facet normal 0 0 1
    outer loop
      vertex -0.248687 16.7845 35.6
      vertex -4.5 19.295 35.6
      vertex -0.445042 16.7499 35.6
    endloop
  endfacet
  facet normal 0 0 1
    outer loop
      vertex -0.445042 16.7499 35.6
      vertex -4.5 19.295 35.6
      vertex -0.636972 16.6959 35.6
    endloop
  endfacet
  facet normal 0 0 1
    outer loop
      vertex -1.97766 15.0981 35.6
      vertex -4.5 12.285 35.6
      vertex -1.99751 14.8997 35.6
    endloop
  endfacet
  facet normal 0 0 1
    outer loop
      vertex -4.5 12.285 35.6
      vertex -1.97766 15.0981 35.6
      vertex -4.5 19.295 35.6
    endloop
  endfacet
  facet normal 0 0 1
    outer loop
      vertex -1.93815 15.2935 35.6
      vertex -4.5 19.295 35.6
      vertex -1.97766 15.0981 35.6
    endloop
  endfacet
  facet normal 0 0 1
    outer loop
      vertex -1.87938 15.484 35.6
      vertex -4.5 19.295 35.6
      vertex -1.93815 15.2935 35.6
    endloop
  endfacet
  facet normal 0 0 1
    outer loop
      vertex -1.80194 15.6678 35.6
      vertex -4.5 19.295 35.6
      vertex -1.87938 15.484 35.6
    endloop
  endfacet
  facet normal 0 0 1
    outer loop
      vertex -1.70658 15.8429 35.6
      vertex -4.5 19.295 35.6
      vertex -1.80194 15.6678 35.6
    endloop
  endfacet
  facet normal 0 0 1
    outer loop
      vertex -1.59426 16.0076 35.6
      vertex -4.5 19.295 35.6
      vertex -1.70658 15.8429 35.6
    endloop
  endfacet
  facet normal 0 0 1
    outer loop
      vertex -1.4661 16.1603 35.6
      vertex -4.5 19.295 35.6
      vertex -1.59426 16.0076 35.6
    endloop
  endfacet
  facet normal 0 0 1
    outer loop
      vertex -1.32337 16.2996 35.6
      vertex -4.5 19.295 35.6
      vertex -1.4661 16.1603 35.6
    endloop
  endfacet
  facet normal 0 0 1
    outer loop
      vertex -1.16749 16.4239 35.6
      vertex -4.5 19.295 35.6
      vertex -1.32337 16.2996 35.6
    endloop
  endfacet
  facet normal 0 0 1
    outer loop
      vertex -1 16.5321 35.6
      vertex -4.5 19.295 35.6
      vertex -1.16749 16.4239 35.6
    endloop
  endfacet
  facet normal 0 0 1
    outer loop
      vertex -0.822574 16.623 35.6
      vertex -4.5 19.295 35.6
      vertex -1 16.5321 35.6
    endloop
  endfacet
  facet normal 0 0 1
    outer loop
      vertex -0.636972 16.6959 35.6
      vertex -4.5 19.295 35.6
      vertex -0.822574 16.623 35.6
    endloop
  endfacet
  facet normal -0 0 1
    outer loop
      vertex 1.99006 14.6009 35.6
      vertex 4.5 12.285 35.6
      vertex 2 14.8 35.6
    endloop
  endfacet
  facet normal -0 0 1
    outer loop
      vertex 1.96034 14.4037 35.6
      vertex 4.5 12.285 35.6
      vertex 1.99006 14.6009 35.6
    endloop
  endfacet
  facet normal -0 0 1
    outer loop
      vertex 1.91115 14.2105 35.6
      vertex 4.5 12.285 35.6
      vertex 1.96034 14.4037 35.6
    endloop
  endfacet
  facet normal -0 0 1
    outer loop
      vertex 1.84295 14.0231 35.6
      vertex 4.5 12.285 35.6
      vertex 1.91115 14.2105 35.6
    endloop
  endfacet
  facet normal -0 0 1
    outer loop
      vertex 1.75644 13.8435 35.6
      vertex 4.5 12.285 35.6
      vertex 1.84295 14.0231 35.6
    endloop
  endfacet
  facet normal -0 0 1
    outer loop
      vertex 1.65248 13.6734 35.6
      vertex 4.5 12.285 35.6
      vertex 1.75644 13.8435 35.6
    endloop
  endfacet
  facet normal -0 0 1
    outer loop
      vertex 1.53209 13.5144 35.6
      vertex 4.5 12.285 35.6
      vertex 1.65248 13.6734 35.6
    endloop
  endfacet
  facet normal -0 0 1
    outer loop
      vertex 1.39647 13.3683 35.6
      vertex 4.5 12.285 35.6
      vertex 1.53209 13.5144 35.6
    endloop
  endfacet
  facet normal -0 0 1
    outer loop
      vertex 1.24698 13.2363 35.6
      vertex 4.5 12.285 35.6
      vertex 1.39647 13.3683 35.6
    endloop
  endfacet
  facet normal -0 0 1
    outer loop
      vertex 1.08509 13.1199 35.6
      vertex 4.5 12.285 35.6
      vertex 1.24698 13.2363 35.6
    endloop
  endfacet
  facet normal -0 0 1
    outer loop
      vertex 0.912421 13.0203 35.6
      vertex 4.5 12.285 35.6
      vertex 1.08509 13.1199 35.6
    endloop
  endfacet
  facet normal -0 0 1
    outer loop
      vertex 0.730681 12.9383 35.6
      vertex 4.5 12.285 35.6
      vertex 0.912421 13.0203 35.6
    endloop
  endfacet
  facet normal -0 0 1
    outer loop
      vertex 0.54168 12.8748 35.6
      vertex 4.5 12.285 35.6
      vertex 0.730681 12.9383 35.6
    endloop
  endfacet
  facet normal -0 0 1
    outer loop
      vertex 0.347296 12.8304 35.6
      vertex 4.5 12.285 35.6
      vertex 0.54168 12.8748 35.6
    endloop
  endfacet
  facet normal -0 0 1
    outer loop
      vertex 0.14946 12.8056 35.6
      vertex 4.5 12.285 35.6
      vertex 0.347296 12.8304 35.6
    endloop
  endfacet
  facet normal -0 0 1
    outer loop
      vertex -0.049861 12.8006 35.6
      vertex 4.5 12.285 35.6
      vertex 0.14946 12.8056 35.6
    endloop
  endfacet
  facet normal 0 0 1
    outer loop
      vertex -4.5 12.285 35.6
      vertex -0.049861 12.8006 35.6
      vertex -0.248687 12.8155 35.6
    endloop
  endfacet
  facet normal 0 0 1
    outer loop
      vertex -1.99751 14.8997 35.6
      vertex -4.5 12.285 35.6
      vertex -1.99751 14.7003 35.6
    endloop
  endfacet
  facet normal 0 0 1
    outer loop
      vertex -1.99751 14.7003 35.6
      vertex -4.5 12.285 35.6
      vertex -1.97766 14.5019 35.6
    endloop
  endfacet
  facet normal 0 0 1
    outer loop
      vertex -1.97766 14.5019 35.6
      vertex -4.5 12.285 35.6
      vertex -1.93815 14.3065 35.6
    endloop
  endfacet
  facet normal 0 0 1
    outer loop
      vertex -1.93815 14.3065 35.6
      vertex -4.5 12.285 35.6
      vertex -1.87938 14.116 35.6
    endloop
  endfacet
  facet normal 0 0 1
    outer loop
      vertex -0.049861 12.8006 35.6
      vertex -4.5 12.285 35.6
      vertex 4.5 12.285 35.6
    endloop
  endfacet
  facet normal 0 0 1
    outer loop
      vertex -0.445042 12.8501 35.6
      vertex -4.5 12.285 35.6
      vertex -0.248687 12.8155 35.6
    endloop
  endfacet
  facet normal 0 0 1
    outer loop
      vertex -0.636972 12.9041 35.6
      vertex -4.5 12.285 35.6
      vertex -0.445042 12.8501 35.6
    endloop
  endfacet
  facet normal 0 0 1
    outer loop
      vertex -0.822574 12.977 35.6
      vertex -4.5 12.285 35.6
      vertex -0.636972 12.9041 35.6
    endloop
  endfacet
  facet normal 0 0 1
    outer loop
      vertex -1 13.0679 35.6
      vertex -4.5 12.285 35.6
      vertex -0.822574 12.977 35.6
    endloop
  endfacet
  facet normal 0 0 1
    outer loop
      vertex -1.16749 13.1761 35.6
      vertex -4.5 12.285 35.6
      vertex -1 13.0679 35.6
    endloop
  endfacet
  facet normal 0 0 1
    outer loop
      vertex -1.32337 13.3004 35.6
      vertex -4.5 12.285 35.6
      vertex -1.16749 13.1761 35.6
    endloop
  endfacet
  facet normal 0 0 1
    outer loop
      vertex -1.4661 13.4397 35.6
      vertex -4.5 12.285 35.6
      vertex -1.32337 13.3004 35.6
    endloop
  endfacet
  facet normal 0 0 1
    outer loop
      vertex -1.59426 13.5924 35.6
      vertex -4.5 12.285 35.6
      vertex -1.4661 13.4397 35.6
    endloop
  endfacet
  facet normal 0 0 1
    outer loop
      vertex -1.70658 13.7571 35.6
      vertex -4.5 12.285 35.6
      vertex -1.59426 13.5924 35.6
    endloop
  endfacet
  facet normal 0 0 1
    outer loop
      vertex -1.80194 13.9322 35.6
      vertex -4.5 12.285 35.6
      vertex -1.70658 13.7571 35.6
    endloop
  endfacet
  facet normal 0 0 1
    outer loop
      vertex -1.87938 14.116 35.6
      vertex -4.5 12.285 35.6
      vertex -1.80194 13.9322 35.6
    endloop
  endfacet
  facet normal 0 0.75281 -0.658238
    outer loop
      vertex 4.5 12.3 19.6
      vertex -4.5 19.295 27.6
      vertex 4.5 19.295 27.6
    endloop
  endfacet
  facet normal 0 0.75281 -0.658238
    outer loop
      vertex -4.5 19.295 27.6
      vertex 4.5 12.3 19.6
      vertex -4.5 12.3 19.6
    endloop
  endfacet
  facet normal 1 -0 0
    outer loop
      vertex 4.5 12.3 35.6
      vertex 4.5 19.295 27.6
      vertex 4.5 19.295 35.6
    endloop
  endfacet
  facet normal 1 0 0
    outer loop
      vertex 4.5 19.295 27.6
      vertex 4.5 12.3 35.6
      vertex 4.5 12.3 19.6
    endloop
  endfacet
  facet normal 0 0 0
    outer loop
      vertex 4.5 19.295 35.6
      vertex 4.5 12.285 35.6
      vertex 4.5 12.3 35.6
    endloop
  endfacet
  facet normal 0 1 -0
    outer loop
      vertex 4.5 19.295 27.6
      vertex -4.5 19.295 35.6
      vertex 4.5 19.295 35.6
    endloop
  endfacet
  facet normal 0 1 0
    outer loop
      vertex -4.5 19.295 35.6
      vertex 4.5 19.295 27.6
      vertex -4.5 19.295 27.6
    endloop
  endfacet
  facet normal -1 0 0
    outer loop
      vertex -4.5 12.3 35.6
      vertex -4.5 19.295 27.6
      vertex -4.5 12.3 19.6
    endloop
  endfacet
  facet normal -1 0 0
    outer loop
      vertex -4.5 19.295 27.6
      vertex -4.5 12.3 35.6
      vertex -4.5 19.295 35.6
    endloop
  endfacet
  facet normal 0 0 0
    outer loop
      vertex -4.5 19.295 35.6
      vertex -4.5 12.3 35.6
      vertex -4.5 12.285 35.6
    endloop
  endfacet
  facet normal 0.999887 -0.0150511 0
    outer loop
      vertex 4.14699 3.80011 19
      vertex 4.14877 3.91836 2
      vertex 4.14877 3.91836 19
    endloop
  endfacet
  facet normal 0.999887 -0.0150511 0
    outer loop
      vertex 4.14877 3.91836 2
      vertex 4.14699 3.80011 19
      vertex 4.14699 3.80011 2
    endloop
  endfacet
  facet normal -0.596339 0.802733 0
    outer loop
      vertex -6.51579 9.3 2
      vertex -6.54496 9.27833 19
      vertex -6.51579 9.3 19
    endloop
  endfacet
  facet normal -0.596339 0.802733 0
    outer loop
      vertex -6.54496 9.27833 19
      vertex -6.51579 9.3 2
      vertex -6.54496 9.27833 2
    endloop
  endfacet
  facet normal -0.688259 -0.725465 0
    outer loop
      vertex -7.14895 -0.754972 2
      vertex -7.00392 -0.892564 19
      vertex -7.14895 -0.754972 19
    endloop
  endfacet
  facet normal -0.688259 -0.725465 -0
    outer loop
      vertex -7.00392 -0.892564 19
      vertex -7.14895 -0.754972 2
      vertex -7.00392 -0.892564 2
    endloop
  endfacet
  facet normal 0.998984 -0.0450696 0
    outer loop
      vertex 4.13798 3.6004 19
      vertex 4.14699 3.80011 2
      vertex 4.14699 3.80011 19
    endloop
  endfacet
  facet normal 0.998984 -0.0450696 0
    outer loop
      vertex 4.14699 3.80011 2
      vertex 4.13798 3.6004 19
      vertex 4.13798 3.6004 2
    endloop
  endfacet
  facet normal 0.779843 0.625975 0
    outer loop
      vertex 2.74778 8.08451 19
      vertex 2.62264 8.24041 2
      vertex 2.62264 8.24041 19
    endloop
  endfacet
  facet normal 0.779843 0.625975 0
    outer loop
      vertex 2.62264 8.24041 2
      vertex 2.74778 8.08451 19
      vertex 2.74778 8.08451 2
    endloop
  endfacet
  facet normal 0.401722 -0.915761 0
    outer loop
      vertex 0.0794353 -2.12936 2
      vertex 0.262509 -2.04905 19
      vertex 0.0794353 -2.12936 19
    endloop
  endfacet
  facet normal 0.401722 -0.915761 0
    outer loop
      vertex 0.262509 -2.04905 19
      vertex 0.0794353 -2.12936 2
      vertex 0.262509 -2.04905 2
    endloop
  endfacet
  facet normal -0.709753 -0.704451 0
    outer loop
      vertex -7.14895 -0.754972 2
      vertex -7.28978 -0.613082 19
      vertex -7.28978 -0.613082 2
    endloop
  endfacet
  facet normal -0.709753 -0.704451 0
    outer loop
      vertex -7.28978 -0.613082 19
      vertex -7.14895 -0.754972 2
      vertex -7.14895 -0.754972 19
    endloop
  endfacet
  facet normal 0.997177 -0.0750822 0
    outer loop
      vertex 4.12297 3.40105 19
      vertex 4.13798 3.6004 2
      vertex 4.13798 3.6004 19
    endloop
  endfacet
  facet normal 0.997177 -0.0750822 0
    outer loop
      vertex 4.13798 3.6004 2
      vertex 4.12297 3.40105 19
      vertex 4.12297 3.40105 2
    endloop
  endfacet
  facet normal -0.0975423 -0.995231 0
    outer loop
      vertex -3.24811 -2.60779 2
      vertex -3.04915 -2.62729 19
      vertex -3.24811 -2.60779 19
    endloop
  endfacet
  facet normal -0.0975423 -0.995231 -0
    outer loop
      vertex -3.04915 -2.62729 19
      vertex -3.24811 -2.60779 2
      vertex -3.04915 -2.62729 2
    endloop
  endfacet
  facet normal 0.779834 -0.625987 0
    outer loop
      vertex 2.62264 -0.240409 19
      vertex 2.74778 -0.0845137 2
      vertex 2.74778 -0.0845137 19
    endloop
  endfacet
  facet normal 0.779834 -0.625987 0
    outer loop
      vertex 2.74778 -0.0845137 2
      vertex 2.62264 -0.240409 19
      vertex 2.62264 -0.240409 2
    endloop
  endfacet
  facet normal -0.415381 -0.909647 0
    outer loop
      vertex -5.35312 -2.00685 2
      vertex -5.17127 -2.08989 19
      vertex -5.35312 -2.00685 19
    endloop
  endfacet
  facet normal -0.415381 -0.909647 -0
    outer loop
      vertex -5.17127 -2.08989 19
      vertex -5.35312 -2.00685 2
      vertex -5.17127 -2.08989 2
    endloop
  endfacet
  facet normal 0.0225601 -0.999745 0
    outer loop
      vertex -2.45002 -2.64981 2
      vertex -2.25016 -2.6453 19
      vertex -2.45002 -2.64981 19
    endloop
  endfacet
  facet normal 0.0225601 -0.999745 0
    outer loop
      vertex -2.25016 -2.6453 19
      vertex -2.45002 -2.64981 2
      vertex -2.25016 -2.6453 2
    endloop
  endfacet
  facet normal 0.677291 0.735716 -0
    outer loop
      vertex 2.07695 8.82431 2
      vertex 1.92987 8.95971 19
      vertex 2.07695 8.82431 19
    endloop
  endfacet
  facet normal 0.677291 0.735716 0
    outer loop
      vertex 1.92987 8.95971 19
      vertex 2.07695 8.82431 2
      vertex 1.92987 8.95971 2
    endloop
  endfacet
  facet normal 0.974692 -0.223551 0
    outer loop
      vertex 3.9586 2.41602 19
      vertex 4.00329 2.61087 2
      vertex 4.00329 2.61087 19
    endloop
  endfacet
  facet normal 0.974692 -0.223551 0
    outer loop
      vertex 4.00329 2.61087 2
      vertex 3.9586 2.41602 19
      vertex 3.9586 2.41602 2
    endloop
  endfacet
  facet normal 0.740802 0.671724 0
    outer loop
      vertex 2.49286 8.39247 19
      vertex 2.35857 8.54057 2
      vertex 2.35857 8.54057 19
    endloop
  endfacet
  facet normal 0.740802 0.671724 0
    outer loop
      vertex 2.35857 8.54057 2
      vertex 2.49286 8.39247 19
      vertex 2.49286 8.39247 2
    endloop
  endfacet
  facet normal 0.950577 -0.310489 0
    outer loop
      vertex 3.78968 1.84075 19
      vertex 3.85175 2.03078 2
      vertex 3.85175 2.03078 19
    endloop
  endfacet
  facet normal 0.950577 -0.310489 0
    outer loop
      vertex 3.85175 2.03078 2
      vertex 3.78968 1.84075 19
      vertex 3.78968 1.84075 2
    endloop
  endfacet
  facet normal -0.0675814 -0.997714 0
    outer loop
      vertex -3.04915 -2.62729 2
      vertex -2.8497 -2.6408 19
      vertex -3.04915 -2.62729 19
    endloop
  endfacet
  facet normal -0.0675814 -0.997714 -0
    outer loop
      vertex -2.8497 -2.6408 19
      vertex -3.04915 -2.62729 2
      vertex -2.8497 -2.6408 2
    endloop
  endfacet
  facet normal 0.608252 0.793744 -0
    outer loop
      vertex 1.62384 9.21694 2
      vertex 1.51545 9.3 19
      vertex 1.62384 9.21694 19
    endloop
  endfacet
  facet normal 0.608252 0.793744 0
    outer loop
      vertex 1.51545 9.3 19
      vertex 1.62384 9.21694 2
      vertex 1.51545 9.3 2
    endloop
  endfacet
  facet normal 0.990858 -0.134906 0
    outer loop
      vertex 4.07501 3.00416 19
      vertex 4.10198 3.20225 2
      vertex 4.10198 3.20225 19
    endloop
  endfacet
  facet normal 0.990858 -0.134906 0
    outer loop
      vertex 4.10198 3.20225 2
      vertex 4.07501 3.00416 19
      vertex 4.07501 3.00416 2
    endloop
  endfacet
  facet normal 0.740786 -0.671741 0
    outer loop
      vertex 2.35857 -0.540565 19
      vertex 2.49286 -0.392472 2
      vertex 2.49286 -0.392472 19
    endloop
  endfacet
  facet normal 0.740786 -0.671741 0
    outer loop
      vertex 2.49286 -0.392472 2
      vertex 2.35857 -0.540565 19
      vertex 2.35857 -0.540565 2
    endloop
  endfacet
  facet normal 0.906488 -0.422231 0
    outer loop
      vertex 3.48523 1.10181 19
      vertex 3.56964 1.28303 2
      vertex 3.56964 1.28303 19
    endloop
  endfacet
  facet normal 0.906488 -0.422231 0
    outer loop
      vertex 3.56964 1.28303 2
      vertex 3.48523 1.10181 19
      vertex 3.48523 1.10181 2
    endloop
  endfacet
  facet normal 0.798256 0.602319 0
    outer loop
      vertex 2.86819 7.92493 19
      vertex 2.74778 8.08451 2
      vertex 2.74778 8.08451 19
    endloop
  endfacet
  facet normal 0.798256 0.602319 0
    outer loop
      vertex 2.74778 8.08451 2
      vertex 2.86819 7.92493 19
      vertex 2.86819 7.92493 2
    endloop
  endfacet
  facet normal 0.959498 -0.281717 0
    outer loop
      vertex 3.85175 2.03078 19
      vertex 3.90807 2.2226 2
      vertex 3.90807 2.2226 19
    endloop
  endfacet
  facet normal 0.959498 -0.281717 0
    outer loop
      vertex 3.90807 2.2226 2
      vertex 3.85175 2.03078 19
      vertex 3.85175 2.03078 2
    endloop
  endfacet
  facet normal 0.849283 0.527938 0
    outer loop
      vertex 3.19988 7.42548 19
      vertex 3.09434 7.59526 2
      vertex 3.09434 7.59526 19
    endloop
  endfacet
  facet normal 0.849283 0.527938 0
    outer loop
      vertex 3.09434 7.59526 2
      vertex 3.19988 7.42548 19
      vertex 3.19988 7.42548 2
    endloop
  endfacet
  facet normal 0.608259 -0.793738 0
    outer loop
      vertex 1.46516 -1.33854 2
      vertex 1.62384 -1.21694 19
      vertex 1.46516 -1.33854 19
    endloop
  endfacet
  facet normal 0.608259 -0.793738 0
    outer loop
      vertex 1.62384 -1.21694 19
      vertex 1.46516 -1.33854 2
      vertex 1.62384 -1.21694 2
    endloop
  endfacet
  facet normal -0.303323 -0.952888 0
    outer loop
      vertex -4.61192 -2.30573 2
      vertex -4.42142 -2.36637 19
      vertex -4.61192 -2.30573 19
    endloop
  endfacet
  facet normal -0.303323 -0.952888 -0
    outer loop
      vertex -4.42142 -2.36637 19
      vertex -4.61192 -2.30573 2
      vertex -4.42142 -2.36637 2
    endloop
  endfacet
  facet normal 0.864769 -0.50217 0
    outer loop
      vertex 3.19988 0.57452 19
      vertex 3.30027 0.747398 2
      vertex 3.30027 0.747398 19
    endloop
  endfacet
  facet normal 0.864769 -0.50217 0
    outer loop
      vertex 3.30027 0.747398 2
      vertex 3.19988 0.57452 19
      vertex 3.19988 0.57452 2
    endloop
  endfacet
  facet normal 0.72029 -0.693673 0
    outer loop
      vertex 2.2199 -0.684556 19
      vertex 2.35857 -0.540565 2
      vertex 2.35857 -0.540565 19
    endloop
  endfacet
  facet normal 0.72029 -0.693673 0
    outer loop
      vertex 2.35857 -0.540565 2
      vertex 2.2199 -0.684556 19
      vertex 2.2199 -0.684556 2
    endloop
  endfacet
  facet normal 0.986364 -0.164577 0
    outer loop
      vertex 4.04211 2.80698 19
      vertex 4.07501 3.00416 2
      vertex 4.07501 3.00416 19
    endloop
  endfacet
  facet normal 0.986364 -0.164577 0
    outer loop
      vertex 4.07501 3.00416 2
      vertex 4.04211 2.80698 19
      vertex 4.04211 2.80698 2
    endloop
  endfacet
  facet normal 0.345949 -0.938253 0
    outer loop
      vertex -0.293538 -2.27328 2
      vertex -0.105968 -2.20412 19
      vertex -0.293538 -2.27328 19
    endloop
  endfacet
  facet normal 0.345949 -0.938253 0
    outer loop
      vertex -0.105968 -2.20412 19
      vertex -0.293538 -2.27328 2
      vertex -0.105968 -2.20412 2
    endloop
  endfacet
  facet normal 0.584116 -0.81167 0
    outer loop
      vertex 1.3029 -1.45531 2
      vertex 1.46516 -1.33854 19
      vertex 1.3029 -1.45531 19
    endloop
  endfacet
  facet normal 0.584116 -0.81167 0
    outer loop
      vertex 1.46516 -1.33854 19
      vertex 1.3029 -1.45531 2
      vertex 1.46516 -1.33854 2
    endloop
  endfacet
  facet normal -0.571883 -0.820335 0
    outer loop
      vertex -6.38447 -1.39753 2
      vertex -6.22047 -1.51186 19
      vertex -6.38447 -1.39753 19
    endloop
  endfacet
  facet normal -0.571883 -0.820335 -0
    outer loop
      vertex -6.22047 -1.51186 19
      vertex -6.38447 -1.39753 2
      vertex -6.22047 -1.51186 2
    endloop
  endfacet
  facet normal 0.260016 -0.965604 0
    outer loop
      vertex -0.867521 -2.44651 2
      vertex -0.674486 -2.39453 19
      vertex -0.867521 -2.44651 19
    endloop
  endfacet
  facet normal 0.260016 -0.965604 0
    outer loop
      vertex -0.674486 -2.39453 19
      vertex -0.867521 -2.44651 2
      vertex -0.674486 -2.39453 2
    endloop
  endfacet
  facet normal 0.631867 0.775077 -0
    outer loop
      vertex 1.77879 9.09062 2
      vertex 1.62384 9.21694 19
      vertex 1.77879 9.09062 19
    endloop
  endfacet
  facet normal 0.631867 0.775077 0
    outer loop
      vertex 1.62384 9.21694 19
      vertex 1.77879 9.09062 2
      vertex 1.62384 9.21694 2
    endloop
  endfacet
  facet normal 0.833019 0.553245 0
    outer loop
      vertex 3.09434 7.59526 19
      vertex 2.98374 7.76179 2
      vertex 2.98374 7.76179 19
    endloop
  endfacet
  facet normal 0.833019 0.553245 0
    outer loop
      vertex 2.98374 7.76179 2
      vertex 3.09434 7.59526 19
      vertex 3.09434 7.59526 2
    endloop
  endfacet
  facet normal 0.849286 -0.527934 0
    outer loop
      vertex 3.09434 0.404738 19
      vertex 3.19988 0.57452 2
      vertex 3.19988 0.57452 19
    endloop
  endfacet
  facet normal 0.849286 -0.527934 0
    outer loop
      vertex 3.19988 0.57452 2
      vertex 3.09434 0.404738 19
      vertex 3.09434 0.404738 2
    endloop
  endfacet
  facet normal 0.994472 -0.105 0
    outer loop
      vertex 4.10198 3.20225 19
      vertex 4.12297 3.40105 2
      vertex 4.12297 3.40105 19
    endloop
  endfacet
  facet normal 0.994472 -0.105 0
    outer loop
      vertex 4.12297 3.40105 2
      vertex 4.10198 3.20225 19
      vertex 4.10198 3.20225 2
    endloop
  endfacet
  facet normal 0.760638 -0.649176 0
    outer loop
      vertex 2.49286 -0.392472 19
      vertex 2.62264 -0.240409 2
      vertex 2.62264 -0.240409 19
    endloop
  endfacet
  facet normal 0.760638 -0.649176 0
    outer loop
      vertex 2.62264 -0.240409 2
      vertex 2.49286 -0.392472 19
      vertex 2.49286 -0.392472 2
    endloop
  endfacet
  facet normal 0.201539 -0.979481 0
    outer loop
      vertex -1.25784 -2.53296 2
      vertex -1.06203 -2.49267 19
      vertex -1.25784 -2.53296 19
    endloop
  endfacet
  facet normal 0.201539 -0.979481 0
    outer loop
      vertex -1.06203 -2.49267 19
      vertex -1.25784 -2.53296 2
      vertex -1.06203 -2.49267 2
    endloop
  endfacet
  facet normal 0.112501 -0.993652 0
    outer loop
      vertex -1.85129 -2.61828 2
      vertex -1.65265 -2.59579 19
      vertex -1.85129 -2.61828 19
    endloop
  endfacet
  facet normal 0.112501 -0.993652 0
    outer loop
      vertex -1.65265 -2.59579 19
      vertex -1.85129 -2.61828 2
      vertex -1.65265 -2.59579 2
    endloop
  endfacet
  facet normal 0.082586 -0.996584 0
    outer loop
      vertex -2.05052 -2.63479 2
      vertex -1.85129 -2.61828 19
      vertex -2.05052 -2.63479 19
    endloop
  endfacet
  facet normal 0.082586 -0.996584 0
    outer loop
      vertex -1.85129 -2.61828 19
      vertex -2.05052 -2.63479 2
      vertex -1.85129 -2.61828 2
    endloop
  endfacet
  facet normal -0.709753 0.704451 0
    outer loop
      vertex -7.28978 8.61308 2
      vertex -7.14895 8.75497 19
      vertex -7.14895 8.75497 2
    endloop
  endfacet
  facet normal -0.709753 0.704451 0
    outer loop
      vertex -7.14895 8.75497 19
      vertex -7.28978 8.61308 2
      vertex -7.28978 8.61308 19
    endloop
  endfacet
  facet normal -0.620127 0.784501 0
    outer loop
      vertex -6.54496 9.27833 2
      vertex -6.70179 9.15436 19
      vertex -6.54496 9.27833 19
    endloop
  endfacet
  facet normal -0.620127 0.784501 0
    outer loop
      vertex -6.70179 9.15436 19
      vertex -6.54496 9.27833 2
      vertex -6.70179 9.15436 2
    endloop
  endfacet
  facet normal 0.052572 -0.998617 0
    outer loop
      vertex -2.25016 -2.6453 2
      vertex -2.05052 -2.63479 19
      vertex -2.25016 -2.6453 19
    endloop
  endfacet
  facet normal 0.052572 -0.998617 0
    outer loop
      vertex -2.05052 -2.63479 19
      vertex -2.25016 -2.6453 2
      vertex -2.05052 -2.63479 2
    endloop
  endfacet
  facet normal 0.967529 -0.252762 0
    outer loop
      vertex 3.90807 2.2226 19
      vertex 3.9586 2.41602 2
      vertex 3.9586 2.41602 19
    endloop
  endfacet
  facet normal 0.967529 -0.252762 0
    outer loop
      vertex 3.9586 2.41602 2
      vertex 3.90807 2.2226 19
      vertex 3.90807 2.2226 2
    endloop
  endfacet
  facet normal 0.918756 -0.394825 0
    outer loop
      vertex 3.56964 1.28303 19
      vertex 3.64857 1.4667 2
      vertex 3.64857 1.4667 19
    endloop
  endfacet
  facet normal 0.918756 -0.394825 0
    outer loop
      vertex 3.64857 1.4667 2
      vertex 3.56964 1.28303 19
      vertex 3.56964 1.28303 2
    endloop
  endfacet
  facet normal 0.373971 -0.92744 0
    outer loop
      vertex -0.105968 -2.20412 2
      vertex 0.0794353 -2.12936 19
      vertex -0.105968 -2.20412 19
    endloop
  endfacet
  facet normal 0.373971 -0.92744 0
    outer loop
      vertex 0.0794353 -2.12936 19
      vertex -0.105968 -2.20412 2
      vertex 0.0794353 -2.12936 2
    endloop
  endfacet
  facet normal -0.127457 -0.991844 0
    outer loop
      vertex -3.44639 -2.58231 2
      vertex -3.24811 -2.60779 19
      vertex -3.44639 -2.58231 19
    endloop
  endfacet
  facet normal -0.127457 -0.991844 -0
    outer loop
      vertex -3.24811 -2.60779 19
      vertex -3.44639 -2.58231 2
      vertex -3.24811 -2.60779 2
    endloop
  endfacet
  facet normal 0.456 -0.88998 0
    outer loop
      vertex 0.443087 -1.96328 2
      vertex 0.621005 -1.87212 19
      vertex 0.443087 -1.96328 19
    endloop
  endfacet
  facet normal 0.456 -0.88998 0
    outer loop
      vertex 0.621005 -1.87212 19
      vertex 0.443087 -1.96328 2
      vertex 0.621005 -1.87212 2
    endloop
  endfacet
  facet normal -0.546942 -0.83717 0
    outer loop
      vertex -6.22047 -1.51186 2
      vertex -6.05311 -1.6212 19
      vertex -6.22047 -1.51186 19
    endloop
  endfacet
  facet normal -0.546942 -0.83717 -0
    outer loop
      vertex -6.05311 -1.6212 19
      vertex -6.22047 -1.51186 2
      vertex -6.05311 -1.6212 2
    endloop
  endfacet
  facet normal 0.142311 -0.989822 0
    outer loop
      vertex -1.65265 -2.59579 2
      vertex -1.45477 -2.56734 19
      vertex -1.65265 -2.59579 19
    endloop
  endfacet
  facet normal 0.142311 -0.989822 0
    outer loop
      vertex -1.45477 -2.56734 19
      vertex -1.65265 -2.59579 2
      vertex -1.45477 -2.56734 2
    endloop
  endfacet
  facet normal 0.798265 -0.602306 0
    outer loop
      vertex 2.74778 -0.0845137 19
      vertex 2.86819 0.0750713 2
      vertex 2.86819 0.0750713 19
    endloop
  endfacet
  facet normal 0.798265 -0.602306 0
    outer loop
      vertex 2.86819 0.0750713 2
      vertex 2.74778 -0.0845137 19
      vertex 2.74778 -0.0845137 2
    endloop
  endfacet
  facet normal 0.230902 -0.972977 0
    outer loop
      vertex -1.06203 -2.49267 2
      vertex -0.867521 -2.44651 19
      vertex -1.06203 -2.49267 19
    endloop
  endfacet
  facet normal 0.230902 -0.972977 0
    outer loop
      vertex -0.867521 -2.44651 19
      vertex -1.06203 -2.49267 2
      vertex -0.867521 -2.44651 2
    endloop
  endfacet
  facet normal 0.893378 -0.449305 0
    outer loop
      vertex 3.39541 0.923216 19
      vertex 3.48523 1.10181 2
      vertex 3.48523 1.10181 19
    endloop
  endfacet
  facet normal 0.893378 -0.449305 0
    outer loop
      vertex 3.48523 1.10181 2
      vertex 3.39541 0.923216 19
      vertex 3.39541 0.923216 2
    endloop
  endfacet
  facet normal 0.864758 0.502189 0
    outer loop
      vertex 3.22495 7.38231 19
      vertex 3.19988 7.42548 2
      vertex 3.19988 7.42548 19
    endloop
  endfacet
  facet normal 0.864758 0.502189 0
    outer loop
      vertex 3.19988 7.42548 2
      vertex 3.22495 7.38231 19
      vertex 3.22495 7.38231 2
    endloop
  endfacet
  facet normal 0.31759 -0.948228 0
    outer loop
      vertex -0.4831 -2.33677 2
      vertex -0.293538 -2.27328 19
      vertex -0.4831 -2.33677 19
    endloop
  endfacet
  facet normal 0.31759 -0.948228 0
    outer loop
      vertex -0.293538 -2.27328 19
      vertex -0.4831 -2.33677 2
      vertex -0.293538 -2.27328 2
    endloop
  endfacet
  facet normal -0.360021 -0.932944 0
    outer loop
      vertex -4.98701 -2.16743 2
      vertex -4.80051 -2.2394 19
      vertex -4.98701 -2.16743 19
    endloop
  endfacet
  facet normal -0.360021 -0.932944 -0
    outer loop
      vertex -4.80051 -2.2394 19
      vertex -4.98701 -2.16743 2
      vertex -4.80051 -2.2394 2
    endloop
  endfacet
  facet normal 0.654859 -0.755751 0
    outer loop
      vertex 1.77879 -1.09062 2
      vertex 1.92987 -0.959709 19
      vertex 1.77879 -1.09062 19
    endloop
  endfacet
  facet normal 0.654859 -0.755751 0
    outer loop
      vertex 1.92987 -0.959709 19
      vertex 1.77879 -1.09062 2
      vertex 1.92987 -0.959709 2
    endloop
  endfacet
  facet normal -0.730744 0.682651 0
    outer loop
      vertex -7.3 8.60214 2
      vertex -7.28978 8.61308 19
      vertex -7.28978 8.61308 2
    endloop
  endfacet
  facet normal -0.730744 0.682651 0
    outer loop
      vertex -7.28978 8.61308 19
      vertex -7.3 8.60214 2
      vertex -7.3 8.60214 19
    endloop
  endfacet
  facet normal 0.720288 0.693675 0
    outer loop
      vertex 2.35857 8.54057 19
      vertex 2.2199 8.68456 2
      vertex 2.2199 8.68456 19
    endloop
  endfacet
  facet normal 0.720288 0.693675 0
    outer loop
      vertex 2.2199 8.68456 2
      vertex 2.35857 8.54057 19
      vertex 2.35857 8.54057 2
    endloop
  endfacet
  facet normal 0.288927 -0.957351 0
    outer loop
      vertex -0.674486 -2.39453 2
      vertex -0.4831 -2.33677 19
      vertex -0.674486 -2.39453 19
    endloop
  endfacet
  facet normal 0.288927 -0.957351 0
    outer loop
      vertex -0.4831 -2.33677 19
      vertex -0.674486 -2.39453 2
      vertex -0.4831 -2.33677 2
    endloop
  endfacet
  facet normal 0.816042 0.577992 0
    outer loop
      vertex 2.98374 7.76179 19
      vertex 2.86819 7.92493 2
      vertex 2.86819 7.92493 19
    endloop
  endfacet
  facet normal 0.816042 0.577992 0
    outer loop
      vertex 2.86819 7.92493 2
      vertex 2.98374 7.76179 19
      vertex 2.98374 7.76179 2
    endloop
  endfacet
  facet normal 0.654856 0.755753 -0
    outer loop
      vertex 1.92987 8.95971 2
      vertex 1.77879 9.09062 19
      vertex 1.92987 8.95971 19
    endloop
  endfacet
  facet normal 0.654856 0.755753 0
    outer loop
      vertex 1.77879 9.09062 19
      vertex 1.92987 8.95971 2
      vertex 1.77879 9.09062 2
    endloop
  endfacet
  facet normal 0.699058 0.715065 -0
    outer loop
      vertex 2.2199 8.68456 2
      vertex 2.07695 8.82431 19
      vertex 2.2199 8.68456 19
    endloop
  endfacet
  facet normal 0.699058 0.715065 0
    outer loop
      vertex 2.07695 8.82431 19
      vertex 2.2199 8.68456 2
      vertex 2.07695 8.82431 2
    endloop
  endfacet
  facet normal 0.87949 -0.475917 0
    outer loop
      vertex 3.30027 0.747398 19
      vertex 3.39541 0.923216 2
      vertex 3.39541 0.923216 19
    endloop
  endfacet
  facet normal 0.87949 -0.475917 0
    outer loop
      vertex 3.39541 0.923216 2
      vertex 3.30027 0.747398 19
      vertex 3.30027 0.747398 2
    endloop
  endfacet
  facet normal 0.940838 -0.338858 0
    outer loop
      vertex 3.72194 1.65267 19
      vertex 3.78968 1.84075 2
      vertex 3.78968 1.84075 19
    endloop
  endfacet
  facet normal 0.940838 -0.338858 0
    outer loop
      vertex 3.78968 1.84075 2
      vertex 3.72194 1.65267 19
      vertex 3.72194 1.65267 2
    endloop
  endfacet
  facet normal 0.534279 -0.845308 0
    outer loop
      vertex 0.968221 -1.67397 2
      vertex 1.13721 -1.56716 19
      vertex 0.968221 -1.67397 19
    endloop
  endfacet
  facet normal 0.534279 -0.845308 0
    outer loop
      vertex 1.13721 -1.56716 19
      vertex 0.968221 -1.67397 2
      vertex 1.13721 -1.56716 2
    endloop
  endfacet
  facet normal -0.157167 -0.987572 0
    outer loop
      vertex -3.64382 -2.55089 2
      vertex -3.44639 -2.58231 19
      vertex -3.64382 -2.55089 19
    endloop
  endfacet
  facet normal -0.157167 -0.987572 -0
    outer loop
      vertex -3.44639 -2.58231 19
      vertex -3.64382 -2.55089 2
      vertex -3.44639 -2.58231 2
    endloop
  endfacet
  facet normal 0.760632 0.649183 0
    outer loop
      vertex 2.62264 8.24041 19
      vertex 2.49286 8.39247 2
      vertex 2.49286 8.39247 19
    endloop
  endfacet
  facet normal 0.760632 0.649183 0
    outer loop
      vertex 2.49286 8.39247 2
      vertex 2.62264 8.24041 19
      vertex 2.62264 8.24041 2
    endloop
  endfacet
  facet normal -0.643441 0.765496 0
    outer loop
      vertex -6.70179 9.15436 2
      vertex -6.85482 9.02573 19
      vertex -6.70179 9.15436 19
    endloop
  endfacet
  facet normal -0.643441 0.765496 0
    outer loop
      vertex -6.85482 9.02573 19
      vertex -6.70179 9.15436 2
      vertex -6.85482 9.02573 2
    endloop
  endfacet
  facet normal 0 0 1
    outer loop
      vertex 3.19988 7.42548 19
      vertex 3.11209 7.22405 19
      vertex 3.22495 7.38231 19
    endloop
  endfacet
  facet normal 0 0 1
    outer loop
      vertex 3.09434 7.59526 19
      vertex 3.11209 7.22405 19
      vertex 3.19988 7.42548 19
    endloop
  endfacet
  facet normal 0 0 1
    outer loop
      vertex 3.09434 7.59526 19
      vertex 3.01129 7.0524 19
      vertex 3.11209 7.22405 19
    endloop
  endfacet
  facet normal 0 0 1
    outer loop
      vertex 2.98374 7.76179 19
      vertex 3.01129 7.0524 19
      vertex 3.09434 7.59526 19
    endloop
  endfacet
  facet normal 0 0 1
    outer loop
      vertex 2.86819 7.92493 19
      vertex 3.01129 7.0524 19
      vertex 2.98374 7.76179 19
    endloop
  endfacet
  facet normal 0 0 1
    outer loop
      vertex 1.79668 6.65349 19
      vertex 3.01129 7.0524 19
      vertex 2.86819 7.92493 19
    endloop
  endfacet
  facet normal 0 0 1
    outer loop
      vertex 3.01129 7.0524 19
      vertex 1.79668 6.65349 19
      vertex 2.92606 6.87252 19
    endloop
  endfacet
  facet normal 0 0 1
    outer loop
      vertex 2.92606 6.87252 19
      vertex 1.79668 6.65349 19
      vertex 2.85707 6.68581 19
    endloop
  endfacet
  facet normal 0 -0 1
    outer loop
      vertex 1.89816 6.48167 19
      vertex 2.85707 6.68581 19
      vertex 1.79668 6.65349 19
    endloop
  endfacet
  facet normal 0 0 1
    outer loop
      vertex 2.85707 6.68581 19
      vertex 1.89816 6.48167 19
      vertex 2.80484 6.49374 19
    endloop
  endfacet
  facet normal 0 -0 1
    outer loop
      vertex 1.99277 6.30598 19
      vertex 2.80484 6.49374 19
      vertex 1.89816 6.48167 19
    endloop
  endfacet
  facet normal 0 0 1
    outer loop
      vertex 1.79668 6.65349 19
      vertex 2.86819 7.92493 19
      vertex 2.74778 8.08451 19
    endloop
  endfacet
  facet normal 0 0 1
    outer loop
      vertex 3.99185 3.9885 19
      vertex 4.14699 3.80011 19
      vertex 4.14877 3.91836 19
    endloop
  endfacet
  facet normal 0 0 1
    outer loop
      vertex 4.14699 3.80011 19
      vertex 3.99185 3.9885 19
      vertex 4.13798 3.6004 19
    endloop
  endfacet
  facet normal 0 0 1
    outer loop
      vertex 3.81802 4.08547 19
      vertex 4.13798 3.6004 19
      vertex 3.99185 3.9885 19
    endloop
  endfacet
  facet normal 0 0 1
    outer loop
      vertex 4.13798 3.6004 19
      vertex 3.81802 4.08547 19
      vertex 4.12297 3.40105 19
    endloop
  endfacet
  facet normal -0 0 1
    outer loop
      vertex 2.53424 3.60129 19
      vertex 4.12297 3.40105 19
      vertex 3.81802 4.08547 19
    endloop
  endfacet
  facet normal -0 0 1
    outer loop
      vertex 2.51455 3.40272 19
      vertex 4.12297 3.40105 19
      vertex 2.53424 3.60129 19
    endloop
  endfacet
  facet normal 0 0 1
    outer loop
      vertex 4.10198 3.20225 19
      vertex 2.51455 3.40272 19
      vertex 4.07501 3.00416 19
    endloop
  endfacet
  facet normal -0 0 1
    outer loop
      vertex 2.48704 3.20508 19
      vertex 4.07501 3.00416 19
      vertex 2.51455 3.40272 19
    endloop
  endfacet
  facet normal -0 0 1
    outer loop
      vertex 2.45175 3.00868 19
      vertex 4.04211 2.80698 19
      vertex 2.48704 3.20508 19
    endloop
  endfacet
  facet normal -0 0 1
    outer loop
      vertex 2.40872 2.81382 19
      vertex 4.00329 2.61087 19
      vertex 2.45175 3.00868 19
    endloop
  endfacet
  facet normal 0 0 1
    outer loop
      vertex 4.07501 3.00416 19
      vertex 2.48704 3.20508 19
      vertex 4.04211 2.80698 19
    endloop
  endfacet
  facet normal 0 0 1
    outer loop
      vertex 4.00329 2.61087 19
      vertex 2.40872 2.81382 19
      vertex 3.9586 2.41602 19
    endloop
  endfacet
  facet normal 0 0 1
    outer loop
      vertex 3.9586 2.41602 19
      vertex 2.40872 2.81382 19
      vertex 3.90807 2.2226 19
    endloop
  endfacet
  facet normal 0 0 1
    outer loop
      vertex 2.53424 3.60129 19
      vertex 3.81802 4.08547 19
      vertex 3.65344 4.19743 19
    endloop
  endfacet
  facet normal -0 0 1
    outer loop
      vertex 2.35802 2.62082 19
      vertex 3.90807 2.2226 19
      vertex 2.40872 2.81382 19
    endloop
  endfacet
  facet normal -0 0 1
    outer loop
      vertex 2.29974 2.42998 19
      vertex 3.85175 2.03078 19
      vertex 2.35802 2.62082 19
    endloop
  endfacet
  facet normal 0 0 1
    outer loop
      vertex 2.54606 3.80049 19
      vertex 3.65344 4.19743 19
      vertex 3.49939 4.32349 19
    endloop
  endfacet
  facet normal 0 0 1
    outer loop
      vertex 3.85175 2.03078 19
      vertex 2.29974 2.42998 19
      vertex 3.78968 1.84075 19
    endloop
  endfacet
  facet normal -0 0 1
    outer loop
      vertex 2.23397 2.24158 19
      vertex 3.78968 1.84075 19
      vertex 2.29974 2.42998 19
    endloop
  endfacet
  facet normal 0 0 1
    outer loop
      vertex 2.55 4 19
      vertex 3.49939 4.32349 19
      vertex 3.3571 4.46267 19
    endloop
  endfacet
  facet normal 0 0 1
    outer loop
      vertex 3.78968 1.84075 19
      vertex 2.23397 2.24158 19
      vertex 3.72194 1.65267 19
    endloop
  endfacet
  facet normal 0 0 1
    outer loop
      vertex 2.54606 4.19951 19
      vertex 3.3571 4.46267 19
      vertex 3.22766 4.61389 19
    endloop
  endfacet
  facet normal 0 0 1
    outer loop
      vertex 3.90807 2.2226 19
      vertex 2.35802 2.62082 19
      vertex 3.85175 2.03078 19
    endloop
  endfacet
  facet normal 0 0 1
    outer loop
      vertex 2.53424 4.3987 19
      vertex 3.22766 4.61389 19
      vertex 3.11209 4.77595 19
    endloop
  endfacet
  facet normal 0 0 1
    outer loop
      vertex 3.72194 1.65267 19
      vertex 2.23397 2.24158 19
      vertex 3.64857 1.4667 19
    endloop
  endfacet
  facet normal 0 0 1
    outer loop
      vertex 2.51455 4.59728 19
      vertex 3.11209 4.77595 19
      vertex 3.01129 4.9476 19
    endloop
  endfacet
  facet normal 0 0 1
    outer loop
      vertex 4.04211 2.80698 19
      vertex 2.45175 3.00868 19
      vertex 4.00329 2.61087 19
    endloop
  endfacet
  facet normal 0 0 1
    outer loop
      vertex 2.48704 4.79492 19
      vertex 3.01129 4.9476 19
      vertex 2.92606 5.12748 19
    endloop
  endfacet
  facet normal -0 0 1
    outer loop
      vertex 2.1608 2.05593 19
      vertex 3.64857 1.4667 19
      vertex 2.23397 2.24158 19
    endloop
  endfacet
  facet normal 0 0 1
    outer loop
      vertex 2.45175 4.99132 19
      vertex 2.92606 5.12748 19
      vertex 2.85707 5.31419 19
    endloop
  endfacet
  facet normal -0 0 1
    outer loop
      vertex 2.35802 5.37918 19
      vertex 2.85707 5.31419 19
      vertex 2.80484 5.50626 19
    endloop
  endfacet
  facet normal -0 0 1
    outer loop
      vertex 2.29974 5.57002 19
      vertex 2.80484 5.50626 19
      vertex 2.76979 5.7022 19
    endloop
  endfacet
  facet normal -0 0 1
    outer loop
      vertex 2.23397 5.75842 19
      vertex 2.76979 5.7022 19
      vertex 2.7522 5.90047 19
    endloop
  endfacet
  facet normal 0 0 1
    outer loop
      vertex 3.65344 4.19743 19
      vertex 2.54606 3.80049 19
      vertex 2.53424 3.60129 19
    endloop
  endfacet
  facet normal 0 -0 1
    outer loop
      vertex 2.08036 6.12668 19
      vertex 2.76979 6.2978 19
      vertex 1.99277 6.30598 19
    endloop
  endfacet
  facet normal 0 0 1
    outer loop
      vertex 1.45269 7.14305 19
      vertex 2.74778 8.08451 19
      vertex 2.62264 8.24041 19
    endloop
  endfacet
  facet normal 0 0 1
    outer loop
      vertex 3.49939 4.32349 19
      vertex 2.55 4 19
      vertex 2.54606 3.80049 19
    endloop
  endfacet
  facet normal 0 0 1
    outer loop
      vertex 4.12297 3.40105 19
      vertex 2.51455 3.40272 19
      vertex 4.10198 3.20225 19
    endloop
  endfacet
  facet normal 0 0 1
    outer loop
      vertex 3.3571 4.46267 19
      vertex 2.54606 4.19951 19
      vertex 2.55 4 19
    endloop
  endfacet
  facet normal 0 0 1
    outer loop
      vertex 3.22766 4.61389 19
      vertex 2.53424 4.3987 19
      vertex 2.54606 4.19951 19
    endloop
  endfacet
  facet normal 0 0 1
    outer loop
      vertex 3.11209 4.77595 19
      vertex 2.51455 4.59728 19
      vertex 2.53424 4.3987 19
    endloop
  endfacet
  facet normal 0 0 1
    outer loop
      vertex 1.32543 7.29675 19
      vertex 2.62264 8.24041 19
      vertex 2.49286 8.39247 19
    endloop
  endfacet
  facet normal 0 0 1
    outer loop
      vertex 3.01129 4.9476 19
      vertex 2.48704 4.79492 19
      vertex 2.51455 4.59728 19
    endloop
  endfacet
  facet normal 0 0 1
    outer loop
      vertex 2.92606 5.12748 19
      vertex 2.45175 4.99132 19
      vertex 2.48704 4.79492 19
    endloop
  endfacet
  facet normal 0 0 1
    outer loop
      vertex 2.85707 5.31419 19
      vertex 2.40872 5.18617 19
      vertex 2.45175 4.99132 19
    endloop
  endfacet
  facet normal 0 0 1
    outer loop
      vertex 1.1922 7.44531 19
      vertex 2.49286 8.39247 19
      vertex 2.35857 8.54057 19
    endloop
  endfacet
  facet normal 0 0 1
    outer loop
      vertex 2.85707 5.31419 19
      vertex 2.35802 5.37918 19
      vertex 2.40872 5.18617 19
    endloop
  endfacet
  facet normal 0 0 1
    outer loop
      vertex 2.80484 5.50626 19
      vertex 2.29974 5.57002 19
      vertex 2.35802 5.37918 19
    endloop
  endfacet
  facet normal 0 0 1
    outer loop
      vertex 2.76979 5.7022 19
      vertex 2.23397 5.75842 19
      vertex 2.29974 5.57002 19
    endloop
  endfacet
  facet normal 0 0 1
    outer loop
      vertex 1.1922 7.44531 19
      vertex 2.35857 8.54057 19
      vertex 2.2199 8.68456 19
    endloop
  endfacet
  facet normal 0 0 1
    outer loop
      vertex 2.7522 5.90047 19
      vertex 2.1608 5.94407 19
      vertex 2.23397 5.75842 19
    endloop
  endfacet
  facet normal 0 0 1
    outer loop
      vertex 2.7522 6.09952 19
      vertex 2.1608 5.94407 19
      vertex 2.7522 5.90047 19
    endloop
  endfacet
  facet normal 0 0 1
    outer loop
      vertex 1.05321 7.58848 19
      vertex 2.2199 8.68456 19
      vertex 2.07695 8.82431 19
    endloop
  endfacet
  facet normal 0 -0 1
    outer loop
      vertex 2.1608 5.94407 19
      vertex 2.7522 6.09952 19
      vertex 2.08036 6.12668 19
    endloop
  endfacet
  facet normal 0 0 1
    outer loop
      vertex 0.908664 7.72606 19
      vertex 2.07695 8.82431 19
      vertex 1.92987 8.95971 19
    endloop
  endfacet
  facet normal 0 0 1
    outer loop
      vertex 2.76979 6.2978 19
      vertex 2.08036 6.12668 19
      vertex 2.7522 6.09952 19
    endloop
  endfacet
  facet normal 0 0 1
    outer loop
      vertex 2.80484 6.49374 19
      vertex 1.99277 6.30598 19
      vertex 2.76979 6.2978 19
    endloop
  endfacet
  facet normal 0 0 1
    outer loop
      vertex 0.758799 7.85781 19
      vertex 1.92987 8.95971 19
      vertex 1.77879 9.09062 19
    endloop
  endfacet
  facet normal 0 0 1
    outer loop
      vertex 2.74778 8.08451 19
      vertex 1.6885 6.82117 19
      vertex 1.79668 6.65349 19
    endloop
  endfacet
  facet normal 0 0 1
    outer loop
      vertex 0.758799 7.85781 19
      vertex 1.77879 9.09062 19
      vertex 1.62384 9.21694 19
    endloop
  endfacet
  facet normal 0 0 1
    outer loop
      vertex 2.74778 8.08451 19
      vertex 1.57377 6.98444 19
      vertex 1.6885 6.82117 19
    endloop
  endfacet
  facet normal 0 0 1
    outer loop
      vertex 0.603846 7.98355 19
      vertex 1.62384 9.21694 19
      vertex 1.51545 9.3 19
    endloop
  endfacet
  facet normal 0 0 1
    outer loop
      vertex 2.74778 8.08451 19
      vertex 1.45269 7.14305 19
      vertex 1.57377 6.98444 19
    endloop
  endfacet
  facet normal 0 0 1
    outer loop
      vertex 2.62264 8.24041 19
      vertex 1.32543 7.29675 19
      vertex 1.45269 7.14305 19
    endloop
  endfacet
  facet normal 0 0 1
    outer loop
      vertex 2.49286 8.39247 19
      vertex 1.1922 7.44531 19
      vertex 1.32543 7.29675 19
    endloop
  endfacet
  facet normal 0 0 1
    outer loop
      vertex 2.2199 8.68456 19
      vertex 1.05321 7.58848 19
      vertex 1.1922 7.44531 19
    endloop
  endfacet
  facet normal 0 0 1
    outer loop
      vertex 2.07695 8.82431 19
      vertex 0.908664 7.72606 19
      vertex 1.05321 7.58848 19
    endloop
  endfacet
  facet normal 0 0 1
    outer loop
      vertex 1.92987 8.95971 19
      vertex 0.758799 7.85781 19
      vertex 0.908664 7.72606 19
    endloop
  endfacet
  facet normal 0 0 1
    outer loop
      vertex 1.62384 9.21694 19
      vertex 0.603846 7.98355 19
      vertex 0.758799 7.85781 19
    endloop
  endfacet
  facet normal 0 0 1
    outer loop
      vertex 1.51545 9.3 19
      vertex 0.444046 8.10306 19
      vertex 0.603846 7.98355 19
    endloop
  endfacet
  facet normal 0 0 1
    outer loop
      vertex 1.51545 9.3 19
      vertex 0.27965 8.21616 19
      vertex 0.444046 8.10306 19
    endloop
  endfacet
  facet normal 0 0 1
    outer loop
      vertex 1.51545 9.3 19
      vertex 0.110913 8.32269 19
      vertex 0.27965 8.21616 19
    endloop
  endfacet
  facet normal 0 0 1
    outer loop
      vertex 1.51545 9.3 19
      vertex -0.0618992 8.42246 19
      vertex 0.110913 8.32269 19
    endloop
  endfacet
  facet normal 0 0 1
    outer loop
      vertex 1.51545 9.3 19
      vertex -0.238519 8.51533 19
      vertex -0.0618992 8.42246 19
    endloop
  endfacet
  facet normal 0 0 1
    outer loop
      vertex 1.51545 9.3 19
      vertex -0.41867 8.60115 19
      vertex -0.238519 8.51533 19
    endloop
  endfacet
  facet normal 0 0 1
    outer loop
      vertex 1.51545 9.3 19
      vertex -0.60207 8.67978 19
      vertex -0.41867 8.60115 19
    endloop
  endfacet
  facet normal 0 0 1
    outer loop
      vertex 1.51545 9.3 19
      vertex -0.788434 8.75111 19
      vertex -0.60207 8.67978 19
    endloop
  endfacet
  facet normal 0 0 1
    outer loop
      vertex 1.51545 9.3 19
      vertex -0.97747 8.81502 19
      vertex -0.788434 8.75111 19
    endloop
  endfacet
  facet normal 0 0 1
    outer loop
      vertex 1.51545 9.3 19
      vertex -1.16888 8.87141 19
      vertex -0.97747 8.81502 19
    endloop
  endfacet
  facet normal 0 0 1
    outer loop
      vertex 1.51545 9.3 19
      vertex -1.36238 8.92019 19
      vertex -1.16888 8.87141 19
    endloop
  endfacet
  facet normal 0 0 1
    outer loop
      vertex 1.51545 9.3 19
      vertex -1.55764 8.9613 19
      vertex -1.36238 8.92019 19
    endloop
  endfacet
  facet normal 0 0 1
    outer loop
      vertex 1.51545 9.3 19
      vertex -1.75438 8.99465 19
      vertex -1.55764 8.9613 19
    endloop
  endfacet
  facet normal 0 0 1
    outer loop
      vertex 1.51545 9.3 19
      vertex -1.95229 9.02021 19
      vertex -1.75438 8.99465 19
    endloop
  endfacet
  facet normal 0 0 1
    outer loop
      vertex 1.51545 9.3 19
      vertex -2.15105 9.03793 19
      vertex -1.95229 9.02021 19
    endloop
  endfacet
  facet normal 0 0 1
    outer loop
      vertex 1.51545 9.3 19
      vertex -2.35035 9.04778 19
      vertex -2.15105 9.03793 19
    endloop
  endfacet
  facet normal 0 0 1
    outer loop
      vertex 1.51545 9.3 19
      vertex -2.54989 9.04975 19
      vertex -2.35035 9.04778 19
    endloop
  endfacet
  facet normal -0 0 1
    outer loop
      vertex -6.51579 9.3 19
      vertex -2.54989 9.04975 19
      vertex 1.51545 9.3 19
    endloop
  endfacet
  facet normal 0 0 1
    outer loop
      vertex -2.54989 9.04975 19
      vertex -6.51579 9.3 19
      vertex -2.74935 9.04384 19
    endloop
  endfacet
  facet normal 0 0 1
    outer loop
      vertex -6.51579 9.3 19
      vertex -2.94842 9.03005 19
      vertex -2.74935 9.04384 19
    endloop
  endfacet
  facet normal 0 0 1
    outer loop
      vertex -6.51579 9.3 19
      vertex -3.14679 9.00841 19
      vertex -2.94842 9.03005 19
    endloop
  endfacet
  facet normal 0 0 1
    outer loop
      vertex -6.51579 9.3 19
      vertex -3.34415 8.97895 19
      vertex -3.14679 9.00841 19
    endloop
  endfacet
  facet normal 0 0 1
    outer loop
      vertex -6.51579 9.3 19
      vertex -3.54019 8.94171 19
      vertex -3.34415 8.97895 19
    endloop
  endfacet
  facet normal 0 0 1
    outer loop
      vertex -6.51579 9.3 19
      vertex -3.73461 8.89676 19
      vertex -3.54019 8.94171 19
    endloop
  endfacet
  facet normal 0 0 1
    outer loop
      vertex -6.51579 9.3 19
      vertex -3.9271 8.84416 19
      vertex -3.73461 8.89676 19
    endloop
  endfacet
  facet normal 0 0 1
    outer loop
      vertex -6.51579 9.3 19
      vertex -4.11736 8.784 19
      vertex -3.9271 8.84416 19
    endloop
  endfacet
  facet normal 0 0 1
    outer loop
      vertex -6.51579 9.3 19
      vertex -4.3051 8.71637 19
      vertex -4.11736 8.784 19
    endloop
  endfacet
  facet normal 0 0 1
    outer loop
      vertex -6.51579 9.3 19
      vertex -4.49002 8.64137 19
      vertex -4.3051 8.71637 19
    endloop
  endfacet
  facet normal 0 0 1
    outer loop
      vertex -6.51579 9.3 19
      vertex -4.67183 8.55913 19
      vertex -4.49002 8.64137 19
    endloop
  endfacet
  facet normal 0 0 1
    outer loop
      vertex -6.51579 9.3 19
      vertex -4.85025 8.46977 19
      vertex -4.67183 8.55913 19
    endloop
  endfacet
  facet normal 0 0 1
    outer loop
      vertex -6.51579 9.3 19
      vertex -5.025 8.37343 19
      vertex -4.85025 8.46977 19
    endloop
  endfacet
  facet normal 0 0 1
    outer loop
      vertex -6.51579 9.3 19
      vertex -5.19581 8.27026 19
      vertex -5.025 8.37343 19
    endloop
  endfacet
  facet normal 0 0 1
    outer loop
      vertex -6.51579 9.3 19
      vertex -5.36241 8.16042 19
      vertex -5.19581 8.27026 19
    endloop
  endfacet
  facet normal 0 0 1
    outer loop
      vertex -6.51579 9.3 19
      vertex -5.52454 8.04409 19
      vertex -5.36241 8.16042 19
    endloop
  endfacet
  facet normal -0 0 1
    outer loop
      vertex -6.54496 9.27833 19
      vertex -5.52454 8.04409 19
      vertex -6.51579 9.3 19
    endloop
  endfacet
  facet normal 0 0 1
    outer loop
      vertex -5.52454 8.04409 19
      vertex -6.54496 9.27833 19
      vertex -5.68194 7.92144 19
    endloop
  endfacet
  facet normal -0 0 1
    outer loop
      vertex -6.70179 9.15436 19
      vertex -5.68194 7.92144 19
      vertex -6.54496 9.27833 19
    endloop
  endfacet
  facet normal -0 0 1
    outer loop
      vertex -6.85482 9.02573 19
      vertex -5.68194 7.92144 19
      vertex -6.70179 9.15436 19
    endloop
  endfacet
  facet normal 0 0 1
    outer loop
      vertex -5.68194 7.92144 19
      vertex -6.85482 9.02573 19
      vertex -5.83438 7.79268 19
    endloop
  endfacet
  facet normal -0 0 1
    outer loop
      vertex -7.00392 8.89256 19
      vertex -5.83438 7.79268 19
      vertex -6.85482 9.02573 19
    endloop
  endfacet
  facet normal 0 0 1
    outer loop
      vertex -5.83438 7.79268 19
      vertex -7.00392 8.89256 19
      vertex -5.98162 7.65798 19
    endloop
  endfacet
  facet normal -0 0 1
    outer loop
      vertex -7.14895 8.75497 19
      vertex -5.98162 7.65798 19
      vertex -7.00392 8.89256 19
    endloop
  endfacet
  facet normal 0 0 1
    outer loop
      vertex -5.98162 7.65798 19
      vertex -7.14895 8.75497 19
      vertex -6.12341 7.51758 19
    endloop
  endfacet
  facet normal -0 0 1
    outer loop
      vertex -7.28978 8.61308 19
      vertex -6.12341 7.51758 19
      vertex -7.14895 8.75497 19
    endloop
  endfacet
  facet normal -0 0 1
    outer loop
      vertex -7.3 8.60214 19
      vertex -6.12341 7.51758 19
      vertex -7.28978 8.61308 19
    endloop
  endfacet
  facet normal 0 0 1
    outer loop
      vertex -6.12341 7.51758 19
      vertex -7.3 8.60214 19
      vertex -6.25955 7.37169 19
    endloop
  endfacet
  facet normal 0 0 1
    outer loop
      vertex -6.25955 7.37169 19
      vertex -7.3 8.60214 19
      vertex -6.38982 7.22053 19
    endloop
  endfacet
  facet normal 0 0 1
    outer loop
      vertex -6.38982 7.22053 19
      vertex -7.3 8.60214 19
      vertex -6.51401 7.06434 19
    endloop
  endfacet
  facet normal 0 0 1
    outer loop
      vertex -6.51401 7.06434 19
      vertex -7.3 8.60214 19
      vertex -6.63194 6.90337 19
    endloop
  endfacet
  facet normal 0 0 1
    outer loop
      vertex -6.63194 6.90337 19
      vertex -7.3 8.60214 19
      vertex -6.74342 6.73786 19
    endloop
  endfacet
  facet normal 0 0 1
    outer loop
      vertex -6.74342 6.73786 19
      vertex -7.3 8.60214 19
      vertex -6.84827 6.56808 19
    endloop
  endfacet
  facet normal 0 0 1
    outer loop
      vertex -6.84827 6.56808 19
      vertex -7.3 8.60214 19
      vertex -6.94633 6.39429 19
    endloop
  endfacet
  facet normal 0 0 1
    outer loop
      vertex -6.94633 6.39429 19
      vertex -7.3 8.60214 19
      vertex -7.03745 6.21676 19
    endloop
  endfacet
  facet normal 0 0 1
    outer loop
      vertex -7.03745 6.21676 19
      vertex -7.3 8.60214 19
      vertex -7.12148 6.03577 19
    endloop
  endfacet
  facet normal 0 0 1
    outer loop
      vertex -7.12148 6.03577 19
      vertex -7.3 8.60214 19
      vertex -7.1983 5.8516 19
    endloop
  endfacet
  facet normal 0 0 1
    outer loop
      vertex -7.1983 5.8516 19
      vertex -7.3 8.60214 19
      vertex -7.26779 5.66455 19
    endloop
  endfacet
  facet normal 0 0 1
    outer loop
      vertex -7.26779 5.66455 19
      vertex -7.3 8.60214 19
      vertex -7.3 5.56607 19
    endloop
  endfacet
  facet normal 0 0 1
    outer loop
      vertex 3.64857 1.4667 19
      vertex 2.1608 2.05593 19
      vertex 3.56964 1.28303 19
    endloop
  endfacet
  facet normal -0 0 1
    outer loop
      vertex 2.08036 1.87332 19
      vertex 3.56964 1.28303 19
      vertex 2.1608 2.05593 19
    endloop
  endfacet
  facet normal 0 0 1
    outer loop
      vertex 3.56964 1.28303 19
      vertex 2.08036 1.87332 19
      vertex 3.48523 1.10181 19
    endloop
  endfacet
  facet normal -0 0 1
    outer loop
      vertex 1.99277 1.69402 19
      vertex 3.48523 1.10181 19
      vertex 2.08036 1.87332 19
    endloop
  endfacet
  facet normal 0 0 1
    outer loop
      vertex 3.48523 1.10181 19
      vertex 1.99277 1.69402 19
      vertex 3.39541 0.923216 19
    endloop
  endfacet
  facet normal -0 0 1
    outer loop
      vertex 1.89816 1.51833 19
      vertex 3.39541 0.923216 19
      vertex 1.99277 1.69402 19
    endloop
  endfacet
  facet normal 0 0 1
    outer loop
      vertex 3.39541 0.923216 19
      vertex 1.89816 1.51833 19
      vertex 3.30027 0.747398 19
    endloop
  endfacet
  facet normal 0 0 1
    outer loop
      vertex 3.30027 0.747398 19
      vertex 1.89816 1.51833 19
      vertex 3.19988 0.57452 19
    endloop
  endfacet
  facet normal -0 0 1
    outer loop
      vertex 1.79668 1.34651 19
      vertex 3.19988 0.57452 19
      vertex 1.89816 1.51833 19
    endloop
  endfacet
  facet normal 0 0 1
    outer loop
      vertex 3.19988 0.57452 19
      vertex 1.79668 1.34651 19
      vertex 3.09434 0.404738 19
    endloop
  endfacet
  facet normal -0 0 1
    outer loop
      vertex 1.6885 1.17883 19
      vertex 3.09434 0.404738 19
      vertex 1.79668 1.34651 19
    endloop
  endfacet
  facet normal 0 0 1
    outer loop
      vertex 3.09434 0.404738 19
      vertex 1.6885 1.17883 19
      vertex 2.98374 0.238205 19
    endloop
  endfacet
  facet normal -0 0 1
    outer loop
      vertex 1.57377 1.01556 19
      vertex 2.98374 0.238205 19
      vertex 1.6885 1.17883 19
    endloop
  endfacet
  facet normal 0 0 1
    outer loop
      vertex 2.98374 0.238205 19
      vertex 1.57377 1.01556 19
      vertex 2.86819 0.0750713 19
    endloop
  endfacet
  facet normal 0 0 1
    outer loop
      vertex 2.86819 0.0750713 19
      vertex 1.57377 1.01556 19
      vertex 2.74778 -0.0845137 19
    endloop
  endfacet
  facet normal -0 0 1
    outer loop
      vertex 1.45269 0.856952 19
      vertex 2.74778 -0.0845137 19
      vertex 1.57377 1.01556 19
    endloop
  endfacet
  facet normal 0 0 1
    outer loop
      vertex 2.74778 -0.0845137 19
      vertex 1.45269 0.856952 19
      vertex 2.62264 -0.240409 19
    endloop
  endfacet
  facet normal -0 0 1
    outer loop
      vertex 1.32543 0.703248 19
      vertex 2.62264 -0.240409 19
      vertex 1.45269 0.856952 19
    endloop
  endfacet
  facet normal 0 0 1
    outer loop
      vertex 2.62264 -0.240409 19
      vertex 1.32543 0.703248 19
      vertex 2.49286 -0.392472 19
    endloop
  endfacet
  facet normal -0 0 1
    outer loop
      vertex 1.1922 0.554691 19
      vertex 2.49286 -0.392472 19
      vertex 1.32543 0.703248 19
    endloop
  endfacet
  facet normal 0 0 1
    outer loop
      vertex 2.49286 -0.392472 19
      vertex 1.1922 0.554691 19
      vertex 2.35857 -0.540565 19
    endloop
  endfacet
  facet normal 0 0 1
    outer loop
      vertex 2.35857 -0.540565 19
      vertex 1.1922 0.554691 19
      vertex 2.2199 -0.684556 19
    endloop
  endfacet
  facet normal -0 0 1
    outer loop
      vertex 1.05321 0.411515 19
      vertex 2.2199 -0.684556 19
      vertex 1.1922 0.554691 19
    endloop
  endfacet
  facet normal 0 0 1
    outer loop
      vertex 2.2199 -0.684556 19
      vertex 1.05321 0.411515 19
      vertex 2.07695 -0.824312 19
    endloop
  endfacet
  facet normal -0 0 1
    outer loop
      vertex 0.908664 0.273941 19
      vertex 2.07695 -0.824312 19
      vertex 1.05321 0.411515 19
    endloop
  endfacet
  facet normal 0 0 1
    outer loop
      vertex 2.07695 -0.824312 19
      vertex 0.908664 0.273941 19
      vertex 1.92987 -0.959709 19
    endloop
  endfacet
  facet normal -0 0 1
    outer loop
      vertex 0.758799 0.142185 19
      vertex 1.92987 -0.959709 19
      vertex 0.908664 0.273941 19
    endloop
  endfacet
  facet normal 0 0 1
    outer loop
      vertex 1.92987 -0.959709 19
      vertex 0.758799 0.142185 19
      vertex 1.77879 -1.09062 19
    endloop
  endfacet
  facet normal 0 0 1
    outer loop
      vertex 1.77879 -1.09062 19
      vertex 0.758799 0.142185 19
      vertex 1.62384 -1.21694 19
    endloop
  endfacet
  facet normal -0 0 1
    outer loop
      vertex 0.603846 0.0164537 19
      vertex 1.62384 -1.21694 19
      vertex 0.758799 0.142185 19
    endloop
  endfacet
  facet normal 0 0 1
    outer loop
      vertex 1.62384 -1.21694 19
      vertex 0.603846 0.0164537 19
      vertex 1.46516 -1.33854 19
    endloop
  endfacet
  facet normal -0 0 1
    outer loop
      vertex 0.444046 -0.103058 19
      vertex 1.46516 -1.33854 19
      vertex 0.603846 0.0164537 19
    endloop
  endfacet
  facet normal 0 0 1
    outer loop
      vertex 1.46516 -1.33854 19
      vertex 0.444046 -0.103058 19
      vertex 1.3029 -1.45531 19
    endloop
  endfacet
  facet normal -0 0 1
    outer loop
      vertex 0.27965 -0.216165 19
      vertex 1.3029 -1.45531 19
      vertex 0.444046 -0.103058 19
    endloop
  endfacet
  facet normal 0 0 1
    outer loop
      vertex 1.3029 -1.45531 19
      vertex 0.27965 -0.216165 19
      vertex 1.13721 -1.56716 19
    endloop
  endfacet
  facet normal 0 0 1
    outer loop
      vertex 1.13721 -1.56716 19
      vertex 0.27965 -0.216165 19
      vertex 0.968221 -1.67397 19
    endloop
  endfacet
  facet normal -0 0 1
    outer loop
      vertex 0.110913 -0.322687 19
      vertex 0.968221 -1.67397 19
      vertex 0.27965 -0.216165 19
    endloop
  endfacet
  facet normal 0 0 1
    outer loop
      vertex 0.968221 -1.67397 19
      vertex 0.110913 -0.322687 19
      vertex 0.796102 -1.77566 19
    endloop
  endfacet
  facet normal -0 0 1
    outer loop
      vertex -0.0618992 -0.422461 19
      vertex 0.796102 -1.77566 19
      vertex 0.110913 -0.322687 19
    endloop
  endfacet
  facet normal 0 0 1
    outer loop
      vertex 0.796102 -1.77566 19
      vertex -0.0618992 -0.422461 19
      vertex 0.621005 -1.87212 19
    endloop
  endfacet
  facet normal -0 0 1
    outer loop
      vertex -0.238519 -0.515329 19
      vertex 0.621005 -1.87212 19
      vertex -0.0618992 -0.422461 19
    endloop
  endfacet
  facet normal 0 0 1
    outer loop
      vertex 0.621005 -1.87212 19
      vertex -0.238519 -0.515329 19
      vertex 0.443087 -1.96328 19
    endloop
  endfacet
  facet normal 0 0 1
    outer loop
      vertex 0.443087 -1.96328 19
      vertex -0.238519 -0.515329 19
      vertex 0.262509 -2.04905 19
    endloop
  endfacet
  facet normal -0 0 1
    outer loop
      vertex -0.41867 -0.601148 19
      vertex 0.262509 -2.04905 19
      vertex -0.238519 -0.515329 19
    endloop
  endfacet
  facet normal 0 0 1
    outer loop
      vertex 0.262509 -2.04905 19
      vertex -0.41867 -0.601148 19
      vertex 0.0794353 -2.12936 19
    endloop
  endfacet
  facet normal -0 0 1
    outer loop
      vertex -0.60207 -0.679782 19
      vertex 0.0794353 -2.12936 19
      vertex -0.41867 -0.601148 19
    endloop
  endfacet
  facet normal 0 0 1
    outer loop
      vertex 0.0794353 -2.12936 19
      vertex -0.60207 -0.679782 19
      vertex -0.105968 -2.20412 19
    endloop
  endfacet
  facet normal -0 0 1
    outer loop
      vertex -0.788434 -0.751109 19
      vertex -0.105968 -2.20412 19
      vertex -0.60207 -0.679782 19
    endloop
  endfacet
  facet normal 0 0 1
    outer loop
      vertex -0.105968 -2.20412 19
      vertex -0.788434 -0.751109 19
      vertex -0.293538 -2.27328 19
    endloop
  endfacet
  facet normal -0 0 1
    outer loop
      vertex -0.97747 -0.815019 19
      vertex -0.293538 -2.27328 19
      vertex -0.788434 -0.751109 19
    endloop
  endfacet
  facet normal 0 0 1
    outer loop
      vertex -0.293538 -2.27328 19
      vertex -0.97747 -0.815019 19
      vertex -0.4831 -2.33677 19
    endloop
  endfacet
  facet normal 0 0 1
    outer loop
      vertex -0.4831 -2.33677 19
      vertex -0.97747 -0.815019 19
      vertex -0.674486 -2.39453 19
    endloop
  endfacet
  facet normal -0 0 1
    outer loop
      vertex -1.16888 -0.871409 19
      vertex -0.674486 -2.39453 19
      vertex -0.97747 -0.815019 19
    endloop
  endfacet
  facet normal 0 0 1
    outer loop
      vertex -0.674486 -2.39453 19
      vertex -1.16888 -0.871409 19
      vertex -0.867521 -2.44651 19
    endloop
  endfacet
  facet normal -0 0 1
    outer loop
      vertex -1.36238 -0.920194 19
      vertex -0.867521 -2.44651 19
      vertex -1.16888 -0.871409 19
    endloop
  endfacet
  facet normal 0 0 1
    outer loop
      vertex -0.867521 -2.44651 19
      vertex -1.36238 -0.920194 19
      vertex -1.06203 -2.49267 19
    endloop
  endfacet
  facet normal -0 0 1
    outer loop
      vertex -1.55764 -0.961296 19
      vertex -1.06203 -2.49267 19
      vertex -1.36238 -0.920194 19
    endloop
  endfacet
  facet normal 0 0 1
    outer loop
      vertex -1.06203 -2.49267 19
      vertex -1.55764 -0.961296 19
      vertex -1.25784 -2.53296 19
    endloop
  endfacet
  facet normal 0 0 1
    outer loop
      vertex -1.25784 -2.53296 19
      vertex -1.55764 -0.961296 19
      vertex -1.45477 -2.56734 19
    endloop
  endfacet
  facet normal -0 0 1
    outer loop
      vertex -1.75438 -0.994653 19
      vertex -1.45477 -2.56734 19
      vertex -1.55764 -0.961296 19
    endloop
  endfacet
  facet normal 0 0 1
    outer loop
      vertex -1.45477 -2.56734 19
      vertex -1.75438 -0.994653 19
      vertex -1.65265 -2.59579 19
    endloop
  endfacet
  facet normal -0 0 1
    outer loop
      vertex -1.95229 -1.02021 19
      vertex -1.65265 -2.59579 19
      vertex -1.75438 -0.994653 19
    endloop
  endfacet
  facet normal 0 0 1
    outer loop
      vertex -1.65265 -2.59579 19
      vertex -1.95229 -1.02021 19
      vertex -1.85129 -2.61828 19
    endloop
  endfacet
  facet normal -0 0 1
    outer loop
      vertex -2.15105 -1.03793 19
      vertex -1.85129 -2.61828 19
      vertex -1.95229 -1.02021 19
    endloop
  endfacet
  facet normal 0 0 1
    outer loop
      vertex -1.85129 -2.61828 19
      vertex -2.15105 -1.03793 19
      vertex -2.05052 -2.63479 19
    endloop
  endfacet
  facet normal 0 0 1
    outer loop
      vertex -2.15105 -1.03793 19
      vertex -2.25016 -2.6453 19
      vertex -2.05052 -2.63479 19
    endloop
  endfacet
  facet normal -0 0 1
    outer loop
      vertex -2.35035 -1.04778 19
      vertex -2.25016 -2.6453 19
      vertex -2.15105 -1.03793 19
    endloop
  endfacet
  facet normal 0 0 1
    outer loop
      vertex -2.35035 -1.04778 19
      vertex -2.45002 -2.64981 19
      vertex -2.25016 -2.6453 19
    endloop
  endfacet
  facet normal -0 0 1
    outer loop
      vertex -2.54989 -1.04975 19
      vertex -2.45002 -2.64981 19
      vertex -2.35035 -1.04778 19
    endloop
  endfacet
  facet normal 0 0 1
    outer loop
      vertex -2.54989 -1.04975 19
      vertex -2.64993 -2.64831 19
      vertex -2.45002 -2.64981 19
    endloop
  endfacet
  facet normal 0 0 1
    outer loop
      vertex -2.74935 -1.04384 19
      vertex -2.64993 -2.64831 19
      vertex -2.54989 -1.04975 19
    endloop
  endfacet
  facet normal 0 0 1
    outer loop
      vertex -2.74935 -1.04384 19
      vertex -2.8497 -2.6408 19
      vertex -2.64993 -2.64831 19
    endloop
  endfacet
  facet normal 0 0 1
    outer loop
      vertex -3.04915 -2.62729 19
      vertex -2.74935 -1.04384 19
      vertex -2.94842 -1.03005 19
    endloop
  endfacet
  facet normal 0 0 1
    outer loop
      vertex -2.74935 -1.04384 19
      vertex -3.04915 -2.62729 19
      vertex -2.8497 -2.6408 19
    endloop
  endfacet
  facet normal 0 0 1
    outer loop
      vertex -3.24811 -2.60779 19
      vertex -2.94842 -1.03005 19
      vertex -3.14679 -1.00841 19
    endloop
  endfacet
  facet normal 0 0 1
    outer loop
      vertex -2.94842 -1.03005 19
      vertex -3.24811 -2.60779 19
      vertex -3.04915 -2.62729 19
    endloop
  endfacet
  facet normal 0 0 1
    outer loop
      vertex -3.44639 -2.58231 19
      vertex -3.14679 -1.00841 19
      vertex -3.34415 -0.978947 19
    endloop
  endfacet
  facet normal 0 0 1
    outer loop
      vertex -3.14679 -1.00841 19
      vertex -3.44639 -2.58231 19
      vertex -3.24811 -2.60779 19
    endloop
  endfacet
  facet normal 0 0 1
    outer loop
      vertex -3.64382 -2.55089 19
      vertex -3.34415 -0.978947 19
      vertex -3.54019 -0.94171 19
    endloop
  endfacet
  facet normal 0 0 1
    outer loop
      vertex -3.34415 -0.978947 19
      vertex -3.64382 -2.55089 19
      vertex -3.44639 -2.58231 19
    endloop
  endfacet
  facet normal 0 0 1
    outer loop
      vertex -4.0354 -2.47032 19
      vertex -3.54019 -0.94171 19
      vertex -3.73461 -0.896757 19
    endloop
  endfacet
  facet normal 0 0 1
    outer loop
      vertex -3.54019 -0.94171 19
      vertex -3.84021 -2.51355 19
      vertex -3.64382 -2.55089 19
    endloop
  endfacet
  facet normal 0 0 1
    outer loop
      vertex -4.22919 -2.42125 19
      vertex -3.73461 -0.896757 19
      vertex -3.9271 -0.844159 19
    endloop
  endfacet
  facet normal 0 0 1
    outer loop
      vertex -3.54019 -0.94171 19
      vertex -4.0354 -2.47032 19
      vertex -3.84021 -2.51355 19
    endloop
  endfacet
  facet normal 0 0 1
    outer loop
      vertex -4.42142 -2.36637 19
      vertex -3.9271 -0.844159 19
      vertex -4.11736 -0.783998 19
    endloop
  endfacet
  facet normal 0 0 1
    outer loop
      vertex -3.73461 -0.896757 19
      vertex -4.22919 -2.42125 19
      vertex -4.0354 -2.47032 19
    endloop
  endfacet
  facet normal 0 0 1
    outer loop
      vertex -4.80051 -2.2394 19
      vertex -4.11736 -0.783998 19
      vertex -4.3051 -0.716366 19
    endloop
  endfacet
  facet normal 0 0 1
    outer loop
      vertex -3.9271 -0.844159 19
      vertex -4.42142 -2.36637 19
      vertex -4.22919 -2.42125 19
    endloop
  endfacet
  facet normal 0 0 1
    outer loop
      vertex -4.98701 -2.16743 19
      vertex -4.3051 -0.716366 19
      vertex -4.49002 -0.641371 19
    endloop
  endfacet
  facet normal 0 0 1
    outer loop
      vertex -4.11736 -0.783998 19
      vertex -4.61192 -2.30573 19
      vertex -4.42142 -2.36637 19
    endloop
  endfacet
  facet normal 0 0 1
    outer loop
      vertex -5.17127 -2.08989 19
      vertex -4.49002 -0.641371 19
      vertex -4.67183 -0.559129 19
    endloop
  endfacet
  facet normal 0 0 1
    outer loop
      vertex -4.11736 -0.783998 19
      vertex -4.80051 -2.2394 19
      vertex -4.61192 -2.30573 19
    endloop
  endfacet
  facet normal 0 0 1
    outer loop
      vertex -5.53239 -1.91837 19
      vertex -4.67183 -0.559129 19
      vertex -4.85025 -0.469768 19
    endloop
  endfacet
  facet normal 0 0 1
    outer loop
      vertex -4.3051 -0.716366 19
      vertex -4.98701 -2.16743 19
      vertex -4.80051 -2.2394 19
    endloop
  endfacet
  facet normal 0 0 1
    outer loop
      vertex -5.70892 -1.82455 19
      vertex -4.85025 -0.469768 19
      vertex -5.025 -0.373427 19
    endloop
  endfacet
  facet normal 0 0 1
    outer loop
      vertex -4.49002 -0.641371 19
      vertex -5.17127 -2.08989 19
      vertex -4.98701 -2.16743 19
    endloop
  endfacet
  facet normal 0 0 1
    outer loop
      vertex -5.88254 -1.72546 19
      vertex -5.025 -0.373427 19
      vertex -5.19581 -0.270259 19
    endloop
  endfacet
  facet normal 0 0 1
    outer loop
      vertex -4.67183 -0.559129 19
      vertex -5.35312 -2.00685 19
      vertex -5.17127 -2.08989 19
    endloop
  endfacet
  facet normal 0 0 1
    outer loop
      vertex -6.22047 -1.51186 19
      vertex -5.19581 -0.270259 19
      vertex -5.36241 -0.160423 19
    endloop
  endfacet
  facet normal 0 0 1
    outer loop
      vertex -6.38447 -1.39753 19
      vertex -5.36241 -0.160423 19
      vertex -5.52454 -0.0440912 19
    endloop
  endfacet
  facet normal 0 0 1
    outer loop
      vertex -4.67183 -0.559129 19
      vertex -5.53239 -1.91837 19
      vertex -5.35312 -2.00685 19
    endloop
  endfacet
  facet normal 0 0 1
    outer loop
      vertex -6.54496 -1.27833 19
      vertex -5.52454 -0.0440912 19
      vertex -5.68194 0.0785542 19
    endloop
  endfacet
  facet normal 0 0 1
    outer loop
      vertex -4.85025 -0.469768 19
      vertex -5.70892 -1.82455 19
      vertex -5.53239 -1.91837 19
    endloop
  endfacet
  facet normal 0 0 1
    outer loop
      vertex -6.85482 -1.02573 19
      vertex -5.68194 0.0785542 19
      vertex -5.83438 0.207323 19
    endloop
  endfacet
  facet normal 0 0 1
    outer loop
      vertex -5.025 -0.373427 19
      vertex -5.88254 -1.72546 19
      vertex -5.70892 -1.82455 19
    endloop
  endfacet
  facet normal 0 0 1
    outer loop
      vertex -7.00392 -0.892564 19
      vertex -5.83438 0.207323 19
      vertex -5.98162 0.342014 19
    endloop
  endfacet
  facet normal 0 0 1
    outer loop
      vertex -5.19581 -0.270259 19
      vertex -6.05311 -1.6212 19
      vertex -5.88254 -1.72546 19
    endloop
  endfacet
  facet normal 0 0 1
    outer loop
      vertex -7.14895 -0.754972 19
      vertex -5.98162 0.342014 19
      vertex -6.12341 0.482417 19
    endloop
  endfacet
  facet normal 0 0 1
    outer loop
      vertex -5.19581 -0.270259 19
      vertex -6.22047 -1.51186 19
      vertex -6.05311 -1.6212 19
    endloop
  endfacet
  facet normal 0 0 1
    outer loop
      vertex -7.3 -0.602144 19
      vertex -6.12341 0.482417 19
      vertex -6.25955 0.628312 19
    endloop
  endfacet
  facet normal 0 0 1
    outer loop
      vertex -5.36241 -0.160423 19
      vertex -6.38447 -1.39753 19
      vertex -6.22047 -1.51186 19
    endloop
  endfacet
  facet normal 0 0 1
    outer loop
      vertex -7.3 -0.602144 19
      vertex -6.25955 0.628312 19
      vertex -6.38982 0.779471 19
    endloop
  endfacet
  facet normal 0 0 1
    outer loop
      vertex -7.3 -0.602144 19
      vertex -6.38982 0.779471 19
      vertex -6.51401 0.935658 19
    endloop
  endfacet
  facet normal 0 0 1
    outer loop
      vertex -5.52454 -0.0440912 19
      vertex -6.54496 -1.27833 19
      vertex -6.38447 -1.39753 19
    endloop
  endfacet
  facet normal 0 0 1
    outer loop
      vertex -7.3 -0.602144 19
      vertex -6.51401 0.935658 19
      vertex -6.63194 1.09663 19
    endloop
  endfacet
  facet normal 0 0 1
    outer loop
      vertex -5.68194 0.0785542 19
      vertex -6.70179 -1.15436 19
      vertex -6.54496 -1.27833 19
    endloop
  endfacet
  facet normal 0 0 1
    outer loop
      vertex -7.3 -0.602144 19
      vertex -6.63194 1.09663 19
      vertex -6.74342 1.26214 19
    endloop
  endfacet
  facet normal 0 0 1
    outer loop
      vertex -7.3 -0.602144 19
      vertex -6.74342 1.26214 19
      vertex -6.84827 1.43192 19
    endloop
  endfacet
  facet normal 0 0 1
    outer loop
      vertex -5.68194 0.0785542 19
      vertex -6.85482 -1.02573 19
      vertex -6.70179 -1.15436 19
    endloop
  endfacet
  facet normal 0 0 1
    outer loop
      vertex -7.3 -0.602144 19
      vertex -6.84827 1.43192 19
      vertex -6.94633 1.60571 19
    endloop
  endfacet
  facet normal 0 0 1
    outer loop
      vertex -5.83438 0.207323 19
      vertex -7.00392 -0.892564 19
      vertex -6.85482 -1.02573 19
    endloop
  endfacet
  facet normal 0 0 1
    outer loop
      vertex -7.3 -0.602144 19
      vertex -6.94633 1.60571 19
      vertex -7.03745 1.78324 19
    endloop
  endfacet
  facet normal 0 0 1
    outer loop
      vertex -7.3 -0.602144 19
      vertex -7.03745 1.78324 19
      vertex -7.12148 1.96423 19
    endloop
  endfacet
  facet normal 0 0 1
    outer loop
      vertex -5.98162 0.342014 19
      vertex -7.14895 -0.754972 19
      vertex -7.00392 -0.892564 19
    endloop
  endfacet
  facet normal 0 0 1
    outer loop
      vertex -7.3 -0.602144 19
      vertex -7.12148 1.96423 19
      vertex -7.1983 2.14839 19
    endloop
  endfacet
  facet normal 0 0 1
    outer loop
      vertex -7.3 -0.602144 19
      vertex -7.1983 2.14839 19
      vertex -7.26779 2.33545 19
    endloop
  endfacet
  facet normal 0 0 1
    outer loop
      vertex -6.12341 0.482417 19
      vertex -7.28978 -0.613082 19
      vertex -7.14895 -0.754972 19
    endloop
  endfacet
  facet normal 0 0 1
    outer loop
      vertex -7.3 -0.602144 19
      vertex -7.26779 2.33545 19
      vertex -7.3 2.43393 19
    endloop
  endfacet
  facet normal 0 0 1
    outer loop
      vertex -6.12341 0.482417 19
      vertex -7.3 -0.602144 19
      vertex -7.28978 -0.613082 19
    endloop
  endfacet
  facet normal -0.00750317 -0.999972 0
    outer loop
      vertex -2.64993 -2.64831 2
      vertex -2.45002 -2.64981 19
      vertex -2.64993 -2.64831 19
    endloop
  endfacet
  facet normal -0.00750317 -0.999972 -0
    outer loop
      vertex -2.45002 -2.64981 19
      vertex -2.64993 -2.64831 2
      vertex -2.45002 -2.64981 2
    endloop
  endfacet
  facet normal -0.620127 -0.784501 0
    outer loop
      vertex -6.70179 -1.15436 2
      vertex -6.54496 -1.27833 19
      vertex -6.70179 -1.15436 19
    endloop
  endfacet
  facet normal -0.620127 -0.784501 -0
    outer loop
      vertex -6.54496 -1.27833 19
      vertex -6.70179 -1.15436 2
      vertex -6.54496 -1.27833 2
    endloop
  endfacet
  facet normal -0.666141 0.745826 0
    outer loop
      vertex -6.85482 9.02573 2
      vertex -7.00392 8.89256 19
      vertex -6.85482 9.02573 19
    endloop
  endfacet
  facet normal -0.666141 0.745826 0
    outer loop
      vertex -7.00392 8.89256 19
      vertex -6.85482 9.02573 2
      vertex -7.00392 8.89256 2
    endloop
  endfacet
  facet normal -0.643441 -0.765496 0
    outer loop
      vertex -6.85482 -1.02573 2
      vertex -6.70179 -1.15436 19
      vertex -6.85482 -1.02573 19
    endloop
  endfacet
  facet normal -0.643441 -0.765496 -0
    outer loop
      vertex -6.70179 -1.15436 19
      vertex -6.85482 -1.02573 2
      vertex -6.70179 -1.15436 2
    endloop
  endfacet
  facet normal 0.930222 -0.366997 0
    outer loop
      vertex 3.64857 1.4667 19
      vertex 3.72194 1.65267 2
      vertex 3.72194 1.65267 19
    endloop
  endfacet
  facet normal 0.930222 -0.366997 0
    outer loop
      vertex 3.72194 1.65267 2
      vertex 3.64857 1.4667 19
      vertex 3.64857 1.4667 2
    endloop
  endfacet
  facet normal 0.429038 -0.903286 0
    outer loop
      vertex 0.262509 -2.04905 2
      vertex 0.443087 -1.96328 19
      vertex 0.262509 -2.04905 19
    endloop
  endfacet
  facet normal 0.429038 -0.903286 0
    outer loop
      vertex 0.443087 -1.96328 19
      vertex 0.262509 -2.04905 2
      vertex 0.443087 -1.96328 2
    endloop
  endfacet
  facet normal 0.171979 -0.985101 0
    outer loop
      vertex -1.45477 -2.56734 2
      vertex -1.25784 -2.53296 19
      vertex -1.45477 -2.56734 19
    endloop
  endfacet
  facet normal 0.171979 -0.985101 0
    outer loop
      vertex -1.25784 -2.53296 19
      vertex -1.45477 -2.56734 2
      vertex -1.25784 -2.53296 2
    endloop
  endfacet
  facet normal -0.730682 -0.682718 0
    outer loop
      vertex -7.28978 -0.613082 2
      vertex -7.3 -0.602144 19
      vertex -7.3 -0.602144 2
    endloop
  endfacet
  facet normal -0.730682 -0.682718 0
    outer loop
      vertex -7.3 -0.602144 19
      vertex -7.28978 -0.613082 2
      vertex -7.28978 -0.613082 19
    endloop
  endfacet
  facet normal -0.331792 -0.943353 0
    outer loop
      vertex -4.80051 -2.2394 2
      vertex -4.61192 -2.30573 19
      vertex -4.80051 -2.2394 19
    endloop
  endfacet
  facet normal -0.331792 -0.943353 -0
    outer loop
      vertex -4.61192 -2.30573 19
      vertex -4.80051 -2.2394 2
      vertex -4.61192 -2.30573 2
    endloop
  endfacet
  facet normal -0.66613 -0.745836 0
    outer loop
      vertex -7.00392 -0.892564 2
      vertex -6.85482 -1.02573 19
      vertex -7.00392 -0.892564 19
    endloop
  endfacet
  facet normal -0.66613 -0.745836 -0
    outer loop
      vertex -6.85482 -1.02573 19
      vertex -7.00392 -0.892564 2
      vertex -6.85482 -1.02573 2
    endloop
  endfacet
  facet normal 0.508667 -0.860963 0
    outer loop
      vertex 0.796102 -1.77566 2
      vertex 0.968221 -1.67397 19
      vertex 0.796102 -1.77566 19
    endloop
  endfacet
  facet normal 0.508667 -0.860963 0
    outer loop
      vertex 0.968221 -1.67397 19
      vertex 0.796102 -1.77566 2
      vertex 0.968221 -1.67397 2
    endloop
  endfacet
  facet normal -0.495681 -0.868505 0
    outer loop
      vertex -5.88254 -1.72546 2
      vertex -5.70892 -1.82455 19
      vertex -5.88254 -1.72546 19
    endloop
  endfacet
  facet normal -0.495681 -0.868505 -0
    outer loop
      vertex -5.70892 -1.82455 19
      vertex -5.88254 -1.72546 2
      vertex -5.70892 -1.82455 2
    endloop
  endfacet
  facet normal -0.442586 -0.896726 0
    outer loop
      vertex -5.53239 -1.91837 2
      vertex -5.35312 -2.00685 19
      vertex -5.53239 -1.91837 19
    endloop
  endfacet
  facet normal -0.442586 -0.896726 -0
    outer loop
      vertex -5.35312 -2.00685 19
      vertex -5.53239 -1.91837 2
      vertex -5.35312 -2.00685 2
    endloop
  endfacet
  facet normal 0.980965 -0.194182 0
    outer loop
      vertex 4.00329 2.61087 19
      vertex 4.04211 2.80698 2
      vertex 4.04211 2.80698 19
    endloop
  endfacet
  facet normal 0.980965 -0.194182 0
    outer loop
      vertex 4.04211 2.80698 2
      vertex 4.00329 2.61087 19
      vertex 4.00329 2.61087 2
    endloop
  endfacet
  facet normal -0.688254 0.72547 0
    outer loop
      vertex -7.00392 8.89256 2
      vertex -7.14895 8.75497 19
      vertex -7.00392 8.89256 19
    endloop
  endfacet
  facet normal -0.688254 0.72547 0
    outer loop
      vertex -7.14895 8.75497 19
      vertex -7.00392 8.89256 2
      vertex -7.14895 8.75497 2
    endloop
  endfacet
  facet normal 0.833023 -0.553238 0
    outer loop
      vertex 2.98374 0.238205 19
      vertex 3.09434 0.404738 2
      vertex 3.09434 0.404738 19
    endloop
  endfacet
  facet normal 0.833023 -0.553238 0
    outer loop
      vertex 3.09434 0.404738 2
      vertex 2.98374 0.238205 19
      vertex 2.98374 0.238205 2
    endloop
  endfacet
  facet normal 0.816032 -0.578007 0
    outer loop
      vertex 2.86819 0.0750713 19
      vertex 2.98374 0.238205 2
      vertex 2.98374 0.238205 19
    endloop
  endfacet
  facet normal 0.816032 -0.578007 0
    outer loop
      vertex 2.98374 0.238205 2
      vertex 2.86819 0.0750713 19
      vertex 2.86819 0.0750713 2
    endloop
  endfacet
  facet normal -0.0375667 -0.999294 0
    outer loop
      vertex -2.8497 -2.6408 2
      vertex -2.64993 -2.64831 19
      vertex -2.8497 -2.6408 19
    endloop
  endfacet
  facet normal -0.0375667 -0.999294 -0
    outer loop
      vertex -2.64993 -2.64831 19
      vertex -2.8497 -2.6408 2
      vertex -2.64993 -2.64831 2
    endloop
  endfacet
  facet normal 0.631867 -0.775077 0
    outer loop
      vertex 1.62384 -1.21694 2
      vertex 1.77879 -1.09062 19
      vertex 1.62384 -1.21694 19
    endloop
  endfacet
  facet normal 0.631867 -0.775077 0
    outer loop
      vertex 1.77879 -1.09062 19
      vertex 1.62384 -1.21694 2
      vertex 1.77879 -1.09062 2
    endloop
  endfacet
  facet normal -0.245465 -0.969405 0
    outer loop
      vertex -4.22919 -2.42125 2
      vertex -4.0354 -2.47032 19
      vertex -4.22919 -2.42125 19
    endloop
  endfacet
  facet normal -0.245465 -0.969405 -0
    outer loop
      vertex -4.0354 -2.47032 19
      vertex -4.22919 -2.42125 2
      vertex -4.0354 -2.47032 2
    endloop
  endfacet
  facet normal -0.521533 -0.853231 0
    outer loop
      vertex -6.05311 -1.6212 2
      vertex -5.88254 -1.72546 19
      vertex -6.05311 -1.6212 19
    endloop
  endfacet
  facet normal -0.521533 -0.853231 -0
    outer loop
      vertex -5.88254 -1.72546 19
      vertex -6.05311 -1.6212 2
      vertex -5.88254 -1.72546 2
    endloop
  endfacet
  facet normal -0.596256 -0.802794 0
    outer loop
      vertex -6.54496 -1.27833 2
      vertex -6.38447 -1.39753 19
      vertex -6.54496 -1.27833 19
    endloop
  endfacet
  facet normal -0.596256 -0.802794 -0
    outer loop
      vertex -6.38447 -1.39753 19
      vertex -6.54496 -1.27833 2
      vertex -6.38447 -1.39753 2
    endloop
  endfacet
  facet normal -0.274523 -0.961581 0
    outer loop
      vertex -4.42142 -2.36637 2
      vertex -4.22919 -2.42125 19
      vertex -4.42142 -2.36637 19
    endloop
  endfacet
  facet normal -0.274523 -0.961581 -0
    outer loop
      vertex -4.22919 -2.42125 19
      vertex -4.42142 -2.36637 2
      vertex -4.22919 -2.42125 2
    endloop
  endfacet
  facet normal -0.469305 -0.883036 0
    outer loop
      vertex -5.70892 -1.82455 2
      vertex -5.53239 -1.91837 19
      vertex -5.70892 -1.82455 19
    endloop
  endfacet
  facet normal -0.469305 -0.883036 -0
    outer loop
      vertex -5.53239 -1.91837 19
      vertex -5.70892 -1.82455 2
      vertex -5.53239 -1.91837 2
    endloop
  endfacet
  facet normal -0.387874 -0.921713 0
    outer loop
      vertex -5.17127 -2.08989 2
      vertex -4.98701 -2.16743 19
      vertex -5.17127 -2.08989 19
    endloop
  endfacet
  facet normal -0.387874 -0.921713 -0
    outer loop
      vertex -4.98701 -2.16743 19
      vertex -5.17127 -2.08989 2
      vertex -4.98701 -2.16743 2
    endloop
  endfacet
  facet normal 0.559505 -0.828827 0
    outer loop
      vertex 1.13721 -1.56716 2
      vertex 1.3029 -1.45531 19
      vertex 1.13721 -1.56716 19
    endloop
  endfacet
  facet normal 0.559505 -0.828827 0
    outer loop
      vertex 1.3029 -1.45531 19
      vertex 1.13721 -1.56716 2
      vertex 1.3029 -1.45531 2
    endloop
  endfacet
  facet normal 0.677282 -0.735723 0
    outer loop
      vertex 1.92987 -0.959709 2
      vertex 2.07695 -0.824312 19
      vertex 1.92987 -0.959709 19
    endloop
  endfacet
  facet normal 0.677282 -0.735723 0
    outer loop
      vertex 2.07695 -0.824312 19
      vertex 1.92987 -0.959709 2
      vertex 2.07695 -0.824312 2
    endloop
  endfacet
  facet normal 0.699073 -0.71505 0
    outer loop
      vertex 2.07695 -0.824312 2
      vertex 2.2199 -0.684556 19
      vertex 2.07695 -0.824312 19
    endloop
  endfacet
  facet normal 0.699073 -0.71505 0
    outer loop
      vertex 2.2199 -0.684556 19
      vertex 2.07695 -0.824312 2
      vertex 2.2199 -0.684556 2
    endloop
  endfacet
  facet normal 0.48252 -0.875885 0
    outer loop
      vertex 0.621005 -1.87212 2
      vertex 0.796102 -1.77566 19
      vertex 0.621005 -1.87212 19
    endloop
  endfacet
  facet normal 0.48252 -0.875885 0
    outer loop
      vertex 0.796102 -1.77566 19
      vertex 0.621005 -1.87212 2
      vertex 0.796102 -1.77566 2
    endloop
  endfacet
  facet normal -0.186786 -0.982401 0
    outer loop
      vertex -3.84021 -2.51355 2
      vertex -3.64382 -2.55089 19
      vertex -3.84021 -2.51355 19
    endloop
  endfacet
  facet normal -0.186786 -0.982401 -0
    outer loop
      vertex -3.64382 -2.55089 19
      vertex -3.84021 -2.51355 2
      vertex -3.64382 -2.55089 2
    endloop
  endfacet
  facet normal -0.216237 -0.976341 0
    outer loop
      vertex -4.0354 -2.47032 2
      vertex -3.84021 -2.51355 19
      vertex -4.0354 -2.47032 19
    endloop
  endfacet
  facet normal -0.216237 -0.976341 -0
    outer loop
      vertex -3.84021 -2.51355 19
      vertex -4.0354 -2.47032 2
      vertex -3.84021 -2.51355 2
    endloop
  endfacet
  facet normal 0.991206 0.132328 0
    outer loop
      vertex 7.24119 6.19885 22
      vertex 7.21485 6.39615 2
      vertex 7.21485 6.39615 22
    endloop
  endfacet
  facet normal 0.991206 0.132328 0
    outer loop
      vertex 7.21485 6.39615 2
      vertex 7.24119 6.19885 22
      vertex 7.24119 6.19885 2
    endloop
  endfacet
  facet normal 0.99902 0.0442613 0
    outer loop
      vertex 7.25 6 22
      vertex 7.24119 6.19885 2
      vertex 7.24119 6.19885 22
    endloop
  endfacet
  facet normal 0.99902 0.0442613 0
    outer loop
      vertex 7.24119 6.19885 2
      vertex 7.25 6 22
      vertex 7.25 6 2
    endloop
  endfacet
  facet normal 0.975626 0.21944 0
    outer loop
      vertex 7.21485 6.39615 22
      vertex 7.17117 6.59035 2
      vertex 7.17117 6.59035 22
    endloop
  endfacet
  facet normal 0.975626 0.21944 0
    outer loop
      vertex 7.17117 6.59035 2
      vertex 7.21485 6.39615 22
      vertex 7.21485 6.39615 2
    endloop
  endfacet
  facet normal -0.15428 0.988027 0
    outer loop
      vertex 4.75161 8.23625 2
      vertex 4.55494 8.20554 22
      vertex 4.75161 8.23625 22
    endloop
  endfacet
  facet normal -0.15428 0.988027 0
    outer loop
      vertex 4.55494 8.20554 22
      vertex 4.75161 8.23625 2
      vertex 4.55494 8.20554 2
    endloop
  endfacet
  facet normal -0.938013 -0.346599 0
    outer loop
      vertex 2.92606 5.12748 19
      vertex 2.85707 5.31419 22
      vertex 2.85707 5.31419 19
    endloop
  endfacet
  facet normal -0.938013 -0.346599 0
    outer loop
      vertex 2.85707 5.31419 22
      vertex 2.92606 5.12748 19
      vertex 2.92606 5.12748 22
    endloop
  endfacet
  facet normal -0.487169 -0.873308 0
    outer loop
      vertex 3.81802 4.08547 19
      vertex 3.99185 3.9885 22
      vertex 3.81802 4.08547 22
    endloop
  endfacet
  facet normal -0.487169 -0.873308 -0
    outer loop
      vertex 3.99185 3.9885 22
      vertex 3.81802 4.08547 19
      vertex 3.99185 3.9885 19
    endloop
  endfacet
  facet normal 0.598447 0.801162 -0
    outer loop
      vertex 6.42498 7.74125 2
      vertex 6.26551 7.86037 22
      vertex 6.42498 7.74125 22
    endloop
  endfacet
  facet normal 0.598447 0.801162 0
    outer loop
      vertex 6.26551 7.86037 22
      vertex 6.42498 7.74125 2
      vertex 6.26551 7.86037 2
    endloop
  endfacet
  facet normal 0.448077 -0.893995 0
    outer loop
      vertex 5.91819 3.94587 2
      vertex 6.09614 4.03506 22
      vertex 5.91819 3.94587 22
    endloop
  endfacet
  facet normal 0.448077 -0.893995 0
    outer loop
      vertex 6.09614 4.03506 22
      vertex 5.91819 3.94587 2
      vertex 6.09614 4.03506 2
    endloop
  endfacet
  facet normal 0.283654 -0.958927 0
    outer loop
      vertex 5.54218 3.8163 2
      vertex 5.73305 3.87276 22
      vertex 5.54218 3.8163 22
    endloop
  endfacet
  facet normal 0.283654 -0.958927 0
    outer loop
      vertex 5.73305 3.87276 22
      vertex 5.54218 3.8163 2
      vertex 5.73305 3.87276 2
    endloop
  endfacet
  facet normal 0.022104 0.999756 -0
    outer loop
      vertex 5.14923 8.24505 2
      vertex 4.95022 8.24945 22
      vertex 5.14923 8.24505 22
    endloop
  endfacet
  facet normal 0.022104 0.999756 0
    outer loop
      vertex 4.95022 8.24945 22
      vertex 5.14923 8.24505 2
      vertex 4.95022 8.24945 2
    endloop
  endfacet
  facet normal -0.633295 0.77391 0
    outer loop
      vertex 3.65344 7.80257 2
      vertex 3.49939 7.67651 22
      vertex 3.65344 7.80257 22
    endloop
  endfacet
  facet normal -0.633295 0.77391 0
    outer loop
      vertex 3.49939 7.67651 22
      vertex 3.65344 7.80257 2
      vertex 3.49939 7.67651 2
    endloop
  endfacet
  facet normal -0.408091 0.912941 0
    outer loop
      vertex 4.17357 8.09273 2
      vertex 3.99185 8.0115 22
      vertex 4.17357 8.09273 22
    endloop
  endfacet
  facet normal -0.408091 0.912941 0
    outer loop
      vertex 3.99185 8.0115 22
      vertex 4.17357 8.09273 2
      vertex 3.99185 8.0115 2
    endloop
  endfacet
  facet normal 0.110426 -0.993884 0
    outer loop
      vertex 5.14923 3.75495 2
      vertex 5.34706 3.77693 22
      vertex 5.14923 3.75495 22
    endloop
  endfacet
  facet normal 0.110426 -0.993884 0
    outer loop
      vertex 5.34706 3.77693 22
      vertex 5.14923 3.75495 2
      vertex 5.34706 3.77693 2
    endloop
  endfacet
  facet normal -0.984375 0.176086 0
    outer loop
      vertex 2.76979 6.2978 19
      vertex 2.80484 6.49374 22
      vertex 2.80484 6.49374 19
    endloop
  endfacet
  facet normal -0.984375 0.176086 0
    outer loop
      vertex 2.80484 6.49374 22
      vertex 2.76979 6.2978 19
      vertex 2.76979 6.2978 22
    endloop
  endfacet
  facet normal 0.525344 -0.85089 0
    outer loop
      vertex 6.09614 4.03506 2
      vertex 6.26551 4.13963 22
      vertex 6.09614 4.03506 22
    endloop
  endfacet
  facet normal 0.525344 -0.85089 0
    outer loop
      vertex 6.26551 4.13963 22
      vertex 6.09614 4.03506 2
      vertex 6.26551 4.13963 2
    endloop
  endfacet
  facet normal 0.921744 0.387799 0
    outer loop
      vertex 7.1105 6.77993 22
      vertex 7.03331 6.9634 2
      vertex 7.03331 6.9634 22
    endloop
  endfacet
  facet normal 0.921744 0.387799 0
    outer loop
      vertex 7.03331 6.9634 2
      vertex 7.1105 6.77993 22
      vertex 7.1105 6.77993 2
    endloop
  endfacet
  facet normal -0.0663156 -0.997799 0
    outer loop
      vertex 4.75161 3.76375 2
      vertex 4.95022 3.75055 22
      vertex 4.75161 3.76375 22
    endloop
  endfacet
  facet normal -0.0663156 -0.997799 -0
    outer loop
      vertex 4.95022 3.75055 22
      vertex 4.75161 3.76375 2
      vertex 4.95022 3.75055 2
    endloop
  endfacet
  facet normal 0 0 1
    outer loop
      vertex 5.85 6 22
      vertex 7.25 6 22
      vertex 7.24119 6.19885 22
    endloop
  endfacet
  facet normal 0 0 1
    outer loop
      vertex 5.82709 6.19602 22
      vertex 7.24119 6.19885 22
      vertex 7.21485 6.39615 22
    endloop
  endfacet
  facet normal 0 0 1
    outer loop
      vertex 7.25 6 22
      vertex 5.85 6 22
      vertex 7.24119 5.80114 22
    endloop
  endfacet
  facet normal 0 0 1
    outer loop
      vertex 5.82709 6.19602 22
      vertex 7.21485 6.39615 22
      vertex 7.17117 6.59035 22
    endloop
  endfacet
  facet normal -0 0 1
    outer loop
      vertex 5.82709 5.80398 22
      vertex 7.24119 5.80114 22
      vertex 5.85 6 22
    endloop
  endfacet
  facet normal 0 0 1
    outer loop
      vertex 5.82709 6.19602 22
      vertex 7.17117 6.59035 22
      vertex 7.1105 6.77993 22
    endloop
  endfacet
  facet normal 0 0 1
    outer loop
      vertex 7.24119 5.80114 22
      vertex 5.82709 5.80398 22
      vertex 7.21485 5.60385 22
    endloop
  endfacet
  facet normal 0 0 1
    outer loop
      vertex 5.75959 6.38148 22
      vertex 7.1105 6.77993 22
      vertex 7.03331 6.9634 22
    endloop
  endfacet
  facet normal 0 0 1
    outer loop
      vertex 7.21485 5.60385 22
      vertex 5.82709 5.80398 22
      vertex 7.17117 5.40965 22
    endloop
  endfacet
  facet normal 0 0 1
    outer loop
      vertex 5.75959 6.38148 22
      vertex 7.03331 6.9634 22
      vertex 6.94021 7.13934 22
    endloop
  endfacet
  facet normal 0 0 1
    outer loop
      vertex 7.17117 5.40965 22
      vertex 5.82709 5.80398 22
      vertex 7.1105 5.22007 22
    endloop
  endfacet
  facet normal 0 0 1
    outer loop
      vertex 5.75959 6.38148 22
      vertex 6.94021 7.13934 22
      vertex 6.83192 7.30636 22
    endloop
  endfacet
  facet normal -0 0 1
    outer loop
      vertex 5.75959 5.61852 22
      vertex 7.1105 5.22007 22
      vertex 5.82709 5.80398 22
    endloop
  endfacet
  facet normal 0 0 1
    outer loop
      vertex 5.65114 6.54637 22
      vertex 6.83192 7.30636 22
      vertex 6.7093 7.46315 22
    endloop
  endfacet
  facet normal 0 0 1
    outer loop
      vertex 7.1105 5.22007 22
      vertex 5.75959 5.61852 22
      vertex 7.03331 5.03659 22
    endloop
  endfacet
  facet normal 0 0 1
    outer loop
      vertex 5.65114 6.54637 22
      vertex 6.7093 7.46315 22
      vertex 6.57329 7.60849 22
    endloop
  endfacet
  facet normal 0 0 1
    outer loop
      vertex 7.03331 5.03659 22
      vertex 5.75959 5.61852 22
      vertex 6.94021 4.86066 22
    endloop
  endfacet
  facet normal 0 0 1
    outer loop
      vertex 5.50758 6.6818 22
      vertex 6.57329 7.60849 22
      vertex 6.42498 7.74125 22
    endloop
  endfacet
  facet normal 0 0 1
    outer loop
      vertex 6.94021 4.86066 22
      vertex 5.75959 5.61852 22
      vertex 6.83192 4.69364 22
    endloop
  endfacet
  facet normal 0 0 1
    outer loop
      vertex 5.50758 6.6818 22
      vertex 6.42498 7.74125 22
      vertex 6.26551 7.86037 22
    endloop
  endfacet
  facet normal -0 0 1
    outer loop
      vertex 5.65114 5.45363 22
      vertex 6.83192 4.69364 22
      vertex 5.75959 5.61852 22
    endloop
  endfacet
  facet normal 0 0 1
    outer loop
      vertex 5.50758 6.6818 22
      vertex 6.26551 7.86037 22
      vertex 6.09614 7.96494 22
    endloop
  endfacet
  facet normal 0 0 1
    outer loop
      vertex 6.83192 4.69364 22
      vertex 5.65114 5.45363 22
      vertex 6.7093 4.53685 22
    endloop
  endfacet
  facet normal 0 0 1
    outer loop
      vertex 5.33667 6.78048 22
      vertex 6.09614 7.96494 22
      vertex 5.91819 8.05412 22
    endloop
  endfacet
  facet normal 0 0 1
    outer loop
      vertex 6.7093 4.53685 22
      vertex 5.65114 5.45363 22
      vertex 6.57329 4.39151 22
    endloop
  endfacet
  facet normal -0 0 1
    outer loop
      vertex 5.50758 5.31819 22
      vertex 6.57329 4.39151 22
      vertex 5.65114 5.45363 22
    endloop
  endfacet
  facet normal 0 0 1
    outer loop
      vertex 7.24119 6.19885 22
      vertex 5.82709 6.19602 22
      vertex 5.85 6 22
    endloop
  endfacet
  facet normal 0 0 1
    outer loop
      vertex 7.1105 6.77993 22
      vertex 5.75959 6.38148 22
      vertex 5.82709 6.19602 22
    endloop
  endfacet
  facet normal 0 0 1
    outer loop
      vertex 5.33667 6.78048 22
      vertex 5.91819 8.05412 22
      vertex 5.73305 8.12724 22
    endloop
  endfacet
  facet normal 0 0 1
    outer loop
      vertex 6.83192 7.30636 22
      vertex 5.65114 6.54637 22
      vertex 5.75959 6.38148 22
    endloop
  endfacet
  facet normal 0 0 1
    outer loop
      vertex 5.33667 6.78048 22
      vertex 5.73305 8.12724 22
      vertex 5.54218 8.1837 22
    endloop
  endfacet
  facet normal 0 0 1
    outer loop
      vertex 6.57329 7.60849 22
      vertex 5.50758 6.6818 22
      vertex 5.65114 6.54637 22
    endloop
  endfacet
  facet normal 0 0 1
    outer loop
      vertex 5.1476 6.83709 22
      vertex 5.54218 8.1837 22
      vertex 5.34706 8.22307 22
    endloop
  endfacet
  facet normal 0 0 1
    outer loop
      vertex 6.09614 7.96494 22
      vertex 5.33667 6.78048 22
      vertex 5.50758 6.6818 22
    endloop
  endfacet
  facet normal 0 0 1
    outer loop
      vertex 5.1476 6.83709 22
      vertex 5.34706 8.22307 22
      vertex 5.14923 8.24505 22
    endloop
  endfacet
  facet normal 0 0 1
    outer loop
      vertex 5.54218 8.1837 22
      vertex 5.1476 6.83709 22
      vertex 5.33667 6.78048 22
    endloop
  endfacet
  facet normal 0 0 1
    outer loop
      vertex 5.14923 8.24505 22
      vertex 4.95058 6.84856 22
      vertex 5.1476 6.83709 22
    endloop
  endfacet
  facet normal 0 0 1
    outer loop
      vertex 4.95022 8.24945 22
      vertex 4.95058 6.84856 22
      vertex 5.14923 8.24505 22
    endloop
  endfacet
  facet normal -0 0 1
    outer loop
      vertex 4.75161 8.23625 22
      vertex 4.95058 6.84856 22
      vertex 4.95022 8.24945 22
    endloop
  endfacet
  facet normal -0 0 1
    outer loop
      vertex 4.55494 8.20554 22
      vertex 4.95058 6.84856 22
      vertex 4.75161 8.23625 22
    endloop
  endfacet
  facet normal 0 0 1
    outer loop
      vertex 4.95058 6.84856 22
      vertex 4.55494 8.20554 22
      vertex 4.75622 6.81429 22
    endloop
  endfacet
  facet normal -0 0 1
    outer loop
      vertex 4.36176 8.15758 22
      vertex 4.75622 6.81429 22
      vertex 4.55494 8.20554 22
    endloop
  endfacet
  facet normal -0 0 1
    outer loop
      vertex 4.17357 8.09273 22
      vertex 4.75622 6.81429 22
      vertex 4.36176 8.15758 22
    endloop
  endfacet
  facet normal 0 0 1
    outer loop
      vertex 4.75622 6.81429 22
      vertex 4.17357 8.09273 22
      vertex 4.575 6.73612 22
    endloop
  endfacet
  facet normal -0 0 1
    outer loop
      vertex 3.99185 8.0115 22
      vertex 4.575 6.73612 22
      vertex 4.17357 8.09273 22
    endloop
  endfacet
  facet normal -0 0 1
    outer loop
      vertex 3.81802 7.91453 22
      vertex 4.575 6.73612 22
      vertex 3.99185 8.0115 22
    endloop
  endfacet
  facet normal -0 0 1
    outer loop
      vertex 3.65344 7.80257 22
      vertex 4.575 6.73612 22
      vertex 3.81802 7.91453 22
    endloop
  endfacet
  facet normal 0 0 1
    outer loop
      vertex 4.575 6.73612 22
      vertex 3.65344 7.80257 22
      vertex 4.41669 6.61827 22
    endloop
  endfacet
  facet normal -0 0 1
    outer loop
      vertex 3.3571 7.53732 22
      vertex 4.41669 6.61827 22
      vertex 3.49939 7.67651 22
    endloop
  endfacet
  facet normal -0 0 1
    outer loop
      vertex 3.49939 7.67651 22
      vertex 4.41669 6.61827 22
      vertex 3.65344 7.80257 22
    endloop
  endfacet
  facet normal 0 0 1
    outer loop
      vertex 6.57329 4.39151 22
      vertex 5.50758 5.31819 22
      vertex 6.42498 4.25875 22
    endloop
  endfacet
  facet normal 0 0 1
    outer loop
      vertex 6.42498 4.25875 22
      vertex 5.50758 5.31819 22
      vertex 6.26551 4.13963 22
    endloop
  endfacet
  facet normal 0 0 1
    outer loop
      vertex 6.26551 4.13963 22
      vertex 5.50758 5.31819 22
      vertex 6.09614 4.03506 22
    endloop
  endfacet
  facet normal -0 0 1
    outer loop
      vertex 5.33667 5.21952 22
      vertex 6.09614 4.03506 22
      vertex 5.50758 5.31819 22
    endloop
  endfacet
  facet normal 0 0 1
    outer loop
      vertex 6.09614 4.03506 22
      vertex 5.33667 5.21952 22
      vertex 5.91819 3.94587 22
    endloop
  endfacet
  facet normal 0 0 1
    outer loop
      vertex 5.91819 3.94587 22
      vertex 5.33667 5.21952 22
      vertex 5.73305 3.87276 22
    endloop
  endfacet
  facet normal 0 0 1
    outer loop
      vertex 5.73305 3.87276 22
      vertex 5.33667 5.21952 22
      vertex 5.54218 3.8163 22
    endloop
  endfacet
  facet normal -0 0 1
    outer loop
      vertex 5.1476 5.16291 22
      vertex 5.54218 3.8163 22
      vertex 5.33667 5.21952 22
    endloop
  endfacet
  facet normal 0 0 1
    outer loop
      vertex 5.54218 3.8163 22
      vertex 5.1476 5.16291 22
      vertex 5.34706 3.77693 22
    endloop
  endfacet
  facet normal 0 0 1
    outer loop
      vertex 5.34706 3.77693 22
      vertex 5.1476 5.16291 22
      vertex 5.14923 3.75495 22
    endloop
  endfacet
  facet normal -0 0 1
    outer loop
      vertex 4.95058 5.15144 22
      vertex 5.14923 3.75495 22
      vertex 5.1476 5.16291 22
    endloop
  endfacet
  facet normal 0 0 1
    outer loop
      vertex 4.95058 5.15144 22
      vertex 4.95022 3.75055 22
      vertex 5.14923 3.75495 22
    endloop
  endfacet
  facet normal 0 0 1
    outer loop
      vertex 4.55494 3.79445 22
      vertex 4.95058 5.15144 22
      vertex 4.75622 5.18571 22
    endloop
  endfacet
  facet normal 0 0 1
    outer loop
      vertex 4.95058 5.15144 22
      vertex 4.75161 3.76375 22
      vertex 4.95022 3.75055 22
    endloop
  endfacet
  facet normal 0 0 1
    outer loop
      vertex 4.17357 3.90727 22
      vertex 4.75622 5.18571 22
      vertex 4.575 5.26388 22
    endloop
  endfacet
  facet normal 0 0 1
    outer loop
      vertex 4.95058 5.15144 22
      vertex 4.55494 3.79445 22
      vertex 4.75161 3.76375 22
    endloop
  endfacet
  facet normal 0 0 1
    outer loop
      vertex 3.65344 4.19743 22
      vertex 4.575 5.26388 22
      vertex 4.41669 5.38173 22
    endloop
  endfacet
  facet normal 0 0 1
    outer loop
      vertex 4.75622 5.18571 22
      vertex 4.36176 3.84242 22
      vertex 4.55494 3.79445 22
    endloop
  endfacet
  facet normal 0 0 1
    outer loop
      vertex 3.22766 4.61389 22
      vertex 4.41669 5.38173 22
      vertex 4.28983 5.53292 22
    endloop
  endfacet
  facet normal 0 0 1
    outer loop
      vertex 3.01129 4.9476 22
      vertex 4.28983 5.53292 22
      vertex 4.20126 5.70928 22
    endloop
  endfacet
  facet normal 0 0 1
    outer loop
      vertex 4.75622 5.18571 22
      vertex 4.17357 3.90727 22
      vertex 4.36176 3.84242 22
    endloop
  endfacet
  facet normal 0 0 1
    outer loop
      vertex 2.80484 5.50626 22
      vertex 4.20126 5.70928 22
      vertex 4.15575 5.90132 22
    endloop
  endfacet
  facet normal -0 0 1
    outer loop
      vertex 3.22766 7.38611 22
      vertex 4.41669 6.61827 22
      vertex 3.3571 7.53732 22
    endloop
  endfacet
  facet normal 0 0 1
    outer loop
      vertex 4.575 5.26388 22
      vertex 3.99185 3.9885 22
      vertex 4.17357 3.90727 22
    endloop
  endfacet
  facet normal 0 0 1
    outer loop
      vertex 4.41669 6.61827 22
      vertex 3.22766 7.38611 22
      vertex 4.28983 6.46708 22
    endloop
  endfacet
  facet normal 0 0 1
    outer loop
      vertex 4.575 5.26388 22
      vertex 3.81802 4.08547 22
      vertex 3.99185 3.9885 22
    endloop
  endfacet
  facet normal -0 0 1
    outer loop
      vertex 3.11209 7.22405 22
      vertex 4.28983 6.46708 22
      vertex 3.22766 7.38611 22
    endloop
  endfacet
  facet normal 0 0 1
    outer loop
      vertex 4.575 5.26388 22
      vertex 3.65344 4.19743 22
      vertex 3.81802 4.08547 22
    endloop
  endfacet
  facet normal -0 0 1
    outer loop
      vertex 3.01129 7.0524 22
      vertex 4.28983 6.46708 22
      vertex 3.11209 7.22405 22
    endloop
  endfacet
  facet normal 0 0 1
    outer loop
      vertex 4.41669 5.38173 22
      vertex 3.49939 4.32349 22
      vertex 3.65344 4.19743 22
    endloop
  endfacet
  facet normal 0 0 1
    outer loop
      vertex 4.28983 6.46708 22
      vertex 3.01129 7.0524 22
      vertex 4.20126 6.29072 22
    endloop
  endfacet
  facet normal 0 0 1
    outer loop
      vertex 4.41669 5.38173 22
      vertex 3.3571 4.46267 22
      vertex 3.49939 4.32349 22
    endloop
  endfacet
  facet normal -0 0 1
    outer loop
      vertex 2.92606 6.87252 22
      vertex 4.20126 6.29072 22
      vertex 3.01129 7.0524 22
    endloop
  endfacet
  facet normal 0 0 1
    outer loop
      vertex 4.41669 5.38173 22
      vertex 3.22766 4.61389 22
      vertex 3.3571 4.46267 22
    endloop
  endfacet
  facet normal -0 0 1
    outer loop
      vertex 2.85707 6.68581 22
      vertex 4.20126 6.29072 22
      vertex 2.92606 6.87252 22
    endloop
  endfacet
  facet normal 0 0 1
    outer loop
      vertex 4.28983 5.53292 22
      vertex 3.11209 4.77595 22
      vertex 3.22766 4.61389 22
    endloop
  endfacet
  facet normal -0 0 1
    outer loop
      vertex 2.80484 6.49374 22
      vertex 4.20126 6.29072 22
      vertex 2.85707 6.68581 22
    endloop
  endfacet
  facet normal 0 0 1
    outer loop
      vertex 4.28983 5.53292 22
      vertex 3.01129 4.9476 22
      vertex 3.11209 4.77595 22
    endloop
  endfacet
  facet normal 0 0 1
    outer loop
      vertex 4.20126 6.29072 22
      vertex 2.80484 6.49374 22
      vertex 4.15575 6.09868 22
    endloop
  endfacet
  facet normal 0 0 1
    outer loop
      vertex 4.20126 5.70928 22
      vertex 2.92606 5.12748 22
      vertex 3.01129 4.9476 22
    endloop
  endfacet
  facet normal -0 0 1
    outer loop
      vertex 2.76979 6.2978 22
      vertex 4.15575 6.09868 22
      vertex 2.80484 6.49374 22
    endloop
  endfacet
  facet normal 0 0 1
    outer loop
      vertex 4.20126 5.70928 22
      vertex 2.85707 5.31419 22
      vertex 2.92606 5.12748 22
    endloop
  endfacet
  facet normal -0 0 1
    outer loop
      vertex 2.7522 6.09952 22
      vertex 4.15575 6.09868 22
      vertex 2.76979 6.2978 22
    endloop
  endfacet
  facet normal 0 0 1
    outer loop
      vertex 4.20126 5.70928 22
      vertex 2.80484 5.50626 22
      vertex 2.85707 5.31419 22
    endloop
  endfacet
  facet normal 0 0 1
    outer loop
      vertex 4.15575 6.09868 22
      vertex 2.7522 6.09952 22
      vertex 4.15575 5.90132 22
    endloop
  endfacet
  facet normal 0 0 1
    outer loop
      vertex 4.15575 5.90132 22
      vertex 2.76979 5.7022 22
      vertex 2.80484 5.50626 22
    endloop
  endfacet
  facet normal 0 0 1
    outer loop
      vertex 2.7522 5.90047 22
      vertex 4.15575 5.90132 22
      vertex 2.7522 6.09952 22
    endloop
  endfacet
  facet normal 0 0 1
    outer loop
      vertex 4.15575 5.90132 22
      vertex 2.7522 5.90047 22
      vertex 2.76979 5.7022 22
    endloop
  endfacet
  facet normal 0.730154 0.683282 0
    outer loop
      vertex 6.7093 7.46315 22
      vertex 6.57329 7.60849 2
      vertex 6.57329 7.60849 22
    endloop
  endfacet
  facet normal 0.730154 0.683282 0
    outer loop
      vertex 6.57329 7.60849 2
      vertex 6.7093 7.46315 22
      vertex 6.7093 7.46315 2
    endloop
  endfacet
  facet normal -0.487169 0.873308 0
    outer loop
      vertex 3.99185 8.0115 2
      vertex 3.81802 7.91453 22
      vertex 3.99185 8.0115 22
    endloop
  endfacet
  facet normal -0.487169 0.873308 0
    outer loop
      vertex 3.81802 7.91453 22
      vertex 3.99185 8.0115 2
      vertex 3.81802 7.91453 2
    endloop
  endfacet
  facet normal -0.938013 0.346599 0
    outer loop
      vertex 2.85707 6.68581 19
      vertex 2.92606 6.87252 22
      vertex 2.92606 6.87252 19
    endloop
  endfacet
  facet normal -0.938013 0.346599 0
    outer loop
      vertex 2.92606 6.87252 22
      vertex 2.85707 6.68581 19
      vertex 2.85707 6.68581 22
    endloop
  endfacet
  facet normal 0.666967 0.745088 -0
    outer loop
      vertex 6.57329 7.60849 2
      vertex 6.42498 7.74125 22
      vertex 6.57329 7.60849 22
    endloop
  endfacet
  facet normal 0.666967 0.745088 0
    outer loop
      vertex 6.42498 7.74125 22
      vertex 6.57329 7.60849 2
      vertex 6.42498 7.74125 2
    endloop
  endfacet
  facet normal 0.787713 -0.616043 0
    outer loop
      vertex 6.7093 4.53685 22
      vertex 6.83192 4.69364 2
      vertex 6.83192 4.69364 22
    endloop
  endfacet
  facet normal 0.787713 -0.616043 0
    outer loop
      vertex 6.83192 4.69364 2
      vertex 6.7093 4.53685 22
      vertex 6.7093 4.53685 2
    endloop
  endfacet
  facet normal 0.88387 -0.467733 0
    outer loop
      vertex 6.94021 4.86066 22
      vertex 7.03331 5.03659 2
      vertex 7.03331 5.03659 22
    endloop
  endfacet
  facet normal 0.88387 -0.467733 0
    outer loop
      vertex 7.03331 5.03659 2
      vertex 6.94021 4.86066 22
      vertex 6.94021 4.86066 2
    endloop
  endfacet
  facet normal 0.83907 0.544024 0
    outer loop
      vertex 6.94021 7.13934 22
      vertex 6.83192 7.30636 2
      vertex 6.83192 7.30636 22
    endloop
  endfacet
  facet normal 0.83907 0.544024 0
    outer loop
      vertex 6.83192 7.30636 2
      vertex 6.94021 7.13934 22
      vertex 6.94021 7.13934 2
    endloop
  endfacet
  facet normal -0.814168 0.58063 0
    outer loop
      vertex 3.22495 7.38231 19
      vertex 3.22766 7.38611 2
      vertex 3.22495 7.38231 2
    endloop
  endfacet
  facet normal -0.814168 0.58063 0
    outer loop
      vertex 3.22766 7.38611 2
      vertex 3.22495 7.38231 19
      vertex 3.22766 7.38611 22
    endloop
  endfacet
  facet normal -0.814178 0.580615 2.84666e-08
    outer loop
      vertex 3.11209 7.22405 19
      vertex 3.22766 7.38611 22
      vertex 3.22495 7.38231 19
    endloop
  endfacet
  facet normal -0.814178 0.580615 0
    outer loop
      vertex 3.22766 7.38611 22
      vertex 3.11209 7.22405 19
      vertex 3.11209 7.22405 22
    endloop
  endfacet
  facet normal -0.0663156 0.997799 0
    outer loop
      vertex 4.95022 8.24945 2
      vertex 4.75161 8.23625 22
      vertex 4.95022 8.24945 22
    endloop
  endfacet
  facet normal -0.0663156 0.997799 0
    outer loop
      vertex 4.75161 8.23625 22
      vertex 4.95022 8.24945 2
      vertex 4.75161 8.23625 2
    endloop
  endfacet
  facet normal 0.975626 -0.21944 0
    outer loop
      vertex 7.17117 5.40965 22
      vertex 7.21485 5.60385 2
      vertex 7.21485 5.60385 22
    endloop
  endfacet
  facet normal 0.975626 -0.21944 0
    outer loop
      vertex 7.21485 5.60385 2
      vertex 7.17117 5.40965 22
      vertex 7.17117 5.40965 2
    endloop
  endfacet
  facet normal -0.996088 0.0883659 0
    outer loop
      vertex 2.7522 6.09952 19
      vertex 2.76979 6.2978 22
      vertex 2.76979 6.2978 19
    endloop
  endfacet
  facet normal -0.996088 0.0883659 0
    outer loop
      vertex 2.76979 6.2978 22
      vertex 2.7522 6.09952 19
      vertex 2.7522 6.09952 22
    endloop
  endfacet
  facet normal -0.964958 -0.262403 0
    outer loop
      vertex 2.85707 5.31419 19
      vertex 2.80484 5.50626 22
      vertex 2.80484 5.50626 19
    endloop
  endfacet
  facet normal -0.964958 -0.262403 0
    outer loop
      vertex 2.80484 5.50626 22
      vertex 2.85707 5.31419 19
      vertex 2.85707 5.31419 22
    endloop
  endfacet
  facet normal -0.325797 0.94544 0
    outer loop
      vertex 4.36176 8.15758 2
      vertex 4.17357 8.09273 22
      vertex 4.36176 8.15758 22
    endloop
  endfacet
  facet normal -0.325797 0.94544 0
    outer loop
      vertex 4.17357 8.09273 22
      vertex 4.36176 8.15758 2
      vertex 4.17357 8.09273 2
    endloop
  endfacet
  facet normal -1 0 0
    outer loop
      vertex 2.7522 5.90047 19
      vertex 2.7522 6.09952 22
      vertex 2.7522 6.09952 19
    endloop
  endfacet
  facet normal -1 -0 0
    outer loop
      vertex 2.7522 6.09952 22
      vertex 2.7522 5.90047 19
      vertex 2.7522 5.90047 22
    endloop
  endfacet
  facet normal 0.022104 -0.999756 0
    outer loop
      vertex 4.95022 3.75055 2
      vertex 5.14923 3.75495 22
      vertex 4.95022 3.75055 22
    endloop
  endfacet
  facet normal 0.022104 -0.999756 0
    outer loop
      vertex 5.14923 3.75495 22
      vertex 4.95022 3.75055 2
      vertex 5.14923 3.75495 2
    endloop
  endfacet
  facet normal -0.408091 -0.912941 0
    outer loop
      vertex 3.99185 3.9885 19
      vertex 4.17357 3.90727 22
      vertex 3.99185 3.9885 22
    endloop
  endfacet
  facet normal -0.40807 -0.912951 -1.49482e-06
    outer loop
      vertex 4.14877 3.91836 19
      vertex 4.17357 3.90727 22
      vertex 3.99185 3.9885 19
    endloop
  endfacet
  facet normal -0.408221 -0.912883 0
    outer loop
      vertex 4.17357 3.90727 2
      vertex 4.14877 3.91836 19
      vertex 4.14877 3.91836 2
    endloop
  endfacet
  facet normal -0.408221 -0.912883 0
    outer loop
      vertex 4.14877 3.91836 19
      vertex 4.17357 3.90727 2
      vertex 4.17357 3.90727 22
    endloop
  endfacet
  facet normal -0.699251 -0.714876 0
    outer loop
      vertex 3.3571 4.46267 19
      vertex 3.49939 4.32349 22
      vertex 3.3571 4.46267 22
    endloop
  endfacet
  facet normal -0.699251 -0.714876 -0
    outer loop
      vertex 3.49939 4.32349 22
      vertex 3.3571 4.46267 19
      vertex 3.49939 4.32349 19
    endloop
  endfacet
  facet normal 0.921752 -0.387781 0
    outer loop
      vertex 7.03331 5.03659 22
      vertex 7.1105 5.22007 2
      vertex 7.1105 5.22007 22
    endloop
  endfacet
  facet normal 0.921752 -0.387781 0
    outer loop
      vertex 7.1105 5.22007 2
      vertex 7.03331 5.03659 22
      vertex 7.03331 5.03659 2
    endloop
  endfacet
  facet normal 0.197787 -0.980245 0
    outer loop
      vertex 5.34706 3.77693 2
      vertex 5.54218 3.8163 22
      vertex 5.34706 3.77693 22
    endloop
  endfacet
  facet normal 0.197787 -0.980245 0
    outer loop
      vertex 5.54218 3.8163 22
      vertex 5.34706 3.77693 2
      vertex 5.54218 3.8163 2
    endloop
  endfacet
  facet normal 0.952418 0.304796 0
    outer loop
      vertex 7.17117 6.59035 22
      vertex 7.1105 6.77993 2
      vertex 7.1105 6.77993 22
    endloop
  endfacet
  facet normal 0.952418 0.304796 0
    outer loop
      vertex 7.1105 6.77993 2
      vertex 7.17117 6.59035 22
      vertex 7.17117 6.59035 2
    endloop
  endfacet
  facet normal 0.448037 0.894015 -0
    outer loop
      vertex 6.09614 7.96494 2
      vertex 5.91819 8.05412 22
      vertex 6.09614 7.96494 22
    endloop
  endfacet
  facet normal 0.448037 0.894015 0
    outer loop
      vertex 5.91819 8.05412 22
      vertex 6.09614 7.96494 2
      vertex 5.91819 8.05412 2
    endloop
  endfacet
  facet normal -0.240951 0.970537 0
    outer loop
      vertex 4.55494 8.20554 2
      vertex 4.36176 8.15758 22
      vertex 4.55494 8.20554 22
    endloop
  endfacet
  facet normal -0.240951 0.970537 0
    outer loop
      vertex 4.36176 8.15758 22
      vertex 4.55494 8.20554 2
      vertex 4.36176 8.15758 2
    endloop
  endfacet
  facet normal -0.759696 -0.650278 0
    outer loop
      vertex 3.3571 4.46267 19
      vertex 3.22766 4.61389 22
      vertex 3.22766 4.61389 19
    endloop
  endfacet
  facet normal -0.759696 -0.650278 0
    outer loop
      vertex 3.22766 4.61389 22
      vertex 3.3571 4.46267 19
      vertex 3.3571 4.46267 22
    endloop
  endfacet
  facet normal 0.197787 0.980245 -0
    outer loop
      vertex 5.54218 8.1837 2
      vertex 5.34706 8.22307 22
      vertex 5.54218 8.1837 22
    endloop
  endfacet
  facet normal 0.197787 0.980245 0
    outer loop
      vertex 5.34706 8.22307 22
      vertex 5.54218 8.1837 2
      vertex 5.34706 8.22307 2
    endloop
  endfacet
  facet normal 0.367334 0.930089 -0
    outer loop
      vertex 5.91819 8.05412 2
      vertex 5.73305 8.12724 22
      vertex 5.91819 8.05412 22
    endloop
  endfacet
  facet normal 0.367334 0.930089 0
    outer loop
      vertex 5.73305 8.12724 22
      vertex 5.91819 8.05412 2
      vertex 5.73305 8.12724 2
    endloop
  endfacet
  facet normal 0.283654 0.958927 -0
    outer loop
      vertex 5.73305 8.12724 2
      vertex 5.54218 8.1837 22
      vertex 5.73305 8.12724 22
    endloop
  endfacet
  facet normal 0.283654 0.958927 0
    outer loop
      vertex 5.54218 8.1837 22
      vertex 5.73305 8.12724 2
      vertex 5.54218 8.1837 2
    endloop
  endfacet
  facet normal 0.83907 -0.544024 0
    outer loop
      vertex 6.83192 4.69364 22
      vertex 6.94021 4.86066 2
      vertex 6.94021 4.86066 22
    endloop
  endfacet
  facet normal 0.83907 -0.544024 0
    outer loop
      vertex 6.94021 4.86066 2
      vertex 6.83192 4.69364 22
      vertex 6.83192 4.69364 2
    endloop
  endfacet
  facet normal 0.525344 0.85089 -0
    outer loop
      vertex 6.26551 7.86037 2
      vertex 6.09614 7.96494 22
      vertex 6.26551 7.86037 22
    endloop
  endfacet
  facet normal 0.525344 0.85089 0
    outer loop
      vertex 6.09614 7.96494 22
      vertex 6.26551 7.86037 2
      vertex 6.09614 7.96494 2
    endloop
  endfacet
  facet normal 0.883881 0.467712 0
    outer loop
      vertex 7.03331 6.9634 22
      vertex 6.94021 7.13934 2
      vertex 6.94021 7.13934 22
    endloop
  endfacet
  facet normal 0.883881 0.467712 0
    outer loop
      vertex 6.94021 7.13934 2
      vertex 7.03331 6.9634 22
      vertex 7.03331 6.9634 2
    endloop
  endfacet
  facet normal 0.99902 -0.0442591 0
    outer loop
      vertex 7.24119 5.80114 22
      vertex 7.25 6 2
      vertex 7.25 6 22
    endloop
  endfacet
  facet normal 0.99902 -0.0442591 0
    outer loop
      vertex 7.25 6 2
      vertex 7.24119 5.80114 22
      vertex 7.24119 5.80114 2
    endloop
  endfacet
  facet normal -0.903692 0.428184 0
    outer loop
      vertex 2.92606 6.87252 19
      vertex 3.01129 7.0524 22
      vertex 3.01129 7.0524 19
    endloop
  endfacet
  facet normal -0.903692 0.428184 0
    outer loop
      vertex 3.01129 7.0524 22
      vertex 2.92606 6.87252 19
      vertex 2.92606 6.87252 22
    endloop
  endfacet
  facet normal -0.699277 0.714851 0
    outer loop
      vertex 3.49939 7.67651 2
      vertex 3.3571 7.53732 22
      vertex 3.49939 7.67651 22
    endloop
  endfacet
  facet normal -0.699277 0.714851 0
    outer loop
      vertex 3.3571 7.53732 22
      vertex 3.49939 7.67651 2
      vertex 3.3571 7.53732 2
    endloop
  endfacet
  facet normal -0.862308 -0.506383 0
    outer loop
      vertex 3.11209 4.77595 19
      vertex 3.01129 4.9476 22
      vertex 3.01129 4.9476 19
    endloop
  endfacet
  facet normal -0.862308 -0.506383 0
    outer loop
      vertex 3.01129 4.9476 22
      vertex 3.11209 4.77595 19
      vertex 3.11209 4.77595 22
    endloop
  endfacet
  facet normal 0.666967 -0.745088 0
    outer loop
      vertex 6.42498 4.25875 2
      vertex 6.57329 4.39151 22
      vertex 6.42498 4.25875 22
    endloop
  endfacet
  facet normal 0.666967 -0.745088 0
    outer loop
      vertex 6.57329 4.39151 22
      vertex 6.42498 4.25875 2
      vertex 6.57329 4.39151 2
    endloop
  endfacet
  facet normal 0.952418 -0.304796 0
    outer loop
      vertex 7.1105 5.22007 22
      vertex 7.17117 5.40965 2
      vertex 7.17117 5.40965 22
    endloop
  endfacet
  facet normal 0.952418 -0.304796 0
    outer loop
      vertex 7.17117 5.40965 2
      vertex 7.1105 5.22007 22
      vertex 7.1105 5.22007 2
    endloop
  endfacet
  facet normal -0.984375 -0.176086 0
    outer loop
      vertex 2.80484 5.50626 19
      vertex 2.76979 5.7022 22
      vertex 2.76979 5.7022 19
    endloop
  endfacet
  facet normal -0.984375 -0.176086 0
    outer loop
      vertex 2.76979 5.7022 22
      vertex 2.80484 5.50626 19
      vertex 2.80484 5.50626 22
    endloop
  endfacet
  facet normal -0.562467 0.82682 0
    outer loop
      vertex 3.81802 7.91453 2
      vertex 3.65344 7.80257 22
      vertex 3.81802 7.91453 22
    endloop
  endfacet
  facet normal -0.562467 0.82682 0
    outer loop
      vertex 3.65344 7.80257 22
      vertex 3.81802 7.91453 2
      vertex 3.65344 7.80257 2
    endloop
  endfacet
  facet normal -0.814178 -0.580615 0
    outer loop
      vertex 3.22766 4.61389 19
      vertex 3.11209 4.77595 22
      vertex 3.11209 4.77595 19
    endloop
  endfacet
  facet normal -0.814178 -0.580615 0
    outer loop
      vertex 3.11209 4.77595 22
      vertex 3.22766 4.61389 19
      vertex 3.22766 4.61389 22
    endloop
  endfacet
  facet normal 0.36729 -0.930106 0
    outer loop
      vertex 5.73305 3.87276 2
      vertex 5.91819 3.94587 22
      vertex 5.73305 3.87276 22
    endloop
  endfacet
  facet normal 0.36729 -0.930106 0
    outer loop
      vertex 5.91819 3.94587 22
      vertex 5.73305 3.87276 2
      vertex 5.91819 3.94587 2
    endloop
  endfacet
  facet normal 0.991205 -0.132335 0
    outer loop
      vertex 7.21485 5.60385 22
      vertex 7.24119 5.80114 2
      vertex 7.24119 5.80114 22
    endloop
  endfacet
  facet normal 0.991205 -0.132335 0
    outer loop
      vertex 7.24119 5.80114 2
      vertex 7.21485 5.60385 22
      vertex 7.21485 5.60385 2
    endloop
  endfacet
  facet normal -0.996088 -0.0883703 0
    outer loop
      vertex 2.76979 5.7022 19
      vertex 2.7522 5.90047 22
      vertex 2.7522 5.90047 19
    endloop
  endfacet
  facet normal -0.996088 -0.0883703 0
    outer loop
      vertex 2.7522 5.90047 22
      vertex 2.76979 5.7022 19
      vertex 2.76979 5.7022 22
    endloop
  endfacet
  facet normal -0.759675 0.650303 0
    outer loop
      vertex 3.22766 7.38611 2
      vertex 3.3571 7.53732 22
      vertex 3.3571 7.53732 2
    endloop
  endfacet
  facet normal -0.759675 0.650303 0
    outer loop
      vertex 3.3571 7.53732 22
      vertex 3.22766 7.38611 2
      vertex 3.22766 7.38611 22
    endloop
  endfacet
  facet normal 0.598447 -0.801162 0
    outer loop
      vertex 6.26551 4.13963 2
      vertex 6.42498 4.25875 22
      vertex 6.26551 4.13963 22
    endloop
  endfacet
  facet normal 0.598447 -0.801162 0
    outer loop
      vertex 6.42498 4.25875 22
      vertex 6.26551 4.13963 2
      vertex 6.42498 4.25875 2
    endloop
  endfacet
  facet normal -0.862308 0.506383 0
    outer loop
      vertex 3.01129 7.0524 19
      vertex 3.11209 7.22405 22
      vertex 3.11209 7.22405 19
    endloop
  endfacet
  facet normal -0.862308 0.506383 0
    outer loop
      vertex 3.11209 7.22405 22
      vertex 3.01129 7.0524 19
      vertex 3.01129 7.0524 22
    endloop
  endfacet
  facet normal 0.787713 0.616043 0
    outer loop
      vertex 6.83192 7.30636 22
      vertex 6.7093 7.46315 2
      vertex 6.7093 7.46315 22
    endloop
  endfacet
  facet normal 0.787713 0.616043 0
    outer loop
      vertex 6.7093 7.46315 2
      vertex 6.83192 7.30636 22
      vertex 6.83192 7.30636 2
    endloop
  endfacet
  facet normal -0.903692 -0.428184 0
    outer loop
      vertex 3.01129 4.9476 19
      vertex 2.92606 5.12748 22
      vertex 2.92606 5.12748 19
    endloop
  endfacet
  facet normal -0.903692 -0.428184 0
    outer loop
      vertex 2.92606 5.12748 22
      vertex 3.01129 4.9476 19
      vertex 3.01129 4.9476 22
    endloop
  endfacet
  facet normal -0.633295 -0.77391 0
    outer loop
      vertex 3.49939 4.32349 19
      vertex 3.65344 4.19743 22
      vertex 3.49939 4.32349 22
    endloop
  endfacet
  facet normal -0.633295 -0.77391 -0
    outer loop
      vertex 3.65344 4.19743 22
      vertex 3.49939 4.32349 19
      vertex 3.65344 4.19743 19
    endloop
  endfacet
  facet normal -0.562467 -0.82682 0
    outer loop
      vertex 3.65344 4.19743 19
      vertex 3.81802 4.08547 22
      vertex 3.65344 4.19743 22
    endloop
  endfacet
  facet normal -0.562467 -0.82682 -0
    outer loop
      vertex 3.81802 4.08547 22
      vertex 3.65344 4.19743 19
      vertex 3.81802 4.08547 19
    endloop
  endfacet
  facet normal -0.964958 0.262403 0
    outer loop
      vertex 2.80484 6.49374 19
      vertex 2.85707 6.68581 22
      vertex 2.85707 6.68581 19
    endloop
  endfacet
  facet normal -0.964958 0.262403 0
    outer loop
      vertex 2.85707 6.68581 22
      vertex 2.80484 6.49374 19
      vertex 2.80484 6.49374 22
    endloop
  endfacet
  facet normal -0.240999 -0.970525 0
    outer loop
      vertex 4.36176 3.84242 2
      vertex 4.55494 3.79445 22
      vertex 4.36176 3.84242 22
    endloop
  endfacet
  facet normal -0.240999 -0.970525 -0
    outer loop
      vertex 4.55494 3.79445 22
      vertex 4.36176 3.84242 2
      vertex 4.55494 3.79445 2
    endloop
  endfacet
  facet normal -0.154231 -0.988035 0
    outer loop
      vertex 4.55494 3.79445 2
      vertex 4.75161 3.76375 22
      vertex 4.55494 3.79445 22
    endloop
  endfacet
  facet normal -0.154231 -0.988035 -0
    outer loop
      vertex 4.75161 3.76375 22
      vertex 4.55494 3.79445 2
      vertex 4.75161 3.76375 2
    endloop
  endfacet
  facet normal 0.730154 -0.683282 0
    outer loop
      vertex 6.57329 4.39151 22
      vertex 6.7093 4.53685 2
      vertex 6.7093 4.53685 22
    endloop
  endfacet
  facet normal 0.730154 -0.683282 0
    outer loop
      vertex 6.7093 4.53685 2
      vertex 6.57329 4.39151 22
      vertex 6.57329 4.39151 2
    endloop
  endfacet
  facet normal 0.110426 0.993884 -0
    outer loop
      vertex 5.34706 8.22307 2
      vertex 5.14923 8.24505 22
      vertex 5.34706 8.22307 22
    endloop
  endfacet
  facet normal 0.110426 0.993884 0
    outer loop
      vertex 5.14923 8.24505 22
      vertex 5.34706 8.22307 2
      vertex 5.14923 8.24505 2
    endloop
  endfacet
  facet normal -0.325797 -0.94544 0
    outer loop
      vertex 4.17357 3.90727 2
      vertex 4.36176 3.84242 22
      vertex 4.17357 3.90727 22
    endloop
  endfacet
  facet normal -0.325797 -0.94544 -0
    outer loop
      vertex 4.36176 3.84242 22
      vertex 4.17357 3.90727 2
      vertex 4.36176 3.84242 2
    endloop
  endfacet
  facet normal 0 -0.992232 0.124405
    outer loop
      vertex -15.3 1.96961 17.4527
      vertex -9.81 1.99441 17.6505
      vertex -15.3 1.99441 17.6505
    endloop
  endfacet
  facet normal 0 -0.992232 0.124405
    outer loop
      vertex -9.81 1.99441 17.6505
      vertex -15.3 1.96961 17.4527
      vertex -9.81 1.96961 17.4527
    endloop
  endfacet
  facet normal 0 -0.680128 0.733094
    outer loop
      vertex -15.3 1.43173 16.4035
      vertex -9.81 1.28557 16.2679
      vertex -9.81 1.43173 16.4035
    endloop
  endfacet
  facet normal 0 -0.680128 0.733094
    outer loop
      vertex -9.81 1.28557 16.2679
      vertex -15.3 1.43173 16.4035
      vertex -15.3 1.28557 16.2679
    endloop
  endfacet
  facet normal 0 -0.198112 -0.980179
    outer loop
      vertex -15.3 0.298084 19.7777
      vertex -9.81 0.493514 19.7382
      vertex -9.81 0.298084 19.7777
    endloop
  endfacet
  facet normal -0 -0.198112 -0.980179
    outer loop
      vertex -9.81 0.493514 19.7382
      vertex -15.3 0.298084 19.7777
      vertex -15.3 0.493514 19.7382
    endloop
  endfacet
  facet normal 0 -0.341608 0.939843
    outer loop
      vertex -15.3 0.776869 15.957
      vertex -9.81 0.58951 15.8889
      vertex -9.81 0.776869 15.957
    endloop
  endfacet
  facet normal 0 -0.341608 0.939843
    outer loop
      vertex -9.81 0.58951 15.8889
      vertex -15.3 0.776869 15.957
      vertex -15.3 0.58951 15.8889
    endloop
  endfacet
  facet normal -1 0 0
    outer loop
      vertex -9.81 1.99441 17.6505
      vertex -9.81 1.98448 18.0487
      vertex -9.81 1.99938 17.8499
    endloop
  endfacet
  facet normal -1 0 0
    outer loop
      vertex -9.81 1.96961 17.4527
      vertex -9.81 1.98448 18.0487
      vertex -9.81 1.99441 17.6505
    endloop
  endfacet
  facet normal -1 0 0
    outer loop
      vertex -9.81 1.96961 17.4527
      vertex -9.81 1.94986 18.245
      vertex -9.81 1.98448 18.0487
    endloop
  endfacet
  facet normal -1 0 0
    outer loop
      vertex -9.81 1.92525 17.2583
      vertex -9.81 1.94986 18.245
      vertex -9.81 1.96961 17.4527
    endloop
  endfacet
  facet normal -1 0 0
    outer loop
      vertex -9.81 1.92525 17.2583
      vertex -9.81 1.89585 18.437
      vertex -9.81 1.94986 18.245
    endloop
  endfacet
  facet normal -1 0 0
    outer loop
      vertex -9.81 1.86175 17.0693
      vertex -9.81 1.89585 18.437
      vertex -9.81 1.92525 17.2583
    endloop
  endfacet
  facet normal -1 0 0
    outer loop
      vertex -9.81 1.86175 17.0693
      vertex -9.81 1.82301 18.6226
      vertex -9.81 1.89585 18.437
    endloop
  endfacet
  facet normal -1 0 0
    outer loop
      vertex -9.81 1.77974 16.8876
      vertex -9.81 1.82301 18.6226
      vertex -9.81 1.86175 17.0693
    endloop
  endfacet
  facet normal -1 0 0
    outer loop
      vertex -9.81 1.77974 16.8876
      vertex -9.81 1.73205 18.8
      vertex -9.81 1.82301 18.6226
    endloop
  endfacet
  facet normal -1 0 0
    outer loop
      vertex -9.81 1.68005 16.7149
      vertex -9.81 1.73205 18.8
      vertex -9.81 1.77974 16.8876
    endloop
  endfacet
  facet normal -1 0 0
    outer loop
      vertex -9.81 1.68005 16.7149
      vertex -9.81 1.62388 18.9675
      vertex -9.81 1.73205 18.8
    endloop
  endfacet
  facet normal -1 0 0
    outer loop
      vertex -9.81 1.56366 16.553
      vertex -9.81 1.62388 18.9675
      vertex -9.81 1.68005 16.7149
    endloop
  endfacet
  facet normal -1 0 0
    outer loop
      vertex -9.81 1.56366 16.553
      vertex -9.81 1.49956 19.1234
      vertex -9.81 1.62388 18.9675
    endloop
  endfacet
  facet normal -1 0 0
    outer loop
      vertex -9.81 1.43173 16.4035
      vertex -9.81 1.49956 19.1234
      vertex -9.81 1.56366 16.553
    endloop
  endfacet
  facet normal -1 0 0
    outer loop
      vertex -9.81 1.43173 16.4035
      vertex -9.81 1.36034 19.2661
      vertex -9.81 1.49956 19.1234
    endloop
  endfacet
  facet normal -1 0 0
    outer loop
      vertex -9.81 1.28557 16.2679
      vertex -9.81 1.36034 19.2661
      vertex -9.81 1.43173 16.4035
    endloop
  endfacet
  facet normal -1 0 0
    outer loop
      vertex -9.81 1.28557 16.2679
      vertex -9.81 1.20761 19.3943
      vertex -9.81 1.36034 19.2661
    endloop
  endfacet
  facet normal -1 0 0
    outer loop
      vertex -9.81 1.12664 16.1475
      vertex -9.81 1.20761 19.3943
      vertex -9.81 1.28557 16.2679
    endloop
  endfacet
  facet normal -1 0 0
    outer loop
      vertex -9.81 1.12664 16.1475
      vertex -9.81 1.04287 19.5066
      vertex -9.81 1.20761 19.3943
    endloop
  endfacet
  facet normal -1 0 0
    outer loop
      vertex -9.81 0.956508 16.0436
      vertex -9.81 1.04287 19.5066
      vertex -9.81 1.12664 16.1475
    endloop
  endfacet
  facet normal -1 0 0
    outer loop
      vertex -9.81 0.956508 16.0436
      vertex -9.81 0.867767 19.6019
      vertex -9.81 1.04287 19.5066
    endloop
  endfacet
  facet normal -1 0 0
    outer loop
      vertex -9.81 0.776869 15.957
      vertex -9.81 0.867767 19.6019
      vertex -9.81 0.956508 16.0436
    endloop
  endfacet
  facet normal -1 0 0
    outer loop
      vertex -9.81 0.776869 15.957
      vertex -9.81 0.68404 19.6794
      vertex -9.81 0.867767 19.6019
    endloop
  endfacet
  facet normal -1 0 0
    outer loop
      vertex -9.81 0.58951 15.8889
      vertex -9.81 0.68404 19.6794
      vertex -9.81 0.776869 15.957
    endloop
  endfacet
  facet normal -1 0 0
    outer loop
      vertex -9.81 0.58951 15.8889
      vertex -9.81 0.493514 19.7382
      vertex -9.81 0.68404 19.6794
    endloop
  endfacet
  facet normal -1 0 0
    outer loop
      vertex -9.81 0.396292 15.8397
      vertex -9.81 0.493514 19.7382
      vertex -9.81 0.58951 15.8889
    endloop
  endfacet
  facet normal -1 0 0
    outer loop
      vertex -9.81 0.396292 15.8397
      vertex -9.81 0.298084 19.7777
      vertex -9.81 0.493514 19.7382
    endloop
  endfacet
  facet normal -1 0 0
    outer loop
      vertex -9.81 0.199135 15.8099
      vertex -9.81 0.298084 19.7777
      vertex -9.81 0.396292 15.8397
    endloop
  endfacet
  facet normal -1 0 0
    outer loop
      vertex -9.81 0.199135 15.8099
      vertex -9.81 0.0996914 19.7975
      vertex -9.81 0.298084 19.7777
    endloop
  endfacet
  facet normal -1 0 0
    outer loop
      vertex -9.81 0 15.8
      vertex -9.81 0.0996914 19.7975
      vertex -9.81 0.199135 15.8099
    endloop
  endfacet
  facet normal -1 0 0
    outer loop
      vertex -9.81 0 15.8
      vertex -9.81 -0.0996914 19.7975
      vertex -9.81 0.0996914 19.7975
    endloop
  endfacet
  facet normal -1 0 0
    outer loop
      vertex -9.81 -0.199135 15.8099
      vertex -9.81 -0.0996914 19.7975
      vertex -9.81 0 15.8
    endloop
  endfacet
  facet normal -1 0 0
    outer loop
      vertex -9.81 -0.199135 15.8099
      vertex -9.81 -0.298084 19.7777
      vertex -9.81 -0.0996914 19.7975
    endloop
  endfacet
  facet normal -1 0 0
    outer loop
      vertex -9.81 -0.396292 15.8397
      vertex -9.81 -0.298084 19.7777
      vertex -9.81 -0.199135 15.8099
    endloop
  endfacet
  facet normal -1 0 0
    outer loop
      vertex -9.81 -0.396292 15.8397
      vertex -9.81 -0.493514 19.7382
      vertex -9.81 -0.298084 19.7777
    endloop
  endfacet
  facet normal -1 0 0
    outer loop
      vertex -9.81 -0.58951 15.8889
      vertex -9.81 -0.493514 19.7382
      vertex -9.81 -0.396292 15.8397
    endloop
  endfacet
  facet normal -1 0 0
    outer loop
      vertex -9.81 -0.58951 15.8889
      vertex -9.81 -0.68404 19.6794
      vertex -9.81 -0.493514 19.7382
    endloop
  endfacet
  facet normal -1 0 0
    outer loop
      vertex -9.81 -0.776869 15.957
      vertex -9.81 -0.68404 19.6794
      vertex -9.81 -0.58951 15.8889
    endloop
  endfacet
  facet normal -1 0 0
    outer loop
      vertex -9.81 -0.776869 15.957
      vertex -9.81 -0.867767 19.6019
      vertex -9.81 -0.68404 19.6794
    endloop
  endfacet
  facet normal -1 0 0
    outer loop
      vertex -9.81 -0.956508 16.0436
      vertex -9.81 -0.867767 19.6019
      vertex -9.81 -0.776869 15.957
    endloop
  endfacet
  facet normal -1 0 0
    outer loop
      vertex -9.81 -0.956508 16.0436
      vertex -9.81 -1.04287 19.5066
      vertex -9.81 -0.867767 19.6019
    endloop
  endfacet
  facet normal -1 0 0
    outer loop
      vertex -9.81 -1.12664 16.1475
      vertex -9.81 -1.04287 19.5066
      vertex -9.81 -0.956508 16.0436
    endloop
  endfacet
  facet normal -1 0 0
    outer loop
      vertex -9.81 -1.12664 16.1475
      vertex -9.81 -1.20761 19.3943
      vertex -9.81 -1.04287 19.5066
    endloop
  endfacet
  facet normal -1 0 0
    outer loop
      vertex -9.81 -1.28557 16.2679
      vertex -9.81 -1.20761 19.3943
      vertex -9.81 -1.12664 16.1475
    endloop
  endfacet
  facet normal -1 0 0
    outer loop
      vertex -9.81 -1.28557 16.2679
      vertex -9.81 -1.36034 19.2661
      vertex -9.81 -1.20761 19.3943
    endloop
  endfacet
  facet normal -1 0 0
    outer loop
      vertex -9.81 -1.43173 16.4035
      vertex -9.81 -1.36034 19.2661
      vertex -9.81 -1.28557 16.2679
    endloop
  endfacet
  facet normal -1 0 0
    outer loop
      vertex -9.81 -1.43173 16.4035
      vertex -9.81 -1.49956 19.1234
      vertex -9.81 -1.36034 19.2661
    endloop
  endfacet
  facet normal -1 0 0
    outer loop
      vertex -9.81 -1.56366 16.553
      vertex -9.81 -1.49956 19.1234
      vertex -9.81 -1.43173 16.4035
    endloop
  endfacet
  facet normal -1 0 0
    outer loop
      vertex -9.81 -1.56366 16.553
      vertex -9.81 -1.62388 18.9675
      vertex -9.81 -1.49956 19.1234
    endloop
  endfacet
  facet normal -1 0 0
    outer loop
      vertex -9.81 -1.68005 16.7149
      vertex -9.81 -1.62388 18.9675
      vertex -9.81 -1.56366 16.553
    endloop
  endfacet
  facet normal -1 0 0
    outer loop
      vertex -9.81 -1.68005 16.7149
      vertex -9.81 -1.73205 18.8
      vertex -9.81 -1.62388 18.9675
    endloop
  endfacet
  facet normal -1 0 0
    outer loop
      vertex -9.81 -1.77974 16.8876
      vertex -9.81 -1.73205 18.8
      vertex -9.81 -1.68005 16.7149
    endloop
  endfacet
  facet normal -1 0 0
    outer loop
      vertex -9.81 -1.77974 16.8876
      vertex -9.81 -1.82301 18.6226
      vertex -9.81 -1.73205 18.8
    endloop
  endfacet
  facet normal -1 0 0
    outer loop
      vertex -9.81 -1.86175 17.0693
      vertex -9.81 -1.82301 18.6226
      vertex -9.81 -1.77974 16.8876
    endloop
  endfacet
  facet normal -1 0 0
    outer loop
      vertex -9.81 -1.86175 17.0693
      vertex -9.81 -1.89585 18.437
      vertex -9.81 -1.82301 18.6226
    endloop
  endfacet
  facet normal -1 0 0
    outer loop
      vertex -9.81 -1.92525 17.2583
      vertex -9.81 -1.89585 18.437
      vertex -9.81 -1.86175 17.0693
    endloop
  endfacet
  facet normal -1 0 0
    outer loop
      vertex -9.81 -1.92525 17.2583
      vertex -9.81 -1.94986 18.245
      vertex -9.81 -1.89585 18.437
    endloop
  endfacet
  facet normal -1 0 0
    outer loop
      vertex -9.81 -1.96961 17.4527
      vertex -9.81 -1.94986 18.245
      vertex -9.81 -1.92525 17.2583
    endloop
  endfacet
  facet normal -1 0 0
    outer loop
      vertex -9.81 -1.96961 17.4527
      vertex -9.81 -1.98448 18.0487
      vertex -9.81 -1.94986 18.245
    endloop
  endfacet
  facet normal -1 0 0
    outer loop
      vertex -9.81 -1.99441 17.6505
      vertex -9.81 -1.98448 18.0487
      vertex -9.81 -1.96961 17.4527
    endloop
  endfacet
  facet normal -1 0 0
    outer loop
      vertex -9.81 -1.98448 18.0487
      vertex -9.81 -1.99441 17.6505
      vertex -9.81 -1.99938 17.8499
    endloop
  endfacet
  facet normal 0 -0.911461 0.411386
    outer loop
      vertex -15.3 1.77974 16.8876
      vertex -9.81 1.86175 17.0693
      vertex -15.3 1.86175 17.0693
    endloop
  endfacet
  facet normal 0 -0.911461 0.411386
    outer loop
      vertex -9.81 1.86175 17.0693
      vertex -15.3 1.77974 16.8876
      vertex -9.81 1.77974 16.8876
    endloop
  endfacet
  facet normal 0 0.947928 0.318484
    outer loop
      vertex -9.81 -1.86175 17.0693
      vertex -15.3 -1.92525 17.2583
      vertex -9.81 -1.92525 17.2583
    endloop
  endfacet
  facet normal 0 0.947928 0.318484
    outer loop
      vertex -15.3 -1.92525 17.2583
      vertex -9.81 -1.86175 17.0693
      vertex -15.3 -1.86175 17.0693
    endloop
  endfacet
  facet normal 0 0.997203 -0.0747401
    outer loop
      vertex -9.81 -1.99938 17.8499
      vertex -15.3 -1.98448 18.0487
      vertex -9.81 -1.98448 18.0487
    endloop
  endfacet
  facet normal 0 0.997203 -0.0747401
    outer loop
      vertex -15.3 -1.98448 18.0487
      vertex -9.81 -1.99938 17.8499
      vertex -15.3 -1.99938 17.8499
    endloop
  endfacet
  facet normal 0 0.749792 0.661673
    outer loop
      vertex -9.81 -1.43173 16.4035
      vertex -15.3 -1.56366 16.553
      vertex -9.81 -1.56366 16.553
    endloop
  endfacet
  facet normal 0 0.749792 0.661673
    outer loop
      vertex -15.3 -1.56366 16.553
      vertex -9.81 -1.43173 16.4035
      vertex -15.3 -1.43173 16.4035
    endloop
  endfacet
  facet normal 0 -0.947928 0.318484
    outer loop
      vertex -15.3 1.86175 17.0693
      vertex -9.81 1.92525 17.2583
      vertex -15.3 1.92525 17.2583
    endloop
  endfacet
  facet normal 0 -0.947928 0.318484
    outer loop
      vertex -9.81 1.92525 17.2583
      vertex -15.3 1.86175 17.0693
      vertex -9.81 1.86175 17.0693
    endloop
  endfacet
  facet normal 0 -0.962638 -0.270792
    outer loop
      vertex -15.3 1.94986 18.245
      vertex -9.81 1.89585 18.437
      vertex -15.3 1.89585 18.437
    endloop
  endfacet
  facet normal 0 -0.962638 -0.270792
    outer loop
      vertex -9.81 1.89585 18.437
      vertex -15.3 1.94986 18.245
      vertex -9.81 1.94986 18.245
    endloop
  endfacet
  facet normal 0 -0.294895 -0.95553
    outer loop
      vertex -15.3 0.493514 19.7382
      vertex -9.81 0.68404 19.6794
      vertex -9.81 0.493514 19.7382
    endloop
  endfacet
  facet normal -0 -0.294895 -0.95553
    outer loop
      vertex -9.81 0.68404 19.6794
      vertex -15.3 0.493514 19.7382
      vertex -15.3 0.68404 19.6794
    endloop
  endfacet
  facet normal 0 0.781846 -0.623471
    outer loop
      vertex -9.81 -1.62388 18.9675
      vertex -15.3 -1.49956 19.1234
      vertex -9.81 -1.49956 19.1234
    endloop
  endfacet
  facet normal 0 0.781846 -0.623471
    outer loop
      vertex -15.3 -1.49956 19.1234
      vertex -9.81 -1.62388 18.9675
      vertex -15.3 -1.62388 18.9675
    endloop
  endfacet
  facet normal 0 -0.521196 0.853437
    outer loop
      vertex -15.3 1.12664 16.1475
      vertex -9.81 0.956508 16.0436
      vertex -9.81 1.12664 16.1475
    endloop
  endfacet
  facet normal 0 -0.521196 0.853437
    outer loop
      vertex -9.81 0.956508 16.0436
      vertex -15.3 1.12664 16.1475
      vertex -15.3 0.956508 16.0436
    endloop
  endfacet
  facet normal 0 -0.0496537 0.998766
    outer loop
      vertex -15.3 0.199135 15.8099
      vertex -9.81 0 15.8
      vertex -9.81 0.199135 15.8099
    endloop
  endfacet
  facet normal 0 -0.0496537 0.998766
    outer loop
      vertex -9.81 0 15.8
      vertex -15.3 0.199135 15.8099
      vertex -15.3 0 15.8
    endloop
  endfacet
  facet normal -0 0.149451 0.988769
    outer loop
      vertex -15.3 -0.199135 15.8099
      vertex -9.81 -0.396292 15.8397
      vertex -9.81 -0.199135 15.8099
    endloop
  endfacet
  facet normal 0 0.149451 0.988769
    outer loop
      vertex -9.81 -0.396292 15.8397
      vertex -15.3 -0.199135 15.8099
      vertex -15.3 -0.396292 15.8397
    endloop
  endfacet
  facet normal 0 -0.149451 0.988769
    outer loop
      vertex -15.3 0.396292 15.8397
      vertex -9.81 0.199135 15.8099
      vertex -9.81 0.396292 15.8397
    endloop
  endfacet
  facet normal 0 -0.149451 0.988769
    outer loop
      vertex -9.81 0.199135 15.8099
      vertex -15.3 0.396292 15.8397
      vertex -15.3 0.199135 15.8099
    endloop
  endfacet
  facet normal 0 -0.997203 -0.0747401
    outer loop
      vertex -15.3 1.99938 17.8499
      vertex -9.81 1.98448 18.0487
      vertex -15.3 1.98448 18.0487
    endloop
  endfacet
  facet normal 0 -0.997203 -0.0747401
    outer loop
      vertex -9.81 1.98448 18.0487
      vertex -15.3 1.99938 17.8499
      vertex -9.81 1.99938 17.8499
    endloop
  endfacet
  facet normal -0 0.603853 0.797096
    outer loop
      vertex -15.3 -1.12664 16.1475
      vertex -9.81 -1.28557 16.2679
      vertex -9.81 -1.12664 16.1475
    endloop
  endfacet
  facet normal 0 0.603853 0.797096
    outer loop
      vertex -9.81 -1.28557 16.2679
      vertex -15.3 -1.12664 16.1475
      vertex -15.3 -1.28557 16.2679
    endloop
  endfacet
  facet normal -0 0.0496537 0.998766
    outer loop
      vertex -15.3 0 15.8
      vertex -9.81 -0.199135 15.8099
      vertex -9.81 0 15.8
    endloop
  endfacet
  facet normal 0 0.0496537 0.998766
    outer loop
      vertex -9.81 -0.199135 15.8099
      vertex -15.3 0 15.8
      vertex -15.3 -0.199135 15.8099
    endloop
  endfacet
  facet normal 0 -0.866065 0.499931
    outer loop
      vertex -15.3 1.68005 16.7149
      vertex -9.81 1.77974 16.8876
      vertex -15.3 1.77974 16.8876
    endloop
  endfacet
  facet normal 0 -0.866065 0.499931
    outer loop
      vertex -9.81 1.77974 16.8876
      vertex -15.3 1.68005 16.7149
      vertex -9.81 1.68005 16.7149
    endloop
  endfacet
  facet normal 0 -0.24676 0.969077
    outer loop
      vertex -15.3 0.58951 15.8889
      vertex -9.81 0.396292 15.8397
      vertex -9.81 0.58951 15.8889
    endloop
  endfacet
  facet normal 0 -0.24676 0.969077
    outer loop
      vertex -9.81 0.396292 15.8397
      vertex -15.3 0.58951 15.8889
      vertex -15.3 0.396292 15.8397
    endloop
  endfacet
  facet normal 0 -0.749792 0.661673
    outer loop
      vertex -15.3 1.43173 16.4035
      vertex -9.81 1.56366 16.553
      vertex -15.3 1.56366 16.553
    endloop
  endfacet
  facet normal 0 -0.749792 0.661673
    outer loop
      vertex -9.81 1.56366 16.553
      vertex -15.3 1.43173 16.4035
      vertex -9.81 1.43173 16.4035
    endloop
  endfacet
  facet normal 0 0.0993088 -0.995057
    outer loop
      vertex -15.3 -0.298084 19.7777
      vertex -9.81 -0.0996914 19.7975
      vertex -9.81 -0.298084 19.7777
    endloop
  endfacet
  facet normal 0 0.0993088 -0.995057
    outer loop
      vertex -9.81 -0.0996914 19.7975
      vertex -15.3 -0.298084 19.7777
      vertex -15.3 -0.0996914 19.7975
    endloop
  endfacet
  facet normal 0 -0.715781 -0.698325
    outer loop
      vertex -15.3 1.49956 19.1234
      vertex -9.81 1.36034 19.2661
      vertex -15.3 1.36034 19.2661
    endloop
  endfacet
  facet normal 0 -0.715781 -0.698325
    outer loop
      vertex -9.81 1.36034 19.2661
      vertex -15.3 1.49956 19.1234
      vertex -9.81 1.49956 19.1234
    endloop
  endfacet
  facet normal 0 0.911461 0.411386
    outer loop
      vertex -9.81 -1.77974 16.8876
      vertex -15.3 -1.86175 17.0693
      vertex -9.81 -1.86175 17.0693
    endloop
  endfacet
  facet normal 0 0.911461 0.411386
    outer loop
      vertex -15.3 -1.86175 17.0693
      vertex -9.81 -1.77974 16.8876
      vertex -15.3 -1.77974 16.8876
    endloop
  endfacet
  facet normal 0 0.388659 -0.921382
    outer loop
      vertex -15.3 -0.867767 19.6019
      vertex -9.81 -0.68404 19.6794
      vertex -9.81 -0.867767 19.6019
    endloop
  endfacet
  facet normal 0 0.388659 -0.921382
    outer loop
      vertex -9.81 -0.68404 19.6794
      vertex -15.3 -0.867767 19.6019
      vertex -15.3 -0.68404 19.6794
    endloop
  endfacet
  facet normal -0 0.680128 0.733094
    outer loop
      vertex -15.3 -1.28557 16.2679
      vertex -9.81 -1.43173 16.4035
      vertex -9.81 -1.28557 16.2679
    endloop
  endfacet
  facet normal 0 0.680128 0.733094
    outer loop
      vertex -9.81 -1.43173 16.4035
      vertex -15.3 -1.28557 16.2679
      vertex -15.3 -1.43173 16.4035
    endloop
  endfacet
  facet normal 0 0.962638 -0.270792
    outer loop
      vertex -9.81 -1.94986 18.245
      vertex -15.3 -1.89585 18.437
      vertex -9.81 -1.89585 18.437
    endloop
  endfacet
  facet normal 0 0.962638 -0.270792
    outer loop
      vertex -15.3 -1.89585 18.437
      vertex -9.81 -1.94986 18.245
      vertex -15.3 -1.94986 18.245
    endloop
  endfacet
  facet normal 0 0.642918 -0.765935
    outer loop
      vertex -15.3 -1.36034 19.2661
      vertex -9.81 -1.20761 19.3943
      vertex -9.81 -1.36034 19.2661
    endloop
  endfacet
  facet normal 0 0.642918 -0.765935
    outer loop
      vertex -9.81 -1.20761 19.3943
      vertex -15.3 -1.36034 19.2661
      vertex -15.3 -1.20761 19.3943
    endloop
  endfacet
  facet normal 0 0.294895 -0.95553
    outer loop
      vertex -15.3 -0.68404 19.6794
      vertex -9.81 -0.493514 19.7382
      vertex -9.81 -0.68404 19.6794
    endloop
  endfacet
  facet normal 0 0.294895 -0.95553
    outer loop
      vertex -9.81 -0.493514 19.7382
      vertex -15.3 -0.68404 19.6794
      vertex -15.3 -0.493514 19.7382
    endloop
  endfacet
  facet normal 0 0.840056 -0.5425
    outer loop
      vertex -9.81 -1.73205 18.8
      vertex -15.3 -1.62388 18.9675
      vertex -9.81 -1.62388 18.9675
    endloop
  endfacet
  facet normal 0 0.840056 -0.5425
    outer loop
      vertex -15.3 -1.62388 18.9675
      vertex -9.81 -1.73205 18.8
      vertex -15.3 -1.73205 18.8
    endloop
  endfacet
  facet normal 0 -0.984802 -0.173682
    outer loop
      vertex -15.3 1.98448 18.0487
      vertex -9.81 1.94986 18.245
      vertex -15.3 1.94986 18.245
    endloop
  endfacet
  facet normal 0 -0.984802 -0.173682
    outer loop
      vertex -9.81 1.94986 18.245
      vertex -15.3 1.98448 18.0487
      vertex -9.81 1.98448 18.0487
    endloop
  endfacet
  facet normal -0 0.434252 0.900792
    outer loop
      vertex -15.3 -0.776869 15.957
      vertex -9.81 -0.956508 16.0436
      vertex -9.81 -0.776869 15.957
    endloop
  endfacet
  facet normal 0 0.434252 0.900792
    outer loop
      vertex -9.81 -0.956508 16.0436
      vertex -15.3 -0.776869 15.957
      vertex -15.3 -0.956508 16.0436
    endloop
  endfacet
  facet normal 0 0.715781 -0.698325
    outer loop
      vertex -9.81 -1.49956 19.1234
      vertex -15.3 -1.36034 19.2661
      vertex -9.81 -1.36034 19.2661
    endloop
  endfacet
  facet normal 0 0.715781 -0.698325
    outer loop
      vertex -15.3 -1.36034 19.2661
      vertex -9.81 -1.49956 19.1234
      vertex -15.3 -1.49956 19.1234
    endloop
  endfacet
  facet normal -0 0.341608 0.939843
    outer loop
      vertex -15.3 -0.58951 15.8889
      vertex -9.81 -0.776869 15.957
      vertex -9.81 -0.58951 15.8889
    endloop
  endfacet
  facet normal 0 0.341608 0.939843
    outer loop
      vertex -9.81 -0.776869 15.957
      vertex -15.3 -0.58951 15.8889
      vertex -15.3 -0.776869 15.957
    endloop
  endfacet
  facet normal 0 -0.0993088 -0.995057
    outer loop
      vertex -15.3 0.0996914 19.7975
      vertex -9.81 0.298084 19.7777
      vertex -9.81 0.0996914 19.7975
    endloop
  endfacet
  facet normal -0 -0.0993088 -0.995057
    outer loop
      vertex -9.81 0.298084 19.7777
      vertex -15.3 0.0996914 19.7975
      vertex -15.3 0.298084 19.7777
    endloop
  endfacet
  facet normal 0 -0.811957 0.583717
    outer loop
      vertex -15.3 1.56366 16.553
      vertex -9.81 1.68005 16.7149
      vertex -15.3 1.68005 16.7149
    endloop
  endfacet
  facet normal 0 -0.811957 0.583717
    outer loop
      vertex -9.81 1.68005 16.7149
      vertex -15.3 1.56366 16.553
      vertex -9.81 1.56366 16.553
    endloop
  endfacet
  facet normal 0 0.992232 0.124405
    outer loop
      vertex -9.81 -1.96961 17.4527
      vertex -15.3 -1.99441 17.6505
      vertex -9.81 -1.99441 17.6505
    endloop
  endfacet
  facet normal 0 0.992232 0.124405
    outer loop
      vertex -15.3 -1.99441 17.6505
      vertex -9.81 -1.96961 17.4527
      vertex -15.3 -1.96961 17.4527
    endloop
  endfacet
  facet normal 0 0.811957 0.583717
    outer loop
      vertex -9.81 -1.56366 16.553
      vertex -15.3 -1.68005 16.7149
      vertex -9.81 -1.68005 16.7149
    endloop
  endfacet
  facet normal 0 0.811957 0.583717
    outer loop
      vertex -15.3 -1.68005 16.7149
      vertex -9.81 -1.56366 16.553
      vertex -15.3 -1.56366 16.553
    endloop
  endfacet
  facet normal 0 -0.434252 0.900792
    outer loop
      vertex -15.3 0.956508 16.0436
      vertex -9.81 0.776869 15.957
      vertex -9.81 0.956508 16.0436
    endloop
  endfacet
  facet normal 0 -0.434252 0.900792
    outer loop
      vertex -9.81 0.776869 15.957
      vertex -15.3 0.956508 16.0436
      vertex -15.3 0.776869 15.957
    endloop
  endfacet
  facet normal 0 -0.974939 0.222471
    outer loop
      vertex -15.3 1.92525 17.2583
      vertex -9.81 1.96961 17.4527
      vertex -15.3 1.96961 17.4527
    endloop
  endfacet
  facet normal 0 -0.974939 0.222471
    outer loop
      vertex -9.81 1.96961 17.4527
      vertex -15.3 1.92525 17.2583
      vertex -9.81 1.92525 17.2583
    endloop
  endfacet
  facet normal 0 -0.603853 0.797096
    outer loop
      vertex -15.3 1.28557 16.2679
      vertex -9.81 1.12664 16.1475
      vertex -9.81 1.28557 16.2679
    endloop
  endfacet
  facet normal 0 -0.603853 0.797096
    outer loop
      vertex -9.81 1.12664 16.1475
      vertex -15.3 1.28557 16.2679
      vertex -15.3 1.12664 16.1475
    endloop
  endfacet
  facet normal 0 -0.781846 -0.623471
    outer loop
      vertex -15.3 1.62388 18.9675
      vertex -9.81 1.49956 19.1234
      vertex -15.3 1.49956 19.1234
    endloop
  endfacet
  facet normal 0 -0.781846 -0.623471
    outer loop
      vertex -9.81 1.49956 19.1234
      vertex -15.3 1.62388 18.9675
      vertex -9.81 1.62388 18.9675
    endloop
  endfacet
  facet normal 0 -0.642918 -0.765935
    outer loop
      vertex -15.3 1.20761 19.3943
      vertex -9.81 1.36034 19.2661
      vertex -9.81 1.20761 19.3943
    endloop
  endfacet
  facet normal -0 -0.642918 -0.765935
    outer loop
      vertex -9.81 1.36034 19.2661
      vertex -15.3 1.20761 19.3943
      vertex -15.3 1.36034 19.2661
    endloop
  endfacet
  facet normal 0 0.974939 0.222471
    outer loop
      vertex -9.81 -1.92525 17.2583
      vertex -15.3 -1.96961 17.4527
      vertex -9.81 -1.96961 17.4527
    endloop
  endfacet
  facet normal 0 0.974939 0.222471
    outer loop
      vertex -15.3 -1.96961 17.4527
      vertex -9.81 -1.92525 17.2583
      vertex -15.3 -1.92525 17.2583
    endloop
  endfacet
  facet normal 0 0 -1
    outer loop
      vertex -15.3 -0.0996914 19.7975
      vertex -9.81 0.0996914 19.7975
      vertex -9.81 -0.0996914 19.7975
    endloop
  endfacet
  facet normal -0 0 -1
    outer loop
      vertex -9.81 0.0996914 19.7975
      vertex -15.3 -0.0996914 19.7975
      vertex -15.3 0.0996914 19.7975
    endloop
  endfacet
  facet normal 0 0.99969 0.024917
    outer loop
      vertex -9.81 -1.99441 17.6505
      vertex -15.3 -1.99938 17.8499
      vertex -9.81 -1.99938 17.8499
    endloop
  endfacet
  facet normal 0 0.99969 0.024917
    outer loop
      vertex -15.3 -1.99938 17.8499
      vertex -9.81 -1.99441 17.6505
      vertex -15.3 -1.99441 17.6505
    endloop
  endfacet
  facet normal 0 -0.99969 0.024917
    outer loop
      vertex -15.3 1.99441 17.6505
      vertex -9.81 1.99938 17.8499
      vertex -15.3 1.99938 17.8499
    endloop
  endfacet
  facet normal 0 -0.99969 0.024917
    outer loop
      vertex -9.81 1.99938 17.8499
      vertex -15.3 1.99441 17.6505
      vertex -9.81 1.99441 17.6505
    endloop
  endfacet
  facet normal 0 -0.930878 -0.36533
    outer loop
      vertex -15.3 1.89585 18.437
      vertex -9.81 1.82301 18.6226
      vertex -15.3 1.82301 18.6226
    endloop
  endfacet
  facet normal 0 -0.930878 -0.36533
    outer loop
      vertex -9.81 1.82301 18.6226
      vertex -15.3 1.89585 18.437
      vertex -9.81 1.89585 18.437
    endloop
  endfacet
  facet normal 0 -0.563259 -0.82628
    outer loop
      vertex -15.3 1.04287 19.5066
      vertex -9.81 1.20761 19.3943
      vertex -9.81 1.04287 19.5066
    endloop
  endfacet
  facet normal -0 -0.563259 -0.82628
    outer loop
      vertex -9.81 1.20761 19.3943
      vertex -15.3 1.04287 19.5066
      vertex -15.3 1.20761 19.3943
    endloop
  endfacet
  facet normal -0 0.24676 0.969077
    outer loop
      vertex -15.3 -0.396292 15.8397
      vertex -9.81 -0.58951 15.8889
      vertex -9.81 -0.396292 15.8397
    endloop
  endfacet
  facet normal 0 0.24676 0.969077
    outer loop
      vertex -9.81 -0.58951 15.8889
      vertex -15.3 -0.396292 15.8397
      vertex -15.3 -0.58951 15.8889
    endloop
  endfacet
  facet normal 0 0.889847 -0.45626
    outer loop
      vertex -9.81 -1.82301 18.6226
      vertex -15.3 -1.73205 18.8
      vertex -9.81 -1.73205 18.8
    endloop
  endfacet
  facet normal 0 0.889847 -0.45626
    outer loop
      vertex -15.3 -1.73205 18.8
      vertex -9.81 -1.82301 18.6226
      vertex -15.3 -1.82301 18.6226
    endloop
  endfacet
  facet normal 0 0.563259 -0.82628
    outer loop
      vertex -15.3 -1.20761 19.3943
      vertex -9.81 -1.04287 19.5066
      vertex -9.81 -1.20761 19.3943
    endloop
  endfacet
  facet normal 0 0.563259 -0.82628
    outer loop
      vertex -9.81 -1.04287 19.5066
      vertex -15.3 -1.20761 19.3943
      vertex -15.3 -1.04287 19.5066
    endloop
  endfacet
  facet normal 0 -0.840056 -0.5425
    outer loop
      vertex -15.3 1.73205 18.8
      vertex -9.81 1.62388 18.9675
      vertex -15.3 1.62388 18.9675
    endloop
  endfacet
  facet normal 0 -0.840056 -0.5425
    outer loop
      vertex -9.81 1.62388 18.9675
      vertex -15.3 1.73205 18.8
      vertex -9.81 1.73205 18.8
    endloop
  endfacet
  facet normal 0 0.866065 0.499931
    outer loop
      vertex -9.81 -1.68005 16.7149
      vertex -15.3 -1.77974 16.8876
      vertex -9.81 -1.77974 16.8876
    endloop
  endfacet
  facet normal 0 0.866065 0.499931
    outer loop
      vertex -15.3 -1.77974 16.8876
      vertex -9.81 -1.68005 16.7149
      vertex -15.3 -1.68005 16.7149
    endloop
  endfacet
  facet normal 0 0.198112 -0.980179
    outer loop
      vertex -15.3 -0.493514 19.7382
      vertex -9.81 -0.298084 19.7777
      vertex -9.81 -0.493514 19.7382
    endloop
  endfacet
  facet normal 0 0.198112 -0.980179
    outer loop
      vertex -9.81 -0.298084 19.7777
      vertex -15.3 -0.493514 19.7382
      vertex -15.3 -0.298084 19.7777
    endloop
  endfacet
  facet normal 0 0.478037 -0.87834
    outer loop
      vertex -15.3 -1.04287 19.5066
      vertex -9.81 -0.867767 19.6019
      vertex -9.81 -1.04287 19.5066
    endloop
  endfacet
  facet normal 0 0.478037 -0.87834
    outer loop
      vertex -9.81 -0.867767 19.6019
      vertex -15.3 -1.04287 19.5066
      vertex -15.3 -0.867767 19.6019
    endloop
  endfacet
  facet normal -0 0.521196 0.853437
    outer loop
      vertex -15.3 -0.956508 16.0436
      vertex -9.81 -1.12664 16.1475
      vertex -9.81 -0.956508 16.0436
    endloop
  endfacet
  facet normal 0 0.521196 0.853437
    outer loop
      vertex -9.81 -1.12664 16.1475
      vertex -15.3 -0.956508 16.0436
      vertex -15.3 -1.12664 16.1475
    endloop
  endfacet
  facet normal 0 0.984802 -0.173682
    outer loop
      vertex -9.81 -1.98448 18.0487
      vertex -15.3 -1.94986 18.245
      vertex -9.81 -1.94986 18.245
    endloop
  endfacet
  facet normal 0 0.984802 -0.173682
    outer loop
      vertex -15.3 -1.94986 18.245
      vertex -9.81 -1.98448 18.0487
      vertex -15.3 -1.98448 18.0487
    endloop
  endfacet
  facet normal 0 -0.889847 -0.45626
    outer loop
      vertex -15.3 1.82301 18.6226
      vertex -9.81 1.73205 18.8
      vertex -15.3 1.73205 18.8
    endloop
  endfacet
  facet normal 0 -0.889847 -0.45626
    outer loop
      vertex -9.81 1.73205 18.8
      vertex -15.3 1.82301 18.6226
      vertex -9.81 1.82301 18.6226
    endloop
  endfacet
  facet normal 0 -0.478037 -0.87834
    outer loop
      vertex -15.3 0.867767 19.6019
      vertex -9.81 1.04287 19.5066
      vertex -9.81 0.867767 19.6019
    endloop
  endfacet
  facet normal -0 -0.478037 -0.87834
    outer loop
      vertex -9.81 1.04287 19.5066
      vertex -15.3 0.867767 19.6019
      vertex -15.3 1.04287 19.5066
    endloop
  endfacet
  facet normal 0 0.930878 -0.36533
    outer loop
      vertex -9.81 -1.89585 18.437
      vertex -15.3 -1.82301 18.6226
      vertex -9.81 -1.82301 18.6226
    endloop
  endfacet
  facet normal 0 0.930878 -0.36533
    outer loop
      vertex -15.3 -1.82301 18.6226
      vertex -9.81 -1.89585 18.437
      vertex -15.3 -1.89585 18.437
    endloop
  endfacet
  facet normal 0 -0.388659 -0.921382
    outer loop
      vertex -15.3 0.68404 19.6794
      vertex -9.81 0.867767 19.6019
      vertex -9.81 0.68404 19.6794
    endloop
  endfacet
  facet normal -0 -0.388659 -0.921382
    outer loop
      vertex -9.81 0.867767 19.6019
      vertex -15.3 0.68404 19.6794
      vertex -15.3 0.867767 19.6019
    endloop
  endfacet
  facet normal 0 -0.992232 0.124405
    outer loop
      vertex 9.81 1.96961 17.4527
      vertex 15.3 1.99441 17.6505
      vertex 9.81 1.99441 17.6505
    endloop
  endfacet
  facet normal 0 -0.992232 0.124405
    outer loop
      vertex 15.3 1.99441 17.6505
      vertex 9.81 1.96961 17.4527
      vertex 15.3 1.96961 17.4527
    endloop
  endfacet
  facet normal 0 -0.680128 0.733094
    outer loop
      vertex 9.81 1.43173 16.4035
      vertex 15.3 1.28557 16.2679
      vertex 15.3 1.43173 16.4035
    endloop
  endfacet
  facet normal 0 -0.680128 0.733094
    outer loop
      vertex 15.3 1.28557 16.2679
      vertex 9.81 1.43173 16.4035
      vertex 9.81 1.28557 16.2679
    endloop
  endfacet
  facet normal 1 0 0
    outer loop
      vertex 9.81 1.98448 18.0487
      vertex 9.81 1.99441 17.6505
      vertex 9.81 1.99938 17.8499
    endloop
  endfacet
  facet normal 1 0 0
    outer loop
      vertex 9.81 1.98448 18.0487
      vertex 9.81 1.96961 17.4527
      vertex 9.81 1.99441 17.6505
    endloop
  endfacet
  facet normal 1 0 0
    outer loop
      vertex 9.81 1.94986 18.245
      vertex 9.81 1.96961 17.4527
      vertex 9.81 1.98448 18.0487
    endloop
  endfacet
  facet normal 1 0 0
    outer loop
      vertex 9.81 1.94986 18.245
      vertex 9.81 1.92525 17.2583
      vertex 9.81 1.96961 17.4527
    endloop
  endfacet
  facet normal 1 0 0
    outer loop
      vertex 9.81 1.89585 18.437
      vertex 9.81 1.92525 17.2583
      vertex 9.81 1.94986 18.245
    endloop
  endfacet
  facet normal 1 0 0
    outer loop
      vertex 9.81 1.89585 18.437
      vertex 9.81 1.86175 17.0693
      vertex 9.81 1.92525 17.2583
    endloop
  endfacet
  facet normal 1 0 0
    outer loop
      vertex 9.81 1.82301 18.6226
      vertex 9.81 1.86175 17.0693
      vertex 9.81 1.89585 18.437
    endloop
  endfacet
  facet normal 1 0 0
    outer loop
      vertex 9.81 1.82301 18.6226
      vertex 9.81 1.77974 16.8876
      vertex 9.81 1.86175 17.0693
    endloop
  endfacet
  facet normal 1 0 0
    outer loop
      vertex 9.81 1.73205 18.8
      vertex 9.81 1.77974 16.8876
      vertex 9.81 1.82301 18.6226
    endloop
  endfacet
  facet normal 1 0 0
    outer loop
      vertex 9.81 1.73205 18.8
      vertex 9.81 1.68005 16.7149
      vertex 9.81 1.77974 16.8876
    endloop
  endfacet
  facet normal 1 0 0
    outer loop
      vertex 9.81 1.62388 18.9675
      vertex 9.81 1.68005 16.7149
      vertex 9.81 1.73205 18.8
    endloop
  endfacet
  facet normal 1 0 0
    outer loop
      vertex 9.81 1.62388 18.9675
      vertex 9.81 1.56366 16.553
      vertex 9.81 1.68005 16.7149
    endloop
  endfacet
  facet normal 1 0 0
    outer loop
      vertex 9.81 1.49956 19.1234
      vertex 9.81 1.56366 16.553
      vertex 9.81 1.62388 18.9675
    endloop
  endfacet
  facet normal 1 0 0
    outer loop
      vertex 9.81 1.49956 19.1234
      vertex 9.81 1.43173 16.4035
      vertex 9.81 1.56366 16.553
    endloop
  endfacet
  facet normal 1 0 0
    outer loop
      vertex 9.81 1.36034 19.2661
      vertex 9.81 1.43173 16.4035
      vertex 9.81 1.49956 19.1234
    endloop
  endfacet
  facet normal 1 0 0
    outer loop
      vertex 9.81 1.36034 19.2661
      vertex 9.81 1.28557 16.2679
      vertex 9.81 1.43173 16.4035
    endloop
  endfacet
  facet normal 1 0 0
    outer loop
      vertex 9.81 1.20761 19.3943
      vertex 9.81 1.28557 16.2679
      vertex 9.81 1.36034 19.2661
    endloop
  endfacet
  facet normal 1 0 0
    outer loop
      vertex 9.81 1.20761 19.3943
      vertex 9.81 1.12664 16.1475
      vertex 9.81 1.28557 16.2679
    endloop
  endfacet
  facet normal 1 0 0
    outer loop
      vertex 9.81 1.04287 19.5066
      vertex 9.81 1.12664 16.1475
      vertex 9.81 1.20761 19.3943
    endloop
  endfacet
  facet normal 1 0 0
    outer loop
      vertex 9.81 1.04287 19.5066
      vertex 9.81 0.956508 16.0436
      vertex 9.81 1.12664 16.1475
    endloop
  endfacet
  facet normal 1 0 0
    outer loop
      vertex 9.81 0.867767 19.6019
      vertex 9.81 0.956508 16.0436
      vertex 9.81 1.04287 19.5066
    endloop
  endfacet
  facet normal 1 0 0
    outer loop
      vertex 9.81 0.867767 19.6019
      vertex 9.81 0.776869 15.957
      vertex 9.81 0.956508 16.0436
    endloop
  endfacet
  facet normal 1 0 0
    outer loop
      vertex 9.81 0.68404 19.6794
      vertex 9.81 0.776869 15.957
      vertex 9.81 0.867767 19.6019
    endloop
  endfacet
  facet normal 1 0 0
    outer loop
      vertex 9.81 0.68404 19.6794
      vertex 9.81 0.58951 15.8889
      vertex 9.81 0.776869 15.957
    endloop
  endfacet
  facet normal 1 0 0
    outer loop
      vertex 9.81 0.493514 19.7382
      vertex 9.81 0.58951 15.8889
      vertex 9.81 0.68404 19.6794
    endloop
  endfacet
  facet normal 1 0 0
    outer loop
      vertex 9.81 0.493514 19.7382
      vertex 9.81 0.396292 15.8397
      vertex 9.81 0.58951 15.8889
    endloop
  endfacet
  facet normal 1 0 0
    outer loop
      vertex 9.81 0.298084 19.7777
      vertex 9.81 0.396292 15.8397
      vertex 9.81 0.493514 19.7382
    endloop
  endfacet
  facet normal 1 0 0
    outer loop
      vertex 9.81 0.298084 19.7777
      vertex 9.81 0.199135 15.8099
      vertex 9.81 0.396292 15.8397
    endloop
  endfacet
  facet normal 1 0 0
    outer loop
      vertex 9.81 0.0996914 19.7975
      vertex 9.81 0.199135 15.8099
      vertex 9.81 0.298084 19.7777
    endloop
  endfacet
  facet normal 1 0 0
    outer loop
      vertex 9.81 0.0996914 19.7975
      vertex 9.81 0 15.8
      vertex 9.81 0.199135 15.8099
    endloop
  endfacet
  facet normal 1 -0 0
    outer loop
      vertex 9.81 -0.0996914 19.7975
      vertex 9.81 0 15.8
      vertex 9.81 0.0996914 19.7975
    endloop
  endfacet
  facet normal 1 0 0
    outer loop
      vertex 9.81 -0.0996914 19.7975
      vertex 9.81 -0.199135 15.8099
      vertex 9.81 0 15.8
    endloop
  endfacet
  facet normal 1 -0 0
    outer loop
      vertex 9.81 -0.298084 19.7777
      vertex 9.81 -0.199135 15.8099
      vertex 9.81 -0.0996914 19.7975
    endloop
  endfacet
  facet normal 1 0 0
    outer loop
      vertex 9.81 -0.298084 19.7777
      vertex 9.81 -0.396292 15.8397
      vertex 9.81 -0.199135 15.8099
    endloop
  endfacet
  facet normal 1 -0 0
    outer loop
      vertex 9.81 -0.493514 19.7382
      vertex 9.81 -0.396292 15.8397
      vertex 9.81 -0.298084 19.7777
    endloop
  endfacet
  facet normal 1 0 0
    outer loop
      vertex 9.81 -0.493514 19.7382
      vertex 9.81 -0.58951 15.8889
      vertex 9.81 -0.396292 15.8397
    endloop
  endfacet
  facet normal 1 -0 0
    outer loop
      vertex 9.81 -0.68404 19.6794
      vertex 9.81 -0.58951 15.8889
      vertex 9.81 -0.493514 19.7382
    endloop
  endfacet
  facet normal 1 0 0
    outer loop
      vertex 9.81 -0.68404 19.6794
      vertex 9.81 -0.776869 15.957
      vertex 9.81 -0.58951 15.8889
    endloop
  endfacet
  facet normal 1 -0 0
    outer loop
      vertex 9.81 -0.867767 19.6019
      vertex 9.81 -0.776869 15.957
      vertex 9.81 -0.68404 19.6794
    endloop
  endfacet
  facet normal 1 0 0
    outer loop
      vertex 9.81 -0.867767 19.6019
      vertex 9.81 -0.956508 16.0436
      vertex 9.81 -0.776869 15.957
    endloop
  endfacet
  facet normal 1 -0 0
    outer loop
      vertex 9.81 -1.04287 19.5066
      vertex 9.81 -0.956508 16.0436
      vertex 9.81 -0.867767 19.6019
    endloop
  endfacet
  facet normal 1 0 0
    outer loop
      vertex 9.81 -1.04287 19.5066
      vertex 9.81 -1.12664 16.1475
      vertex 9.81 -0.956508 16.0436
    endloop
  endfacet
  facet normal 1 -0 0
    outer loop
      vertex 9.81 -1.20761 19.3943
      vertex 9.81 -1.12664 16.1475
      vertex 9.81 -1.04287 19.5066
    endloop
  endfacet
  facet normal 1 0 0
    outer loop
      vertex 9.81 -1.20761 19.3943
      vertex 9.81 -1.28557 16.2679
      vertex 9.81 -1.12664 16.1475
    endloop
  endfacet
  facet normal 1 -0 0
    outer loop
      vertex 9.81 -1.36034 19.2661
      vertex 9.81 -1.28557 16.2679
      vertex 9.81 -1.20761 19.3943
    endloop
  endfacet
  facet normal 1 0 0
    outer loop
      vertex 9.81 -1.36034 19.2661
      vertex 9.81 -1.43173 16.4035
      vertex 9.81 -1.28557 16.2679
    endloop
  endfacet
  facet normal 1 -0 0
    outer loop
      vertex 9.81 -1.49956 19.1234
      vertex 9.81 -1.43173 16.4035
      vertex 9.81 -1.36034 19.2661
    endloop
  endfacet
  facet normal 1 0 0
    outer loop
      vertex 9.81 -1.49956 19.1234
      vertex 9.81 -1.56366 16.553
      vertex 9.81 -1.43173 16.4035
    endloop
  endfacet
  facet normal 1 -0 0
    outer loop
      vertex 9.81 -1.62388 18.9675
      vertex 9.81 -1.56366 16.553
      vertex 9.81 -1.49956 19.1234
    endloop
  endfacet
  facet normal 1 0 0
    outer loop
      vertex 9.81 -1.62388 18.9675
      vertex 9.81 -1.68005 16.7149
      vertex 9.81 -1.56366 16.553
    endloop
  endfacet
  facet normal 1 -0 0
    outer loop
      vertex 9.81 -1.73205 18.8
      vertex 9.81 -1.68005 16.7149
      vertex 9.81 -1.62388 18.9675
    endloop
  endfacet
  facet normal 1 0 0
    outer loop
      vertex 9.81 -1.73205 18.8
      vertex 9.81 -1.77974 16.8876
      vertex 9.81 -1.68005 16.7149
    endloop
  endfacet
  facet normal 1 -0 0
    outer loop
      vertex 9.81 -1.82301 18.6226
      vertex 9.81 -1.77974 16.8876
      vertex 9.81 -1.73205 18.8
    endloop
  endfacet
  facet normal 1 0 0
    outer loop
      vertex 9.81 -1.82301 18.6226
      vertex 9.81 -1.86175 17.0693
      vertex 9.81 -1.77974 16.8876
    endloop
  endfacet
  facet normal 1 -0 0
    outer loop
      vertex 9.81 -1.89585 18.437
      vertex 9.81 -1.86175 17.0693
      vertex 9.81 -1.82301 18.6226
    endloop
  endfacet
  facet normal 1 0 0
    outer loop
      vertex 9.81 -1.89585 18.437
      vertex 9.81 -1.92525 17.2583
      vertex 9.81 -1.86175 17.0693
    endloop
  endfacet
  facet normal 1 -0 0
    outer loop
      vertex 9.81 -1.94986 18.245
      vertex 9.81 -1.92525 17.2583
      vertex 9.81 -1.89585 18.437
    endloop
  endfacet
  facet normal 1 0 0
    outer loop
      vertex 9.81 -1.94986 18.245
      vertex 9.81 -1.96961 17.4527
      vertex 9.81 -1.92525 17.2583
    endloop
  endfacet
  facet normal 1 -0 0
    outer loop
      vertex 9.81 -1.98448 18.0487
      vertex 9.81 -1.96961 17.4527
      vertex 9.81 -1.94986 18.245
    endloop
  endfacet
  facet normal 1 0 0
    outer loop
      vertex 9.81 -1.98448 18.0487
      vertex 9.81 -1.99441 17.6505
      vertex 9.81 -1.96961 17.4527
    endloop
  endfacet
  facet normal 1 0 -0
    outer loop
      vertex 9.81 -1.99441 17.6505
      vertex 9.81 -1.98448 18.0487
      vertex 9.81 -1.99938 17.8499
    endloop
  endfacet
  facet normal 0 -0.198112 -0.980179
    outer loop
      vertex 9.81 0.298084 19.7777
      vertex 15.3 0.493514 19.7382
      vertex 15.3 0.298084 19.7777
    endloop
  endfacet
  facet normal -0 -0.198112 -0.980179
    outer loop
      vertex 15.3 0.493514 19.7382
      vertex 9.81 0.298084 19.7777
      vertex 9.81 0.493514 19.7382
    endloop
  endfacet
  facet normal 0 -0.341608 0.939843
    outer loop
      vertex 9.81 0.776869 15.957
      vertex 15.3 0.58951 15.8889
      vertex 15.3 0.776869 15.957
    endloop
  endfacet
  facet normal 0 -0.341608 0.939843
    outer loop
      vertex 15.3 0.58951 15.8889
      vertex 9.81 0.776869 15.957
      vertex 9.81 0.58951 15.8889
    endloop
  endfacet
  facet normal 0 0 -1
    outer loop
      vertex 9.81 -0.0996914 19.7975
      vertex 15.3 0.0996914 19.7975
      vertex 15.3 -0.0996914 19.7975
    endloop
  endfacet
  facet normal -0 0 -1
    outer loop
      vertex 15.3 0.0996914 19.7975
      vertex 9.81 -0.0996914 19.7975
      vertex 9.81 0.0996914 19.7975
    endloop
  endfacet
  facet normal 0 -0.911461 0.411386
    outer loop
      vertex 9.81 1.77974 16.8876
      vertex 15.3 1.86175 17.0693
      vertex 9.81 1.86175 17.0693
    endloop
  endfacet
  facet normal 0 -0.911461 0.411386
    outer loop
      vertex 15.3 1.86175 17.0693
      vertex 9.81 1.77974 16.8876
      vertex 15.3 1.77974 16.8876
    endloop
  endfacet
  facet normal 0 0.947928 0.318484
    outer loop
      vertex 15.3 -1.86175 17.0693
      vertex 9.81 -1.92525 17.2583
      vertex 15.3 -1.92525 17.2583
    endloop
  endfacet
  facet normal 0 0.947928 0.318484
    outer loop
      vertex 9.81 -1.92525 17.2583
      vertex 15.3 -1.86175 17.0693
      vertex 9.81 -1.86175 17.0693
    endloop
  endfacet
  facet normal 0 0.997203 -0.0747401
    outer loop
      vertex 15.3 -1.99938 17.8499
      vertex 9.81 -1.98448 18.0487
      vertex 15.3 -1.98448 18.0487
    endloop
  endfacet
  facet normal 0 0.997203 -0.0747401
    outer loop
      vertex 9.81 -1.98448 18.0487
      vertex 15.3 -1.99938 17.8499
      vertex 9.81 -1.99938 17.8499
    endloop
  endfacet
  facet normal 0 0.749792 0.661673
    outer loop
      vertex 15.3 -1.43173 16.4035
      vertex 9.81 -1.56366 16.553
      vertex 15.3 -1.56366 16.553
    endloop
  endfacet
  facet normal 0 0.749792 0.661673
    outer loop
      vertex 9.81 -1.56366 16.553
      vertex 15.3 -1.43173 16.4035
      vertex 9.81 -1.43173 16.4035
    endloop
  endfacet
  facet normal 0 -0.947928 0.318484
    outer loop
      vertex 9.81 1.86175 17.0693
      vertex 15.3 1.92525 17.2583
      vertex 9.81 1.92525 17.2583
    endloop
  endfacet
  facet normal 0 -0.947928 0.318484
    outer loop
      vertex 15.3 1.92525 17.2583
      vertex 9.81 1.86175 17.0693
      vertex 15.3 1.86175 17.0693
    endloop
  endfacet
  facet normal 0 -0.962638 -0.270792
    outer loop
      vertex 9.81 1.94986 18.245
      vertex 15.3 1.89585 18.437
      vertex 9.81 1.89585 18.437
    endloop
  endfacet
  facet normal 0 -0.962638 -0.270792
    outer loop
      vertex 15.3 1.89585 18.437
      vertex 9.81 1.94986 18.245
      vertex 15.3 1.94986 18.245
    endloop
  endfacet
  facet normal 0 -0.294895 -0.95553
    outer loop
      vertex 9.81 0.493514 19.7382
      vertex 15.3 0.68404 19.6794
      vertex 15.3 0.493514 19.7382
    endloop
  endfacet
  facet normal -0 -0.294895 -0.95553
    outer loop
      vertex 15.3 0.68404 19.6794
      vertex 9.81 0.493514 19.7382
      vertex 9.81 0.68404 19.6794
    endloop
  endfacet
  facet normal 0 0.781846 -0.623471
    outer loop
      vertex 15.3 -1.62388 18.9675
      vertex 9.81 -1.49956 19.1234
      vertex 15.3 -1.49956 19.1234
    endloop
  endfacet
  facet normal 0 0.781846 -0.623471
    outer loop
      vertex 9.81 -1.49956 19.1234
      vertex 15.3 -1.62388 18.9675
      vertex 9.81 -1.62388 18.9675
    endloop
  endfacet
  facet normal 0 -0.521196 0.853437
    outer loop
      vertex 9.81 1.12664 16.1475
      vertex 15.3 0.956508 16.0436
      vertex 15.3 1.12664 16.1475
    endloop
  endfacet
  facet normal 0 -0.521196 0.853437
    outer loop
      vertex 15.3 0.956508 16.0436
      vertex 9.81 1.12664 16.1475
      vertex 9.81 0.956508 16.0436
    endloop
  endfacet
  facet normal 0 -0.0496537 0.998766
    outer loop
      vertex 9.81 0.199135 15.8099
      vertex 15.3 0 15.8
      vertex 15.3 0.199135 15.8099
    endloop
  endfacet
  facet normal 0 -0.0496537 0.998766
    outer loop
      vertex 15.3 0 15.8
      vertex 9.81 0.199135 15.8099
      vertex 9.81 0 15.8
    endloop
  endfacet
  facet normal -0 0.149451 0.988769
    outer loop
      vertex 9.81 -0.199135 15.8099
      vertex 15.3 -0.396292 15.8397
      vertex 15.3 -0.199135 15.8099
    endloop
  endfacet
  facet normal 0 0.149451 0.988769
    outer loop
      vertex 15.3 -0.396292 15.8397
      vertex 9.81 -0.199135 15.8099
      vertex 9.81 -0.396292 15.8397
    endloop
  endfacet
  facet normal 0 -0.149451 0.988769
    outer loop
      vertex 9.81 0.396292 15.8397
      vertex 15.3 0.199135 15.8099
      vertex 15.3 0.396292 15.8397
    endloop
  endfacet
  facet normal 0 -0.149451 0.988769
    outer loop
      vertex 15.3 0.199135 15.8099
      vertex 9.81 0.396292 15.8397
      vertex 9.81 0.199135 15.8099
    endloop
  endfacet
  facet normal 0 -0.997203 -0.0747401
    outer loop
      vertex 9.81 1.99938 17.8499
      vertex 15.3 1.98448 18.0487
      vertex 9.81 1.98448 18.0487
    endloop
  endfacet
  facet normal 0 -0.997203 -0.0747401
    outer loop
      vertex 15.3 1.98448 18.0487
      vertex 9.81 1.99938 17.8499
      vertex 15.3 1.99938 17.8499
    endloop
  endfacet
  facet normal -0 0.603853 0.797096
    outer loop
      vertex 9.81 -1.12664 16.1475
      vertex 15.3 -1.28557 16.2679
      vertex 15.3 -1.12664 16.1475
    endloop
  endfacet
  facet normal 0 0.603853 0.797096
    outer loop
      vertex 15.3 -1.28557 16.2679
      vertex 9.81 -1.12664 16.1475
      vertex 9.81 -1.28557 16.2679
    endloop
  endfacet
  facet normal -0 0.0496537 0.998766
    outer loop
      vertex 9.81 0 15.8
      vertex 15.3 -0.199135 15.8099
      vertex 15.3 0 15.8
    endloop
  endfacet
  facet normal 0 0.0496537 0.998766
    outer loop
      vertex 15.3 -0.199135 15.8099
      vertex 9.81 0 15.8
      vertex 9.81 -0.199135 15.8099
    endloop
  endfacet
  facet normal 0 -0.866065 0.499931
    outer loop
      vertex 9.81 1.68005 16.7149
      vertex 15.3 1.77974 16.8876
      vertex 9.81 1.77974 16.8876
    endloop
  endfacet
  facet normal 0 -0.866065 0.499931
    outer loop
      vertex 15.3 1.77974 16.8876
      vertex 9.81 1.68005 16.7149
      vertex 15.3 1.68005 16.7149
    endloop
  endfacet
  facet normal 0 -0.24676 0.969077
    outer loop
      vertex 9.81 0.58951 15.8889
      vertex 15.3 0.396292 15.8397
      vertex 15.3 0.58951 15.8889
    endloop
  endfacet
  facet normal 0 -0.24676 0.969077
    outer loop
      vertex 15.3 0.396292 15.8397
      vertex 9.81 0.58951 15.8889
      vertex 9.81 0.396292 15.8397
    endloop
  endfacet
  facet normal 0 -0.749792 0.661673
    outer loop
      vertex 9.81 1.43173 16.4035
      vertex 15.3 1.56366 16.553
      vertex 9.81 1.56366 16.553
    endloop
  endfacet
  facet normal 0 -0.749792 0.661673
    outer loop
      vertex 15.3 1.56366 16.553
      vertex 9.81 1.43173 16.4035
      vertex 15.3 1.43173 16.4035
    endloop
  endfacet
  facet normal 0 0.0993088 -0.995057
    outer loop
      vertex 9.81 -0.298084 19.7777
      vertex 15.3 -0.0996914 19.7975
      vertex 15.3 -0.298084 19.7777
    endloop
  endfacet
  facet normal 0 0.0993088 -0.995057
    outer loop
      vertex 15.3 -0.0996914 19.7975
      vertex 9.81 -0.298084 19.7777
      vertex 9.81 -0.0996914 19.7975
    endloop
  endfacet
  facet normal 0 -0.715781 -0.698325
    outer loop
      vertex 9.81 1.49956 19.1234
      vertex 15.3 1.36034 19.2661
      vertex 9.81 1.36034 19.2661
    endloop
  endfacet
  facet normal 0 -0.715781 -0.698325
    outer loop
      vertex 15.3 1.36034 19.2661
      vertex 9.81 1.49956 19.1234
      vertex 15.3 1.49956 19.1234
    endloop
  endfacet
  facet normal 0 0.911461 0.411386
    outer loop
      vertex 15.3 -1.77974 16.8876
      vertex 9.81 -1.86175 17.0693
      vertex 15.3 -1.86175 17.0693
    endloop
  endfacet
  facet normal 0 0.911461 0.411386
    outer loop
      vertex 9.81 -1.86175 17.0693
      vertex 15.3 -1.77974 16.8876
      vertex 9.81 -1.77974 16.8876
    endloop
  endfacet
  facet normal 0 0.388659 -0.921382
    outer loop
      vertex 9.81 -0.867767 19.6019
      vertex 15.3 -0.68404 19.6794
      vertex 15.3 -0.867767 19.6019
    endloop
  endfacet
  facet normal 0 0.388659 -0.921382
    outer loop
      vertex 15.3 -0.68404 19.6794
      vertex 9.81 -0.867767 19.6019
      vertex 9.81 -0.68404 19.6794
    endloop
  endfacet
  facet normal -0 0.680128 0.733094
    outer loop
      vertex 9.81 -1.28557 16.2679
      vertex 15.3 -1.43173 16.4035
      vertex 15.3 -1.28557 16.2679
    endloop
  endfacet
  facet normal 0 0.680128 0.733094
    outer loop
      vertex 15.3 -1.43173 16.4035
      vertex 9.81 -1.28557 16.2679
      vertex 9.81 -1.43173 16.4035
    endloop
  endfacet
  facet normal 0 0.962638 -0.270792
    outer loop
      vertex 15.3 -1.94986 18.245
      vertex 9.81 -1.89585 18.437
      vertex 15.3 -1.89585 18.437
    endloop
  endfacet
  facet normal 0 0.962638 -0.270792
    outer loop
      vertex 9.81 -1.89585 18.437
      vertex 15.3 -1.94986 18.245
      vertex 9.81 -1.94986 18.245
    endloop
  endfacet
  facet normal 0 0.642918 -0.765935
    outer loop
      vertex 9.81 -1.36034 19.2661
      vertex 15.3 -1.20761 19.3943
      vertex 15.3 -1.36034 19.2661
    endloop
  endfacet
  facet normal 0 0.642918 -0.765935
    outer loop
      vertex 15.3 -1.20761 19.3943
      vertex 9.81 -1.36034 19.2661
      vertex 9.81 -1.20761 19.3943
    endloop
  endfacet
  facet normal 0 0.294895 -0.95553
    outer loop
      vertex 9.81 -0.68404 19.6794
      vertex 15.3 -0.493514 19.7382
      vertex 15.3 -0.68404 19.6794
    endloop
  endfacet
  facet normal 0 0.294895 -0.95553
    outer loop
      vertex 15.3 -0.493514 19.7382
      vertex 9.81 -0.68404 19.6794
      vertex 9.81 -0.493514 19.7382
    endloop
  endfacet
  facet normal 0 0.840056 -0.5425
    outer loop
      vertex 15.3 -1.73205 18.8
      vertex 9.81 -1.62388 18.9675
      vertex 15.3 -1.62388 18.9675
    endloop
  endfacet
  facet normal 0 0.840056 -0.5425
    outer loop
      vertex 9.81 -1.62388 18.9675
      vertex 15.3 -1.73205 18.8
      vertex 9.81 -1.73205 18.8
    endloop
  endfacet
  facet normal 0 -0.984802 -0.173682
    outer loop
      vertex 9.81 1.98448 18.0487
      vertex 15.3 1.94986 18.245
      vertex 9.81 1.94986 18.245
    endloop
  endfacet
  facet normal 0 -0.984802 -0.173682
    outer loop
      vertex 15.3 1.94986 18.245
      vertex 9.81 1.98448 18.0487
      vertex 15.3 1.98448 18.0487
    endloop
  endfacet
  facet normal -0 0.434252 0.900792
    outer loop
      vertex 9.81 -0.776869 15.957
      vertex 15.3 -0.956508 16.0436
      vertex 15.3 -0.776869 15.957
    endloop
  endfacet
  facet normal 0 0.434252 0.900792
    outer loop
      vertex 15.3 -0.956508 16.0436
      vertex 9.81 -0.776869 15.957
      vertex 9.81 -0.956508 16.0436
    endloop
  endfacet
  facet normal 0 0.715781 -0.698325
    outer loop
      vertex 15.3 -1.49956 19.1234
      vertex 9.81 -1.36034 19.2661
      vertex 15.3 -1.36034 19.2661
    endloop
  endfacet
  facet normal 0 0.715781 -0.698325
    outer loop
      vertex 9.81 -1.36034 19.2661
      vertex 15.3 -1.49956 19.1234
      vertex 9.81 -1.49956 19.1234
    endloop
  endfacet
  facet normal -0 0.341608 0.939843
    outer loop
      vertex 9.81 -0.58951 15.8889
      vertex 15.3 -0.776869 15.957
      vertex 15.3 -0.58951 15.8889
    endloop
  endfacet
  facet normal 0 0.341608 0.939843
    outer loop
      vertex 15.3 -0.776869 15.957
      vertex 9.81 -0.58951 15.8889
      vertex 9.81 -0.776869 15.957
    endloop
  endfacet
  facet normal 0 -0.0993088 -0.995057
    outer loop
      vertex 9.81 0.0996914 19.7975
      vertex 15.3 0.298084 19.7777
      vertex 15.3 0.0996914 19.7975
    endloop
  endfacet
  facet normal -0 -0.0993088 -0.995057
    outer loop
      vertex 15.3 0.298084 19.7777
      vertex 9.81 0.0996914 19.7975
      vertex 9.81 0.298084 19.7777
    endloop
  endfacet
  facet normal 0 -0.811957 0.583717
    outer loop
      vertex 9.81 1.56366 16.553
      vertex 15.3 1.68005 16.7149
      vertex 9.81 1.68005 16.7149
    endloop
  endfacet
  facet normal 0 -0.811957 0.583717
    outer loop
      vertex 15.3 1.68005 16.7149
      vertex 9.81 1.56366 16.553
      vertex 15.3 1.56366 16.553
    endloop
  endfacet
  facet normal 0 0.992232 0.124405
    outer loop
      vertex 15.3 -1.96961 17.4527
      vertex 9.81 -1.99441 17.6505
      vertex 15.3 -1.99441 17.6505
    endloop
  endfacet
  facet normal 0 0.992232 0.124405
    outer loop
      vertex 9.81 -1.99441 17.6505
      vertex 15.3 -1.96961 17.4527
      vertex 9.81 -1.96961 17.4527
    endloop
  endfacet
  facet normal 0 0.811957 0.583717
    outer loop
      vertex 15.3 -1.56366 16.553
      vertex 9.81 -1.68005 16.7149
      vertex 15.3 -1.68005 16.7149
    endloop
  endfacet
  facet normal 0 0.811957 0.583717
    outer loop
      vertex 9.81 -1.68005 16.7149
      vertex 15.3 -1.56366 16.553
      vertex 9.81 -1.56366 16.553
    endloop
  endfacet
  facet normal 0 -0.434252 0.900792
    outer loop
      vertex 9.81 0.956508 16.0436
      vertex 15.3 0.776869 15.957
      vertex 15.3 0.956508 16.0436
    endloop
  endfacet
  facet normal 0 -0.434252 0.900792
    outer loop
      vertex 15.3 0.776869 15.957
      vertex 9.81 0.956508 16.0436
      vertex 9.81 0.776869 15.957
    endloop
  endfacet
  facet normal 0 -0.974939 0.222471
    outer loop
      vertex 9.81 1.92525 17.2583
      vertex 15.3 1.96961 17.4527
      vertex 9.81 1.96961 17.4527
    endloop
  endfacet
  facet normal 0 -0.974939 0.222471
    outer loop
      vertex 15.3 1.96961 17.4527
      vertex 9.81 1.92525 17.2583
      vertex 15.3 1.92525 17.2583
    endloop
  endfacet
  facet normal 0 -0.603853 0.797096
    outer loop
      vertex 9.81 1.28557 16.2679
      vertex 15.3 1.12664 16.1475
      vertex 15.3 1.28557 16.2679
    endloop
  endfacet
  facet normal 0 -0.603853 0.797096
    outer loop
      vertex 15.3 1.12664 16.1475
      vertex 9.81 1.28557 16.2679
      vertex 9.81 1.12664 16.1475
    endloop
  endfacet
  facet normal 0 -0.781846 -0.623471
    outer loop
      vertex 9.81 1.62388 18.9675
      vertex 15.3 1.49956 19.1234
      vertex 9.81 1.49956 19.1234
    endloop
  endfacet
  facet normal 0 -0.781846 -0.623471
    outer loop
      vertex 15.3 1.49956 19.1234
      vertex 9.81 1.62388 18.9675
      vertex 15.3 1.62388 18.9675
    endloop
  endfacet
  facet normal 0 -0.642918 -0.765935
    outer loop
      vertex 9.81 1.20761 19.3943
      vertex 15.3 1.36034 19.2661
      vertex 15.3 1.20761 19.3943
    endloop
  endfacet
  facet normal -0 -0.642918 -0.765935
    outer loop
      vertex 15.3 1.36034 19.2661
      vertex 9.81 1.20761 19.3943
      vertex 9.81 1.36034 19.2661
    endloop
  endfacet
  facet normal 0 0.974939 0.222471
    outer loop
      vertex 15.3 -1.92525 17.2583
      vertex 9.81 -1.96961 17.4527
      vertex 15.3 -1.96961 17.4527
    endloop
  endfacet
  facet normal 0 0.974939 0.222471
    outer loop
      vertex 9.81 -1.96961 17.4527
      vertex 15.3 -1.92525 17.2583
      vertex 9.81 -1.92525 17.2583
    endloop
  endfacet
  facet normal 0 0.99969 0.024917
    outer loop
      vertex 15.3 -1.99441 17.6505
      vertex 9.81 -1.99938 17.8499
      vertex 15.3 -1.99938 17.8499
    endloop
  endfacet
  facet normal 0 0.99969 0.024917
    outer loop
      vertex 9.81 -1.99938 17.8499
      vertex 15.3 -1.99441 17.6505
      vertex 9.81 -1.99441 17.6505
    endloop
  endfacet
  facet normal 0 -0.99969 0.024917
    outer loop
      vertex 9.81 1.99441 17.6505
      vertex 15.3 1.99938 17.8499
      vertex 9.81 1.99938 17.8499
    endloop
  endfacet
  facet normal 0 -0.99969 0.024917
    outer loop
      vertex 15.3 1.99938 17.8499
      vertex 9.81 1.99441 17.6505
      vertex 15.3 1.99441 17.6505
    endloop
  endfacet
  facet normal 0 -0.930878 -0.36533
    outer loop
      vertex 9.81 1.89585 18.437
      vertex 15.3 1.82301 18.6226
      vertex 9.81 1.82301 18.6226
    endloop
  endfacet
  facet normal 0 -0.930878 -0.36533
    outer loop
      vertex 15.3 1.82301 18.6226
      vertex 9.81 1.89585 18.437
      vertex 15.3 1.89585 18.437
    endloop
  endfacet
  facet normal 0 -0.563259 -0.82628
    outer loop
      vertex 9.81 1.04287 19.5066
      vertex 15.3 1.20761 19.3943
      vertex 15.3 1.04287 19.5066
    endloop
  endfacet
  facet normal -0 -0.563259 -0.82628
    outer loop
      vertex 15.3 1.20761 19.3943
      vertex 9.81 1.04287 19.5066
      vertex 9.81 1.20761 19.3943
    endloop
  endfacet
  facet normal -0 0.24676 0.969077
    outer loop
      vertex 9.81 -0.396292 15.8397
      vertex 15.3 -0.58951 15.8889
      vertex 15.3 -0.396292 15.8397
    endloop
  endfacet
  facet normal 0 0.24676 0.969077
    outer loop
      vertex 15.3 -0.58951 15.8889
      vertex 9.81 -0.396292 15.8397
      vertex 9.81 -0.58951 15.8889
    endloop
  endfacet
  facet normal 0 0.889847 -0.45626
    outer loop
      vertex 15.3 -1.82301 18.6226
      vertex 9.81 -1.73205 18.8
      vertex 15.3 -1.73205 18.8
    endloop
  endfacet
  facet normal 0 0.889847 -0.45626
    outer loop
      vertex 9.81 -1.73205 18.8
      vertex 15.3 -1.82301 18.6226
      vertex 9.81 -1.82301 18.6226
    endloop
  endfacet
  facet normal 0 0.563259 -0.82628
    outer loop
      vertex 9.81 -1.20761 19.3943
      vertex 15.3 -1.04287 19.5066
      vertex 15.3 -1.20761 19.3943
    endloop
  endfacet
  facet normal 0 0.563259 -0.82628
    outer loop
      vertex 15.3 -1.04287 19.5066
      vertex 9.81 -1.20761 19.3943
      vertex 9.81 -1.04287 19.5066
    endloop
  endfacet
  facet normal 0 -0.840056 -0.5425
    outer loop
      vertex 9.81 1.73205 18.8
      vertex 15.3 1.62388 18.9675
      vertex 9.81 1.62388 18.9675
    endloop
  endfacet
  facet normal 0 -0.840056 -0.5425
    outer loop
      vertex 15.3 1.62388 18.9675
      vertex 9.81 1.73205 18.8
      vertex 15.3 1.73205 18.8
    endloop
  endfacet
  facet normal 0 0.866065 0.499931
    outer loop
      vertex 15.3 -1.68005 16.7149
      vertex 9.81 -1.77974 16.8876
      vertex 15.3 -1.77974 16.8876
    endloop
  endfacet
  facet normal 0 0.866065 0.499931
    outer loop
      vertex 9.81 -1.77974 16.8876
      vertex 15.3 -1.68005 16.7149
      vertex 9.81 -1.68005 16.7149
    endloop
  endfacet
  facet normal 0 0.198112 -0.980179
    outer loop
      vertex 9.81 -0.493514 19.7382
      vertex 15.3 -0.298084 19.7777
      vertex 15.3 -0.493514 19.7382
    endloop
  endfacet
  facet normal 0 0.198112 -0.980179
    outer loop
      vertex 15.3 -0.298084 19.7777
      vertex 9.81 -0.493514 19.7382
      vertex 9.81 -0.298084 19.7777
    endloop
  endfacet
  facet normal 0 0.478037 -0.87834
    outer loop
      vertex 9.81 -1.04287 19.5066
      vertex 15.3 -0.867767 19.6019
      vertex 15.3 -1.04287 19.5066
    endloop
  endfacet
  facet normal 0 0.478037 -0.87834
    outer loop
      vertex 15.3 -0.867767 19.6019
      vertex 9.81 -1.04287 19.5066
      vertex 9.81 -0.867767 19.6019
    endloop
  endfacet
  facet normal -0 0.521196 0.853437
    outer loop
      vertex 9.81 -0.956508 16.0436
      vertex 15.3 -1.12664 16.1475
      vertex 15.3 -0.956508 16.0436
    endloop
  endfacet
  facet normal 0 0.521196 0.853437
    outer loop
      vertex 15.3 -1.12664 16.1475
      vertex 9.81 -0.956508 16.0436
      vertex 9.81 -1.12664 16.1475
    endloop
  endfacet
  facet normal 0 0.984802 -0.173682
    outer loop
      vertex 15.3 -1.98448 18.0487
      vertex 9.81 -1.94986 18.245
      vertex 15.3 -1.94986 18.245
    endloop
  endfacet
  facet normal 0 0.984802 -0.173682
    outer loop
      vertex 9.81 -1.94986 18.245
      vertex 15.3 -1.98448 18.0487
      vertex 9.81 -1.98448 18.0487
    endloop
  endfacet
  facet normal 0 -0.889847 -0.45626
    outer loop
      vertex 9.81 1.82301 18.6226
      vertex 15.3 1.73205 18.8
      vertex 9.81 1.73205 18.8
    endloop
  endfacet
  facet normal 0 -0.889847 -0.45626
    outer loop
      vertex 15.3 1.73205 18.8
      vertex 9.81 1.82301 18.6226
      vertex 15.3 1.82301 18.6226
    endloop
  endfacet
  facet normal 0 -0.478037 -0.87834
    outer loop
      vertex 9.81 0.867767 19.6019
      vertex 15.3 1.04287 19.5066
      vertex 15.3 0.867767 19.6019
    endloop
  endfacet
  facet normal -0 -0.478037 -0.87834
    outer loop
      vertex 15.3 1.04287 19.5066
      vertex 9.81 0.867767 19.6019
      vertex 9.81 1.04287 19.5066
    endloop
  endfacet
  facet normal 0 0.930878 -0.36533
    outer loop
      vertex 15.3 -1.89585 18.437
      vertex 9.81 -1.82301 18.6226
      vertex 15.3 -1.82301 18.6226
    endloop
  endfacet
  facet normal 0 0.930878 -0.36533
    outer loop
      vertex 9.81 -1.82301 18.6226
      vertex 15.3 -1.89585 18.437
      vertex 9.81 -1.89585 18.437
    endloop
  endfacet
  facet normal 0 -0.388659 -0.921382
    outer loop
      vertex 9.81 0.68404 19.6794
      vertex 15.3 0.867767 19.6019
      vertex 15.3 0.68404 19.6794
    endloop
  endfacet
  facet normal -0 -0.388659 -0.921382
    outer loop
      vertex 15.3 0.867767 19.6019
      vertex 9.81 0.68404 19.6794
      vertex 9.81 0.867767 19.6019
    endloop
  endfacet
  facet normal -0.988833 -0.149027 0
    outer loop
      vertex 1.99006 -14.6009 29.1
      vertex 1.96034 -14.4037 35.6
      vertex 1.96034 -14.4037 29.1
    endloop
  endfacet
  facet normal -0.988833 -0.149027 0
    outer loop
      vertex 1.96034 -14.4037 35.6
      vertex 1.99006 -14.6009 29.1
      vertex 1.99006 -14.6009 35.6
    endloop
  endfacet
  facet normal -0.998756 -0.0498626 0
    outer loop
      vertex 2 -14.8 29.1
      vertex 1.99006 -14.6009 35.6
      vertex 1.99006 -14.6009 29.1
    endloop
  endfacet
  facet normal -0.998756 -0.0498626 0
    outer loop
      vertex 1.99006 -14.6009 35.6
      vertex 2 -14.8 29.1
      vertex 2 -14.8 35.6
    endloop
  endfacet
  facet normal -0.969083 -0.246735 0
    outer loop
      vertex 1.96034 -14.4037 29.1
      vertex 1.91115 -14.2105 35.6
      vertex 1.91115 -14.2105 29.1
    endloop
  endfacet
  facet normal -0.969083 -0.246735 0
    outer loop
      vertex 1.91115 -14.2105 35.6
      vertex 1.96034 -14.4037 29.1
      vertex 1.96034 -14.4037 35.6
    endloop
  endfacet
  facet normal -0.41127 0.911514 0
    outer loop
      vertex 0.912421 -16.5797 29.1
      vertex 0.730681 -16.6617 35.6
      vertex 0.912421 -16.5797 35.6
    endloop
  endfacet
  facet normal -0.41127 0.911514 0
    outer loop
      vertex 0.730681 -16.6617 35.6
      vertex 0.912421 -16.5797 29.1
      vertex 0.730681 -16.6617 29.1
    endloop
  endfacet
  facet normal 0.980164 -0.19819 0
    outer loop
      vertex -1.97766 -14.5019 35.6
      vertex -1.93815 -14.3065 29.1
      vertex -1.93815 -14.3065 35.6
    endloop
  endfacet
  facet normal 0.980164 -0.19819 0
    outer loop
      vertex -1.93815 -14.3065 29.1
      vertex -1.97766 -14.5019 35.6
      vertex -1.97766 -14.5019 29.1
    endloop
  endfacet
  facet normal -0.499659 0.866222 0
    outer loop
      vertex 1.08509 -16.4801 29.1
      vertex 0.912421 -16.5797 35.6
      vertex 1.08509 -16.4801 35.6
    endloop
  endfacet
  facet normal -0.499659 0.866222 0
    outer loop
      vertex 0.912421 -16.5797 35.6
      vertex 1.08509 -16.4801 29.1
      vertex 0.912421 -16.5797 29.1
    endloop
  endfacet
  facet normal 0.542629 -0.839972 0
    outer loop
      vertex -1.16749 -13.1761 29.1
      vertex -1 -13.0679 35.6
      vertex -1.16749 -13.1761 35.6
    endloop
  endfacet
  facet normal 0.542629 -0.839972 0
    outer loop
      vertex -1 -13.0679 35.6
      vertex -1.16749 -13.1761 29.1
      vertex -1 -13.0679 29.1
    endloop
  endfacet
  facet normal 0.82617 -0.563421 0
    outer loop
      vertex -1.70658 -13.7571 35.6
      vertex -1.59426 -13.5924 29.1
      vertex -1.59426 -13.5924 35.6
    endloop
  endfacet
  facet normal 0.82617 -0.563421 0
    outer loop
      vertex -1.59426 -13.5924 29.1
      vertex -1.70658 -13.7571 35.6
      vertex -1.70658 -13.7571 29.1
    endloop
  endfacet
  facet normal -0.222679 0.974892 0
    outer loop
      vertex 0.54168 -16.7252 29.1
      vertex 0.347296 -16.7696 35.6
      vertex 0.54168 -16.7252 35.6
    endloop
  endfacet
  facet normal -0.222679 0.974892 0
    outer loop
      vertex 0.347296 -16.7696 35.6
      vertex 0.54168 -16.7252 29.1
      vertex 0.347296 -16.7696 29.1
    endloop
  endfacet
  facet normal 0.765972 -0.642874 0
    outer loop
      vertex -1.59426 -13.5924 35.6
      vertex -1.4661 -13.4397 29.1
      vertex -1.4661 -13.4397 35.6
    endloop
  endfacet
  facet normal 0.765972 -0.642874 0
    outer loop
      vertex -1.4661 -13.4397 29.1
      vertex -1.59426 -13.5924 35.6
      vertex -1.59426 -13.5924 29.1
    endloop
  endfacet
  facet normal -0.732904 -0.680332 0
    outer loop
      vertex 1.53209 -13.5144 29.1
      vertex 1.39647 -13.3683 35.6
      vertex 1.39647 -13.3683 29.1
    endloop
  endfacet
  facet normal -0.732904 -0.680332 0
    outer loop
      vertex 1.39647 -13.3683 35.6
      vertex 1.53209 -13.5144 29.1
      vertex 1.53209 -13.5144 35.6
    endloop
  endfacet
  facet normal -0.41127 -0.911514 0
    outer loop
      vertex 0.730681 -12.9383 29.1
      vertex 0.912421 -13.0203 35.6
      vertex 0.730681 -12.9383 35.6
    endloop
  endfacet
  facet normal -0.41127 -0.911514 -0
    outer loop
      vertex 0.912421 -13.0203 35.6
      vertex 0.730681 -12.9383 29.1
      vertex 0.912421 -13.0203 29.1
    endloop
  endfacet
  facet normal 0.955561 0.294794 0
    outer loop
      vertex -1.87938 -15.484 35.6
      vertex -1.93815 -15.2935 29.1
      vertex -1.93815 -15.2935 35.6
    endloop
  endfacet
  facet normal 0.955561 0.294794 0
    outer loop
      vertex -1.93815 -15.2935 29.1
      vertex -1.87938 -15.484 35.6
      vertex -1.87938 -15.484 29.1
    endloop
  endfacet
  facet normal -0.797248 0.603652 0
    outer loop
      vertex 1.53209 -16.0856 29.1
      vertex 1.65248 -15.9266 35.6
      vertex 1.65248 -15.9266 29.1
    endloop
  endfacet
  facet normal -0.797248 0.603652 0
    outer loop
      vertex 1.65248 -15.9266 35.6
      vertex 1.53209 -16.0856 29.1
      vertex 1.53209 -16.0856 35.6
    endloop
  endfacet
  facet normal -0.661895 -0.749596 0
    outer loop
      vertex 1.24698 -13.2363 29.1
      vertex 1.39647 -13.3683 35.6
      vertex 1.24698 -13.2363 35.6
    endloop
  endfacet
  facet normal -0.661895 -0.749596 -0
    outer loop
      vertex 1.39647 -13.3683 35.6
      vertex 1.24698 -13.2363 29.1
      vertex 1.39647 -13.3683 29.1
    endloop
  endfacet
  facet normal -0.318482 -0.947929 0
    outer loop
      vertex 0.54168 -12.8748 29.1
      vertex 0.730681 -12.9383 35.6
      vertex 0.54168 -12.8748 35.6
    endloop
  endfacet
  facet normal -0.318482 -0.947929 -0
    outer loop
      vertex 0.730681 -12.9383 35.6
      vertex 0.54168 -12.8748 29.1
      vertex 0.730681 -12.9383 29.1
    endloop
  endfacet
  facet normal 0.698455 -0.715654 0
    outer loop
      vertex -1.4661 -13.4397 29.1
      vertex -1.32337 -13.3004 35.6
      vertex -1.4661 -13.4397 35.6
    endloop
  endfacet
  facet normal 0.698455 -0.715654 0
    outer loop
      vertex -1.32337 -13.3004 35.6
      vertex -1.4661 -13.4397 29.1
      vertex -1.32337 -13.3004 29.1
    endloop
  endfacet
  facet normal -0.85326 -0.521487 0
    outer loop
      vertex 1.75644 -13.8435 29.1
      vertex 1.65248 -13.6734 35.6
      vertex 1.65248 -13.6734 29.1
    endloop
  endfacet
  facet normal -0.85326 -0.521487 0
    outer loop
      vertex 1.65248 -13.6734 35.6
      vertex 1.75644 -13.8435 29.1
      vertex 1.75644 -13.8435 35.6
    endloop
  endfacet
  facet normal -0.988833 0.149027 0
    outer loop
      vertex 1.96034 -15.1963 29.1
      vertex 1.99006 -14.9991 35.6
      vertex 1.99006 -14.9991 29.1
    endloop
  endfacet
  facet normal -0.988833 0.149027 0
    outer loop
      vertex 1.99006 -14.9991 35.6
      vertex 1.96034 -15.1963 29.1
      vertex 1.96034 -15.1963 35.6
    endloop
  endfacet
  facet normal 0.623459 -0.781856 0
    outer loop
      vertex -1.32337 -13.3004 29.1
      vertex -1.16749 -13.1761 35.6
      vertex -1.32337 -13.3004 35.6
    endloop
  endfacet
  facet normal 0.623459 -0.781856 0
    outer loop
      vertex -1.16749 -13.1761 35.6
      vertex -1.32337 -13.3004 29.1
      vertex -1.16749 -13.1761 29.1
    endloop
  endfacet
  facet normal 0.455968 -0.889996 0
    outer loop
      vertex -1 -13.0679 29.1
      vertex -0.822574 -12.977 35.6
      vertex -1 -13.0679 35.6
    endloop
  endfacet
  facet normal 0.455968 -0.889996 0
    outer loop
      vertex -0.822574 -12.977 35.6
      vertex -1 -13.0679 29.1
      vertex -0.822574 -12.977 29.1
    endloop
  endfacet
  facet normal 0.173538 0.984827 -0
    outer loop
      vertex -0.248687 -16.7845 29.1
      vertex -0.445042 -16.7499 35.6
      vertex -0.248687 -16.7845 35.6
    endloop
  endfacet
  facet normal 0.173538 0.984827 0
    outer loop
      vertex -0.445042 -16.7499 35.6
      vertex -0.248687 -16.7845 29.1
      vertex -0.445042 -16.7499 29.1
    endloop
  endfacet
  facet normal -0.969083 0.246735 0
    outer loop
      vertex 1.91115 -15.3895 29.1
      vertex 1.96034 -15.1963 35.6
      vertex 1.96034 -15.1963 29.1
    endloop
  endfacet
  facet normal -0.969083 0.246735 0
    outer loop
      vertex 1.96034 -15.1963 35.6
      vertex 1.91115 -15.3895 29.1
      vertex 1.91115 -15.3895 35.6
    endloop
  endfacet
  facet normal -0.124383 -0.992234 0
    outer loop
      vertex 0.14946 -12.8056 29.1
      vertex 0.347296 -12.8304 35.6
      vertex 0.14946 -12.8056 35.6
    endloop
  endfacet
  facet normal -0.124383 -0.992234 -0
    outer loop
      vertex 0.347296 -12.8304 35.6
      vertex 0.14946 -12.8056 29.1
      vertex 0.347296 -12.8304 29.1
    endloop
  endfacet
  facet normal 0.921545 0.388272 0
    outer loop
      vertex -1.80194 -15.6678 35.6
      vertex -1.87938 -15.484 29.1
      vertex -1.87938 -15.484 35.6
    endloop
  endfacet
  facet normal 0.921545 0.388272 0
    outer loop
      vertex -1.87938 -15.484 29.1
      vertex -1.80194 -15.6678 35.6
      vertex -1.80194 -15.6678 29.1
    endloop
  endfacet
  facet normal 0.995032 0.0995534 0
    outer loop
      vertex -1.97766 -15.0981 35.6
      vertex -1.99751 -14.8997 29.1
      vertex -1.99751 -14.8997 35.6
    endloop
  endfacet
  facet normal 0.995032 0.0995534 0
    outer loop
      vertex -1.99751 -14.8997 29.1
      vertex -1.97766 -15.0981 35.6
      vertex -1.97766 -15.0981 29.1
    endloop
  endfacet
  facet normal -0.499659 -0.866222 0
    outer loop
      vertex 0.912421 -13.0203 29.1
      vertex 1.08509 -13.1199 35.6
      vertex 0.912421 -13.0203 35.6
    endloop
  endfacet
  facet normal -0.499659 -0.866222 -0
    outer loop
      vertex 1.08509 -13.1199 35.6
      vertex 0.912421 -13.0203 29.1
      vertex 1.08509 -13.1199 29.1
    endloop
  endfacet
  facet normal -0.998756 0.0498626 0
    outer loop
      vertex 1.99006 -14.9991 29.1
      vertex 2 -14.8 35.6
      vertex 2 -14.8 29.1
    endloop
  endfacet
  facet normal -0.998756 0.0498626 0
    outer loop
      vertex 2 -14.8 35.6
      vertex 1.99006 -14.9991 29.1
      vertex 1.99006 -14.9991 35.6
    endloop
  endfacet
  facet normal -0.900931 0.433962 0
    outer loop
      vertex 1.75644 -15.7565 29.1
      vertex 1.84295 -15.5769 35.6
      vertex 1.84295 -15.5769 29.1
    endloop
  endfacet
  facet normal -0.900931 0.433962 0
    outer loop
      vertex 1.84295 -15.5769 35.6
      vertex 1.75644 -15.7565 29.1
      vertex 1.75644 -15.7565 35.6
    endloop
  endfacet
  facet normal -0.797248 -0.603652 0
    outer loop
      vertex 1.65248 -13.6734 29.1
      vertex 1.53209 -13.5144 35.6
      vertex 1.53209 -13.5144 29.1
    endloop
  endfacet
  facet normal -0.797248 -0.603652 0
    outer loop
      vertex 1.53209 -13.5144 35.6
      vertex 1.65248 -13.6734 29.1
      vertex 1.65248 -13.6734 35.6
    endloop
  endfacet
  facet normal -0.583773 -0.811917 0
    outer loop
      vertex 1.08509 -13.1199 29.1
      vertex 1.24698 -13.2363 35.6
      vertex 1.08509 -13.1199 35.6
    endloop
  endfacet
  facet normal -0.583773 -0.811917 -0
    outer loop
      vertex 1.24698 -13.2363 35.6
      vertex 1.08509 -13.1199 29.1
      vertex 1.24698 -13.2363 29.1
    endloop
  endfacet
  facet normal -0.124383 0.992234 0
    outer loop
      vertex 0.347296 -16.7696 29.1
      vertex 0.14946 -16.7944 35.6
      vertex 0.347296 -16.7696 35.6
    endloop
  endfacet
  facet normal -0.124383 0.992234 0
    outer loop
      vertex 0.14946 -16.7944 35.6
      vertex 0.347296 -16.7696 29.1
      vertex 0.14946 -16.7944 29.1
    endloop
  endfacet
  facet normal -0.939706 -0.341985 0
    outer loop
      vertex 1.91115 -14.2105 29.1
      vertex 1.84295 -14.0231 35.6
      vertex 1.84295 -14.0231 29.1
    endloop
  endfacet
  facet normal -0.939706 -0.341985 0
    outer loop
      vertex 1.84295 -14.0231 35.6
      vertex 1.91115 -14.2105 29.1
      vertex 1.91115 -14.2105 35.6
    endloop
  endfacet
  facet normal -0.85326 0.521487 0
    outer loop
      vertex 1.65248 -15.9266 29.1
      vertex 1.75644 -15.7565 35.6
      vertex 1.75644 -15.7565 29.1
    endloop
  endfacet
  facet normal -0.85326 0.521487 0
    outer loop
      vertex 1.75644 -15.7565 35.6
      vertex 1.65248 -15.9266 29.1
      vertex 1.65248 -15.9266 35.6
    endloop
  endfacet
  facet normal 0.270837 -0.962625 0
    outer loop
      vertex -0.636972 -12.9041 29.1
      vertex -0.445042 -12.8501 35.6
      vertex -0.636972 -12.9041 35.6
    endloop
  endfacet
  facet normal 0.270837 -0.962625 0
    outer loop
      vertex -0.445042 -12.8501 35.6
      vertex -0.636972 -12.9041 29.1
      vertex -0.445042 -12.8501 29.1
    endloop
  endfacet
  facet normal 0.365587 0.930777 -0
    outer loop
      vertex -0.636972 -16.6959 29.1
      vertex -0.822574 -16.623 35.6
      vertex -0.636972 -16.6959 35.6
    endloop
  endfacet
  facet normal 0.365587 0.930777 0
    outer loop
      vertex -0.822574 -16.623 35.6
      vertex -0.636972 -16.6959 29.1
      vertex -0.822574 -16.623 29.1
    endloop
  endfacet
  facet normal -0.900931 -0.433962 0
    outer loop
      vertex 1.84295 -14.0231 29.1
      vertex 1.75644 -13.8435 35.6
      vertex 1.75644 -13.8435 29.1
    endloop
  endfacet
  facet normal -0.900931 -0.433962 0
    outer loop
      vertex 1.75644 -13.8435 35.6
      vertex 1.84295 -14.0231 29.1
      vertex 1.84295 -14.0231 35.6
    endloop
  endfacet
  facet normal -0.661895 0.749596 0
    outer loop
      vertex 1.39647 -16.2317 29.1
      vertex 1.24698 -16.3637 35.6
      vertex 1.39647 -16.2317 35.6
    endloop
  endfacet
  facet normal -0.661895 0.749596 0
    outer loop
      vertex 1.24698 -16.3637 35.6
      vertex 1.39647 -16.2317 29.1
      vertex 1.24698 -16.3637 29.1
    endloop
  endfacet
  facet normal 0.173538 -0.984827 0
    outer loop
      vertex -0.445042 -12.8501 29.1
      vertex -0.248687 -12.8155 35.6
      vertex -0.445042 -12.8501 35.6
    endloop
  endfacet
  facet normal 0.173538 -0.984827 0
    outer loop
      vertex -0.248687 -12.8155 35.6
      vertex -0.445042 -12.8501 29.1
      vertex -0.248687 -12.8155 29.1
    endloop
  endfacet
  facet normal -0.318482 0.947929 0
    outer loop
      vertex 0.730681 -16.6617 29.1
      vertex 0.54168 -16.7252 35.6
      vertex 0.730681 -16.6617 35.6
    endloop
  endfacet
  facet normal -0.318482 0.947929 0
    outer loop
      vertex 0.54168 -16.7252 35.6
      vertex 0.730681 -16.6617 29.1
      vertex 0.54168 -16.7252 29.1
    endloop
  endfacet
  facet normal 0.82617 0.563421 0
    outer loop
      vertex -1.59426 -16.0076 35.6
      vertex -1.70658 -15.8429 29.1
      vertex -1.70658 -15.8429 35.6
    endloop
  endfacet
  facet normal 0.82617 0.563421 0
    outer loop
      vertex -1.70658 -15.8429 29.1
      vertex -1.59426 -16.0076 35.6
      vertex -1.59426 -16.0076 29.1
    endloop
  endfacet
  facet normal 0.698455 0.715654 -0
    outer loop
      vertex -1.32337 -16.2996 29.1
      vertex -1.4661 -16.1603 35.6
      vertex -1.32337 -16.2996 35.6
    endloop
  endfacet
  facet normal 0.698455 0.715654 0
    outer loop
      vertex -1.4661 -16.1603 35.6
      vertex -1.32337 -16.2996 29.1
      vertex -1.4661 -16.1603 29.1
    endloop
  endfacet
  facet normal 0.365587 -0.930777 0
    outer loop
      vertex -0.822574 -12.977 29.1
      vertex -0.636972 -12.9041 35.6
      vertex -0.822574 -12.977 35.6
    endloop
  endfacet
  facet normal 0.365587 -0.930777 0
    outer loop
      vertex -0.636972 -12.9041 35.6
      vertex -0.822574 -12.977 29.1
      vertex -0.636972 -12.9041 29.1
    endloop
  endfacet
  facet normal 0.455968 0.889996 -0
    outer loop
      vertex -0.822574 -16.623 29.1
      vertex -1 -16.5321 35.6
      vertex -0.822574 -16.623 35.6
    endloop
  endfacet
  facet normal 0.455968 0.889996 0
    outer loop
      vertex -1 -16.5321 35.6
      vertex -0.822574 -16.623 29.1
      vertex -1 -16.5321 29.1
    endloop
  endfacet
  facet normal 0.0747303 -0.997204 0
    outer loop
      vertex -0.248687 -12.8155 29.1
      vertex -0.049861 -12.8006 35.6
      vertex -0.248687 -12.8155 35.6
    endloop
  endfacet
  facet normal 0.0747303 -0.997204 0
    outer loop
      vertex -0.049861 -12.8006 35.6
      vertex -0.248687 -12.8155 29.1
      vertex -0.049861 -12.8006 29.1
    endloop
  endfacet
  facet normal 0.955561 -0.294794 0
    outer loop
      vertex -1.93815 -14.3065 35.6
      vertex -1.87938 -14.116 29.1
      vertex -1.87938 -14.116 35.6
    endloop
  endfacet
  facet normal 0.955561 -0.294794 0
    outer loop
      vertex -1.87938 -14.116 29.1
      vertex -1.93815 -14.3065 35.6
      vertex -1.93815 -14.3065 29.1
    endloop
  endfacet
  facet normal 0.765972 0.642874 0
    outer loop
      vertex -1.4661 -16.1603 35.6
      vertex -1.59426 -16.0076 29.1
      vertex -1.59426 -16.0076 35.6
    endloop
  endfacet
  facet normal 0.765972 0.642874 0
    outer loop
      vertex -1.59426 -16.0076 29.1
      vertex -1.4661 -16.1603 35.6
      vertex -1.4661 -16.1603 29.1
    endloop
  endfacet
  facet normal 0.980164 0.19819 0
    outer loop
      vertex -1.93815 -15.2935 35.6
      vertex -1.97766 -15.0981 29.1
      vertex -1.97766 -15.0981 35.6
    endloop
  endfacet
  facet normal 0.980164 0.19819 0
    outer loop
      vertex -1.97766 -15.0981 29.1
      vertex -1.93815 -15.2935 35.6
      vertex -1.93815 -15.2935 29.1
    endloop
  endfacet
  facet normal -0.0250773 -0.999686 0
    outer loop
      vertex -0.049861 -12.8006 29.1
      vertex 0.14946 -12.8056 35.6
      vertex -0.049861 -12.8006 35.6
    endloop
  endfacet
  facet normal -0.0250773 -0.999686 -0
    outer loop
      vertex 0.14946 -12.8056 35.6
      vertex -0.049861 -12.8006 29.1
      vertex 0.14946 -12.8056 29.1
    endloop
  endfacet
  facet normal -0.222679 -0.974892 0
    outer loop
      vertex 0.347296 -12.8304 29.1
      vertex 0.54168 -12.8748 35.6
      vertex 0.347296 -12.8304 35.6
    endloop
  endfacet
  facet normal -0.222679 -0.974892 -0
    outer loop
      vertex 0.54168 -12.8748 35.6
      vertex 0.347296 -12.8304 29.1
      vertex 0.54168 -12.8748 29.1
    endloop
  endfacet
  facet normal 0.542629 0.839972 -0
    outer loop
      vertex -1 -16.5321 29.1
      vertex -1.16749 -16.4239 35.6
      vertex -1 -16.5321 35.6
    endloop
  endfacet
  facet normal 0.542629 0.839972 0
    outer loop
      vertex -1.16749 -16.4239 35.6
      vertex -1 -16.5321 29.1
      vertex -1.16749 -16.4239 29.1
    endloop
  endfacet
  facet normal -0.583773 0.811917 0
    outer loop
      vertex 1.24698 -16.3637 29.1
      vertex 1.08509 -16.4801 35.6
      vertex 1.24698 -16.3637 35.6
    endloop
  endfacet
  facet normal -0.583773 0.811917 0
    outer loop
      vertex 1.08509 -16.4801 35.6
      vertex 1.24698 -16.3637 29.1
      vertex 1.08509 -16.4801 29.1
    endloop
  endfacet
  facet normal -0.939706 0.341985 0
    outer loop
      vertex 1.84295 -15.5769 29.1
      vertex 1.91115 -15.3895 35.6
      vertex 1.91115 -15.3895 29.1
    endloop
  endfacet
  facet normal -0.939706 0.341985 0
    outer loop
      vertex 1.91115 -15.3895 35.6
      vertex 1.84295 -15.5769 29.1
      vertex 1.84295 -15.5769 35.6
    endloop
  endfacet
  facet normal 0.623459 0.781856 -0
    outer loop
      vertex -1.16749 -16.4239 29.1
      vertex -1.32337 -16.2996 35.6
      vertex -1.16749 -16.4239 35.6
    endloop
  endfacet
  facet normal 0.623459 0.781856 0
    outer loop
      vertex -1.32337 -16.2996 35.6
      vertex -1.16749 -16.4239 29.1
      vertex -1.32337 -16.2996 29.1
    endloop
  endfacet
  facet normal -0.0250773 0.999686 0
    outer loop
      vertex 0.14946 -16.7944 29.1
      vertex -0.049861 -16.7994 35.6
      vertex 0.14946 -16.7944 35.6
    endloop
  endfacet
  facet normal -0.0250773 0.999686 0
    outer loop
      vertex -0.049861 -16.7994 35.6
      vertex 0.14946 -16.7944 29.1
      vertex -0.049861 -16.7994 29.1
    endloop
  endfacet
  facet normal 0.0747303 0.997204 -0
    outer loop
      vertex -0.049861 -16.7994 29.1
      vertex -0.248687 -16.7845 35.6
      vertex -0.049861 -16.7994 35.6
    endloop
  endfacet
  facet normal 0.0747303 0.997204 0
    outer loop
      vertex -0.248687 -16.7845 35.6
      vertex -0.049861 -16.7994 29.1
      vertex -0.248687 -16.7845 29.1
    endloop
  endfacet
  facet normal 0.87821 0.478276 0
    outer loop
      vertex -1.70658 -15.8429 35.6
      vertex -1.80194 -15.6678 29.1
      vertex -1.80194 -15.6678 35.6
    endloop
  endfacet
  facet normal 0.87821 0.478276 0
    outer loop
      vertex -1.80194 -15.6678 29.1
      vertex -1.70658 -15.8429 35.6
      vertex -1.70658 -15.8429 29.1
    endloop
  endfacet
  facet normal 0 0 1
    outer loop
      vertex 1.99006 -14.6009 29.1
      vertex 1.99006 -14.9991 29.1
      vertex 2 -14.8 29.1
    endloop
  endfacet
  facet normal 0 0 1
    outer loop
      vertex 1.96034 -14.4037 29.1
      vertex 1.99006 -14.9991 29.1
      vertex 1.99006 -14.6009 29.1
    endloop
  endfacet
  facet normal 0 0 1
    outer loop
      vertex 1.96034 -14.4037 29.1
      vertex 1.96034 -15.1963 29.1
      vertex 1.99006 -14.9991 29.1
    endloop
  endfacet
  facet normal 0 0 1
    outer loop
      vertex 1.91115 -14.2105 29.1
      vertex 1.96034 -15.1963 29.1
      vertex 1.96034 -14.4037 29.1
    endloop
  endfacet
  facet normal 0 0 1
    outer loop
      vertex 1.91115 -14.2105 29.1
      vertex 1.91115 -15.3895 29.1
      vertex 1.96034 -15.1963 29.1
    endloop
  endfacet
  facet normal 0 0 1
    outer loop
      vertex 1.84295 -14.0231 29.1
      vertex 1.91115 -15.3895 29.1
      vertex 1.91115 -14.2105 29.1
    endloop
  endfacet
  facet normal 0 0 1
    outer loop
      vertex 1.84295 -14.0231 29.1
      vertex 1.84295 -15.5769 29.1
      vertex 1.91115 -15.3895 29.1
    endloop
  endfacet
  facet normal 0 0 1
    outer loop
      vertex 1.75644 -13.8435 29.1
      vertex 1.84295 -15.5769 29.1
      vertex 1.84295 -14.0231 29.1
    endloop
  endfacet
  facet normal 0 0 1
    outer loop
      vertex 1.75644 -13.8435 29.1
      vertex 1.75644 -15.7565 29.1
      vertex 1.84295 -15.5769 29.1
    endloop
  endfacet
  facet normal 0 0 1
    outer loop
      vertex 1.65248 -13.6734 29.1
      vertex 1.75644 -15.7565 29.1
      vertex 1.75644 -13.8435 29.1
    endloop
  endfacet
  facet normal 0 0 1
    outer loop
      vertex 1.65248 -13.6734 29.1
      vertex 1.65248 -15.9266 29.1
      vertex 1.75644 -15.7565 29.1
    endloop
  endfacet
  facet normal 0 0 1
    outer loop
      vertex 1.53209 -13.5144 29.1
      vertex 1.65248 -15.9266 29.1
      vertex 1.65248 -13.6734 29.1
    endloop
  endfacet
  facet normal 0 0 1
    outer loop
      vertex 1.53209 -13.5144 29.1
      vertex 1.53209 -16.0856 29.1
      vertex 1.65248 -15.9266 29.1
    endloop
  endfacet
  facet normal 0 0 1
    outer loop
      vertex 1.39647 -13.3683 29.1
      vertex 1.53209 -16.0856 29.1
      vertex 1.53209 -13.5144 29.1
    endloop
  endfacet
  facet normal 0 0 1
    outer loop
      vertex 1.39647 -13.3683 29.1
      vertex 1.39647 -16.2317 29.1
      vertex 1.53209 -16.0856 29.1
    endloop
  endfacet
  facet normal 0 0 1
    outer loop
      vertex 1.24698 -13.2363 29.1
      vertex 1.39647 -16.2317 29.1
      vertex 1.39647 -13.3683 29.1
    endloop
  endfacet
  facet normal 0 0 1
    outer loop
      vertex 1.24698 -13.2363 29.1
      vertex 1.24698 -16.3637 29.1
      vertex 1.39647 -16.2317 29.1
    endloop
  endfacet
  facet normal 0 0 1
    outer loop
      vertex 1.08509 -13.1199 29.1
      vertex 1.24698 -16.3637 29.1
      vertex 1.24698 -13.2363 29.1
    endloop
  endfacet
  facet normal 0 0 1
    outer loop
      vertex 1.08509 -13.1199 29.1
      vertex 1.08509 -16.4801 29.1
      vertex 1.24698 -16.3637 29.1
    endloop
  endfacet
  facet normal 0 0 1
    outer loop
      vertex 0.912421 -13.0203 29.1
      vertex 1.08509 -16.4801 29.1
      vertex 1.08509 -13.1199 29.1
    endloop
  endfacet
  facet normal 0 0 1
    outer loop
      vertex 0.912421 -13.0203 29.1
      vertex 0.912421 -16.5797 29.1
      vertex 1.08509 -16.4801 29.1
    endloop
  endfacet
  facet normal 0 0 1
    outer loop
      vertex 0.730681 -12.9383 29.1
      vertex 0.912421 -16.5797 29.1
      vertex 0.912421 -13.0203 29.1
    endloop
  endfacet
  facet normal 0 0 1
    outer loop
      vertex 0.730681 -12.9383 29.1
      vertex 0.730681 -16.6617 29.1
      vertex 0.912421 -16.5797 29.1
    endloop
  endfacet
  facet normal 0 0 1
    outer loop
      vertex 0.54168 -12.8748 29.1
      vertex 0.730681 -16.6617 29.1
      vertex 0.730681 -12.9383 29.1
    endloop
  endfacet
  facet normal 0 0 1
    outer loop
      vertex 0.54168 -12.8748 29.1
      vertex 0.54168 -16.7252 29.1
      vertex 0.730681 -16.6617 29.1
    endloop
  endfacet
  facet normal 0 0 1
    outer loop
      vertex 0.347296 -12.8304 29.1
      vertex 0.54168 -16.7252 29.1
      vertex 0.54168 -12.8748 29.1
    endloop
  endfacet
  facet normal 0 0 1
    outer loop
      vertex 0.347296 -12.8304 29.1
      vertex 0.347296 -16.7696 29.1
      vertex 0.54168 -16.7252 29.1
    endloop
  endfacet
  facet normal 0 0 1
    outer loop
      vertex 0.14946 -12.8056 29.1
      vertex 0.347296 -16.7696 29.1
      vertex 0.347296 -12.8304 29.1
    endloop
  endfacet
  facet normal 0 0 1
    outer loop
      vertex 0.14946 -12.8056 29.1
      vertex 0.14946 -16.7944 29.1
      vertex 0.347296 -16.7696 29.1
    endloop
  endfacet
  facet normal 0 0 1
    outer loop
      vertex -0.049861 -12.8006 29.1
      vertex 0.14946 -16.7944 29.1
      vertex 0.14946 -12.8056 29.1
    endloop
  endfacet
  facet normal 0 0 1
    outer loop
      vertex -0.049861 -12.8006 29.1
      vertex -0.049861 -16.7994 29.1
      vertex 0.14946 -16.7944 29.1
    endloop
  endfacet
  facet normal -0 0 1
    outer loop
      vertex -0.248687 -12.8155 29.1
      vertex -0.049861 -16.7994 29.1
      vertex -0.049861 -12.8006 29.1
    endloop
  endfacet
  facet normal 0 0 1
    outer loop
      vertex -0.248687 -12.8155 29.1
      vertex -0.248687 -16.7845 29.1
      vertex -0.049861 -16.7994 29.1
    endloop
  endfacet
  facet normal -0 0 1
    outer loop
      vertex -0.445042 -12.8501 29.1
      vertex -0.248687 -16.7845 29.1
      vertex -0.248687 -12.8155 29.1
    endloop
  endfacet
  facet normal 0 0 1
    outer loop
      vertex -0.445042 -12.8501 29.1
      vertex -0.445042 -16.7499 29.1
      vertex -0.248687 -16.7845 29.1
    endloop
  endfacet
  facet normal -0 0 1
    outer loop
      vertex -0.636972 -12.9041 29.1
      vertex -0.445042 -16.7499 29.1
      vertex -0.445042 -12.8501 29.1
    endloop
  endfacet
  facet normal 0 0 1
    outer loop
      vertex -0.636972 -12.9041 29.1
      vertex -0.636972 -16.6959 29.1
      vertex -0.445042 -16.7499 29.1
    endloop
  endfacet
  facet normal -0 0 1
    outer loop
      vertex -0.822574 -12.977 29.1
      vertex -0.636972 -16.6959 29.1
      vertex -0.636972 -12.9041 29.1
    endloop
  endfacet
  facet normal 0 0 1
    outer loop
      vertex -0.822574 -12.977 29.1
      vertex -0.822574 -16.623 29.1
      vertex -0.636972 -16.6959 29.1
    endloop
  endfacet
  facet normal -0 0 1
    outer loop
      vertex -1 -13.0679 29.1
      vertex -0.822574 -16.623 29.1
      vertex -0.822574 -12.977 29.1
    endloop
  endfacet
  facet normal 0 0 1
    outer loop
      vertex -1 -13.0679 29.1
      vertex -1 -16.5321 29.1
      vertex -0.822574 -16.623 29.1
    endloop
  endfacet
  facet normal -0 0 1
    outer loop
      vertex -1.16749 -13.1761 29.1
      vertex -1 -16.5321 29.1
      vertex -1 -13.0679 29.1
    endloop
  endfacet
  facet normal 0 0 1
    outer loop
      vertex -1.16749 -13.1761 29.1
      vertex -1.16749 -16.4239 29.1
      vertex -1 -16.5321 29.1
    endloop
  endfacet
  facet normal -0 0 1
    outer loop
      vertex -1.32337 -13.3004 29.1
      vertex -1.16749 -16.4239 29.1
      vertex -1.16749 -13.1761 29.1
    endloop
  endfacet
  facet normal 0 0 1
    outer loop
      vertex -1.32337 -13.3004 29.1
      vertex -1.32337 -16.2996 29.1
      vertex -1.16749 -16.4239 29.1
    endloop
  endfacet
  facet normal -0 0 1
    outer loop
      vertex -1.4661 -13.4397 29.1
      vertex -1.32337 -16.2996 29.1
      vertex -1.32337 -13.3004 29.1
    endloop
  endfacet
  facet normal 0 0 1
    outer loop
      vertex -1.4661 -13.4397 29.1
      vertex -1.4661 -16.1603 29.1
      vertex -1.32337 -16.2996 29.1
    endloop
  endfacet
  facet normal -0 0 1
    outer loop
      vertex -1.59426 -13.5924 29.1
      vertex -1.4661 -16.1603 29.1
      vertex -1.4661 -13.4397 29.1
    endloop
  endfacet
  facet normal 0 0 1
    outer loop
      vertex -1.59426 -13.5924 29.1
      vertex -1.59426 -16.0076 29.1
      vertex -1.4661 -16.1603 29.1
    endloop
  endfacet
  facet normal -0 0 1
    outer loop
      vertex -1.70658 -13.7571 29.1
      vertex -1.59426 -16.0076 29.1
      vertex -1.59426 -13.5924 29.1
    endloop
  endfacet
  facet normal 0 0 1
    outer loop
      vertex -1.70658 -13.7571 29.1
      vertex -1.70658 -15.8429 29.1
      vertex -1.59426 -16.0076 29.1
    endloop
  endfacet
  facet normal -0 0 1
    outer loop
      vertex -1.80194 -13.9322 29.1
      vertex -1.70658 -15.8429 29.1
      vertex -1.70658 -13.7571 29.1
    endloop
  endfacet
  facet normal 0 0 1
    outer loop
      vertex -1.80194 -13.9322 29.1
      vertex -1.80194 -15.6678 29.1
      vertex -1.70658 -15.8429 29.1
    endloop
  endfacet
  facet normal -0 0 1
    outer loop
      vertex -1.87938 -14.116 29.1
      vertex -1.80194 -15.6678 29.1
      vertex -1.80194 -13.9322 29.1
    endloop
  endfacet
  facet normal 0 0 1
    outer loop
      vertex -1.87938 -14.116 29.1
      vertex -1.87938 -15.484 29.1
      vertex -1.80194 -15.6678 29.1
    endloop
  endfacet
  facet normal -0 0 1
    outer loop
      vertex -1.93815 -14.3065 29.1
      vertex -1.87938 -15.484 29.1
      vertex -1.87938 -14.116 29.1
    endloop
  endfacet
  facet normal 0 0 1
    outer loop
      vertex -1.93815 -14.3065 29.1
      vertex -1.93815 -15.2935 29.1
      vertex -1.87938 -15.484 29.1
    endloop
  endfacet
  facet normal -0 0 1
    outer loop
      vertex -1.97766 -14.5019 29.1
      vertex -1.93815 -15.2935 29.1
      vertex -1.93815 -14.3065 29.1
    endloop
  endfacet
  facet normal 0 0 1
    outer loop
      vertex -1.97766 -14.5019 29.1
      vertex -1.97766 -15.0981 29.1
      vertex -1.93815 -15.2935 29.1
    endloop
  endfacet
  facet normal -0 0 1
    outer loop
      vertex -1.99751 -14.7003 29.1
      vertex -1.97766 -15.0981 29.1
      vertex -1.97766 -14.5019 29.1
    endloop
  endfacet
  facet normal 0 0 1
    outer loop
      vertex -1.97766 -15.0981 29.1
      vertex -1.99751 -14.7003 29.1
      vertex -1.99751 -14.8997 29.1
    endloop
  endfacet
  facet normal 0.995032 -0.0995534 0
    outer loop
      vertex -1.99751 -14.7003 35.6
      vertex -1.97766 -14.5019 29.1
      vertex -1.97766 -14.5019 35.6
    endloop
  endfacet
  facet normal 0.995032 -0.0995534 0
    outer loop
      vertex -1.97766 -14.5019 29.1
      vertex -1.99751 -14.7003 35.6
      vertex -1.99751 -14.7003 29.1
    endloop
  endfacet
  facet normal 1 -0 0
    outer loop
      vertex -1.99751 -14.8997 35.6
      vertex -1.99751 -14.7003 29.1
      vertex -1.99751 -14.7003 35.6
    endloop
  endfacet
  facet normal 1 0 0
    outer loop
      vertex -1.99751 -14.7003 29.1
      vertex -1.99751 -14.8997 35.6
      vertex -1.99751 -14.8997 29.1
    endloop
  endfacet
  facet normal 0.921545 -0.388272 0
    outer loop
      vertex -1.87938 -14.116 35.6
      vertex -1.80194 -13.9322 29.1
      vertex -1.80194 -13.9322 35.6
    endloop
  endfacet
  facet normal 0.921545 -0.388272 0
    outer loop
      vertex -1.80194 -13.9322 29.1
      vertex -1.87938 -14.116 35.6
      vertex -1.87938 -14.116 29.1
    endloop
  endfacet
  facet normal 0.270837 0.962625 -0
    outer loop
      vertex -0.445042 -16.7499 29.1
      vertex -0.636972 -16.6959 35.6
      vertex -0.445042 -16.7499 35.6
    endloop
  endfacet
  facet normal 0.270837 0.962625 0
    outer loop
      vertex -0.636972 -16.6959 35.6
      vertex -0.445042 -16.7499 29.1
      vertex -0.636972 -16.6959 29.1
    endloop
  endfacet
  facet normal 0.87821 -0.478276 0
    outer loop
      vertex -1.80194 -13.9322 35.6
      vertex -1.70658 -13.7571 29.1
      vertex -1.70658 -13.7571 35.6
    endloop
  endfacet
  facet normal 0.87821 -0.478276 0
    outer loop
      vertex -1.70658 -13.7571 29.1
      vertex -1.80194 -13.9322 35.6
      vertex -1.80194 -13.9322 29.1
    endloop
  endfacet
  facet normal -0.732904 0.680332 0
    outer loop
      vertex 1.39647 -16.2317 29.1
      vertex 1.53209 -16.0856 35.6
      vertex 1.53209 -16.0856 29.1
    endloop
  endfacet
  facet normal -0.732904 0.680332 0
    outer loop
      vertex 1.53209 -16.0856 35.6
      vertex 1.39647 -16.2317 29.1
      vertex 1.39647 -16.2317 35.6
    endloop
  endfacet
  facet normal -0.988833 -0.149027 0
    outer loop
      vertex 1.99006 14.9991 29.1
      vertex 1.96034 15.1963 35.6
      vertex 1.96034 15.1963 29.1
    endloop
  endfacet
  facet normal -0.988833 -0.149027 0
    outer loop
      vertex 1.96034 15.1963 35.6
      vertex 1.99006 14.9991 29.1
      vertex 1.99006 14.9991 35.6
    endloop
  endfacet
  facet normal -0.998756 -0.0498626 0
    outer loop
      vertex 2 14.8 29.1
      vertex 1.99006 14.9991 35.6
      vertex 1.99006 14.9991 29.1
    endloop
  endfacet
  facet normal -0.998756 -0.0498626 0
    outer loop
      vertex 1.99006 14.9991 35.6
      vertex 2 14.8 29.1
      vertex 2 14.8 35.6
    endloop
  endfacet
  facet normal -0.969083 -0.246735 0
    outer loop
      vertex 1.96034 15.1963 29.1
      vertex 1.91115 15.3895 35.6
      vertex 1.91115 15.3895 29.1
    endloop
  endfacet
  facet normal -0.969083 -0.246735 0
    outer loop
      vertex 1.91115 15.3895 35.6
      vertex 1.96034 15.1963 29.1
      vertex 1.96034 15.1963 35.6
    endloop
  endfacet
  facet normal 0.623459 0.781856 -0
    outer loop
      vertex -1.16749 13.1761 29.1
      vertex -1.32337 13.3004 35.6
      vertex -1.16749 13.1761 35.6
    endloop
  endfacet
  facet normal 0.623459 0.781856 0
    outer loop
      vertex -1.32337 13.3004 35.6
      vertex -1.16749 13.1761 29.1
      vertex -1.32337 13.3004 29.1
    endloop
  endfacet
  facet normal 0.623459 -0.781856 0
    outer loop
      vertex -1.32337 16.2996 29.1
      vertex -1.16749 16.4239 35.6
      vertex -1.32337 16.2996 35.6
    endloop
  endfacet
  facet normal 0.623459 -0.781856 0
    outer loop
      vertex -1.16749 16.4239 35.6
      vertex -1.32337 16.2996 29.1
      vertex -1.16749 16.4239 29.1
    endloop
  endfacet
  facet normal -0.939706 -0.341985 0
    outer loop
      vertex 1.91115 15.3895 29.1
      vertex 1.84295 15.5769 35.6
      vertex 1.84295 15.5769 29.1
    endloop
  endfacet
  facet normal -0.939706 -0.341985 0
    outer loop
      vertex 1.84295 15.5769 35.6
      vertex 1.91115 15.3895 29.1
      vertex 1.91115 15.3895 35.6
    endloop
  endfacet
  facet normal -0.318482 -0.947929 0
    outer loop
      vertex 0.54168 16.7252 29.1
      vertex 0.730681 16.6617 35.6
      vertex 0.54168 16.7252 35.6
    endloop
  endfacet
  facet normal -0.318482 -0.947929 -0
    outer loop
      vertex 0.730681 16.6617 35.6
      vertex 0.54168 16.7252 29.1
      vertex 0.730681 16.6617 29.1
    endloop
  endfacet
  facet normal 0.87821 0.478276 0
    outer loop
      vertex -1.70658 13.7571 35.6
      vertex -1.80194 13.9322 29.1
      vertex -1.80194 13.9322 35.6
    endloop
  endfacet
  facet normal 0.87821 0.478276 0
    outer loop
      vertex -1.80194 13.9322 29.1
      vertex -1.70658 13.7571 35.6
      vertex -1.70658 13.7571 29.1
    endloop
  endfacet
  facet normal 0.955561 -0.294794 0
    outer loop
      vertex -1.93815 15.2935 35.6
      vertex -1.87938 15.484 29.1
      vertex -1.87938 15.484 35.6
    endloop
  endfacet
  facet normal 0.955561 -0.294794 0
    outer loop
      vertex -1.87938 15.484 29.1
      vertex -1.93815 15.2935 35.6
      vertex -1.93815 15.2935 29.1
    endloop
  endfacet
  facet normal 0.921545 0.388272 0
    outer loop
      vertex -1.80194 13.9322 35.6
      vertex -1.87938 14.116 29.1
      vertex -1.87938 14.116 35.6
    endloop
  endfacet
  facet normal 0.921545 0.388272 0
    outer loop
      vertex -1.87938 14.116 29.1
      vertex -1.80194 13.9322 35.6
      vertex -1.80194 13.9322 29.1
    endloop
  endfacet
  facet normal 0.270837 -0.962625 0
    outer loop
      vertex -0.636972 16.6959 29.1
      vertex -0.445042 16.7499 35.6
      vertex -0.636972 16.6959 35.6
    endloop
  endfacet
  facet normal 0.270837 -0.962625 0
    outer loop
      vertex -0.445042 16.7499 35.6
      vertex -0.636972 16.6959 29.1
      vertex -0.445042 16.7499 29.1
    endloop
  endfacet
  facet normal -0.222679 0.974892 0
    outer loop
      vertex 0.54168 12.8748 29.1
      vertex 0.347296 12.8304 35.6
      vertex 0.54168 12.8748 35.6
    endloop
  endfacet
  facet normal -0.222679 0.974892 0
    outer loop
      vertex 0.347296 12.8304 35.6
      vertex 0.54168 12.8748 29.1
      vertex 0.347296 12.8304 29.1
    endloop
  endfacet
  facet normal 0.542629 0.839972 -0
    outer loop
      vertex -1 13.0679 29.1
      vertex -1.16749 13.1761 35.6
      vertex -1 13.0679 35.6
    endloop
  endfacet
  facet normal 0.542629 0.839972 0
    outer loop
      vertex -1.16749 13.1761 35.6
      vertex -1 13.0679 29.1
      vertex -1.16749 13.1761 29.1
    endloop
  endfacet
  facet normal -0.499659 0.866222 0
    outer loop
      vertex 1.08509 13.1199 29.1
      vertex 0.912421 13.0203 35.6
      vertex 1.08509 13.1199 35.6
    endloop
  endfacet
  facet normal -0.499659 0.866222 0
    outer loop
      vertex 0.912421 13.0203 35.6
      vertex 1.08509 13.1199 29.1
      vertex 0.912421 13.0203 29.1
    endloop
  endfacet
  facet normal -0.797248 0.603652 0
    outer loop
      vertex 1.53209 13.5144 29.1
      vertex 1.65248 13.6734 35.6
      vertex 1.65248 13.6734 29.1
    endloop
  endfacet
  facet normal -0.797248 0.603652 0
    outer loop
      vertex 1.65248 13.6734 35.6
      vertex 1.53209 13.5144 29.1
      vertex 1.53209 13.5144 35.6
    endloop
  endfacet
  facet normal -0.124383 -0.992234 0
    outer loop
      vertex 0.14946 16.7944 29.1
      vertex 0.347296 16.7696 35.6
      vertex 0.14946 16.7944 35.6
    endloop
  endfacet
  facet normal -0.124383 -0.992234 -0
    outer loop
      vertex 0.347296 16.7696 35.6
      vertex 0.14946 16.7944 29.1
      vertex 0.347296 16.7696 29.1
    endloop
  endfacet
  facet normal -0.988833 0.149027 0
    outer loop
      vertex 1.96034 14.4037 29.1
      vertex 1.99006 14.6009 35.6
      vertex 1.99006 14.6009 29.1
    endloop
  endfacet
  facet normal -0.988833 0.149027 0
    outer loop
      vertex 1.99006 14.6009 35.6
      vertex 1.96034 14.4037 29.1
      vertex 1.96034 14.4037 35.6
    endloop
  endfacet
  facet normal 0.365587 0.930777 -0
    outer loop
      vertex -0.636972 12.9041 29.1
      vertex -0.822574 12.977 35.6
      vertex -0.636972 12.9041 35.6
    endloop
  endfacet
  facet normal 0.365587 0.930777 0
    outer loop
      vertex -0.822574 12.977 35.6
      vertex -0.636972 12.9041 29.1
      vertex -0.822574 12.977 29.1
    endloop
  endfacet
  facet normal -0.41127 -0.911514 0
    outer loop
      vertex 0.730681 16.6617 29.1
      vertex 0.912421 16.5797 35.6
      vertex 0.730681 16.6617 35.6
    endloop
  endfacet
  facet normal -0.41127 -0.911514 -0
    outer loop
      vertex 0.912421 16.5797 35.6
      vertex 0.730681 16.6617 29.1
      vertex 0.912421 16.5797 29.1
    endloop
  endfacet
  facet normal 0.82617 0.563421 0
    outer loop
      vertex -1.59426 13.5924 35.6
      vertex -1.70658 13.7571 29.1
      vertex -1.70658 13.7571 35.6
    endloop
  endfacet
  facet normal 0.82617 0.563421 0
    outer loop
      vertex -1.70658 13.7571 29.1
      vertex -1.59426 13.5924 35.6
      vertex -1.59426 13.5924 29.1
    endloop
  endfacet
  facet normal 0.173538 0.984827 -0
    outer loop
      vertex -0.248687 12.8155 29.1
      vertex -0.445042 12.8501 35.6
      vertex -0.248687 12.8155 35.6
    endloop
  endfacet
  facet normal 0.173538 0.984827 0
    outer loop
      vertex -0.445042 12.8501 35.6
      vertex -0.248687 12.8155 29.1
      vertex -0.445042 12.8501 29.1
    endloop
  endfacet
  facet normal 0.955561 0.294794 0
    outer loop
      vertex -1.87938 14.116 35.6
      vertex -1.93815 14.3065 29.1
      vertex -1.93815 14.3065 35.6
    endloop
  endfacet
  facet normal 0.955561 0.294794 0
    outer loop
      vertex -1.93815 14.3065 29.1
      vertex -1.87938 14.116 35.6
      vertex -1.87938 14.116 29.1
    endloop
  endfacet
  facet normal -0.969083 0.246735 0
    outer loop
      vertex 1.91115 14.2105 29.1
      vertex 1.96034 14.4037 35.6
      vertex 1.96034 14.4037 29.1
    endloop
  endfacet
  facet normal -0.969083 0.246735 0
    outer loop
      vertex 1.96034 14.4037 35.6
      vertex 1.91115 14.2105 29.1
      vertex 1.91115 14.2105 35.6
    endloop
  endfacet
  facet normal 0.0747303 -0.997204 0
    outer loop
      vertex -0.248687 16.7845 29.1
      vertex -0.049861 16.7994 35.6
      vertex -0.248687 16.7845 35.6
    endloop
  endfacet
  facet normal 0.0747303 -0.997204 0
    outer loop
      vertex -0.049861 16.7994 35.6
      vertex -0.248687 16.7845 29.1
      vertex -0.049861 16.7994 29.1
    endloop
  endfacet
  facet normal 0.455968 -0.889996 0
    outer loop
      vertex -1 16.5321 29.1
      vertex -0.822574 16.623 35.6
      vertex -1 16.5321 35.6
    endloop
  endfacet
  facet normal 0.455968 -0.889996 0
    outer loop
      vertex -0.822574 16.623 35.6
      vertex -1 16.5321 29.1
      vertex -0.822574 16.623 29.1
    endloop
  endfacet
  facet normal 0.698455 -0.715654 0
    outer loop
      vertex -1.4661 16.1603 29.1
      vertex -1.32337 16.2996 35.6
      vertex -1.4661 16.1603 35.6
    endloop
  endfacet
  facet normal 0.698455 -0.715654 0
    outer loop
      vertex -1.32337 16.2996 35.6
      vertex -1.4661 16.1603 29.1
      vertex -1.32337 16.2996 29.1
    endloop
  endfacet
  facet normal -0.318482 0.947929 0
    outer loop
      vertex 0.730681 12.9383 29.1
      vertex 0.54168 12.8748 35.6
      vertex 0.730681 12.9383 35.6
    endloop
  endfacet
  facet normal -0.318482 0.947929 0
    outer loop
      vertex 0.54168 12.8748 35.6
      vertex 0.730681 12.9383 29.1
      vertex 0.54168 12.8748 29.1
    endloop
  endfacet
  facet normal 0.365587 -0.930777 0
    outer loop
      vertex -0.822574 16.623 29.1
      vertex -0.636972 16.6959 35.6
      vertex -0.822574 16.623 35.6
    endloop
  endfacet
  facet normal 0.365587 -0.930777 0
    outer loop
      vertex -0.636972 16.6959 35.6
      vertex -0.822574 16.623 29.1
      vertex -0.636972 16.6959 29.1
    endloop
  endfacet
  facet normal -0.797248 -0.603652 0
    outer loop
      vertex 1.65248 15.9266 29.1
      vertex 1.53209 16.0856 35.6
      vertex 1.53209 16.0856 29.1
    endloop
  endfacet
  facet normal -0.797248 -0.603652 0
    outer loop
      vertex 1.53209 16.0856 35.6
      vertex 1.65248 15.9266 29.1
      vertex 1.65248 15.9266 35.6
    endloop
  endfacet
  facet normal 0.0747303 0.997204 -0
    outer loop
      vertex -0.049861 12.8006 29.1
      vertex -0.248687 12.8155 35.6
      vertex -0.049861 12.8006 35.6
    endloop
  endfacet
  facet normal 0.0747303 0.997204 0
    outer loop
      vertex -0.248687 12.8155 35.6
      vertex -0.049861 12.8006 29.1
      vertex -0.248687 12.8155 29.1
    endloop
  endfacet
  facet normal -0.998756 0.0498626 0
    outer loop
      vertex 1.99006 14.6009 29.1
      vertex 2 14.8 35.6
      vertex 2 14.8 29.1
    endloop
  endfacet
  facet normal -0.998756 0.0498626 0
    outer loop
      vertex 2 14.8 35.6
      vertex 1.99006 14.6009 29.1
      vertex 1.99006 14.6009 35.6
    endloop
  endfacet
  facet normal -0.900931 0.433962 0
    outer loop
      vertex 1.75644 13.8435 29.1
      vertex 1.84295 14.0231 35.6
      vertex 1.84295 14.0231 29.1
    endloop
  endfacet
  facet normal -0.900931 0.433962 0
    outer loop
      vertex 1.84295 14.0231 35.6
      vertex 1.75644 13.8435 29.1
      vertex 1.75644 13.8435 35.6
    endloop
  endfacet
  facet normal 0.980164 -0.19819 0
    outer loop
      vertex -1.97766 15.0981 35.6
      vertex -1.93815 15.2935 29.1
      vertex -1.93815 15.2935 35.6
    endloop
  endfacet
  facet normal 0.980164 -0.19819 0
    outer loop
      vertex -1.93815 15.2935 29.1
      vertex -1.97766 15.0981 35.6
      vertex -1.97766 15.0981 29.1
    endloop
  endfacet
  facet normal 0.82617 -0.563421 0
    outer loop
      vertex -1.70658 15.8429 35.6
      vertex -1.59426 16.0076 29.1
      vertex -1.59426 16.0076 35.6
    endloop
  endfacet
  facet normal 0.82617 -0.563421 0
    outer loop
      vertex -1.59426 16.0076 29.1
      vertex -1.70658 15.8429 35.6
      vertex -1.70658 15.8429 29.1
    endloop
  endfacet
  facet normal 0.698455 0.715654 -0
    outer loop
      vertex -1.32337 13.3004 29.1
      vertex -1.4661 13.4397 35.6
      vertex -1.32337 13.3004 35.6
    endloop
  endfacet
  facet normal 0.698455 0.715654 0
    outer loop
      vertex -1.4661 13.4397 35.6
      vertex -1.32337 13.3004 29.1
      vertex -1.4661 13.4397 29.1
    endloop
  endfacet
  facet normal -0.583773 -0.811917 0
    outer loop
      vertex 1.08509 16.4801 29.1
      vertex 1.24698 16.3637 35.6
      vertex 1.08509 16.4801 35.6
    endloop
  endfacet
  facet normal -0.583773 -0.811917 -0
    outer loop
      vertex 1.24698 16.3637 35.6
      vertex 1.08509 16.4801 29.1
      vertex 1.24698 16.3637 29.1
    endloop
  endfacet
  facet normal -0.499659 -0.866222 0
    outer loop
      vertex 0.912421 16.5797 29.1
      vertex 1.08509 16.4801 35.6
      vertex 0.912421 16.5797 35.6
    endloop
  endfacet
  facet normal -0.499659 -0.866222 -0
    outer loop
      vertex 1.08509 16.4801 35.6
      vertex 0.912421 16.5797 29.1
      vertex 1.08509 16.4801 29.1
    endloop
  endfacet
  facet normal -0.124383 0.992234 0
    outer loop
      vertex 0.347296 12.8304 29.1
      vertex 0.14946 12.8056 35.6
      vertex 0.347296 12.8304 35.6
    endloop
  endfacet
  facet normal -0.124383 0.992234 0
    outer loop
      vertex 0.14946 12.8056 35.6
      vertex 0.347296 12.8304 29.1
      vertex 0.14946 12.8056 29.1
    endloop
  endfacet
  facet normal -0.85326 0.521487 0
    outer loop
      vertex 1.65248 13.6734 29.1
      vertex 1.75644 13.8435 35.6
      vertex 1.75644 13.8435 29.1
    endloop
  endfacet
  facet normal -0.85326 0.521487 0
    outer loop
      vertex 1.75644 13.8435 35.6
      vertex 1.65248 13.6734 29.1
      vertex 1.65248 13.6734 35.6
    endloop
  endfacet
  facet normal -0.0250773 0.999686 0
    outer loop
      vertex 0.14946 12.8056 29.1
      vertex -0.049861 12.8006 35.6
      vertex 0.14946 12.8056 35.6
    endloop
  endfacet
  facet normal -0.0250773 0.999686 0
    outer loop
      vertex -0.049861 12.8006 35.6
      vertex 0.14946 12.8056 29.1
      vertex -0.049861 12.8006 29.1
    endloop
  endfacet
  facet normal -0.939706 0.341985 0
    outer loop
      vertex 1.84295 14.0231 29.1
      vertex 1.91115 14.2105 35.6
      vertex 1.91115 14.2105 29.1
    endloop
  endfacet
  facet normal -0.939706 0.341985 0
    outer loop
      vertex 1.91115 14.2105 35.6
      vertex 1.84295 14.0231 29.1
      vertex 1.84295 14.0231 35.6
    endloop
  endfacet
  facet normal 0.173538 -0.984827 0
    outer loop
      vertex -0.445042 16.7499 29.1
      vertex -0.248687 16.7845 35.6
      vertex -0.445042 16.7499 35.6
    endloop
  endfacet
  facet normal 0.173538 -0.984827 0
    outer loop
      vertex -0.248687 16.7845 35.6
      vertex -0.445042 16.7499 29.1
      vertex -0.248687 16.7845 29.1
    endloop
  endfacet
  facet normal -0.732904 -0.680332 0
    outer loop
      vertex 1.53209 16.0856 29.1
      vertex 1.39647 16.2317 35.6
      vertex 1.39647 16.2317 29.1
    endloop
  endfacet
  facet normal -0.732904 -0.680332 0
    outer loop
      vertex 1.39647 16.2317 35.6
      vertex 1.53209 16.0856 29.1
      vertex 1.53209 16.0856 35.6
    endloop
  endfacet
  facet normal -0.0250773 -0.999686 0
    outer loop
      vertex -0.049861 16.7994 29.1
      vertex 0.14946 16.7944 35.6
      vertex -0.049861 16.7994 35.6
    endloop
  endfacet
  facet normal -0.0250773 -0.999686 -0
    outer loop
      vertex 0.14946 16.7944 35.6
      vertex -0.049861 16.7994 29.1
      vertex 0.14946 16.7944 29.1
    endloop
  endfacet
  facet normal -0.900931 -0.433962 0
    outer loop
      vertex 1.84295 15.5769 29.1
      vertex 1.75644 15.7565 35.6
      vertex 1.75644 15.7565 29.1
    endloop
  endfacet
  facet normal -0.900931 -0.433962 0
    outer loop
      vertex 1.75644 15.7565 35.6
      vertex 1.84295 15.5769 29.1
      vertex 1.84295 15.5769 35.6
    endloop
  endfacet
  facet normal -0.661895 0.749596 0
    outer loop
      vertex 1.39647 13.3683 29.1
      vertex 1.24698 13.2363 35.6
      vertex 1.39647 13.3683 35.6
    endloop
  endfacet
  facet normal -0.661895 0.749596 0
    outer loop
      vertex 1.24698 13.2363 35.6
      vertex 1.39647 13.3683 29.1
      vertex 1.24698 13.2363 29.1
    endloop
  endfacet
  facet normal -0.85326 -0.521487 0
    outer loop
      vertex 1.75644 15.7565 29.1
      vertex 1.65248 15.9266 35.6
      vertex 1.65248 15.9266 29.1
    endloop
  endfacet
  facet normal -0.85326 -0.521487 0
    outer loop
      vertex 1.65248 15.9266 35.6
      vertex 1.75644 15.7565 29.1
      vertex 1.75644 15.7565 35.6
    endloop
  endfacet
  facet normal 0.765972 -0.642874 0
    outer loop
      vertex -1.59426 16.0076 35.6
      vertex -1.4661 16.1603 29.1
      vertex -1.4661 16.1603 35.6
    endloop
  endfacet
  facet normal 0.765972 -0.642874 0
    outer loop
      vertex -1.4661 16.1603 29.1
      vertex -1.59426 16.0076 35.6
      vertex -1.59426 16.0076 29.1
    endloop
  endfacet
  facet normal -0.661895 -0.749596 0
    outer loop
      vertex 1.24698 16.3637 29.1
      vertex 1.39647 16.2317 35.6
      vertex 1.24698 16.3637 35.6
    endloop
  endfacet
  facet normal -0.661895 -0.749596 -0
    outer loop
      vertex 1.39647 16.2317 35.6
      vertex 1.24698 16.3637 29.1
      vertex 1.39647 16.2317 29.1
    endloop
  endfacet
  facet normal 0.455968 0.889996 -0
    outer loop
      vertex -0.822574 12.977 29.1
      vertex -1 13.0679 35.6
      vertex -0.822574 12.977 35.6
    endloop
  endfacet
  facet normal 0.455968 0.889996 0
    outer loop
      vertex -1 13.0679 35.6
      vertex -0.822574 12.977 29.1
      vertex -1 13.0679 29.1
    endloop
  endfacet
  facet normal -0.222679 -0.974892 0
    outer loop
      vertex 0.347296 16.7696 29.1
      vertex 0.54168 16.7252 35.6
      vertex 0.347296 16.7696 35.6
    endloop
  endfacet
  facet normal -0.222679 -0.974892 -0
    outer loop
      vertex 0.54168 16.7252 35.6
      vertex 0.347296 16.7696 29.1
      vertex 0.54168 16.7252 29.1
    endloop
  endfacet
  facet normal 0.980164 0.19819 0
    outer loop
      vertex -1.93815 14.3065 35.6
      vertex -1.97766 14.5019 29.1
      vertex -1.97766 14.5019 35.6
    endloop
  endfacet
  facet normal 0.980164 0.19819 0
    outer loop
      vertex -1.97766 14.5019 29.1
      vertex -1.93815 14.3065 35.6
      vertex -1.93815 14.3065 29.1
    endloop
  endfacet
  facet normal 0.542629 -0.839972 0
    outer loop
      vertex -1.16749 16.4239 29.1
      vertex -1 16.5321 35.6
      vertex -1.16749 16.4239 35.6
    endloop
  endfacet
  facet normal 0.542629 -0.839972 0
    outer loop
      vertex -1 16.5321 35.6
      vertex -1.16749 16.4239 29.1
      vertex -1 16.5321 29.1
    endloop
  endfacet
  facet normal 0.765972 0.642874 0
    outer loop
      vertex -1.4661 13.4397 35.6
      vertex -1.59426 13.5924 29.1
      vertex -1.59426 13.5924 35.6
    endloop
  endfacet
  facet normal 0.765972 0.642874 0
    outer loop
      vertex -1.59426 13.5924 29.1
      vertex -1.4661 13.4397 35.6
      vertex -1.4661 13.4397 29.1
    endloop
  endfacet
  facet normal -0.41127 0.911514 0
    outer loop
      vertex 0.912421 13.0203 29.1
      vertex 0.730681 12.9383 35.6
      vertex 0.912421 13.0203 35.6
    endloop
  endfacet
  facet normal -0.41127 0.911514 0
    outer loop
      vertex 0.730681 12.9383 35.6
      vertex 0.912421 13.0203 29.1
      vertex 0.730681 12.9383 29.1
    endloop
  endfacet
  facet normal 0.995032 0.0995534 0
    outer loop
      vertex -1.97766 14.5019 35.6
      vertex -1.99751 14.7003 29.1
      vertex -1.99751 14.7003 35.6
    endloop
  endfacet
  facet normal 0.995032 0.0995534 0
    outer loop
      vertex -1.99751 14.7003 29.1
      vertex -1.97766 14.5019 35.6
      vertex -1.97766 14.5019 29.1
    endloop
  endfacet
  facet normal -0.583773 0.811917 0
    outer loop
      vertex 1.24698 13.2363 29.1
      vertex 1.08509 13.1199 35.6
      vertex 1.24698 13.2363 35.6
    endloop
  endfacet
  facet normal -0.583773 0.811917 0
    outer loop
      vertex 1.08509 13.1199 35.6
      vertex 1.24698 13.2363 29.1
      vertex 1.08509 13.1199 29.1
    endloop
  endfacet
  facet normal 0 0 1
    outer loop
      vertex 1.99006 14.9991 29.1
      vertex 1.99006 14.6009 29.1
      vertex 2 14.8 29.1
    endloop
  endfacet
  facet normal 0 0 1
    outer loop
      vertex 1.96034 15.1963 29.1
      vertex 1.99006 14.6009 29.1
      vertex 1.99006 14.9991 29.1
    endloop
  endfacet
  facet normal 0 0 1
    outer loop
      vertex 1.96034 15.1963 29.1
      vertex 1.96034 14.4037 29.1
      vertex 1.99006 14.6009 29.1
    endloop
  endfacet
  facet normal 0 0 1
    outer loop
      vertex 1.91115 15.3895 29.1
      vertex 1.96034 14.4037 29.1
      vertex 1.96034 15.1963 29.1
    endloop
  endfacet
  facet normal 0 0 1
    outer loop
      vertex 1.91115 15.3895 29.1
      vertex 1.91115 14.2105 29.1
      vertex 1.96034 14.4037 29.1
    endloop
  endfacet
  facet normal 0 0 1
    outer loop
      vertex 1.84295 15.5769 29.1
      vertex 1.91115 14.2105 29.1
      vertex 1.91115 15.3895 29.1
    endloop
  endfacet
  facet normal 0 0 1
    outer loop
      vertex 1.84295 15.5769 29.1
      vertex 1.84295 14.0231 29.1
      vertex 1.91115 14.2105 29.1
    endloop
  endfacet
  facet normal 0 0 1
    outer loop
      vertex 1.75644 15.7565 29.1
      vertex 1.84295 14.0231 29.1
      vertex 1.84295 15.5769 29.1
    endloop
  endfacet
  facet normal 0 0 1
    outer loop
      vertex 1.75644 15.7565 29.1
      vertex 1.75644 13.8435 29.1
      vertex 1.84295 14.0231 29.1
    endloop
  endfacet
  facet normal 0 0 1
    outer loop
      vertex 1.65248 15.9266 29.1
      vertex 1.75644 13.8435 29.1
      vertex 1.75644 15.7565 29.1
    endloop
  endfacet
  facet normal 0 0 1
    outer loop
      vertex 1.65248 15.9266 29.1
      vertex 1.65248 13.6734 29.1
      vertex 1.75644 13.8435 29.1
    endloop
  endfacet
  facet normal 0 0 1
    outer loop
      vertex 1.53209 16.0856 29.1
      vertex 1.65248 13.6734 29.1
      vertex 1.65248 15.9266 29.1
    endloop
  endfacet
  facet normal 0 0 1
    outer loop
      vertex 1.53209 16.0856 29.1
      vertex 1.53209 13.5144 29.1
      vertex 1.65248 13.6734 29.1
    endloop
  endfacet
  facet normal 0 0 1
    outer loop
      vertex 1.39647 16.2317 29.1
      vertex 1.53209 13.5144 29.1
      vertex 1.53209 16.0856 29.1
    endloop
  endfacet
  facet normal 0 0 1
    outer loop
      vertex 1.39647 16.2317 29.1
      vertex 1.39647 13.3683 29.1
      vertex 1.53209 13.5144 29.1
    endloop
  endfacet
  facet normal 0 0 1
    outer loop
      vertex 1.24698 16.3637 29.1
      vertex 1.39647 13.3683 29.1
      vertex 1.39647 16.2317 29.1
    endloop
  endfacet
  facet normal 0 0 1
    outer loop
      vertex 1.24698 16.3637 29.1
      vertex 1.24698 13.2363 29.1
      vertex 1.39647 13.3683 29.1
    endloop
  endfacet
  facet normal 0 0 1
    outer loop
      vertex 1.08509 16.4801 29.1
      vertex 1.24698 13.2363 29.1
      vertex 1.24698 16.3637 29.1
    endloop
  endfacet
  facet normal 0 0 1
    outer loop
      vertex 1.08509 16.4801 29.1
      vertex 1.08509 13.1199 29.1
      vertex 1.24698 13.2363 29.1
    endloop
  endfacet
  facet normal 0 0 1
    outer loop
      vertex 0.912421 16.5797 29.1
      vertex 1.08509 13.1199 29.1
      vertex 1.08509 16.4801 29.1
    endloop
  endfacet
  facet normal 0 0 1
    outer loop
      vertex 0.912421 16.5797 29.1
      vertex 0.912421 13.0203 29.1
      vertex 1.08509 13.1199 29.1
    endloop
  endfacet
  facet normal 0 0 1
    outer loop
      vertex 0.730681 16.6617 29.1
      vertex 0.912421 13.0203 29.1
      vertex 0.912421 16.5797 29.1
    endloop
  endfacet
  facet normal 0 0 1
    outer loop
      vertex 0.730681 16.6617 29.1
      vertex 0.730681 12.9383 29.1
      vertex 0.912421 13.0203 29.1
    endloop
  endfacet
  facet normal 0 0 1
    outer loop
      vertex 0.54168 16.7252 29.1
      vertex 0.730681 12.9383 29.1
      vertex 0.730681 16.6617 29.1
    endloop
  endfacet
  facet normal 0 0 1
    outer loop
      vertex 0.54168 16.7252 29.1
      vertex 0.54168 12.8748 29.1
      vertex 0.730681 12.9383 29.1
    endloop
  endfacet
  facet normal 0 0 1
    outer loop
      vertex 0.347296 16.7696 29.1
      vertex 0.54168 12.8748 29.1
      vertex 0.54168 16.7252 29.1
    endloop
  endfacet
  facet normal 0 0 1
    outer loop
      vertex 0.347296 16.7696 29.1
      vertex 0.347296 12.8304 29.1
      vertex 0.54168 12.8748 29.1
    endloop
  endfacet
  facet normal 0 0 1
    outer loop
      vertex 0.14946 16.7944 29.1
      vertex 0.347296 12.8304 29.1
      vertex 0.347296 16.7696 29.1
    endloop
  endfacet
  facet normal 0 0 1
    outer loop
      vertex 0.14946 16.7944 29.1
      vertex 0.14946 12.8056 29.1
      vertex 0.347296 12.8304 29.1
    endloop
  endfacet
  facet normal 0 0 1
    outer loop
      vertex -0.049861 16.7994 29.1
      vertex 0.14946 12.8056 29.1
      vertex 0.14946 16.7944 29.1
    endloop
  endfacet
  facet normal 0 0 1
    outer loop
      vertex -0.049861 16.7994 29.1
      vertex -0.049861 12.8006 29.1
      vertex 0.14946 12.8056 29.1
    endloop
  endfacet
  facet normal -0 0 1
    outer loop
      vertex -0.248687 16.7845 29.1
      vertex -0.049861 12.8006 29.1
      vertex -0.049861 16.7994 29.1
    endloop
  endfacet
  facet normal 0 0 1
    outer loop
      vertex -0.248687 16.7845 29.1
      vertex -0.248687 12.8155 29.1
      vertex -0.049861 12.8006 29.1
    endloop
  endfacet
  facet normal -0 0 1
    outer loop
      vertex -0.445042 16.7499 29.1
      vertex -0.248687 12.8155 29.1
      vertex -0.248687 16.7845 29.1
    endloop
  endfacet
  facet normal 0 0 1
    outer loop
      vertex -0.445042 16.7499 29.1
      vertex -0.445042 12.8501 29.1
      vertex -0.248687 12.8155 29.1
    endloop
  endfacet
  facet normal -0 0 1
    outer loop
      vertex -0.636972 16.6959 29.1
      vertex -0.445042 12.8501 29.1
      vertex -0.445042 16.7499 29.1
    endloop
  endfacet
  facet normal 0 0 1
    outer loop
      vertex -0.636972 16.6959 29.1
      vertex -0.636972 12.9041 29.1
      vertex -0.445042 12.8501 29.1
    endloop
  endfacet
  facet normal -0 0 1
    outer loop
      vertex -0.822574 16.623 29.1
      vertex -0.636972 12.9041 29.1
      vertex -0.636972 16.6959 29.1
    endloop
  endfacet
  facet normal 0 0 1
    outer loop
      vertex -0.822574 16.623 29.1
      vertex -0.822574 12.977 29.1
      vertex -0.636972 12.9041 29.1
    endloop
  endfacet
  facet normal -0 0 1
    outer loop
      vertex -1 16.5321 29.1
      vertex -0.822574 12.977 29.1
      vertex -0.822574 16.623 29.1
    endloop
  endfacet
  facet normal 0 0 1
    outer loop
      vertex -1 16.5321 29.1
      vertex -1 13.0679 29.1
      vertex -0.822574 12.977 29.1
    endloop
  endfacet
  facet normal -0 0 1
    outer loop
      vertex -1.16749 16.4239 29.1
      vertex -1 13.0679 29.1
      vertex -1 16.5321 29.1
    endloop
  endfacet
  facet normal 0 0 1
    outer loop
      vertex -1.16749 16.4239 29.1
      vertex -1.16749 13.1761 29.1
      vertex -1 13.0679 29.1
    endloop
  endfacet
  facet normal -0 0 1
    outer loop
      vertex -1.32337 16.2996 29.1
      vertex -1.16749 13.1761 29.1
      vertex -1.16749 16.4239 29.1
    endloop
  endfacet
  facet normal 0 0 1
    outer loop
      vertex -1.32337 16.2996 29.1
      vertex -1.32337 13.3004 29.1
      vertex -1.16749 13.1761 29.1
    endloop
  endfacet
  facet normal -0 0 1
    outer loop
      vertex -1.4661 16.1603 29.1
      vertex -1.32337 13.3004 29.1
      vertex -1.32337 16.2996 29.1
    endloop
  endfacet
  facet normal 0 0 1
    outer loop
      vertex -1.4661 16.1603 29.1
      vertex -1.4661 13.4397 29.1
      vertex -1.32337 13.3004 29.1
    endloop
  endfacet
  facet normal -0 0 1
    outer loop
      vertex -1.59426 16.0076 29.1
      vertex -1.4661 13.4397 29.1
      vertex -1.4661 16.1603 29.1
    endloop
  endfacet
  facet normal 0 0 1
    outer loop
      vertex -1.59426 16.0076 29.1
      vertex -1.59426 13.5924 29.1
      vertex -1.4661 13.4397 29.1
    endloop
  endfacet
  facet normal -0 0 1
    outer loop
      vertex -1.70658 15.8429 29.1
      vertex -1.59426 13.5924 29.1
      vertex -1.59426 16.0076 29.1
    endloop
  endfacet
  facet normal 0 0 1
    outer loop
      vertex -1.70658 15.8429 29.1
      vertex -1.70658 13.7571 29.1
      vertex -1.59426 13.5924 29.1
    endloop
  endfacet
  facet normal -0 0 1
    outer loop
      vertex -1.80194 15.6678 29.1
      vertex -1.70658 13.7571 29.1
      vertex -1.70658 15.8429 29.1
    endloop
  endfacet
  facet normal 0 0 1
    outer loop
      vertex -1.80194 15.6678 29.1
      vertex -1.80194 13.9322 29.1
      vertex -1.70658 13.7571 29.1
    endloop
  endfacet
  facet normal -0 0 1
    outer loop
      vertex -1.87938 15.484 29.1
      vertex -1.80194 13.9322 29.1
      vertex -1.80194 15.6678 29.1
    endloop
  endfacet
  facet normal 0 0 1
    outer loop
      vertex -1.87938 15.484 29.1
      vertex -1.87938 14.116 29.1
      vertex -1.80194 13.9322 29.1
    endloop
  endfacet
  facet normal -0 0 1
    outer loop
      vertex -1.93815 15.2935 29.1
      vertex -1.87938 14.116 29.1
      vertex -1.87938 15.484 29.1
    endloop
  endfacet
  facet normal 0 0 1
    outer loop
      vertex -1.93815 15.2935 29.1
      vertex -1.93815 14.3065 29.1
      vertex -1.87938 14.116 29.1
    endloop
  endfacet
  facet normal -0 0 1
    outer loop
      vertex -1.97766 15.0981 29.1
      vertex -1.93815 14.3065 29.1
      vertex -1.93815 15.2935 29.1
    endloop
  endfacet
  facet normal 0 0 1
    outer loop
      vertex -1.97766 15.0981 29.1
      vertex -1.97766 14.5019 29.1
      vertex -1.93815 14.3065 29.1
    endloop
  endfacet
  facet normal -0 0 1
    outer loop
      vertex -1.99751 14.8997 29.1
      vertex -1.97766 14.5019 29.1
      vertex -1.97766 15.0981 29.1
    endloop
  endfacet
  facet normal 0 0 1
    outer loop
      vertex -1.97766 14.5019 29.1
      vertex -1.99751 14.8997 29.1
      vertex -1.99751 14.7003 29.1
    endloop
  endfacet
  facet normal 0.995032 -0.0995534 0
    outer loop
      vertex -1.99751 14.8997 35.6
      vertex -1.97766 15.0981 29.1
      vertex -1.97766 15.0981 35.6
    endloop
  endfacet
  facet normal 0.995032 -0.0995534 0
    outer loop
      vertex -1.97766 15.0981 29.1
      vertex -1.99751 14.8997 35.6
      vertex -1.99751 14.8997 29.1
    endloop
  endfacet
  facet normal 1 -0 0
    outer loop
      vertex -1.99751 14.7003 35.6
      vertex -1.99751 14.8997 29.1
      vertex -1.99751 14.8997 35.6
    endloop
  endfacet
  facet normal 1 0 0
    outer loop
      vertex -1.99751 14.8997 29.1
      vertex -1.99751 14.7003 35.6
      vertex -1.99751 14.7003 29.1
    endloop
  endfacet
  facet normal 0.921545 -0.388272 0
    outer loop
      vertex -1.87938 15.484 35.6
      vertex -1.80194 15.6678 29.1
      vertex -1.80194 15.6678 35.6
    endloop
  endfacet
  facet normal 0.921545 -0.388272 0
    outer loop
      vertex -1.80194 15.6678 29.1
      vertex -1.87938 15.484 35.6
      vertex -1.87938 15.484 29.1
    endloop
  endfacet
  facet normal 0.270837 0.962625 -0
    outer loop
      vertex -0.445042 12.8501 29.1
      vertex -0.636972 12.9041 35.6
      vertex -0.445042 12.8501 35.6
    endloop
  endfacet
  facet normal 0.270837 0.962625 0
    outer loop
      vertex -0.636972 12.9041 35.6
      vertex -0.445042 12.8501 29.1
      vertex -0.636972 12.9041 29.1
    endloop
  endfacet
  facet normal 0.87821 -0.478276 0
    outer loop
      vertex -1.80194 15.6678 35.6
      vertex -1.70658 15.8429 29.1
      vertex -1.70658 15.8429 35.6
    endloop
  endfacet
  facet normal 0.87821 -0.478276 0
    outer loop
      vertex -1.70658 15.8429 29.1
      vertex -1.80194 15.6678 35.6
      vertex -1.80194 15.6678 29.1
    endloop
  endfacet
  facet normal -0.732904 0.680332 0
    outer loop
      vertex 1.39647 13.3683 29.1
      vertex 1.53209 13.5144 35.6
      vertex 1.53209 13.5144 29.1
    endloop
  endfacet
  facet normal -0.732904 0.680332 0
    outer loop
      vertex 1.53209 13.5144 35.6
      vertex 1.39647 13.3683 29.1
      vertex 1.39647 13.3683 35.6
    endloop
  endfacet
  facet normal -0.770255 0.637736 0
    outer loop
      vertex 1.32543 0.703248 2
      vertex 1.45269 0.856952 19
      vertex 1.45269 0.856952 2
    endloop
  endfacet
  facet normal -0.770255 0.637736 0
    outer loop
      vertex 1.45269 0.856952 19
      vertex 1.32543 0.703248 2
      vertex 1.32543 0.703248 19
    endloop
  endfacet
  facet normal -0.998244 -0.0592361 0
    outer loop
      vertex 2.54606 4.19951 2
      vertex 2.53424 4.3987 19
      vertex 2.53424 4.3987 2
    endloop
  endfacet
  facet normal -0.998244 -0.0592361 0
    outer loop
      vertex 2.53424 4.3987 19
      vertex 2.54606 4.19951 2
      vertex 2.54606 4.19951 19
    endloop
  endfacet
  facet normal -0.999805 -0.0197445 0
    outer loop
      vertex 2.55 4 2
      vertex 2.54606 4.19951 19
      vertex 2.54606 4.19951 2
    endloop
  endfacet
  facet normal -0.999805 -0.0197445 0
    outer loop
      vertex 2.54606 4.19951 19
      vertex 2.55 4 2
      vertex 2.55 4 19
    endloop
  endfacet
  facet normal -0.99512 -0.0986701 0
    outer loop
      vertex 2.53424 4.3987 2
      vertex 2.51455 4.59728 19
      vertex 2.51455 4.59728 2
    endloop
  endfacet
  facet normal -0.99512 -0.0986701 0
    outer loop
      vertex 2.51455 4.59728 19
      vertex 2.53424 4.3987 2
      vertex 2.53424 4.3987 19
    endloop
  endfacet
  facet normal 0.412137 -0.911122 0
    outer loop
      vertex -4.67183 8.55913 2
      vertex -4.49002 8.64137 19
      vertex -4.67183 8.55913 19
    endloop
  endfacet
  facet normal 0.412137 -0.911122 0
    outer loop
      vertex -4.49002 8.64137 19
      vertex -4.67183 8.55913 2
      vertex -4.49002 8.64137 2
    endloop
  endfacet
  facet normal 0.301486 -0.953471 0
    outer loop
      vertex -4.11736 8.784 2
      vertex -3.9271 8.84416 19
      vertex -4.11736 8.784 19
    endloop
  endfacet
  facet normal 0.301486 -0.953471 0
    outer loop
      vertex -3.9271 8.84416 19
      vertex -4.11736 8.784 2
      vertex -3.9271 8.84416 2
    endloop
  endfacet
  facet normal 0.225258 -0.974299 0
    outer loop
      vertex -3.73461 8.89676 2
      vertex -3.54019 8.94171 19
      vertex -3.73461 8.89676 19
    endloop
  endfacet
  facet normal 0.225258 -0.974299 0
    outer loop
      vertex -3.54019 8.94171 19
      vertex -3.73461 8.89676 2
      vertex -3.54019 8.94171 2
    endloop
  endfacet
  facet normal -0.956397 -0.292071 0
    outer loop
      vertex 2.35802 5.37918 2
      vertex 2.29974 5.57002 19
      vertex 2.29974 5.57002 2
    endloop
  endfacet
  facet normal -0.956397 -0.292071 0
    outer loop
      vertex 2.29974 5.57002 19
      vertex 2.35802 5.37918 2
      vertex 2.35802 5.37918 19
    endloop
  endfacet
  facet normal -0.128071 0.991765 0
    outer loop
      vertex -1.75438 -0.994653 2
      vertex -1.95229 -1.02021 19
      vertex -1.75438 -0.994653 19
    endloop
  endfacet
  facet normal -0.128071 0.991765 0
    outer loop
      vertex -1.95229 -1.02021 19
      vertex -1.75438 -0.994653 2
      vertex -1.95229 -1.02021 2
    endloop
  endfacet
  facet normal 0.99688 -0.0789266 0
    outer loop
      vertex -7.54113 4.29916 22
      vertex -7.52538 4.49809 2
      vertex -7.52538 4.49809 22
    endloop
  endfacet
  facet normal 0.99688 -0.0789266 0
    outer loop
      vertex -7.52538 4.49809 2
      vertex -7.54113 4.29916 22
      vertex -7.54113 4.29916 2
    endloop
  endfacet
  facet normal 0.731115 -0.682254 0
    outer loop
      vertex -6.25955 7.37169 19
      vertex -6.12341 7.51758 2
      vertex -6.12341 7.51758 19
    endloop
  endfacet
  facet normal 0.731115 -0.682254 0
    outer loop
      vertex -6.12341 7.51758 2
      vertex -6.25955 7.37169 19
      vertex -6.25955 7.37169 2
    endloop
  endfacet
  facet normal 0.757508 0.652826 0
    outer loop
      vertex -6.25955 0.628312 19
      vertex -6.38982 0.779471 2
      vertex -6.38982 0.779471 19
    endloop
  endfacet
  facet normal 0.757508 0.652826 0
    outer loop
      vertex -6.38982 0.779471 2
      vertex -6.25955 0.628312 19
      vertex -6.25955 0.628312 2
    endloop
  endfacet
  facet normal 0.029617 0.999561 -0
    outer loop
      vertex -2.54989 -1.04975 2
      vertex -2.74935 -1.04384 19
      vertex -2.54989 -1.04975 19
    endloop
  endfacet
  facet normal 0.029617 0.999561 0
    outer loop
      vertex -2.74935 -1.04384 19
      vertex -2.54989 -1.04975 2
      vertex -2.74935 -1.04384 2
    endloop
  endfacet
  facet normal 0.992976 -0.118315 0
    outer loop
      vertex -7.52538 4.49809 22
      vertex -7.50177 4.69624 2
      vertex -7.50177 4.69624 22
    endloop
  endfacet
  facet normal 0.992976 -0.118315 0
    outer loop
      vertex -7.50177 4.69624 2
      vertex -7.52538 4.49809 22
      vertex -7.52538 4.49809 2
    endloop
  endfacet
  facet normal -0.717503 -0.696555 0
    outer loop
      vertex 1.1922 7.44531 2
      vertex 1.05321 7.58848 19
      vertex 1.05321 7.58848 2
    endloop
  endfacet
  facet normal -0.717503 -0.696555 0
    outer loop
      vertex 1.05321 7.58848 19
      vertex 1.1922 7.44531 2
      vertex 1.1922 7.44531 19
    endloop
  endfacet
  facet normal -0.533847 -0.845581 0
    outer loop
      vertex 0.110913 8.32269 2
      vertex 0.27965 8.21616 19
      vertex 0.110913 8.32269 19
    endloop
  endfacet
  facet normal -0.533847 -0.845581 -0
    outer loop
      vertex 0.27965 8.21616 19
      vertex 0.110913 8.32269 2
      vertex 0.27965 8.21616 2
    endloop
  endfacet
  facet normal 0.147635 -0.989042 0
    outer loop
      vertex -3.34415 8.97895 2
      vertex -3.14679 9.00841 19
      vertex -3.34415 8.97895 19
    endloop
  endfacet
  facet normal 0.147635 -0.989042 0
    outer loop
      vertex -3.14679 9.00841 19
      vertex -3.34415 8.97895 2
      vertex -3.14679 9.00841 2
    endloop
  endfacet
  facet normal -0.465402 -0.885099 0
    outer loop
      vertex -0.238519 8.51533 2
      vertex -0.0618992 8.42246 19
      vertex -0.238519 8.51533 19
    endloop
  endfacet
  facet normal -0.465402 -0.885099 -0
    outer loop
      vertex -0.0618992 8.42246 19
      vertex -0.238519 8.51533 2
      vertex -0.0618992 8.42246 2
    endloop
  endfacet
  facet normal 0.338922 0.940815 -0
    outer loop
      vertex -4.11736 -0.783998 2
      vertex -4.3051 -0.716366 19
      vertex -4.11736 -0.783998 19
    endloop
  endfacet
  facet normal 0.338922 0.940815 0
    outer loop
      vertex -4.3051 -0.716366 19
      vertex -4.11736 -0.783998 2
      vertex -4.3051 -0.716366 2
    endloop
  endfacet
  facet normal -0.898518 0.438936 0
    outer loop
      vertex 1.99277 1.69402 2
      vertex 2.08036 1.87332 19
      vertex 2.08036 1.87332 2
    endloop
  endfacet
  facet normal -0.898518 0.438936 0
    outer loop
      vertex 2.08036 1.87332 19
      vertex 1.99277 1.69402 2
      vertex 1.99277 1.69402 19
    endloop
  endfacet
  facet normal -0.0888005 0.996049 0
    outer loop
      vertex -1.95229 -1.02021 2
      vertex -2.15105 -1.03793 19
      vertex -1.95229 -1.02021 19
    endloop
  endfacet
  facet normal -0.0888005 0.996049 0
    outer loop
      vertex -2.15105 -1.03793 19
      vertex -1.95229 -1.02021 2
      vertex -2.15105 -1.03793 2
    endloop
  endfacet
  facet normal 0.950461 -0.310844 0
    outer loop
      vertex -7.3 5.56607 22
      vertex -7.32982 5.47489 22
      vertex -7.3 5.56607 19
    endloop
  endfacet
  facet normal 0.950454 -0.310866 0
    outer loop
      vertex -7.3 5.56607 19
      vertex -7.26779 5.66455 2
      vertex -7.26779 5.66455 19
    endloop
  endfacet
  facet normal 0.950461 -0.310844 0
    outer loop
      vertex -7.32982 5.47489 2
      vertex -7.3 5.56607 19
      vertex -7.32982 5.47489 22
    endloop
  endfacet
  facet normal 0.950457 -0.310856 6.9039e-08
    outer loop
      vertex -7.3 5.56607 19
      vertex -7.32982 5.47489 2
      vertex -7.26779 5.66455 2
    endloop
  endfacet
  facet normal 0.108446 -0.994102 0
    outer loop
      vertex -3.14679 9.00841 2
      vertex -2.94842 9.03005 19
      vertex -3.14679 9.00841 19
    endloop
  endfacet
  facet normal 0.108446 -0.994102 0
    outer loop
      vertex -2.94842 9.03005 19
      vertex -3.14679 9.00841 2
      vertex -2.94842 9.03005 2
    endloop
  endfacet
  facet normal -0.430072 -0.902795 0
    outer loop
      vertex -0.41867 8.60115 2
      vertex -0.238519 8.51533 19
      vertex -0.41867 8.60115 19
    endloop
  endfacet
  facet normal -0.430072 -0.902795 -0
    outer loop
      vertex -0.238519 8.51533 19
      vertex -0.41867 8.60115 2
      vertex -0.238519 8.51533 2
    endloop
  endfacet
  facet normal -0.00987223 -0.999951 0
    outer loop
      vertex -2.54989 9.04975 2
      vertex -2.35035 9.04778 19
      vertex -2.54989 9.04975 19
    endloop
  endfacet
  facet normal -0.00987223 -0.999951 -0
    outer loop
      vertex -2.35035 9.04778 19
      vertex -2.54989 9.04975 2
      vertex -2.35035 9.04778 2
    endloop
  endfacet
  facet normal 0.550437 -0.834877 0
    outer loop
      vertex -5.36241 8.16042 2
      vertex -5.19581 8.27026 19
      vertex -5.36241 8.16042 19
    endloop
  endfacet
  facet normal 0.550437 -0.834877 0
    outer loop
      vertex -5.19581 8.27026 19
      vertex -5.36241 8.16042 2
      vertex -5.19581 8.27026 2
    endloop
  endfacet
  facet normal -0.976475 0.21563 0
    outer loop
      vertex 2.40872 2.81382 2
      vertex 2.45175 3.00868 19
      vertex 2.45175 3.00868 2
    endloop
  endfacet
  facet normal -0.976475 0.21563 0
    outer loop
      vertex 2.45175 3.00868 19
      vertex 2.40872 2.81382 2
      vertex 2.40872 2.81382 19
    endloop
  endfacet
  facet normal -0.840298 -0.542125 0
    outer loop
      vertex 1.79668 6.65349 2
      vertex 1.6885 6.82117 19
      vertex 1.6885 6.82117 2
    endloop
  endfacet
  facet normal -0.840298 -0.542125 0
    outer loop
      vertex 1.6885 6.82117 19
      vertex 1.79668 6.65349 2
      vertex 1.79668 6.65349 19
    endloop
  endfacet
  facet normal -0.898518 -0.438936 0
    outer loop
      vertex 2.08036 6.12668 2
      vertex 1.99277 6.30598 19
      vertex 1.99277 6.30598 2
    endloop
  endfacet
  facet normal -0.898518 -0.438936 0
    outer loop
      vertex 1.99277 6.30598 19
      vertex 2.08036 6.12668 2
      vertex 2.08036 6.12668 19
    endloop
  endfacet
  facet normal -0.357457 -0.933929 0
    outer loop
      vertex -0.788434 8.75111 2
      vertex -0.60207 8.67978 19
      vertex -0.788434 8.75111 19
    endloop
  endfacet
  facet normal -0.357457 -0.933929 -0
    outer loop
      vertex -0.60207 8.67978 19
      vertex -0.788434 8.75111 2
      vertex -0.60207 8.67978 2
    endloop
  endfacet
  facet normal -0.0888005 -0.996049 0
    outer loop
      vertex -2.15105 9.03793 2
      vertex -1.95229 9.02021 19
      vertex -2.15105 9.03793 19
    endloop
  endfacet
  facet normal -0.0888005 -0.996049 -0
    outer loop
      vertex -1.95229 9.02021 19
      vertex -2.15105 9.03793 2
      vertex -1.95229 9.02021 2
    endloop
  endfacet
  facet normal 0.99922 0.0394877 0
    outer loop
      vertex -7.54113 3.70083 22
      vertex -7.54901 3.90023 2
      vertex -7.54901 3.90023 22
    endloop
  endfacet
  facet normal 0.99922 0.0394877 0
    outer loop
      vertex -7.54901 3.90023 2
      vertex -7.54113 3.70083 22
      vertex -7.54113 3.70083 2
    endloop
  endfacet
  facet normal -0.00987223 0.999951 0
    outer loop
      vertex -2.35035 -1.04778 2
      vertex -2.54989 -1.04975 19
      vertex -2.35035 -1.04778 19
    endloop
  endfacet
  facet normal -0.00987223 0.999951 0
    outer loop
      vertex -2.54989 -1.04975 19
      vertex -2.35035 -1.04778 2
      vertex -2.54989 -1.04975 2
    endloop
  endfacet
  facet normal -0.320275 0.947325 0
    outer loop
      vertex -0.788434 -0.751109 2
      vertex -0.97747 -0.815019 19
      vertex -0.788434 -0.751109 19
    endloop
  endfacet
  facet normal -0.320275 0.947325 0
    outer loop
      vertex -0.97747 -0.815019 19
      vertex -0.788434 -0.751109 2
      vertex -0.97747 -0.815019 2
    endloop
  endfacet
  facet normal 0.263597 -0.964633 0
    outer loop
      vertex -3.9271 8.84416 2
      vertex -3.73461 8.89676 19
      vertex -3.9271 8.84416 19
    endloop
  endfacet
  facet normal 0.263597 -0.964633 0
    outer loop
      vertex -3.73461 8.89676 19
      vertex -3.9271 8.84416 2
      vertex -3.73461 8.89676 2
    endloop
  endfacet
  facet normal -0.861036 0.508544 0
    outer loop
      vertex 1.79668 1.34651 2
      vertex 1.89816 1.51833 19
      vertex 1.89816 1.51833 2
    endloop
  endfacet
  facet normal -0.861036 0.508544 0
    outer loop
      vertex 1.89816 1.51833 19
      vertex 1.79668 1.34651 2
      vertex 1.79668 1.34651 19
    endloop
  endfacet
  facet normal 0.829404 -0.558649 0
    outer loop
      vertex -6.74342 6.73786 19
      vertex -6.63194 6.90337 2
      vertex -6.63194 6.90337 19
    endloop
  endfacet
  facet normal 0.829404 -0.558649 0
    outer loop
      vertex -6.63194 6.90337 2
      vertex -6.74342 6.73786 19
      vertex -6.74342 6.73786 2
    endloop
  endfacet
  facet normal -0.430068 0.902797 0
    outer loop
      vertex -0.238519 -0.515329 2
      vertex -0.41867 -0.601148 19
      vertex -0.238519 -0.515329 19
    endloop
  endfacet
  facet normal -0.430068 0.902797 0
    outer loop
      vertex -0.41867 -0.601148 19
      vertex -0.238519 -0.515329 2
      vertex -0.41867 -0.601148 2
    endloop
  endfacet
  facet normal -0.984237 0.176852 0
    outer loop
      vertex 2.45175 3.00868 2
      vertex 2.48704 3.20508 19
      vertex 2.48704 3.20508 2
    endloop
  endfacet
  facet normal -0.984237 0.176852 0
    outer loop
      vertex 2.48704 3.20508 19
      vertex 2.45175 3.00868 2
      vertex 2.45175 3.00868 19
    endloop
  endfacet
  facet normal -0.533818 0.845599 0
    outer loop
      vertex 0.27965 -0.216165 2
      vertex 0.110913 -0.322687 19
      vertex 0.27965 -0.216165 19
    endloop
  endfacet
  facet normal -0.533818 0.845599 0
    outer loop
      vertex 0.110913 -0.322687 19
      vertex 0.27965 -0.216165 2
      vertex 0.110913 -0.322687 2
    endloop
  endfacet
  facet normal 0.674989 -0.737828 0
    outer loop
      vertex -5.98162 7.65798 2
      vertex -5.83438 7.79268 19
      vertex -5.98162 7.65798 19
    endloop
  endfacet
  facet normal 0.674989 -0.737828 0
    outer loop
      vertex -5.83438 7.79268 19
      vertex -5.98162 7.65798 2
      vertex -5.83438 7.79268 2
    endloop
  endfacet
  facet normal -0.956397 0.292071 0
    outer loop
      vertex 2.29974 2.42998 2
      vertex 2.35802 2.62082 19
      vertex 2.35802 2.62082 2
    endloop
  endfacet
  facet normal -0.956397 0.292071 0
    outer loop
      vertex 2.35802 2.62082 19
      vertex 2.29974 2.42998 2
      vertex 2.29974 2.42998 19
    endloop
  endfacet
  facet normal 0.263587 0.964636 -0
    outer loop
      vertex -3.73461 -0.896757 2
      vertex -3.9271 -0.844159 19
      vertex -3.73461 -0.896757 19
    endloop
  endfacet
  facet normal 0.263587 0.964636 0
    outer loop
      vertex -3.9271 -0.844159 19
      vertex -3.73461 -0.896757 2
      vertex -3.9271 -0.844159 2
    endloop
  endfacet
  facet normal -0.990451 -0.137863 0
    outer loop
      vertex 2.51455 4.59728 2
      vertex 2.48704 4.79492 19
      vertex 2.48704 4.79492 2
    endloop
  endfacet
  facet normal -0.990451 -0.137863 0
    outer loop
      vertex 2.48704 4.79492 19
      vertex 2.51455 4.59728 2
      vertex 2.51455 4.59728 19
    endloop
  endfacet
  facet normal 0.992976 0.118315 0
    outer loop
      vertex -7.50177 3.30376 22
      vertex -7.52538 3.50191 2
      vertex -7.52538 3.50191 22
    endloop
  endfacet
  facet normal 0.992976 0.118315 0
    outer loop
      vertex -7.52538 3.50191 2
      vertex -7.50177 3.30376 22
      vertex -7.50177 3.30376 2
    endloop
  endfacet
  facet normal -0.744467 0.667659 0
    outer loop
      vertex 1.1922 0.554691 2
      vertex 1.32543 0.703248 19
      vertex 1.32543 0.703248 2
    endloop
  endfacet
  facet normal -0.744467 0.667659 0
    outer loop
      vertex 1.32543 0.703248 19
      vertex 1.1922 0.554691 2
      vertex 1.1922 0.554691 19
    endloop
  endfacet
  facet normal -0.880455 0.47413 0
    outer loop
      vertex 1.89816 1.51833 2
      vertex 1.99277 1.69402 19
      vertex 1.99277 1.69402 2
    endloop
  endfacet
  facet normal -0.880455 0.47413 0
    outer loop
      vertex 1.99277 1.69402 19
      vertex 1.89816 1.51833 2
      vertex 1.89816 1.51833 19
    endloop
  endfacet
  facet normal 0.907011 -0.421107 0
    outer loop
      vertex -7.12148 6.03577 19
      vertex -7.03745 6.21676 2
      vertex -7.03745 6.21676 19
    endloop
  endfacet
  facet normal 0.907011 -0.421107 0
    outer loop
      vertex -7.03745 6.21676 2
      vertex -7.12148 6.03577 19
      vertex -7.12148 6.03577 2
    endloop
  endfacet
  facet normal 0.980544 0.196299 0
    outer loop
      vertex -7.43119 2.91104 22
      vertex -7.47036 3.1067 2
      vertex -7.47036 3.1067 22
    endloop
  endfacet
  facet normal 0.980544 0.196299 0
    outer loop
      vertex -7.47036 3.1067 2
      vertex -7.43119 2.91104 22
      vertex -7.43119 2.91104 2
    endloop
  endfacet
  facet normal -0.320275 -0.947325 0
    outer loop
      vertex -0.97747 8.81502 2
      vertex -0.788434 8.75111 19
      vertex -0.97747 8.81502 19
    endloop
  endfacet
  facet normal -0.320275 -0.947325 -0
    outer loop
      vertex -0.788434 8.75111 19
      vertex -0.97747 8.81502 2
      vertex -0.788434 8.75111 2
    endloop
  endfacet
  facet normal -0.818192 -0.574945 0
    outer loop
      vertex 1.6885 6.82117 2
      vertex 1.57377 6.98444 19
      vertex 1.57377 6.98444 2
    endloop
  endfacet
  facet normal -0.818192 -0.574945 0
    outer loop
      vertex 1.57377 6.98444 19
      vertex 1.6885 6.82117 2
      vertex 1.6885 6.82117 19
    endloop
  endfacet
  facet normal -0.660274 0.751025 0
    outer loop
      vertex 0.908664 0.273941 2
      vertex 0.758799 0.142185 19
      vertex 0.908664 0.273941 19
    endloop
  endfacet
  facet normal -0.660274 0.751025 0
    outer loop
      vertex 0.758799 0.142185 19
      vertex 0.908664 0.273941 2
      vertex 0.758799 0.142185 2
    endloop
  endfacet
  facet normal 0.482794 -0.875734 0
    outer loop
      vertex -5.025 8.37343 2
      vertex -4.85025 8.46977 19
      vertex -5.025 8.37343 19
    endloop
  endfacet
  facet normal 0.482794 -0.875734 0
    outer loop
      vertex -4.85025 8.46977 19
      vertex -5.025 8.37343 2
      vertex -4.85025 8.46977 2
    endloop
  endfacet
  facet normal 1 -0 0
    outer loop
      vertex -7.54901 3.90023 22
      vertex -7.54901 4.09977 2
      vertex -7.54901 4.09977 22
    endloop
  endfacet
  facet normal 1 0 0
    outer loop
      vertex -7.54901 4.09977 2
      vertex -7.54901 3.90023 22
      vertex -7.54901 3.90023 2
    endloop
  endfacet
  facet normal -0.630112 -0.776505 0
    outer loop
      vertex 0.603846 7.98355 2
      vertex 0.758799 7.85781 19
      vertex 0.603846 7.98355 19
    endloop
  endfacet
  facet normal -0.630112 -0.776505 -0
    outer loop
      vertex 0.758799 7.85781 19
      vertex 0.603846 7.98355 2
      vertex 0.758799 7.85781 2
    endloop
  endfacet
  facet normal -0.500003 0.866024 0
    outer loop
      vertex 0.110913 -0.322687 2
      vertex -0.0618992 -0.422461 19
      vertex 0.110913 -0.322687 19
    endloop
  endfacet
  facet normal -0.500003 0.866024 0
    outer loop
      vertex -0.0618992 -0.422461 19
      vertex 0.110913 -0.322687 2
      vertex -0.0618992 -0.422461 2
    endloop
  endfacet
  facet normal -0.394063 0.919083 0
    outer loop
      vertex -0.41867 -0.601148 2
      vertex -0.60207 -0.679782 19
      vertex -0.41867 -0.601148 19
    endloop
  endfacet
  facet normal -0.394063 0.919083 0
    outer loop
      vertex -0.60207 -0.679782 19
      vertex -0.41867 -0.601148 2
      vertex -0.60207 -0.679782 2
    endloop
  endfacet
  facet normal -0.794862 0.606791 0
    outer loop
      vertex 1.45269 0.856952 2
      vertex 1.57377 1.01556 19
      vertex 1.57377 1.01556 2
    endloop
  endfacet
  facet normal -0.794862 0.606791 0
    outer loop
      vertex 1.57377 1.01556 19
      vertex 1.45269 0.856952 2
      vertex 1.45269 0.856952 19
    endloop
  endfacet
  facet normal -0.566793 -0.82386 0
    outer loop
      vertex 0.27965 8.21616 2
      vertex 0.444046 8.10306 19
      vertex 0.27965 8.21616 19
    endloop
  endfacet
  facet normal -0.566793 -0.82386 -0
    outer loop
      vertex 0.444046 8.10306 19
      vertex 0.27965 8.21616 2
      vertex 0.444046 8.10306 2
    endloop
  endfacet
  facet normal 0.961984 -0.273106 0
    outer loop
      vertex -7.38432 5.28292 22
      vertex -7.32982 5.47489 2
      vertex -7.32982 5.47489 22
    endloop
  endfacet
  facet normal 0.961984 -0.273106 0
    outer loop
      vertex -7.32982 5.47489 2
      vertex -7.38432 5.28292 22
      vertex -7.38432 5.28292 2
    endloop
  endfacet
  facet normal 0.375845 -0.926683 0
    outer loop
      vertex -4.49002 8.64137 2
      vertex -4.3051 8.71637 19
      vertex -4.49002 8.64137 19
    endloop
  endfacet
  facet normal 0.375845 -0.926683 0
    outer loop
      vertex -4.3051 8.71637 19
      vertex -4.49002 8.64137 2
      vertex -4.3051 8.71637 2
    endloop
  endfacet
  facet normal -0.990451 0.137863 0
    outer loop
      vertex 2.48704 3.20508 2
      vertex 2.51455 3.40272 19
      vertex 2.51455 3.40272 2
    endloop
  endfacet
  facet normal -0.990451 0.137863 0
    outer loop
      vertex 2.51455 3.40272 19
      vertex 2.48704 3.20508 2
      vertex 2.48704 3.20508 19
    endloop
  endfacet
  facet normal -0.930348 -0.366677 0
    outer loop
      vertex 2.23397 5.75842 2
      vertex 2.1608 5.94407 19
      vertex 2.1608 5.94407 2
    endloop
  endfacet
  facet normal -0.930348 -0.366677 0
    outer loop
      vertex 2.1608 5.94407 19
      vertex 2.23397 5.75842 2
      vertex 2.23397 5.75842 19
    endloop
  endfacet
  facet normal 0.937402 -0.348249 0
    outer loop
      vertex -7.26779 5.66455 19
      vertex -7.1983 5.8516 2
      vertex -7.1983 5.8516 19
    endloop
  endfacet
  facet normal 0.937402 -0.348249 0
    outer loop
      vertex -7.1983 5.8516 2
      vertex -7.26779 5.66455 19
      vertex -7.26779 5.66455 2
    endloop
  endfacet
  facet normal 0.806679 -0.59099 0
    outer loop
      vertex -6.63194 6.90337 19
      vertex -6.51401 7.06434 2
      vertex -6.51401 7.06434 19
    endloop
  endfacet
  facet normal 0.806679 -0.59099 0
    outer loop
      vertex -6.51401 7.06434 2
      vertex -6.63194 6.90337 19
      vertex -6.63194 6.90337 2
    endloop
  endfacet
  facet normal -0.861036 -0.508544 0
    outer loop
      vertex 1.89816 6.48167 2
      vertex 1.79668 6.65349 19
      vertex 1.79668 6.65349 2
    endloop
  endfacet
  facet normal -0.861036 -0.508544 0
    outer loop
      vertex 1.79668 6.65349 19
      vertex 1.89816 6.48167 2
      vertex 1.89816 6.48167 19
    endloop
  endfacet
  facet normal -0.944124 0.329591 0
    outer loop
      vertex 2.23397 2.24158 2
      vertex 2.29974 2.42998 19
      vertex 2.29974 2.42998 2
    endloop
  endfacet
  facet normal -0.944124 0.329591 0
    outer loop
      vertex 2.29974 2.42998 19
      vertex 2.23397 2.24158 2
      vertex 2.23397 2.24158 19
    endloop
  endfacet
  facet normal 0.782728 -0.622364 0
    outer loop
      vertex -6.51401 7.06434 19
      vertex -6.38982 7.22053 2
      vertex -6.38982 7.22053 19
    endloop
  endfacet
  facet normal 0.782728 -0.622364 0
    outer loop
      vertex -6.38982 7.22053 2
      vertex -6.51401 7.06434 19
      vertex -6.51401 7.06434 2
    endloop
  endfacet
  facet normal 0.870926 -0.491415 0
    outer loop
      vertex -6.94633 6.39429 19
      vertex -6.84827 6.56808 2
      vertex -6.84827 6.56808 19
    endloop
  endfacet
  facet normal 0.870926 -0.491415 0
    outer loop
      vertex -6.84827 6.56808 2
      vertex -6.94633 6.39429 19
      vertex -6.94633 6.39429 2
    endloop
  endfacet
  facet normal -0.499988 -0.866032 0
    outer loop
      vertex -0.0618992 8.42246 2
      vertex 0.110913 8.32269 19
      vertex -0.0618992 8.42246 19
    endloop
  endfacet
  facet normal -0.499988 -0.866032 -0
    outer loop
      vertex 0.110913 8.32269 19
      vertex -0.0618992 8.42246 2
      vertex 0.110913 8.32269 2
    endloop
  endfacet
  facet normal -0.598914 0.800813 0
    outer loop
      vertex 0.603846 0.0164537 2
      vertex 0.444046 -0.103058 19
      vertex 0.603846 0.0164537 19
    endloop
  endfacet
  facet normal -0.598914 0.800813 0
    outer loop
      vertex 0.444046 -0.103058 19
      vertex 0.603846 0.0164537 2
      vertex 0.444046 -0.103058 2
    endloop
  endfacet
  facet normal 0.108446 0.994102 -0
    outer loop
      vertex -2.94842 -1.03005 2
      vertex -3.14679 -1.00841 19
      vertex -2.94842 -1.03005 19
    endloop
  endfacet
  facet normal 0.108446 0.994102 0
    outer loop
      vertex -3.14679 -1.00841 19
      vertex -2.94842 -1.03005 2
      vertex -3.14679 -1.00841 2
    endloop
  endfacet
  facet normal -0.794865 -0.606786 0
    outer loop
      vertex 1.57377 6.98444 2
      vertex 1.45269 7.14305 19
      vertex 1.45269 7.14305 2
    endloop
  endfacet
  facet normal -0.794865 -0.606786 0
    outer loop
      vertex 1.45269 7.14305 19
      vertex 1.57377 6.98444 2
      vertex 1.57377 6.98444 19
    endloop
  endfacet
  facet normal 0.889657 -0.45663 0
    outer loop
      vertex -7.03745 6.21676 19
      vertex -6.94633 6.39429 2
      vertex -6.94633 6.39429 19
    endloop
  endfacet
  facet normal 0.889657 -0.45663 0
    outer loop
      vertex -6.94633 6.39429 2
      vertex -7.03745 6.21676 19
      vertex -7.03745 6.21676 2
    endloop
  endfacet
  facet normal 0.731127 0.682241 0
    outer loop
      vertex -6.12341 0.482417 19
      vertex -6.25955 0.628312 2
      vertex -6.25955 0.628312 19
    endloop
  endfacet
  facet normal 0.731127 0.682241 0
    outer loop
      vertex -6.25955 0.628312 2
      vertex -6.12341 0.482417 19
      vertex -6.12341 0.482417 2
    endloop
  endfacet
  facet normal -0.660257 -0.75104 0
    outer loop
      vertex 0.758799 7.85781 2
      vertex 0.908664 7.72606 19
      vertex 0.758799 7.85781 19
    endloop
  endfacet
  facet normal -0.660257 -0.75104 -0
    outer loop
      vertex 0.908664 7.72606 19
      vertex 0.758799 7.85781 2
      vertex 0.908664 7.72606 2
    endloop
  endfacet
  facet normal 0.186624 -0.982431 0
    outer loop
      vertex -3.54019 8.94171 2
      vertex -3.34415 8.97895 19
      vertex -3.54019 8.94171 19
    endloop
  endfacet
  facet normal 0.186624 -0.982431 0
    outer loop
      vertex -3.34415 8.97895 19
      vertex -3.54019 8.94171 2
      vertex -3.34415 8.97895 2
    endloop
  endfacet
  facet normal 0.582972 -0.812492 0
    outer loop
      vertex -5.52454 8.04409 2
      vertex -5.36241 8.16042 19
      vertex -5.52454 8.04409 19
    endloop
  endfacet
  facet normal 0.582972 -0.812492 0
    outer loop
      vertex -5.36241 8.16042 19
      vertex -5.52454 8.04409 2
      vertex -5.36241 8.16042 2
    endloop
  endfacet
  facet normal -0.999805 0.0197445 0
    outer loop
      vertex 2.54606 3.80049 2
      vertex 2.55 4 19
      vertex 2.55 4 2
    endloop
  endfacet
  facet normal -0.999805 0.0197445 0
    outer loop
      vertex 2.55 4 19
      vertex 2.54606 3.80049 2
      vertex 2.54606 3.80049 19
    endloop
  endfacet
  facet normal -0.944124 -0.329591 0
    outer loop
      vertex 2.29974 5.57002 2
      vertex 2.23397 5.75842 19
      vertex 2.23397 5.75842 2
    endloop
  endfacet
  facet normal -0.944124 -0.329591 0
    outer loop
      vertex 2.23397 5.75842 19
      vertex 2.29974 5.57002 2
      vertex 2.29974 5.57002 19
    endloop
  endfacet
  facet normal 0.029617 -0.999561 0
    outer loop
      vertex -2.74935 9.04384 2
      vertex -2.54989 9.04975 19
      vertex -2.74935 9.04384 19
    endloop
  endfacet
  facet normal 0.029617 -0.999561 0
    outer loop
      vertex -2.54989 9.04975 19
      vertex -2.74935 9.04384 2
      vertex -2.54989 9.04975 2
    endloop
  endfacet
  facet normal 0.703623 0.710574 -0
    outer loop
      vertex -5.98162 0.342014 2
      vertex -6.12341 0.482417 19
      vertex -5.98162 0.342014 19
    endloop
  endfacet
  facet normal 0.703623 0.710574 0
    outer loop
      vertex -6.12341 0.482417 19
      vertex -5.98162 0.342014 2
      vertex -6.12341 0.482417 2
    endloop
  endfacet
  facet normal 0.972025 0.234876 0
    outer loop
      vertex -7.38432 2.71707 22
      vertex -7.43119 2.91104 2
      vertex -7.43119 2.91104 22
    endloop
  endfacet
  facet normal 0.972025 0.234876 0
    outer loop
      vertex -7.43119 2.91104 2
      vertex -7.38432 2.71707 22
      vertex -7.38432 2.71707 2
    endloop
  endfacet
  facet normal -0.244469 0.969657 0
    outer loop
      vertex -1.16888 -0.871409 2
      vertex -1.36238 -0.920194 19
      vertex -1.16888 -0.871409 19
    endloop
  endfacet
  facet normal -0.244469 0.969657 0
    outer loop
      vertex -1.36238 -0.920194 19
      vertex -1.16888 -0.871409 2
      vertex -1.36238 -0.920194 2
    endloop
  endfacet
  facet normal -0.717518 0.69654 0
    outer loop
      vertex 1.05321 0.411515 2
      vertex 1.1922 0.554691 19
      vertex 1.1922 0.554691 2
    endloop
  endfacet
  facet normal -0.717518 0.69654 0
    outer loop
      vertex 1.1922 0.554691 19
      vertex 1.05321 0.411515 2
      vertex 1.05321 0.411515 19
    endloop
  endfacet
  facet normal -0.357444 0.933934 0
    outer loop
      vertex -0.60207 -0.679782 2
      vertex -0.788434 -0.751109 19
      vertex -0.60207 -0.679782 19
    endloop
  endfacet
  facet normal -0.357444 0.933934 0
    outer loop
      vertex -0.788434 -0.751109 19
      vertex -0.60207 -0.679782 2
      vertex -0.788434 -0.751109 2
    endloop
  endfacet
  facet normal -0.167129 -0.985935 0
    outer loop
      vertex -1.75438 8.99465 2
      vertex -1.55764 8.9613 19
      vertex -1.75438 8.99465 19
    endloop
  endfacet
  facet normal -0.167129 -0.985935 -0
    outer loop
      vertex -1.55764 8.9613 19
      vertex -1.75438 8.99465 2
      vertex -1.55764 8.9613 2
    endloop
  endfacet
  facet normal -0.99512 0.0986751 0
    outer loop
      vertex 2.51455 3.40272 2
      vertex 2.53424 3.60129 19
      vertex 2.53424 3.60129 2
    endloop
  endfacet
  facet normal -0.99512 0.0986751 0
    outer loop
      vertex 2.53424 3.60129 19
      vertex 2.51455 3.40272 2
      vertex 2.51455 3.40272 19
    endloop
  endfacet
  facet normal -0.394046 -0.919091 0
    outer loop
      vertex -0.60207 8.67978 2
      vertex -0.41867 8.60115 19
      vertex -0.60207 8.67978 19
    endloop
  endfacet
  facet normal -0.394046 -0.919091 -0
    outer loop
      vertex -0.41867 8.60115 19
      vertex -0.60207 8.67978 2
      vertex -0.41867 8.60115 2
    endloop
  endfacet
  facet normal -0.689422 0.72436 0
    outer loop
      vertex 1.05321 0.411515 2
      vertex 0.908664 0.273941 19
      vertex 1.05321 0.411515 19
    endloop
  endfacet
  facet normal -0.689422 0.72436 0
    outer loop
      vertex 0.908664 0.273941 19
      vertex 1.05321 0.411515 2
      vertex 0.908664 0.273941 2
    endloop
  endfacet
  facet normal -0.976473 -0.215641 0
    outer loop
      vertex 2.45175 4.99132 2
      vertex 2.40872 5.18617 19
      vertex 2.40872 5.18617 2
    endloop
  endfacet
  facet normal -0.976473 -0.215641 0
    outer loop
      vertex 2.40872 5.18617 19
      vertex 2.45175 4.99132 2
      vertex 2.45175 4.99132 19
    endloop
  endfacet
  facet normal 0.517014 -0.855977 0
    outer loop
      vertex -5.19581 8.27026 2
      vertex -5.025 8.37343 19
      vertex -5.19581 8.27026 19
    endloop
  endfacet
  facet normal 0.517014 -0.855977 0
    outer loop
      vertex -5.025 8.37343 19
      vertex -5.19581 8.27026 2
      vertex -5.025 8.37343 2
    endloop
  endfacet
  facet normal -0.967188 -0.254062 0
    outer loop
      vertex 2.40872 5.18617 2
      vertex 2.35802 5.37918 19
      vertex 2.35802 5.37918 2
    endloop
  endfacet
  facet normal -0.967188 -0.254062 0
    outer loop
      vertex 2.35802 5.37918 19
      vertex 2.40872 5.18617 2
      vertex 2.40872 5.18617 19
    endloop
  endfacet
  facet normal 0.447819 0.894124 -0
    outer loop
      vertex -4.67183 -0.559129 2
      vertex -4.85025 -0.469768 19
      vertex -4.67183 -0.559129 19
    endloop
  endfacet
  facet normal 0.447819 0.894124 0
    outer loop
      vertex -4.85025 -0.469768 19
      vertex -4.67183 -0.559129 2
      vertex -4.85025 -0.469768 2
    endloop
  endfacet
  facet normal -0.880455 -0.47413 0
    outer loop
      vertex 1.99277 6.30598 2
      vertex 1.89816 6.48167 19
      vertex 1.89816 6.48167 2
    endloop
  endfacet
  facet normal -0.880455 -0.47413 0
    outer loop
      vertex 1.89816 6.48167 19
      vertex 1.99277 6.30598 2
      vertex 1.99277 6.30598 19
    endloop
  endfacet
  facet normal -0.930348 0.366677 0
    outer loop
      vertex 2.1608 2.05593 2
      vertex 2.23397 2.24158 19
      vertex 2.23397 2.24158 2
    endloop
  endfacet
  facet normal -0.930348 0.366677 0
    outer loop
      vertex 2.23397 2.24158 19
      vertex 2.1608 2.05593 2
      vertex 2.1608 2.05593 19
    endloop
  endfacet
  facet normal -0.818192 0.574945 0
    outer loop
      vertex 1.57377 1.01556 2
      vertex 1.6885 1.17883 19
      vertex 1.6885 1.17883 2
    endloop
  endfacet
  facet normal -0.818192 0.574945 0
    outer loop
      vertex 1.6885 1.17883 19
      vertex 1.57377 1.01556 2
      vertex 1.57377 1.01556 19
    endloop
  endfacet
  facet normal 0.829404 0.558649 0
    outer loop
      vertex -6.63194 1.09663 19
      vertex -6.74342 1.26214 2
      vertex -6.74342 1.26214 19
    endloop
  endfacet
  facet normal 0.829404 0.558649 0
    outer loop
      vertex -6.74342 1.26214 2
      vertex -6.63194 1.09663 19
      vertex -6.63194 1.09663 2
    endloop
  endfacet
  facet normal 0.517007 0.855981 -0
    outer loop
      vertex -5.025 -0.373427 2
      vertex -5.19581 -0.270259 19
      vertex -5.025 -0.373427 19
    endloop
  endfacet
  facet normal 0.517007 0.855981 0
    outer loop
      vertex -5.19581 -0.270259 19
      vertex -5.025 -0.373427 2
      vertex -5.19581 -0.270259 2
    endloop
  endfacet
  facet normal -0.566817 0.823844 0
    outer loop
      vertex 0.444046 -0.103058 2
      vertex 0.27965 -0.216165 19
      vertex 0.444046 -0.103058 19
    endloop
  endfacet
  facet normal -0.566817 0.823844 0
    outer loop
      vertex 0.27965 -0.216165 19
      vertex 0.444046 -0.103058 2
      vertex 0.27965 -0.216165 2
    endloop
  endfacet
  facet normal 0.703615 -0.710581 0
    outer loop
      vertex -6.12341 7.51758 2
      vertex -5.98162 7.65798 19
      vertex -6.12341 7.51758 19
    endloop
  endfacet
  facet normal 0.703615 -0.710581 0
    outer loop
      vertex -5.98162 7.65798 19
      vertex -6.12341 7.51758 2
      vertex -5.98162 7.65798 2
    endloop
  endfacet
  facet normal 0.0691065 -0.997609 0
    outer loop
      vertex -2.94842 9.03005 2
      vertex -2.74935 9.04384 19
      vertex -2.94842 9.03005 19
    endloop
  endfacet
  facet normal 0.0691065 -0.997609 0
    outer loop
      vertex -2.74935 9.04384 19
      vertex -2.94842 9.03005 2
      vertex -2.74935 9.04384 2
    endloop
  endfacet
  facet normal -0.998244 0.0592332 0
    outer loop
      vertex 2.53424 3.60129 2
      vertex 2.54606 3.80049 19
      vertex 2.54606 3.80049 2
    endloop
  endfacet
  facet normal -0.998244 0.0592332 0
    outer loop
      vertex 2.54606 3.80049 19
      vertex 2.53424 3.60129 2
      vertex 2.53424 3.60129 19
    endloop
  endfacet
  facet normal -0.598909 -0.800817 0
    outer loop
      vertex 0.444046 8.10306 2
      vertex 0.603846 7.98355 19
      vertex 0.444046 8.10306 19
    endloop
  endfacet
  facet normal -0.598909 -0.800817 -0
    outer loop
      vertex 0.603846 7.98355 19
      vertex 0.444046 8.10306 2
      vertex 0.603846 7.98355 2
    endloop
  endfacet
  facet normal -0.282595 -0.959239 0
    outer loop
      vertex -1.16888 8.87141 2
      vertex -0.97747 8.81502 19
      vertex -1.16888 8.87141 19
    endloop
  endfacet
  facet normal -0.282595 -0.959239 -0
    outer loop
      vertex -0.97747 8.81502 19
      vertex -1.16888 8.87141 2
      vertex -0.97747 8.81502 2
    endloop
  endfacet
  facet normal -0.282595 0.959239 0
    outer loop
      vertex -0.97747 -0.815019 2
      vertex -1.16888 -0.871409 19
      vertex -0.97747 -0.815019 19
    endloop
  endfacet
  facet normal -0.282595 0.959239 0
    outer loop
      vertex -1.16888 -0.871409 19
      vertex -0.97747 -0.815019 2
      vertex -1.16888 -0.871409 2
    endloop
  endfacet
  facet normal 0.922923 0.384985 0
    outer loop
      vertex -7.12148 1.96423 19
      vertex -7.1983 2.14839 2
      vertex -7.1983 2.14839 19
    endloop
  endfacet
  facet normal 0.922923 0.384985 0
    outer loop
      vertex -7.1983 2.14839 2
      vertex -7.12148 1.96423 19
      vertex -7.12148 1.96423 2
    endloop
  endfacet
  facet normal 0.937408 0.348233 0
    outer loop
      vertex -7.1983 2.14839 19
      vertex -7.26779 2.33545 2
      vertex -7.26779 2.33545 19
    endloop
  endfacet
  facet normal 0.937408 0.348233 0
    outer loop
      vertex -7.26779 2.33545 2
      vertex -7.1983 2.14839 19
      vertex -7.1983 2.14839 2
    endloop
  endfacet
  facet normal 0.614652 -0.788799 0
    outer loop
      vertex -5.68194 7.92144 2
      vertex -5.52454 8.04409 19
      vertex -5.68194 7.92144 19
    endloop
  endfacet
  facet normal 0.614652 -0.788799 0
    outer loop
      vertex -5.52454 8.04409 19
      vertex -5.68194 7.92144 2
      vertex -5.52454 8.04409 2
    endloop
  endfacet
  facet normal 0.147649 0.98904 -0
    outer loop
      vertex -3.14679 -1.00841 2
      vertex -3.34415 -0.978947 19
      vertex -3.14679 -1.00841 19
    endloop
  endfacet
  facet normal 0.147649 0.98904 0
    outer loop
      vertex -3.34415 -0.978947 19
      vertex -3.14679 -1.00841 2
      vertex -3.34415 -0.978947 2
    endloop
  endfacet
  facet normal 0.972023 -0.234887 0
    outer loop
      vertex -7.43119 5.08896 22
      vertex -7.38432 5.28292 2
      vertex -7.38432 5.28292 22
    endloop
  endfacet
  facet normal 0.972023 -0.234887 0
    outer loop
      vertex -7.38432 5.28292 2
      vertex -7.43119 5.08896 22
      vertex -7.43119 5.08896 2
    endloop
  endfacet
  facet normal -0.689437 -0.724345 0
    outer loop
      vertex 0.908664 7.72606 2
      vertex 1.05321 7.58848 19
      vertex 0.908664 7.72606 19
    endloop
  endfacet
  facet normal -0.689437 -0.724345 -0
    outer loop
      vertex 1.05321 7.58848 19
      vertex 0.908664 7.72606 2
      vertex 1.05321 7.58848 2
    endloop
  endfacet
  facet normal 0.338913 -0.940818 0
    outer loop
      vertex -4.3051 8.71637 2
      vertex -4.11736 8.784 19
      vertex -4.3051 8.71637 19
    endloop
  endfacet
  facet normal 0.338913 -0.940818 0
    outer loop
      vertex -4.11736 8.784 19
      vertex -4.3051 8.71637 2
      vertex -4.11736 8.784 2
    endloop
  endfacet
  facet normal 0.99688 0.0789305 0
    outer loop
      vertex -7.52538 3.50191 22
      vertex -7.54113 3.70083 2
      vertex -7.54113 3.70083 22
    endloop
  endfacet
  facet normal 0.99688 0.0789305 0
    outer loop
      vertex -7.54113 3.70083 2
      vertex -7.52538 3.50191 22
      vertex -7.52538 3.50191 2
    endloop
  endfacet
  facet normal -0.244445 -0.969663 0
    outer loop
      vertex -1.36238 8.92019 2
      vertex -1.16888 8.87141 19
      vertex -1.36238 8.92019 19
    endloop
  endfacet
  facet normal -0.244445 -0.969663 -0
    outer loop
      vertex -1.16888 8.87141 19
      vertex -1.36238 8.92019 2
      vertex -1.16888 8.87141 2
    endloop
  endfacet
  facet normal 0.85083 0.525442 0
    outer loop
      vertex -6.74342 1.26214 19
      vertex -6.84827 1.43192 2
      vertex -6.84827 1.43192 19
    endloop
  endfacet
  facet normal 0.85083 0.525442 0
    outer loop
      vertex -6.84827 1.43192 2
      vertex -6.74342 1.26214 19
      vertex -6.74342 1.26214 2
    endloop
  endfacet
  facet normal 0.987534 0.157406 0
    outer loop
      vertex -7.47036 3.1067 22
      vertex -7.50177 3.30376 2
      vertex -7.50177 3.30376 22
    endloop
  endfacet
  facet normal 0.987534 0.157406 0
    outer loop
      vertex -7.50177 3.30376 2
      vertex -7.47036 3.1067 22
      vertex -7.47036 3.1067 2
    endloop
  endfacet
  facet normal -0.0493627 0.998781 0
    outer loop
      vertex -2.15105 -1.03793 2
      vertex -2.35035 -1.04778 19
      vertex -2.15105 -1.03793 19
    endloop
  endfacet
  facet normal -0.0493627 0.998781 0
    outer loop
      vertex -2.35035 -1.04778 19
      vertex -2.15105 -1.03793 2
      vertex -2.35035 -1.04778 2
    endloop
  endfacet
  facet normal -0.205985 0.978555 0
    outer loop
      vertex -1.36238 -0.920194 2
      vertex -1.55764 -0.961296 19
      vertex -1.36238 -0.920194 19
    endloop
  endfacet
  facet normal -0.205985 0.978555 0
    outer loop
      vertex -1.55764 -0.961296 19
      vertex -1.36238 -0.920194 2
      vertex -1.55764 -0.961296 2
    endloop
  endfacet
  facet normal -0.167163 0.985929 0
    outer loop
      vertex -1.55764 -0.961296 2
      vertex -1.75438 -0.994653 19
      vertex -1.55764 -0.961296 19
    endloop
  endfacet
  facet normal -0.167163 0.985929 0
    outer loop
      vertex -1.75438 -0.994653 19
      vertex -1.55764 -0.961296 2
      vertex -1.75438 -0.994653 2
    endloop
  endfacet
  facet normal -0.840298 0.542125 0
    outer loop
      vertex 1.6885 1.17883 2
      vertex 1.79668 1.34651 19
      vertex 1.79668 1.34651 2
    endloop
  endfacet
  facet normal -0.840298 0.542125 0
    outer loop
      vertex 1.79668 1.34651 19
      vertex 1.6885 1.17883 2
      vertex 1.6885 1.17883 19
    endloop
  endfacet
  facet normal 0.674965 0.73785 -0
    outer loop
      vertex -5.83438 0.207323 2
      vertex -5.98162 0.342014 19
      vertex -5.83438 0.207323 19
    endloop
  endfacet
  facet normal 0.674965 0.73785 0
    outer loop
      vertex -5.98162 0.342014 19
      vertex -5.83438 0.207323 2
      vertex -5.98162 0.342014 2
    endloop
  endfacet
  facet normal 0.980544 -0.196299 0
    outer loop
      vertex -7.47036 4.8933 22
      vertex -7.43119 5.08896 2
      vertex -7.43119 5.08896 22
    endloop
  endfacet
  facet normal 0.980544 -0.196299 0
    outer loop
      vertex -7.43119 5.08896 2
      vertex -7.47036 4.8933 22
      vertex -7.47036 4.8933 2
    endloop
  endfacet
  facet normal -0.967185 0.254074 0
    outer loop
      vertex 2.35802 2.62082 2
      vertex 2.40872 2.81382 19
      vertex 2.40872 2.81382 2
    endloop
  endfacet
  facet normal -0.967185 0.254074 0
    outer loop
      vertex 2.40872 2.81382 19
      vertex 2.35802 2.62082 2
      vertex 2.35802 2.62082 19
    endloop
  endfacet
  facet normal -0.465394 0.885104 0
    outer loop
      vertex -0.0618992 -0.422461 2
      vertex -0.238519 -0.515329 19
      vertex -0.0618992 -0.422461 19
    endloop
  endfacet
  facet normal -0.465394 0.885104 0
    outer loop
      vertex -0.238519 -0.515329 19
      vertex -0.0618992 -0.422461 2
      vertex -0.238519 -0.515329 2
    endloop
  endfacet
  facet normal -0.630085 0.776526 0
    outer loop
      vertex 0.758799 0.142185 2
      vertex 0.603846 0.0164537 19
      vertex 0.758799 0.142185 19
    endloop
  endfacet
  facet normal -0.630085 0.776526 0
    outer loop
      vertex 0.603846 0.0164537 19
      vertex 0.758799 0.142185 2
      vertex 0.603846 0.0164537 2
    endloop
  endfacet
  facet normal -0.915146 -0.403123 0
    outer loop
      vertex 2.1608 5.94407 2
      vertex 2.08036 6.12668 19
      vertex 2.08036 6.12668 2
    endloop
  endfacet
  facet normal -0.915146 -0.403123 0
    outer loop
      vertex 2.08036 6.12668 19
      vertex 2.1608 5.94407 2
      vertex 2.1608 5.94407 19
    endloop
  endfacet
  facet normal 0.582978 0.812488 -0
    outer loop
      vertex -5.36241 -0.160423 2
      vertex -5.52454 -0.0440912 19
      vertex -5.36241 -0.160423 19
    endloop
  endfacet
  facet normal 0.582978 0.812488 0
    outer loop
      vertex -5.52454 -0.0440912 19
      vertex -5.36241 -0.160423 2
      vertex -5.52454 -0.0440912 2
    endloop
  endfacet
  facet normal -0.0493627 -0.998781 0
    outer loop
      vertex -2.35035 9.04778 2
      vertex -2.15105 9.03793 19
      vertex -2.35035 9.04778 19
    endloop
  endfacet
  facet normal -0.0493627 -0.998781 -0
    outer loop
      vertex -2.15105 9.03793 19
      vertex -2.35035 9.04778 2
      vertex -2.15105 9.03793 2
    endloop
  endfacet
  facet normal -0.984237 -0.176852 0
    outer loop
      vertex 2.48704 4.79492 2
      vertex 2.45175 4.99132 19
      vertex 2.45175 4.99132 2
    endloop
  endfacet
  facet normal -0.984237 -0.176852 0
    outer loop
      vertex 2.45175 4.99132 19
      vertex 2.48704 4.79492 2
      vertex 2.48704 4.79492 19
    endloop
  endfacet
  facet normal 0.550423 0.834886 -0
    outer loop
      vertex -5.19581 -0.270259 2
      vertex -5.36241 -0.160423 19
      vertex -5.19581 -0.270259 19
    endloop
  endfacet
  facet normal 0.550423 0.834886 0
    outer loop
      vertex -5.36241 -0.160423 19
      vertex -5.19581 -0.270259 2
      vertex -5.36241 -0.160423 2
    endloop
  endfacet
  facet normal -0.128086 -0.991763 0
    outer loop
      vertex -1.95229 9.02021 2
      vertex -1.75438 8.99465 19
      vertex -1.95229 9.02021 19
    endloop
  endfacet
  facet normal -0.128086 -0.991763 -0
    outer loop
      vertex -1.75438 8.99465 19
      vertex -1.95229 9.02021 2
      vertex -1.75438 8.99465 2
    endloop
  endfacet
  facet normal 0.412145 0.911118 -0
    outer loop
      vertex -4.49002 -0.641371 2
      vertex -4.67183 -0.559129 19
      vertex -4.49002 -0.641371 19
    endloop
  endfacet
  facet normal 0.412145 0.911118 0
    outer loop
      vertex -4.67183 -0.559129 19
      vertex -4.49002 -0.641371 2
      vertex -4.67183 -0.559129 2
    endloop
  endfacet
  facet normal 0.301491 0.953469 -0
    outer loop
      vertex -3.9271 -0.844159 2
      vertex -4.11736 -0.783998 19
      vertex -3.9271 -0.844159 19
    endloop
  endfacet
  facet normal 0.301491 0.953469 0
    outer loop
      vertex -4.11736 -0.783998 19
      vertex -3.9271 -0.844159 2
      vertex -4.11736 -0.783998 2
    endloop
  endfacet
  facet normal 0.75751 -0.652824 0
    outer loop
      vertex -6.38982 7.22053 19
      vertex -6.25955 7.37169 2
      vertex -6.25955 7.37169 19
    endloop
  endfacet
  facet normal 0.75751 -0.652824 0
    outer loop
      vertex -6.25955 7.37169 2
      vertex -6.38982 7.22053 19
      vertex -6.38982 7.22053 2
    endloop
  endfacet
  facet normal 0.99922 -0.0394897 0
    outer loop
      vertex -7.54901 4.09977 22
      vertex -7.54113 4.29916 2
      vertex -7.54113 4.29916 22
    endloop
  endfacet
  facet normal 0.99922 -0.0394897 0
    outer loop
      vertex -7.54113 4.29916 2
      vertex -7.54901 4.09977 22
      vertex -7.54901 4.09977 2
    endloop
  endfacet
  facet normal 0.987534 -0.157406 0
    outer loop
      vertex -7.50177 4.69624 22
      vertex -7.47036 4.8933 2
      vertex -7.47036 4.8933 22
    endloop
  endfacet
  facet normal 0.987534 -0.157406 0
    outer loop
      vertex -7.47036 4.8933 2
      vertex -7.50177 4.69624 22
      vertex -7.50177 4.69624 2
    endloop
  endfacet
  facet normal 0.782722 0.622371 0
    outer loop
      vertex -6.38982 0.779471 19
      vertex -6.51401 0.935658 2
      vertex -6.51401 0.935658 19
    endloop
  endfacet
  facet normal 0.782722 0.622371 0
    outer loop
      vertex -6.51401 0.935658 2
      vertex -6.38982 0.779471 19
      vertex -6.38982 0.779471 2
    endloop
  endfacet
  facet normal 0.806682 0.590985 0
    outer loop
      vertex -6.51401 0.935658 19
      vertex -6.63194 1.09663 2
      vertex -6.63194 1.09663 19
    endloop
  endfacet
  facet normal 0.806682 0.590985 0
    outer loop
      vertex -6.63194 1.09663 2
      vertex -6.51401 0.935658 19
      vertex -6.51401 0.935658 2
    endloop
  endfacet
  facet normal 0.85083 -0.525442 0
    outer loop
      vertex -6.84827 6.56808 19
      vertex -6.74342 6.73786 2
      vertex -6.74342 6.73786 19
    endloop
  endfacet
  facet normal 0.85083 -0.525442 0
    outer loop
      vertex -6.74342 6.73786 2
      vertex -6.84827 6.56808 19
      vertex -6.84827 6.56808 2
    endloop
  endfacet
  facet normal 0.482798 0.875732 -0
    outer loop
      vertex -4.85025 -0.469768 2
      vertex -5.025 -0.373427 19
      vertex -4.85025 -0.469768 19
    endloop
  endfacet
  facet normal 0.482798 0.875732 0
    outer loop
      vertex -5.025 -0.373427 19
      vertex -4.85025 -0.469768 2
      vertex -5.025 -0.373427 2
    endloop
  endfacet
  facet normal -0.744474 -0.667651 0
    outer loop
      vertex 1.32543 7.29675 2
      vertex 1.1922 7.44531 19
      vertex 1.1922 7.44531 2
    endloop
  endfacet
  facet normal -0.744474 -0.667651 0
    outer loop
      vertex 1.1922 7.44531 19
      vertex 1.32543 7.29675 2
      vertex 1.32543 7.29675 19
    endloop
  endfacet
  facet normal 0.645303 0.763927 -0
    outer loop
      vertex -5.68194 0.0785542 2
      vertex -5.83438 0.207323 19
      vertex -5.68194 0.0785542 19
    endloop
  endfacet
  facet normal 0.645303 0.763927 0
    outer loop
      vertex -5.83438 0.207323 19
      vertex -5.68194 0.0785542 2
      vertex -5.83438 0.207323 2
    endloop
  endfacet
  facet normal 0.870926 0.491415 0
    outer loop
      vertex -6.84827 1.43192 19
      vertex -6.94633 1.60571 2
      vertex -6.94633 1.60571 19
    endloop
  endfacet
  facet normal 0.870926 0.491415 0
    outer loop
      vertex -6.94633 1.60571 2
      vertex -6.84827 1.43192 19
      vertex -6.84827 1.43192 2
    endloop
  endfacet
  facet normal 0.950461 0.310844 -0
    outer loop
      vertex -7.3 2.43393 19
      vertex -7.32982 2.52511 22
      vertex -7.3 2.43393 22
    endloop
  endfacet
  facet normal 0.950461 0.310844 0
    outer loop
      vertex -7.32982 2.52511 22
      vertex -7.3 2.43393 19
      vertex -7.32982 2.52511 2
    endloop
  endfacet
  facet normal 0.950454 0.310866 1.3296e-07
    outer loop
      vertex -7.26779 2.33545 19
      vertex -7.32982 2.52511 2
      vertex -7.3 2.43393 19
    endloop
  endfacet
  facet normal 0.950457 0.310856 0
    outer loop
      vertex -7.32982 2.52511 2
      vertex -7.26779 2.33545 19
      vertex -7.26779 2.33545 2
    endloop
  endfacet
  facet normal 0.92293 -0.384968 0
    outer loop
      vertex -7.1983 5.8516 19
      vertex -7.12148 6.03577 2
      vertex -7.12148 6.03577 19
    endloop
  endfacet
  facet normal 0.92293 -0.384968 0
    outer loop
      vertex -7.12148 6.03577 2
      vertex -7.1983 5.8516 19
      vertex -7.1983 5.8516 2
    endloop
  endfacet
  facet normal 0.0691065 0.997609 -0
    outer loop
      vertex -2.74935 -1.04384 2
      vertex -2.94842 -1.03005 19
      vertex -2.74935 -1.04384 19
    endloop
  endfacet
  facet normal 0.0691065 0.997609 0
    outer loop
      vertex -2.94842 -1.03005 19
      vertex -2.74935 -1.04384 2
      vertex -2.94842 -1.03005 2
    endloop
  endfacet
  facet normal 0.186609 0.982434 -0
    outer loop
      vertex -3.34415 -0.978947 2
      vertex -3.54019 -0.94171 19
      vertex -3.34415 -0.978947 19
    endloop
  endfacet
  facet normal 0.186609 0.982434 0
    outer loop
      vertex -3.54019 -0.94171 19
      vertex -3.34415 -0.978947 2
      vertex -3.54019 -0.94171 2
    endloop
  endfacet
  facet normal 0 0 1
    outer loop
      vertex 1.55 4 2
      vertex 2.55 4 2
      vertex 2.54606 4.19951 2
    endloop
  endfacet
  facet normal 0 0 1
    outer loop
      vertex 1.54512 4.19872 2
      vertex 2.54606 4.19951 2
      vertex 2.53424 4.3987 2
    endloop
  endfacet
  facet normal 0 0 1
    outer loop
      vertex 2.55 4 2
      vertex 1.55 4 2
      vertex 2.54606 3.80049 2
    endloop
  endfacet
  facet normal 0 0 1
    outer loop
      vertex 1.5305 4.39697 2
      vertex 2.53424 4.3987 2
      vertex 2.51455 4.59728 2
    endloop
  endfacet
  facet normal -0 0 1
    outer loop
      vertex 1.54512 3.80128 2
      vertex 2.54606 3.80049 2
      vertex 1.55 4 2
    endloop
  endfacet
  facet normal 0 0 1
    outer loop
      vertex 1.50616 4.59426 2
      vertex 2.51455 4.59728 2
      vertex 2.48704 4.79492 2
    endloop
  endfacet
  facet normal 0 0 1
    outer loop
      vertex 2.54606 3.80049 2
      vertex 1.54512 3.80128 2
      vertex 2.53424 3.60129 2
    endloop
  endfacet
  facet normal 0 0 1
    outer loop
      vertex 1.47218 4.79012 2
      vertex 2.48704 4.79492 2
      vertex 2.45175 4.99132 2
    endloop
  endfacet
  facet normal -0 0 1
    outer loop
      vertex 1.5305 3.60303 2
      vertex 2.53424 3.60129 2
      vertex 1.54512 3.80128 2
    endloop
  endfacet
  facet normal 0 0 1
    outer loop
      vertex 1.47218 4.79012 2
      vertex 2.45175 4.99132 2
      vertex 2.40872 5.18617 2
    endloop
  endfacet
  facet normal 0 0 1
    outer loop
      vertex 2.53424 3.60129 2
      vertex 1.5305 3.60303 2
      vertex 2.51455 3.40272 2
    endloop
  endfacet
  facet normal 0 0 1
    outer loop
      vertex 1.42863 4.98407 2
      vertex 2.40872 5.18617 2
      vertex 2.35802 5.37918 2
    endloop
  endfacet
  facet normal -0 0 1
    outer loop
      vertex 1.50616 3.40574 2
      vertex 2.51455 3.40272 2
      vertex 1.5305 3.60303 2
    endloop
  endfacet
  facet normal 0 0 1
    outer loop
      vertex 1.37561 5.17565 2
      vertex 2.35802 5.37918 2
      vertex 2.29974 5.57002 2
    endloop
  endfacet
  facet normal 0 0 1
    outer loop
      vertex 2.51455 3.40272 2
      vertex 1.50616 3.40574 2
      vertex 2.48704 3.20508 2
    endloop
  endfacet
  facet normal 0 0 1
    outer loop
      vertex 1.31325 5.3644 2
      vertex 2.29974 5.57002 2
      vertex 2.23397 5.75842 2
    endloop
  endfacet
  facet normal -0 0 1
    outer loop
      vertex 1.47218 3.20988 2
      vertex 2.48704 3.20508 2
      vertex 1.50616 3.40574 2
    endloop
  endfacet
  facet normal 0 0 1
    outer loop
      vertex 1.24171 5.54987 2
      vertex 2.23397 5.75842 2
      vertex 2.1608 5.94407 2
    endloop
  endfacet
  facet normal 0 0 1
    outer loop
      vertex 2.48704 3.20508 2
      vertex 1.47218 3.20988 2
      vertex 2.45175 3.00868 2
    endloop
  endfacet
  facet normal 0 0 1
    outer loop
      vertex 1.24171 5.54987 2
      vertex 2.1608 5.94407 2
      vertex 2.08036 6.12668 2
    endloop
  endfacet
  facet normal 0 0 1
    outer loop
      vertex 2.45175 3.00868 2
      vertex 1.47218 3.20988 2
      vertex 2.40872 2.81382 2
    endloop
  endfacet
  facet normal 0 0 1
    outer loop
      vertex 1.16116 5.7316 2
      vertex 2.08036 6.12668 2
      vertex 1.99277 6.30598 2
    endloop
  endfacet
  facet normal -0 0 1
    outer loop
      vertex 1.42863 3.01593 2
      vertex 2.40872 2.81382 2
      vertex 1.47218 3.20988 2
    endloop
  endfacet
  facet normal 0 0 1
    outer loop
      vertex 1.07178 5.90916 2
      vertex 1.99277 6.30598 2
      vertex 1.89816 6.48167 2
    endloop
  endfacet
  facet normal 0 0 1
    outer loop
      vertex 2.40872 2.81382 2
      vertex 1.42863 3.01593 2
      vertex 2.35802 2.62082 2
    endloop
  endfacet
  facet normal 0 0 1
    outer loop
      vertex 0.973801 6.08212 2
      vertex 1.89816 6.48167 2
      vertex 1.79668 6.65349 2
    endloop
  endfacet
  facet normal -0 0 1
    outer loop
      vertex 1.37561 2.82435 2
      vertex 2.35802 2.62082 2
      vertex 1.42863 3.01593 2
    endloop
  endfacet
  facet normal 0 0 1
    outer loop
      vertex 0.867452 6.25006 2
      vertex 1.79668 6.65349 2
      vertex 1.6885 6.82117 2
    endloop
  endfacet
  facet normal 0 0 1
    outer loop
      vertex 2.35802 2.62082 2
      vertex 1.37561 2.82435 2
      vertex 2.29974 2.42998 2
    endloop
  endfacet
  facet normal 0 0 1
    outer loop
      vertex 0.867452 6.25006 2
      vertex 1.6885 6.82117 2
      vertex 1.57377 6.98444 2
    endloop
  endfacet
  facet normal -0 0 1
    outer loop
      vertex 1.31325 2.6356 2
      vertex 2.29974 2.42998 2
      vertex 1.37561 2.82435 2
    endloop
  endfacet
  facet normal 0 0 1
    outer loop
      vertex 2.29974 2.42998 2
      vertex 1.31325 2.6356 2
      vertex 2.23397 2.24158 2
    endloop
  endfacet
  facet normal 0 0 1
    outer loop
      vertex 2.54606 4.19951 2
      vertex 1.54512 4.19872 2
      vertex 1.55 4 2
    endloop
  endfacet
  facet normal 0 0 1
    outer loop
      vertex 2.53424 4.3987 2
      vertex 1.5305 4.39697 2
      vertex 1.54512 4.19872 2
    endloop
  endfacet
  facet normal 0 0 1
    outer loop
      vertex 2.51455 4.59728 2
      vertex 1.50616 4.59426 2
      vertex 1.5305 4.39697 2
    endloop
  endfacet
  facet normal 0 0 1
    outer loop
      vertex 2.48704 4.79492 2
      vertex 1.47218 4.79012 2
      vertex 1.50616 4.59426 2
    endloop
  endfacet
  facet normal 0 0 1
    outer loop
      vertex 0.75299 6.41258 2
      vertex 1.57377 6.98444 2
      vertex 1.45269 7.14305 2
    endloop
  endfacet
  facet normal 0 0 1
    outer loop
      vertex 2.40872 5.18617 2
      vertex 1.42863 4.98407 2
      vertex 1.47218 4.79012 2
    endloop
  endfacet
  facet normal 0 0 1
    outer loop
      vertex 2.35802 5.37918 2
      vertex 1.37561 5.17565 2
      vertex 1.42863 4.98407 2
    endloop
  endfacet
  facet normal 0 0 1
    outer loop
      vertex 0.630692 6.56929 2
      vertex 1.45269 7.14305 2
      vertex 1.32543 7.29675 2
    endloop
  endfacet
  facet normal 0 0 1
    outer loop
      vertex 2.29974 5.57002 2
      vertex 1.31325 5.3644 2
      vertex 1.37561 5.17565 2
    endloop
  endfacet
  facet normal 0 0 1
    outer loop
      vertex 2.23397 5.75842 2
      vertex 1.24171 5.54987 2
      vertex 1.31325 5.3644 2
    endloop
  endfacet
  facet normal 0 0 1
    outer loop
      vertex 0.500852 6.71981 2
      vertex 1.32543 7.29675 2
      vertex 1.1922 7.44531 2
    endloop
  endfacet
  facet normal 0 0 1
    outer loop
      vertex 2.08036 6.12668 2
      vertex 1.16116 5.7316 2
      vertex 1.24171 5.54987 2
    endloop
  endfacet
  facet normal 0 0 1
    outer loop
      vertex 1.99277 6.30598 2
      vertex 1.07178 5.90916 2
      vertex 1.16116 5.7316 2
    endloop
  endfacet
  facet normal 0 0 1
    outer loop
      vertex 0.363782 6.86378 2
      vertex 1.1922 7.44531 2
      vertex 1.05321 7.58848 2
    endloop
  endfacet
  facet normal 0 0 1
    outer loop
      vertex 1.89816 6.48167 2
      vertex 0.973801 6.08212 2
      vertex 1.07178 5.90916 2
    endloop
  endfacet
  facet normal 0 0 1
    outer loop
      vertex 0.363782 6.86378 2
      vertex 1.05321 7.58848 2
      vertex 0.908664 7.72606 2
    endloop
  endfacet
  facet normal 0 0 1
    outer loop
      vertex 1.79668 6.65349 2
      vertex 0.867452 6.25006 2
      vertex 0.973801 6.08212 2
    endloop
  endfacet
  facet normal 0 0 1
    outer loop
      vertex 0.219813 7.00085 2
      vertex 0.908664 7.72606 2
      vertex 0.758799 7.85781 2
    endloop
  endfacet
  facet normal 0 0 1
    outer loop
      vertex 1.57377 6.98444 2
      vertex 0.75299 6.41258 2
      vertex 0.867452 6.25006 2
    endloop
  endfacet
  facet normal 0 0 1
    outer loop
      vertex 1.45269 7.14305 2
      vertex 0.630692 6.56929 2
      vertex 0.75299 6.41258 2
    endloop
  endfacet
  facet normal 0 0 1
    outer loop
      vertex 0.0692921 7.13069 2
      vertex 0.758799 7.85781 2
      vertex 0.603846 7.98355 2
    endloop
  endfacet
  facet normal 0 0 1
    outer loop
      vertex 1.32543 7.29675 2
      vertex 0.500852 6.71981 2
      vertex 0.630692 6.56929 2
    endloop
  endfacet
  facet normal 0 0 1
    outer loop
      vertex -0.0874176 7.25299 2
      vertex 0.603846 7.98355 2
      vertex 0.444046 8.10306 2
    endloop
  endfacet
  facet normal 0 0 1
    outer loop
      vertex 1.1922 7.44531 2
      vertex 0.363782 6.86378 2
      vertex 0.500852 6.71981 2
    endloop
  endfacet
  facet normal 0 0 1
    outer loop
      vertex -0.24994 7.36745 2
      vertex 0.444046 8.10306 2
      vertex 0.27965 8.21616 2
    endloop
  endfacet
  facet normal 0 0 1
    outer loop
      vertex 0.908664 7.72606 2
      vertex 0.219813 7.00085 2
      vertex 0.363782 6.86378 2
    endloop
  endfacet
  facet normal 0 0 1
    outer loop
      vertex -0.417884 7.4738 2
      vertex 0.27965 8.21616 2
      vertex 0.110913 8.32269 2
    endloop
  endfacet
  facet normal 0 0 1
    outer loop
      vertex 0.758799 7.85781 2
      vertex 0.0692921 7.13069 2
      vertex 0.219813 7.00085 2
    endloop
  endfacet
  facet normal 0 0 1
    outer loop
      vertex -0.417884 7.4738 2
      vertex 0.110913 8.32269 2
      vertex -0.0618992 8.42246 2
    endloop
  endfacet
  facet normal 0 0 1
    outer loop
      vertex 0.603846 7.98355 2
      vertex -0.0874176 7.25299 2
      vertex 0.0692921 7.13069 2
    endloop
  endfacet
  facet normal 0 0 1
    outer loop
      vertex -0.590843 7.57178 2
      vertex -0.0618992 8.42246 2
      vertex -0.238519 8.51533 2
    endloop
  endfacet
  facet normal 0 0 1
    outer loop
      vertex 0.444046 8.10306 2
      vertex -0.24994 7.36745 2
      vertex -0.0874176 7.25299 2
    endloop
  endfacet
  facet normal 0 0 1
    outer loop
      vertex 0.27965 8.21616 2
      vertex -0.417884 7.4738 2
      vertex -0.24994 7.36745 2
    endloop
  endfacet
  facet normal 0 0 1
    outer loop
      vertex -0.768401 7.66116 2
      vertex -0.238519 8.51533 2
      vertex -0.41867 8.60115 2
    endloop
  endfacet
  facet normal 0 0 1
    outer loop
      vertex -0.0618992 8.42246 2
      vertex -0.590843 7.57178 2
      vertex -0.417884 7.4738 2
    endloop
  endfacet
  facet normal 0 0 1
    outer loop
      vertex -0.950131 7.74171 2
      vertex -0.41867 8.60115 2
      vertex -0.60207 8.67978 2
    endloop
  endfacet
  facet normal 0 0 1
    outer loop
      vertex -0.238519 8.51533 2
      vertex -0.768401 7.66116 2
      vertex -0.590843 7.57178 2
    endloop
  endfacet
  facet normal 0 0 1
    outer loop
      vertex -1.1356 7.81325 2
      vertex -0.60207 8.67978 2
      vertex -0.788434 8.75111 2
    endloop
  endfacet
  facet normal 0 0 1
    outer loop
      vertex -0.41867 8.60115 2
      vertex -0.950131 7.74171 2
      vertex -0.768401 7.66116 2
    endloop
  endfacet
  facet normal 0 0 1
    outer loop
      vertex -1.1356 7.81325 2
      vertex -0.788434 8.75111 2
      vertex -0.97747 8.81502 2
    endloop
  endfacet
  facet normal 0 0 1
    outer loop
      vertex -0.60207 8.67978 2
      vertex -1.1356 7.81325 2
      vertex -0.950131 7.74171 2
    endloop
  endfacet
  facet normal 0 0 1
    outer loop
      vertex -1.32435 7.87561 2
      vertex -0.97747 8.81502 2
      vertex -1.16888 8.87141 2
    endloop
  endfacet
  facet normal 0 0 1
    outer loop
      vertex -0.97747 8.81502 2
      vertex -1.32435 7.87561 2
      vertex -1.1356 7.81325 2
    endloop
  endfacet
  facet normal 0 0 1
    outer loop
      vertex -1.51593 7.92863 2
      vertex -1.16888 8.87141 2
      vertex -1.36238 8.92019 2
    endloop
  endfacet
  facet normal 0 0 1
    outer loop
      vertex -1.16888 8.87141 2
      vertex -1.51593 7.92863 2
      vertex -1.32435 7.87561 2
    endloop
  endfacet
  facet normal 0 0 1
    outer loop
      vertex -1.70988 7.97218 2
      vertex -1.36238 8.92019 2
      vertex -1.55764 8.9613 2
    endloop
  endfacet
  facet normal 0 0 1
    outer loop
      vertex -1.36238 8.92019 2
      vertex -1.70988 7.97218 2
      vertex -1.51593 7.92863 2
    endloop
  endfacet
  facet normal 0 0 1
    outer loop
      vertex -1.90574 8.00616 2
      vertex -1.55764 8.9613 2
      vertex -1.75438 8.99465 2
    endloop
  endfacet
  facet normal 0 0 1
    outer loop
      vertex -1.55764 8.9613 2
      vertex -1.90574 8.00616 2
      vertex -1.70988 7.97218 2
    endloop
  endfacet
  facet normal 0 0 1
    outer loop
      vertex -1.95229 9.02021 2
      vertex -1.90574 8.00616 2
      vertex -1.75438 8.99465 2
    endloop
  endfacet
  facet normal 0 0 1
    outer loop
      vertex -1.95229 9.02021 2
      vertex -2.10303 8.0305 2
      vertex -1.90574 8.00616 2
    endloop
  endfacet
  facet normal 0 0 1
    outer loop
      vertex -2.15105 9.03793 2
      vertex -2.10303 8.0305 2
      vertex -1.95229 9.02021 2
    endloop
  endfacet
  facet normal 0 0 1
    outer loop
      vertex -2.15105 9.03793 2
      vertex -2.30128 8.04512 2
      vertex -2.10303 8.0305 2
    endloop
  endfacet
  facet normal 0 0 1
    outer loop
      vertex -2.35035 9.04778 2
      vertex -2.30128 8.04512 2
      vertex -2.15105 9.03793 2
    endloop
  endfacet
  facet normal 0 0 1
    outer loop
      vertex -2.35035 9.04778 2
      vertex -2.5 8.05 2
      vertex -2.30128 8.04512 2
    endloop
  endfacet
  facet normal 0 0 1
    outer loop
      vertex -2.54989 9.04975 2
      vertex -2.5 8.05 2
      vertex -2.35035 9.04778 2
    endloop
  endfacet
  facet normal 0 0 1
    outer loop
      vertex -2.54989 9.04975 2
      vertex -2.69872 8.04512 2
      vertex -2.5 8.05 2
    endloop
  endfacet
  facet normal -0 0 1
    outer loop
      vertex -2.74935 9.04384 2
      vertex -2.69872 8.04512 2
      vertex -2.54989 9.04975 2
    endloop
  endfacet
  facet normal -0 0 1
    outer loop
      vertex -2.94842 9.03005 2
      vertex -2.69872 8.04512 2
      vertex -2.74935 9.04384 2
    endloop
  endfacet
  facet normal 0 0 1
    outer loop
      vertex -2.69872 8.04512 2
      vertex -2.94842 9.03005 2
      vertex -2.89697 8.0305 2
    endloop
  endfacet
  facet normal -0 0 1
    outer loop
      vertex -3.14679 9.00841 2
      vertex -2.89697 8.0305 2
      vertex -2.94842 9.03005 2
    endloop
  endfacet
  facet normal 0 0 1
    outer loop
      vertex -2.89697 8.0305 2
      vertex -3.14679 9.00841 2
      vertex -3.09426 8.00616 2
    endloop
  endfacet
  facet normal -0 0 1
    outer loop
      vertex -3.34415 8.97895 2
      vertex -3.09426 8.00616 2
      vertex -3.14679 9.00841 2
    endloop
  endfacet
  facet normal 0 0 1
    outer loop
      vertex -3.09426 8.00616 2
      vertex -3.34415 8.97895 2
      vertex -3.29012 7.97218 2
    endloop
  endfacet
  facet normal -0 0 1
    outer loop
      vertex -3.54019 8.94171 2
      vertex -3.29012 7.97218 2
      vertex -3.34415 8.97895 2
    endloop
  endfacet
  facet normal 0 0 1
    outer loop
      vertex -3.29012 7.97218 2
      vertex -3.54019 8.94171 2
      vertex -3.48407 7.92863 2
    endloop
  endfacet
  facet normal -0 0 1
    outer loop
      vertex -3.73461 8.89676 2
      vertex -3.48407 7.92863 2
      vertex -3.54019 8.94171 2
    endloop
  endfacet
  facet normal -0 0 1
    outer loop
      vertex -3.9271 8.84416 2
      vertex -3.48407 7.92863 2
      vertex -3.73461 8.89676 2
    endloop
  endfacet
  facet normal 0 0 1
    outer loop
      vertex -3.48407 7.92863 2
      vertex -3.9271 8.84416 2
      vertex -3.67565 7.87561 2
    endloop
  endfacet
  facet normal -0 0 1
    outer loop
      vertex -4.11736 8.784 2
      vertex -3.67565 7.87561 2
      vertex -3.9271 8.84416 2
    endloop
  endfacet
  facet normal 0 0 1
    outer loop
      vertex -3.67565 7.87561 2
      vertex -4.11736 8.784 2
      vertex -3.8644 7.81325 2
    endloop
  endfacet
  facet normal -0 0 1
    outer loop
      vertex -4.3051 8.71637 2
      vertex -3.8644 7.81325 2
      vertex -4.11736 8.784 2
    endloop
  endfacet
  facet normal 0 0 1
    outer loop
      vertex -3.8644 7.81325 2
      vertex -4.3051 8.71637 2
      vertex -4.04987 7.74171 2
    endloop
  endfacet
  facet normal -0 0 1
    outer loop
      vertex -4.49002 8.64137 2
      vertex -4.04987 7.74171 2
      vertex -4.3051 8.71637 2
    endloop
  endfacet
  facet normal 0 0 1
    outer loop
      vertex -4.04987 7.74171 2
      vertex -4.49002 8.64137 2
      vertex -4.2316 7.66116 2
    endloop
  endfacet
  facet normal -0 0 1
    outer loop
      vertex -4.67183 8.55913 2
      vertex -4.2316 7.66116 2
      vertex -4.49002 8.64137 2
    endloop
  endfacet
  facet normal -0 0 1
    outer loop
      vertex -4.85025 8.46977 2
      vertex -4.2316 7.66116 2
      vertex -4.67183 8.55913 2
    endloop
  endfacet
  facet normal 0 0 1
    outer loop
      vertex -4.2316 7.66116 2
      vertex -4.85025 8.46977 2
      vertex -4.40916 7.57178 2
    endloop
  endfacet
  facet normal -0 0 1
    outer loop
      vertex -5.025 8.37343 2
      vertex -4.40916 7.57178 2
      vertex -4.85025 8.46977 2
    endloop
  endfacet
  facet normal 0 0 1
    outer loop
      vertex -4.40916 7.57178 2
      vertex -5.025 8.37343 2
      vertex -4.58212 7.4738 2
    endloop
  endfacet
  facet normal -0 0 1
    outer loop
      vertex -5.19581 8.27026 2
      vertex -4.58212 7.4738 2
      vertex -5.025 8.37343 2
    endloop
  endfacet
  facet normal 0 0 1
    outer loop
      vertex -4.58212 7.4738 2
      vertex -5.19581 8.27026 2
      vertex -4.75006 7.36745 2
    endloop
  endfacet
  facet normal -0 0 1
    outer loop
      vertex -5.36241 8.16042 2
      vertex -4.75006 7.36745 2
      vertex -5.19581 8.27026 2
    endloop
  endfacet
  facet normal 0 0 1
    outer loop
      vertex -4.75006 7.36745 2
      vertex -5.36241 8.16042 2
      vertex -4.91258 7.25299 2
    endloop
  endfacet
  facet normal -0 0 1
    outer loop
      vertex -5.52454 8.04409 2
      vertex -4.91258 7.25299 2
      vertex -5.36241 8.16042 2
    endloop
  endfacet
  facet normal 0 0 1
    outer loop
      vertex -4.91258 7.25299 2
      vertex -5.52454 8.04409 2
      vertex -5.06929 7.13069 2
    endloop
  endfacet
  facet normal -0 0 1
    outer loop
      vertex -5.68194 7.92144 2
      vertex -5.06929 7.13069 2
      vertex -5.52454 8.04409 2
    endloop
  endfacet
  facet normal -0 0 1
    outer loop
      vertex -5.83438 7.79268 2
      vertex -5.06929 7.13069 2
      vertex -5.68194 7.92144 2
    endloop
  endfacet
  facet normal 0 0 1
    outer loop
      vertex -5.06929 7.13069 2
      vertex -5.83438 7.79268 2
      vertex -5.21981 7.00085 2
    endloop
  endfacet
  facet normal -0 0 1
    outer loop
      vertex -5.98162 7.65798 2
      vertex -5.21981 7.00085 2
      vertex -5.83438 7.79268 2
    endloop
  endfacet
  facet normal 0 0 1
    outer loop
      vertex -5.21981 7.00085 2
      vertex -5.98162 7.65798 2
      vertex -5.36378 6.86378 2
    endloop
  endfacet
  facet normal -0 0 1
    outer loop
      vertex -6.12341 7.51758 2
      vertex -5.36378 6.86378 2
      vertex -5.98162 7.65798 2
    endloop
  endfacet
  facet normal 0 0 1
    outer loop
      vertex -5.36378 6.86378 2
      vertex -6.12341 7.51758 2
      vertex -5.50085 6.71981 2
    endloop
  endfacet
  facet normal -0 0 1
    outer loop
      vertex -6.25955 7.37169 2
      vertex -5.50085 6.71981 2
      vertex -6.12341 7.51758 2
    endloop
  endfacet
  facet normal 0 0 1
    outer loop
      vertex -5.50085 6.71981 2
      vertex -6.25955 7.37169 2
      vertex -5.63069 6.56929 2
    endloop
  endfacet
  facet normal -0 0 1
    outer loop
      vertex -6.38982 7.22053 2
      vertex -5.63069 6.56929 2
      vertex -6.25955 7.37169 2
    endloop
  endfacet
  facet normal -0 0 1
    outer loop
      vertex -6.51401 7.06434 2
      vertex -5.63069 6.56929 2
      vertex -6.38982 7.22053 2
    endloop
  endfacet
  facet normal 0 0 1
    outer loop
      vertex -5.63069 6.56929 2
      vertex -6.51401 7.06434 2
      vertex -5.75299 6.41258 2
    endloop
  endfacet
  facet normal -0 0 1
    outer loop
      vertex -6.63194 6.90337 2
      vertex -5.75299 6.41258 2
      vertex -6.51401 7.06434 2
    endloop
  endfacet
  facet normal 0 0 1
    outer loop
      vertex -5.75299 6.41258 2
      vertex -6.63194 6.90337 2
      vertex -5.86745 6.25006 2
    endloop
  endfacet
  facet normal -0 0 1
    outer loop
      vertex -6.74342 6.73786 2
      vertex -5.86745 6.25006 2
      vertex -6.63194 6.90337 2
    endloop
  endfacet
  facet normal 0 0 1
    outer loop
      vertex -5.86745 6.25006 2
      vertex -6.74342 6.73786 2
      vertex -5.9738 6.08212 2
    endloop
  endfacet
  facet normal -0 0 1
    outer loop
      vertex -6.84827 6.56808 2
      vertex -5.9738 6.08212 2
      vertex -6.74342 6.73786 2
    endloop
  endfacet
  facet normal 0 0 1
    outer loop
      vertex -5.9738 6.08212 2
      vertex -6.84827 6.56808 2
      vertex -6.07178 5.90916 2
    endloop
  endfacet
  facet normal -0 0 1
    outer loop
      vertex -6.94633 6.39429 2
      vertex -6.07178 5.90916 2
      vertex -6.84827 6.56808 2
    endloop
  endfacet
  facet normal -0 0 1
    outer loop
      vertex -7.03745 6.21676 2
      vertex -6.07178 5.90916 2
      vertex -6.94633 6.39429 2
    endloop
  endfacet
  facet normal 0 0 1
    outer loop
      vertex -6.07178 5.90916 2
      vertex -7.03745 6.21676 2
      vertex -6.16116 5.7316 2
    endloop
  endfacet
  facet normal -0 0 1
    outer loop
      vertex -7.12148 6.03577 2
      vertex -6.16116 5.7316 2
      vertex -7.03745 6.21676 2
    endloop
  endfacet
  facet normal 0 0 1
    outer loop
      vertex -6.16116 5.7316 2
      vertex -7.12148 6.03577 2
      vertex -6.24171 5.54987 2
    endloop
  endfacet
  facet normal -0 0 1
    outer loop
      vertex -7.1983 5.8516 2
      vertex -6.24171 5.54987 2
      vertex -7.12148 6.03577 2
    endloop
  endfacet
  facet normal 0 0 1
    outer loop
      vertex -6.24171 5.54987 2
      vertex -7.1983 5.8516 2
      vertex -6.31325 5.3644 2
    endloop
  endfacet
  facet normal -0 0 1
    outer loop
      vertex -7.26779 5.66455 2
      vertex -6.31325 5.3644 2
      vertex -7.1983 5.8516 2
    endloop
  endfacet
  facet normal -0 0 1
    outer loop
      vertex 1.24171 2.45013 2
      vertex 2.23397 2.24158 2
      vertex 1.31325 2.6356 2
    endloop
  endfacet
  facet normal 0 0 1
    outer loop
      vertex 2.23397 2.24158 2
      vertex 1.24171 2.45013 2
      vertex 2.1608 2.05593 2
    endloop
  endfacet
  facet normal 0 0 1
    outer loop
      vertex 2.1608 2.05593 2
      vertex 1.24171 2.45013 2
      vertex 2.08036 1.87332 2
    endloop
  endfacet
  facet normal -0 0 1
    outer loop
      vertex 1.16116 2.2684 2
      vertex 2.08036 1.87332 2
      vertex 1.24171 2.45013 2
    endloop
  endfacet
  facet normal 0 0 1
    outer loop
      vertex 2.08036 1.87332 2
      vertex 1.16116 2.2684 2
      vertex 1.99277 1.69402 2
    endloop
  endfacet
  facet normal -0 0 1
    outer loop
      vertex 1.07178 2.09084 2
      vertex 1.99277 1.69402 2
      vertex 1.16116 2.2684 2
    endloop
  endfacet
  facet normal 0 0 1
    outer loop
      vertex 1.99277 1.69402 2
      vertex 1.07178 2.09084 2
      vertex 1.89816 1.51833 2
    endloop
  endfacet
  facet normal -0 0 1
    outer loop
      vertex 0.973801 1.91788 2
      vertex 1.89816 1.51833 2
      vertex 1.07178 2.09084 2
    endloop
  endfacet
  facet normal 0 0 1
    outer loop
      vertex 1.89816 1.51833 2
      vertex 0.973801 1.91788 2
      vertex 1.79668 1.34651 2
    endloop
  endfacet
  facet normal -0 0 1
    outer loop
      vertex 0.867452 1.74994 2
      vertex 1.79668 1.34651 2
      vertex 0.973801 1.91788 2
    endloop
  endfacet
  facet normal 0 0 1
    outer loop
      vertex 1.79668 1.34651 2
      vertex 0.867452 1.74994 2
      vertex 1.6885 1.17883 2
    endloop
  endfacet
  facet normal 0 0 1
    outer loop
      vertex 1.6885 1.17883 2
      vertex 0.867452 1.74994 2
      vertex 1.57377 1.01556 2
    endloop
  endfacet
  facet normal -0 0 1
    outer loop
      vertex 0.75299 1.58742 2
      vertex 1.57377 1.01556 2
      vertex 0.867452 1.74994 2
    endloop
  endfacet
  facet normal 0 0 1
    outer loop
      vertex 1.57377 1.01556 2
      vertex 0.75299 1.58742 2
      vertex 1.45269 0.856952 2
    endloop
  endfacet
  facet normal -0 0 1
    outer loop
      vertex 0.630692 1.43071 2
      vertex 1.45269 0.856952 2
      vertex 0.75299 1.58742 2
    endloop
  endfacet
  facet normal 0 0 1
    outer loop
      vertex 1.45269 0.856952 2
      vertex 0.630692 1.43071 2
      vertex 1.32543 0.703248 2
    endloop
  endfacet
  facet normal -0 0 1
    outer loop
      vertex 0.500852 1.28019 2
      vertex 1.32543 0.703248 2
      vertex 0.630692 1.43071 2
    endloop
  endfacet
  facet normal 0 0 1
    outer loop
      vertex 1.32543 0.703248 2
      vertex 0.500852 1.28019 2
      vertex 1.1922 0.554691 2
    endloop
  endfacet
  facet normal -0 0 1
    outer loop
      vertex 0.363782 1.13622 2
      vertex 1.1922 0.554691 2
      vertex 0.500852 1.28019 2
    endloop
  endfacet
  facet normal 0 0 1
    outer loop
      vertex 1.1922 0.554691 2
      vertex 0.363782 1.13622 2
      vertex 1.05321 0.411515 2
    endloop
  endfacet
  facet normal 0 0 1
    outer loop
      vertex 1.05321 0.411515 2
      vertex 0.363782 1.13622 2
      vertex 0.908664 0.273941 2
    endloop
  endfacet
  facet normal -0 0 1
    outer loop
      vertex 0.219813 0.999147 2
      vertex 0.908664 0.273941 2
      vertex 0.363782 1.13622 2
    endloop
  endfacet
  facet normal 0 0 1
    outer loop
      vertex 0.908664 0.273941 2
      vertex 0.219813 0.999147 2
      vertex 0.758799 0.142185 2
    endloop
  endfacet
  facet normal -0 0 1
    outer loop
      vertex 0.0692921 0.869308 2
      vertex 0.758799 0.142185 2
      vertex 0.219813 0.999147 2
    endloop
  endfacet
  facet normal 0 0 1
    outer loop
      vertex 0.758799 0.142185 2
      vertex 0.0692921 0.869308 2
      vertex 0.603846 0.0164537 2
    endloop
  endfacet
  facet normal -0 0 1
    outer loop
      vertex -0.0874176 0.747009 2
      vertex 0.603846 0.0164537 2
      vertex 0.0692921 0.869308 2
    endloop
  endfacet
  facet normal 0 0 1
    outer loop
      vertex 0.603846 0.0164537 2
      vertex -0.0874176 0.747009 2
      vertex 0.444046 -0.103058 2
    endloop
  endfacet
  facet normal -0 0 1
    outer loop
      vertex -0.24994 0.632547 2
      vertex 0.444046 -0.103058 2
      vertex -0.0874176 0.747009 2
    endloop
  endfacet
  facet normal 0 0 1
    outer loop
      vertex 0.444046 -0.103058 2
      vertex -0.24994 0.632547 2
      vertex 0.27965 -0.216165 2
    endloop
  endfacet
  facet normal -0 0 1
    outer loop
      vertex -0.417884 0.526198 2
      vertex 0.27965 -0.216165 2
      vertex -0.24994 0.632547 2
    endloop
  endfacet
  facet normal 0 0 1
    outer loop
      vertex 0.27965 -0.216165 2
      vertex -0.417884 0.526198 2
      vertex 0.110913 -0.322687 2
    endloop
  endfacet
  facet normal 0 0 1
    outer loop
      vertex 0.110913 -0.322687 2
      vertex -0.417884 0.526198 2
      vertex -0.0618992 -0.422461 2
    endloop
  endfacet
  facet normal -0 0 1
    outer loop
      vertex -0.590843 0.428219 2
      vertex -0.0618992 -0.422461 2
      vertex -0.417884 0.526198 2
    endloop
  endfacet
  facet normal 0 0 1
    outer loop
      vertex -0.0618992 -0.422461 2
      vertex -0.590843 0.428219 2
      vertex -0.238519 -0.515329 2
    endloop
  endfacet
  facet normal -0 0 1
    outer loop
      vertex -0.768401 0.338843 2
      vertex -0.238519 -0.515329 2
      vertex -0.590843 0.428219 2
    endloop
  endfacet
  facet normal 0 0 1
    outer loop
      vertex -0.238519 -0.515329 2
      vertex -0.768401 0.338843 2
      vertex -0.41867 -0.601148 2
    endloop
  endfacet
  facet normal -0 0 1
    outer loop
      vertex -0.950131 0.258287 2
      vertex -0.41867 -0.601148 2
      vertex -0.768401 0.338843 2
    endloop
  endfacet
  facet normal 0 0 1
    outer loop
      vertex -0.41867 -0.601148 2
      vertex -0.950131 0.258287 2
      vertex -0.60207 -0.679782 2
    endloop
  endfacet
  facet normal -0 0 1
    outer loop
      vertex -1.1356 0.186746 2
      vertex -0.60207 -0.679782 2
      vertex -0.950131 0.258287 2
    endloop
  endfacet
  facet normal 0 0 1
    outer loop
      vertex -0.60207 -0.679782 2
      vertex -1.1356 0.186746 2
      vertex -0.788434 -0.751109 2
    endloop
  endfacet
  facet normal 0 0 1
    outer loop
      vertex -0.788434 -0.751109 2
      vertex -1.1356 0.186746 2
      vertex -0.97747 -0.815019 2
    endloop
  endfacet
  facet normal -0 0 1
    outer loop
      vertex -1.32435 0.124392 2
      vertex -0.97747 -0.815019 2
      vertex -1.1356 0.186746 2
    endloop
  endfacet
  facet normal 0 0 1
    outer loop
      vertex -0.97747 -0.815019 2
      vertex -1.32435 0.124392 2
      vertex -1.16888 -0.871409 2
    endloop
  endfacet
  facet normal -0 0 1
    outer loop
      vertex -1.51593 0.071373 2
      vertex -1.16888 -0.871409 2
      vertex -1.32435 0.124392 2
    endloop
  endfacet
  facet normal 0 0 1
    outer loop
      vertex -1.16888 -0.871409 2
      vertex -1.51593 0.071373 2
      vertex -1.36238 -0.920194 2
    endloop
  endfacet
  facet normal -0 0 1
    outer loop
      vertex -1.70988 0.0278187 2
      vertex -1.36238 -0.920194 2
      vertex -1.51593 0.071373 2
    endloop
  endfacet
  facet normal 0 0 1
    outer loop
      vertex -1.36238 -0.920194 2
      vertex -1.70988 0.0278187 2
      vertex -1.55764 -0.961296 2
    endloop
  endfacet
  facet normal -0 0 1
    outer loop
      vertex -1.90574 -0.00616455 2
      vertex -1.55764 -0.961296 2
      vertex -1.70988 0.0278187 2
    endloop
  endfacet
  facet normal 0 0 1
    outer loop
      vertex -1.55764 -0.961296 2
      vertex -1.90574 -0.00616455 2
      vertex -1.75438 -0.994653 2
    endloop
  endfacet
  facet normal 0 0 1
    outer loop
      vertex -1.90574 -0.00616455 2
      vertex -1.95229 -1.02021 2
      vertex -1.75438 -0.994653 2
    endloop
  endfacet
  facet normal -0 0 1
    outer loop
      vertex -2.10303 -0.0304976 2
      vertex -1.95229 -1.02021 2
      vertex -1.90574 -0.00616455 2
    endloop
  endfacet
  facet normal 0 0 1
    outer loop
      vertex -2.10303 -0.0304976 2
      vertex -2.15105 -1.03793 2
      vertex -1.95229 -1.02021 2
    endloop
  endfacet
  facet normal -0 0 1
    outer loop
      vertex -2.30128 -0.0451212 2
      vertex -2.15105 -1.03793 2
      vertex -2.10303 -0.0304976 2
    endloop
  endfacet
  facet normal 0 0 1
    outer loop
      vertex -2.30128 -0.0451212 2
      vertex -2.35035 -1.04778 2
      vertex -2.15105 -1.03793 2
    endloop
  endfacet
  facet normal -0 0 1
    outer loop
      vertex -2.5 -0.0499992 2
      vertex -2.35035 -1.04778 2
      vertex -2.30128 -0.0451212 2
    endloop
  endfacet
  facet normal 0 0 1
    outer loop
      vertex -2.5 -0.0499992 2
      vertex -2.54989 -1.04975 2
      vertex -2.35035 -1.04778 2
    endloop
  endfacet
  facet normal 0 0 1
    outer loop
      vertex -2.69872 -0.0451212 2
      vertex -2.54989 -1.04975 2
      vertex -2.5 -0.0499992 2
    endloop
  endfacet
  facet normal 0 0 1
    outer loop
      vertex -2.69872 -0.0451212 2
      vertex -2.74935 -1.04384 2
      vertex -2.54989 -1.04975 2
    endloop
  endfacet
  facet normal 0 0 1
    outer loop
      vertex -2.94842 -1.03005 2
      vertex -2.69872 -0.0451212 2
      vertex -2.89697 -0.0304976 2
    endloop
  endfacet
  facet normal 0 0 1
    outer loop
      vertex -2.69872 -0.0451212 2
      vertex -2.94842 -1.03005 2
      vertex -2.74935 -1.04384 2
    endloop
  endfacet
  facet normal 0 0 1
    outer loop
      vertex -3.14679 -1.00841 2
      vertex -2.89697 -0.0304976 2
      vertex -3.09426 -0.00616455 2
    endloop
  endfacet
  facet normal 0 0 1
    outer loop
      vertex -2.89697 -0.0304976 2
      vertex -3.14679 -1.00841 2
      vertex -2.94842 -1.03005 2
    endloop
  endfacet
  facet normal 0 0 1
    outer loop
      vertex -3.34415 -0.978947 2
      vertex -3.09426 -0.00616455 2
      vertex -3.29012 0.0278187 2
    endloop
  endfacet
  facet normal 0 0 1
    outer loop
      vertex -3.09426 -0.00616455 2
      vertex -3.34415 -0.978947 2
      vertex -3.14679 -1.00841 2
    endloop
  endfacet
  facet normal 0 0 1
    outer loop
      vertex -3.54019 -0.94171 2
      vertex -3.29012 0.0278187 2
      vertex -3.48407 0.071373 2
    endloop
  endfacet
  facet normal 0 0 1
    outer loop
      vertex -3.29012 0.0278187 2
      vertex -3.54019 -0.94171 2
      vertex -3.34415 -0.978947 2
    endloop
  endfacet
  facet normal 0 0 1
    outer loop
      vertex -3.9271 -0.844159 2
      vertex -3.48407 0.071373 2
      vertex -3.67565 0.124392 2
    endloop
  endfacet
  facet normal 0 0 1
    outer loop
      vertex -3.48407 0.071373 2
      vertex -3.73461 -0.896757 2
      vertex -3.54019 -0.94171 2
    endloop
  endfacet
  facet normal 0 0 1
    outer loop
      vertex -4.11736 -0.783998 2
      vertex -3.67565 0.124392 2
      vertex -3.8644 0.186746 2
    endloop
  endfacet
  facet normal 0 0 1
    outer loop
      vertex -3.48407 0.071373 2
      vertex -3.9271 -0.844159 2
      vertex -3.73461 -0.896757 2
    endloop
  endfacet
  facet normal 0 0 1
    outer loop
      vertex -4.3051 -0.716366 2
      vertex -3.8644 0.186746 2
      vertex -4.04987 0.258287 2
    endloop
  endfacet
  facet normal 0 0 1
    outer loop
      vertex -3.67565 0.124392 2
      vertex -4.11736 -0.783998 2
      vertex -3.9271 -0.844159 2
    endloop
  endfacet
  facet normal 0 0 1
    outer loop
      vertex -4.49002 -0.641371 2
      vertex -4.04987 0.258287 2
      vertex -4.2316 0.338843 2
    endloop
  endfacet
  facet normal 0 0 1
    outer loop
      vertex -3.8644 0.186746 2
      vertex -4.3051 -0.716366 2
      vertex -4.11736 -0.783998 2
    endloop
  endfacet
  facet normal 0 0 1
    outer loop
      vertex -4.85025 -0.469768 2
      vertex -4.2316 0.338843 2
      vertex -4.40916 0.428219 2
    endloop
  endfacet
  facet normal 0 0 1
    outer loop
      vertex -4.04987 0.258287 2
      vertex -4.49002 -0.641371 2
      vertex -4.3051 -0.716366 2
    endloop
  endfacet
  facet normal 0 0 1
    outer loop
      vertex -5.025 -0.373427 2
      vertex -4.40916 0.428219 2
      vertex -4.58212 0.526198 2
    endloop
  endfacet
  facet normal 0 0 1
    outer loop
      vertex -4.2316 0.338843 2
      vertex -4.67183 -0.559129 2
      vertex -4.49002 -0.641371 2
    endloop
  endfacet
  facet normal 0 0 1
    outer loop
      vertex -5.19581 -0.270259 2
      vertex -4.58212 0.526198 2
      vertex -4.75006 0.632547 2
    endloop
  endfacet
  facet normal 0 0 1
    outer loop
      vertex -4.2316 0.338843 2
      vertex -4.85025 -0.469768 2
      vertex -4.67183 -0.559129 2
    endloop
  endfacet
  facet normal 0 0 1
    outer loop
      vertex -5.36241 -0.160423 2
      vertex -4.75006 0.632547 2
      vertex -4.91258 0.747009 2
    endloop
  endfacet
  facet normal 0 0 1
    outer loop
      vertex -4.40916 0.428219 2
      vertex -5.025 -0.373427 2
      vertex -4.85025 -0.469768 2
    endloop
  endfacet
  facet normal 0 0 1
    outer loop
      vertex -5.52454 -0.0440912 2
      vertex -4.91258 0.747009 2
      vertex -5.06929 0.869308 2
    endloop
  endfacet
  facet normal 0 0 1
    outer loop
      vertex -4.58212 0.526198 2
      vertex -5.19581 -0.270259 2
      vertex -5.025 -0.373427 2
    endloop
  endfacet
  facet normal 0 0 1
    outer loop
      vertex -5.83438 0.207323 2
      vertex -5.06929 0.869308 2
      vertex -5.21981 0.999147 2
    endloop
  endfacet
  facet normal 0 0 1
    outer loop
      vertex -4.75006 0.632547 2
      vertex -5.36241 -0.160423 2
      vertex -5.19581 -0.270259 2
    endloop
  endfacet
  facet normal 0 0 1
    outer loop
      vertex -5.98162 0.342014 2
      vertex -5.21981 0.999147 2
      vertex -5.36378 1.13622 2
    endloop
  endfacet
  facet normal 0 0 1
    outer loop
      vertex -6.12341 0.482417 2
      vertex -5.36378 1.13622 2
      vertex -5.50085 1.28019 2
    endloop
  endfacet
  facet normal 0 0 1
    outer loop
      vertex -4.91258 0.747009 2
      vertex -5.52454 -0.0440912 2
      vertex -5.36241 -0.160423 2
    endloop
  endfacet
  facet normal 0 0 1
    outer loop
      vertex -6.25955 0.628312 2
      vertex -5.50085 1.28019 2
      vertex -5.63069 1.43071 2
    endloop
  endfacet
  facet normal 0 0 1
    outer loop
      vertex -5.06929 0.869308 2
      vertex -5.68194 0.0785542 2
      vertex -5.52454 -0.0440912 2
    endloop
  endfacet
  facet normal 0 0 1
    outer loop
      vertex -6.51401 0.935658 2
      vertex -5.63069 1.43071 2
      vertex -5.75299 1.58742 2
    endloop
  endfacet
  facet normal 0 0 1
    outer loop
      vertex -5.06929 0.869308 2
      vertex -5.83438 0.207323 2
      vertex -5.68194 0.0785542 2
    endloop
  endfacet
  facet normal 0 0 1
    outer loop
      vertex -6.63194 1.09663 2
      vertex -5.75299 1.58742 2
      vertex -5.86745 1.74994 2
    endloop
  endfacet
  facet normal 0 0 1
    outer loop
      vertex -6.74342 1.26214 2
      vertex -5.86745 1.74994 2
      vertex -5.9738 1.91788 2
    endloop
  endfacet
  facet normal 0 0 1
    outer loop
      vertex -5.21981 0.999147 2
      vertex -5.98162 0.342014 2
      vertex -5.83438 0.207323 2
    endloop
  endfacet
  facet normal 0 0 1
    outer loop
      vertex -6.84827 1.43192 2
      vertex -5.9738 1.91788 2
      vertex -6.07178 2.09084 2
    endloop
  endfacet
  facet normal 0 0 1
    outer loop
      vertex -5.36378 1.13622 2
      vertex -6.12341 0.482417 2
      vertex -5.98162 0.342014 2
    endloop
  endfacet
  facet normal 0 0 1
    outer loop
      vertex -7.03745 1.78324 2
      vertex -6.07178 2.09084 2
      vertex -6.16116 2.2684 2
    endloop
  endfacet
  facet normal 0 0 1
    outer loop
      vertex -7.12148 1.96423 2
      vertex -6.16116 2.2684 2
      vertex -6.24171 2.45013 2
    endloop
  endfacet
  facet normal 0 0 1
    outer loop
      vertex -5.50085 1.28019 2
      vertex -6.25955 0.628312 2
      vertex -6.12341 0.482417 2
    endloop
  endfacet
  facet normal 0 0 1
    outer loop
      vertex -7.1983 2.14839 2
      vertex -6.24171 2.45013 2
      vertex -6.31325 2.6356 2
    endloop
  endfacet
  facet normal 0 0 1
    outer loop
      vertex -7.26779 2.33545 2
      vertex -6.31325 2.6356 2
      vertex -6.37561 2.82435 2
    endloop
  endfacet
  facet normal 0 0 1
    outer loop
      vertex -5.63069 1.43071 2
      vertex -6.38982 0.779471 2
      vertex -6.25955 0.628312 2
    endloop
  endfacet
  facet normal 0 0 1
    outer loop
      vertex -7.38432 2.71707 2
      vertex -6.37561 2.82435 2
      vertex -6.42863 3.01593 2
    endloop
  endfacet
  facet normal 0 0 1
    outer loop
      vertex -7.43119 2.91104 2
      vertex -6.42863 3.01593 2
      vertex -6.47218 3.20988 2
    endloop
  endfacet
  facet normal 0 0 1
    outer loop
      vertex -7.47036 3.1067 2
      vertex -6.47218 3.20988 2
      vertex -6.50616 3.40574 2
    endloop
  endfacet
  facet normal 0 0 1
    outer loop
      vertex -5.63069 1.43071 2
      vertex -6.51401 0.935658 2
      vertex -6.38982 0.779471 2
    endloop
  endfacet
  facet normal 0 0 1
    outer loop
      vertex -7.50177 3.30376 2
      vertex -6.50616 3.40574 2
      vertex -6.5305 3.60303 2
    endloop
  endfacet
  facet normal -0 0 1
    outer loop
      vertex -7.54113 3.70083 2
      vertex -6.5305 3.60303 2
      vertex -6.54512 3.80128 2
    endloop
  endfacet
  facet normal -0 0 1
    outer loop
      vertex -7.54901 3.90023 2
      vertex -6.54512 3.80128 2
      vertex -6.55 4 2
    endloop
  endfacet
  facet normal 0 0 1
    outer loop
      vertex -6.31325 5.3644 2
      vertex -7.26779 5.66455 2
      vertex -6.37561 5.17565 2
    endloop
  endfacet
  facet normal 0 0 1
    outer loop
      vertex -5.75299 1.58742 2
      vertex -6.63194 1.09663 2
      vertex -6.51401 0.935658 2
    endloop
  endfacet
  facet normal -0 0 1
    outer loop
      vertex -7.32982 5.47489 2
      vertex -6.37561 5.17565 2
      vertex -7.26779 5.66455 2
    endloop
  endfacet
  facet normal 0 0 1
    outer loop
      vertex -5.86745 1.74994 2
      vertex -6.74342 1.26214 2
      vertex -6.63194 1.09663 2
    endloop
  endfacet
  facet normal -0 0 1
    outer loop
      vertex -7.38432 5.28292 2
      vertex -6.37561 5.17565 2
      vertex -7.32982 5.47489 2
    endloop
  endfacet
  facet normal 0 0 1
    outer loop
      vertex -5.9738 1.91788 2
      vertex -6.84827 1.43192 2
      vertex -6.74342 1.26214 2
    endloop
  endfacet
  facet normal 0 0 1
    outer loop
      vertex -6.37561 5.17565 2
      vertex -7.38432 5.28292 2
      vertex -6.42863 4.98407 2
    endloop
  endfacet
  facet normal 0 0 1
    outer loop
      vertex -6.07178 2.09084 2
      vertex -6.94633 1.60571 2
      vertex -6.84827 1.43192 2
    endloop
  endfacet
  facet normal -0 0 1
    outer loop
      vertex -7.43119 5.08896 2
      vertex -6.42863 4.98407 2
      vertex -7.38432 5.28292 2
    endloop
  endfacet
  facet normal 0 0 1
    outer loop
      vertex -6.07178 2.09084 2
      vertex -7.03745 1.78324 2
      vertex -6.94633 1.60571 2
    endloop
  endfacet
  facet normal 0 0 1
    outer loop
      vertex -6.42863 4.98407 2
      vertex -7.43119 5.08896 2
      vertex -6.47218 4.79012 2
    endloop
  endfacet
  facet normal 0 0 1
    outer loop
      vertex -6.16116 2.2684 2
      vertex -7.12148 1.96423 2
      vertex -7.03745 1.78324 2
    endloop
  endfacet
  facet normal -0 0 1
    outer loop
      vertex -7.47036 4.8933 2
      vertex -6.47218 4.79012 2
      vertex -7.43119 5.08896 2
    endloop
  endfacet
  facet normal 0 0 1
    outer loop
      vertex -6.24171 2.45013 2
      vertex -7.1983 2.14839 2
      vertex -7.12148 1.96423 2
    endloop
  endfacet
  facet normal 0 0 1
    outer loop
      vertex -6.47218 4.79012 2
      vertex -7.47036 4.8933 2
      vertex -6.50616 4.59426 2
    endloop
  endfacet
  facet normal 0 0 1
    outer loop
      vertex -6.31325 2.6356 2
      vertex -7.26779 2.33545 2
      vertex -7.1983 2.14839 2
    endloop
  endfacet
  facet normal -0 0 1
    outer loop
      vertex -7.50177 4.69624 2
      vertex -6.50616 4.59426 2
      vertex -7.47036 4.8933 2
    endloop
  endfacet
  facet normal 0 0 1
    outer loop
      vertex -6.37561 2.82435 2
      vertex -7.32982 2.52511 2
      vertex -7.26779 2.33545 2
    endloop
  endfacet
  facet normal 0 0 1
    outer loop
      vertex -6.50616 4.59426 2
      vertex -7.50177 4.69624 2
      vertex -6.5305 4.39697 2
    endloop
  endfacet
  facet normal 0 0 1
    outer loop
      vertex -6.37561 2.82435 2
      vertex -7.38432 2.71707 2
      vertex -7.32982 2.52511 2
    endloop
  endfacet
  facet normal -0 0 1
    outer loop
      vertex -7.52538 4.49809 2
      vertex -6.5305 4.39697 2
      vertex -7.50177 4.69624 2
    endloop
  endfacet
  facet normal 0 0 1
    outer loop
      vertex -6.42863 3.01593 2
      vertex -7.43119 2.91104 2
      vertex -7.38432 2.71707 2
    endloop
  endfacet
  facet normal 0 0 1
    outer loop
      vertex -7.54113 4.29916 2
      vertex -6.5305 4.39697 2
      vertex -7.52538 4.49809 2
    endloop
  endfacet
  facet normal 0 0 1
    outer loop
      vertex -6.47218 3.20988 2
      vertex -7.47036 3.1067 2
      vertex -7.43119 2.91104 2
    endloop
  endfacet
  facet normal 0 0 1
    outer loop
      vertex -6.5305 4.39697 2
      vertex -7.54113 4.29916 2
      vertex -6.54512 4.19872 2
    endloop
  endfacet
  facet normal 0 0 1
    outer loop
      vertex -6.50616 3.40574 2
      vertex -7.50177 3.30376 2
      vertex -7.47036 3.1067 2
    endloop
  endfacet
  facet normal 0 0 1
    outer loop
      vertex -7.54901 4.09977 2
      vertex -6.54512 4.19872 2
      vertex -7.54113 4.29916 2
    endloop
  endfacet
  facet normal 0 0 1
    outer loop
      vertex -6.5305 3.60303 2
      vertex -7.52538 3.50191 2
      vertex -7.50177 3.30376 2
    endloop
  endfacet
  facet normal 0 0 1
    outer loop
      vertex -6.54512 4.19872 2
      vertex -7.54901 4.09977 2
      vertex -6.55 4 2
    endloop
  endfacet
  facet normal 0 0 1
    outer loop
      vertex -6.5305 3.60303 2
      vertex -7.54113 3.70083 2
      vertex -7.52538 3.50191 2
    endloop
  endfacet
  facet normal 0 0 1
    outer loop
      vertex -7.54901 3.90023 2
      vertex -6.55 4 2
      vertex -7.54901 4.09977 2
    endloop
  endfacet
  facet normal 0 0 1
    outer loop
      vertex -6.54512 3.80128 2
      vertex -7.54901 3.90023 2
      vertex -7.54113 3.70083 2
    endloop
  endfacet
  facet normal 0.645277 -0.763949 0
    outer loop
      vertex -5.83438 7.79268 2
      vertex -5.68194 7.92144 19
      vertex -5.83438 7.79268 19
    endloop
  endfacet
  facet normal 0.645277 -0.763949 0
    outer loop
      vertex -5.68194 7.92144 19
      vertex -5.83438 7.79268 2
      vertex -5.68194 7.92144 2
    endloop
  endfacet
  facet normal 0.225273 0.974296 -0
    outer loop
      vertex -3.54019 -0.94171 2
      vertex -3.73461 -0.896757 19
      vertex -3.54019 -0.94171 19
    endloop
  endfacet
  facet normal 0.225273 0.974296 0
    outer loop
      vertex -3.73461 -0.896757 19
      vertex -3.54019 -0.94171 2
      vertex -3.73461 -0.896757 2
    endloop
  endfacet
  facet normal -0.206023 -0.978547 0
    outer loop
      vertex -1.55764 8.9613 2
      vertex -1.36238 8.92019 19
      vertex -1.55764 8.9613 19
    endloop
  endfacet
  facet normal -0.206023 -0.978547 -0
    outer loop
      vertex -1.36238 8.92019 19
      vertex -1.55764 8.9613 2
      vertex -1.36238 8.92019 2
    endloop
  endfacet
  facet normal 0.447815 -0.894126 0
    outer loop
      vertex -4.85025 8.46977 2
      vertex -4.67183 8.55913 19
      vertex -4.85025 8.46977 19
    endloop
  endfacet
  facet normal 0.447815 -0.894126 0
    outer loop
      vertex -4.67183 8.55913 19
      vertex -4.85025 8.46977 2
      vertex -4.67183 8.55913 2
    endloop
  endfacet
  facet normal 0.907011 0.421107 0
    outer loop
      vertex -7.03745 1.78324 19
      vertex -7.12148 1.96423 2
      vertex -7.12148 1.96423 19
    endloop
  endfacet
  facet normal 0.907011 0.421107 0
    outer loop
      vertex -7.12148 1.96423 2
      vertex -7.03745 1.78324 19
      vertex -7.03745 1.78324 2
    endloop
  endfacet
  facet normal 0.889657 0.45663 0
    outer loop
      vertex -6.94633 1.60571 19
      vertex -7.03745 1.78324 2
      vertex -7.03745 1.78324 19
    endloop
  endfacet
  facet normal 0.889657 0.45663 0
    outer loop
      vertex -7.03745 1.78324 2
      vertex -6.94633 1.60571 19
      vertex -6.94633 1.60571 2
    endloop
  endfacet
  facet normal -0.770247 -0.637746 0
    outer loop
      vertex 1.45269 7.14305 2
      vertex 1.32543 7.29675 19
      vertex 1.32543 7.29675 2
    endloop
  endfacet
  facet normal -0.770247 -0.637746 0
    outer loop
      vertex 1.32543 7.29675 19
      vertex 1.45269 7.14305 2
      vertex 1.45269 7.14305 19
    endloop
  endfacet
  facet normal 0.375823 0.926691 -0
    outer loop
      vertex -4.3051 -0.716366 2
      vertex -4.49002 -0.641371 19
      vertex -4.3051 -0.716366 19
    endloop
  endfacet
  facet normal 0.375823 0.926691 0
    outer loop
      vertex -4.49002 -0.641371 19
      vertex -4.3051 -0.716366 2
      vertex -4.49002 -0.641371 2
    endloop
  endfacet
  facet normal 0.96198 0.273119 0
    outer loop
      vertex -7.32982 2.52511 22
      vertex -7.38432 2.71707 2
      vertex -7.38432 2.71707 22
    endloop
  endfacet
  facet normal 0.96198 0.273119 0
    outer loop
      vertex -7.38432 2.71707 2
      vertex -7.32982 2.52511 22
      vertex -7.32982 2.52511 2
    endloop
  endfacet
  facet normal -0.915146 0.403123 0
    outer loop
      vertex 2.08036 1.87332 2
      vertex 2.1608 2.05593 19
      vertex 2.1608 2.05593 2
    endloop
  endfacet
  facet normal -0.915146 0.403123 0
    outer loop
      vertex 2.1608 2.05593 19
      vertex 2.08036 1.87332 2
      vertex 2.08036 1.87332 19
    endloop
  endfacet
  facet normal 0.614637 0.78881 -0
    outer loop
      vertex -5.52454 -0.0440912 2
      vertex -5.68194 0.0785542 19
      vertex -5.52454 -0.0440912 19
    endloop
  endfacet
  facet normal 0.614637 0.78881 0
    outer loop
      vertex -5.68194 0.0785542 19
      vertex -5.52454 -0.0440912 2
      vertex -5.68194 0.0785542 2
    endloop
  endfacet
  facet normal 0.689538 -0.724249 0
    outer loop
      vertex -5.36378 6.86378 0
      vertex -5.21981 7.00085 2
      vertex -5.36378 6.86378 2
    endloop
  endfacet
  facet normal 0.689538 -0.724249 0
    outer loop
      vertex -5.21981 7.00085 2
      vertex -5.36378 6.86378 0
      vertex -5.21981 7.00085 0
    endloop
  endfacet
  facet normal -0.724249 -0.689538 0
    outer loop
      vertex 0.500852 6.71981 0
      vertex 0.363782 6.86378 2
      vertex 0.363782 6.86378 0
    endloop
  endfacet
  facet normal -0.724249 -0.689538 0
    outer loop
      vertex 0.363782 6.86378 2
      vertex 0.500852 6.71981 0
      vertex 0.500852 6.71981 2
    endloop
  endfacet
  facet normal -0.997292 -0.0735456 0
    outer loop
      vertex 1.54512 4.19872 0
      vertex 1.5305 4.39697 2
      vertex 1.5305 4.39697 0
    endloop
  endfacet
  facet normal -0.997292 -0.0735456 0
    outer loop
      vertex 1.5305 4.39697 2
      vertex 1.54512 4.19872 0
      vertex 1.54512 4.19872 2
    endloop
  endfacet
  facet normal -0.999699 -0.0245498 0
    outer loop
      vertex 1.55 4 0
      vertex 1.54512 4.19872 2
      vertex 1.54512 4.19872 0
    endloop
  endfacet
  facet normal -0.999699 -0.0245498 0
    outer loop
      vertex 1.54512 4.19872 2
      vertex 1.55 4 0
      vertex 1.55 4 2
    endloop
  endfacet
  facet normal -0.992476 -0.122443 0
    outer loop
      vertex 1.5305 4.39697 0
      vertex 1.50616 4.59426 2
      vertex 1.50616 4.59426 0
    endloop
  endfacet
  facet normal -0.992476 -0.122443 0
    outer loop
      vertex 1.50616 4.59426 2
      vertex 1.5305 4.39697 0
      vertex 1.5305 4.39697 2
    endloop
  endfacet
  facet normal 0.405219 -0.91422 0
    outer loop
      vertex -4.2316 7.66116 0
      vertex -4.04987 7.74171 2
      vertex -4.2316 7.66116 2
    endloop
  endfacet
  facet normal 0.405219 -0.91422 0
    outer loop
      vertex -4.04987 7.74171 2
      vertex -4.2316 7.66116 0
      vertex -4.04987 7.74171 0
    endloop
  endfacet
  facet normal 0.844846 -0.535009 0
    outer loop
      vertex -5.9738 6.08212 2
      vertex -5.86745 6.25006 0
      vertex -5.86745 6.25006 2
    endloop
  endfacet
  facet normal 0.844846 -0.535009 0
    outer loop
      vertex -5.86745 6.25006 0
      vertex -5.9738 6.08212 2
      vertex -5.9738 6.08212 0
    endloop
  endfacet
  facet normal -0.122409 0.99248 0
    outer loop
      vertex -1.90574 -0.00616455 0
      vertex -2.10303 -0.0304976 2
      vertex -1.90574 -0.00616455 2
    endloop
  endfacet
  facet normal -0.122409 0.99248 0
    outer loop
      vertex -2.10303 -0.0304976 2
      vertex -1.90574 -0.00616455 0
      vertex -2.10303 -0.0304976 0
    endloop
  endfacet
  facet normal 0.788341 0.615239 0
    outer loop
      vertex -5.63069 1.43071 2
      vertex -5.75299 1.58742 0
      vertex -5.75299 1.58742 2
    endloop
  endfacet
  facet normal 0.788341 0.615239 0
    outer loop
      vertex -5.75299 1.58742 0
      vertex -5.63069 1.43071 2
      vertex -5.63069 1.43071 0
    endloop
  endfacet
  facet normal -0.575804 -0.817588 0
    outer loop
      vertex -0.24994 7.36745 0
      vertex -0.0874176 7.25299 2
      vertex -0.24994 7.36745 2
    endloop
  endfacet
  facet normal -0.575804 -0.817588 -0
    outer loop
      vertex -0.0874176 7.25299 2
      vertex -0.24994 7.36745 0
      vertex -0.0874176 7.25299 0
    endloop
  endfacet
  facet normal -0.870091 -0.492892 0
    outer loop
      vertex 1.07178 5.90916 0
      vertex 0.973801 6.08212 2
      vertex 0.973801 6.08212 0
    endloop
  endfacet
  facet normal -0.870091 -0.492892 0
    outer loop
      vertex 0.973801 6.08212 2
      vertex 1.07178 5.90916 0
      vertex 1.07178 5.90916 2
    endloop
  endfacet
  facet normal -0.844849 0.535005 0
    outer loop
      vertex 0.867452 1.74994 0
      vertex 0.973801 1.91788 2
      vertex 0.973801 1.91788 0
    endloop
  endfacet
  facet normal -0.844849 0.535005 0
    outer loop
      vertex 0.973801 1.91788 2
      vertex 0.867452 1.74994 0
      vertex 0.867452 1.74994 2
    endloop
  endfacet
  facet normal -0.724249 0.689538 0
    outer loop
      vertex 0.363782 1.13622 0
      vertex 0.500852 1.28019 2
      vertex 0.500852 1.28019 0
    endloop
  endfacet
  facet normal -0.724249 0.689538 0
    outer loop
      vertex 0.500852 1.28019 2
      vertex 0.363782 1.13622 0
      vertex 0.363782 1.13622 2
    endloop
  endfacet
  facet normal -0.653172 -0.757209 0
    outer loop
      vertex 0.0692921 7.13069 0
      vertex 0.219813 7.00085 2
      vertex 0.0692921 7.13069 2
    endloop
  endfacet
  facet normal -0.653172 -0.757209 -0
    outer loop
      vertex 0.219813 7.00085 2
      vertex 0.0692921 7.13069 0
      vertex 0.219813 7.00085 0
    endloop
  endfacet
  facet normal 0.615239 -0.788341 0
    outer loop
      vertex -5.06929 7.13069 0
      vertex -4.91258 7.25299 2
      vertex -5.06929 7.13069 2
    endloop
  endfacet
  facet normal 0.615239 -0.788341 0
    outer loop
      vertex -4.91258 7.25299 2
      vertex -5.06929 7.13069 0
      vertex -4.91258 7.25299 0
    endloop
  endfacet
  facet normal -0.975705 -0.219087 0
    outer loop
      vertex 1.47218 4.79012 0
      vertex 1.42863 4.98407 2
      vertex 1.42863 4.98407 0
    endloop
  endfacet
  facet normal -0.975705 -0.219087 0
    outer loop
      vertex 1.42863 4.98407 2
      vertex 1.47218 4.79012 0
      vertex 1.47218 4.79012 2
    endloop
  endfacet
  facet normal -0.999699 0.0245498 0
    outer loop
      vertex 1.54512 3.80128 0
      vertex 1.55 4 2
      vertex 1.55 4 0
    endloop
  endfacet
  facet normal -0.999699 0.0245498 0
    outer loop
      vertex 1.55 4 2
      vertex 1.54512 3.80128 0
      vertex 1.54512 3.80128 2
    endloop
  endfacet
  facet normal -0.266721 0.963774 0
    outer loop
      vertex -1.32435 0.124392 0
      vertex -1.51593 0.071373 2
      vertex -1.32435 0.124392 2
    endloop
  endfacet
  facet normal -0.266721 0.963774 0
    outer loop
      vertex -1.51593 0.071373 2
      vertex -1.32435 0.124392 0
      vertex -1.51593 0.071373 0
    endloop
  endfacet
  facet normal 0.985282 0.170938 0
    outer loop
      vertex -6.47218 3.20988 2
      vertex -6.50616 3.40574 0
      vertex -6.50616 3.40574 2
    endloop
  endfacet
  facet normal 0.985282 0.170938 0
    outer loop
      vertex -6.50616 3.40574 0
      vertex -6.47218 3.20988 2
      vertex -6.47218 3.20988 0
    endloop
  endfacet
  facet normal 0.91422 0.405219 0
    outer loop
      vertex -6.16116 2.2684 2
      vertex -6.24171 2.45013 0
      vertex -6.24171 2.45013 2
    endloop
  endfacet
  facet normal 0.91422 0.405219 0
    outer loop
      vertex -6.24171 2.45013 0
      vertex -6.16116 2.2684 2
      vertex -6.16116 2.2684 0
    endloop
  endfacet
  facet normal -0.893217 0.449627 0
    outer loop
      vertex 1.07178 2.09084 0
      vertex 1.16116 2.2684 2
      vertex 1.16116 2.2684 0
    endloop
  endfacet
  facet normal -0.893217 0.449627 0
    outer loop
      vertex 1.16116 2.2684 2
      vertex 1.07178 2.09084 0
      vertex 1.07178 2.09084 2
    endloop
  endfacet
  facet normal 0.219108 0.975701 -0
    outer loop
      vertex -3.29012 0.0278187 0
      vertex -3.48407 0.071373 2
      vertex -3.29012 0.0278187 2
    endloop
  endfacet
  facet normal 0.219108 0.975701 0
    outer loop
      vertex -3.48407 0.071373 2
      vertex -3.29012 0.0278187 0
      vertex -3.48407 0.071373 0
    endloop
  endfacet
  facet normal 0.0735456 -0.997292 0
    outer loop
      vertex -2.89697 8.0305 0
      vertex -2.69872 8.04512 2
      vertex -2.89697 8.0305 2
    endloop
  endfacet
  facet normal 0.0735456 -0.997292 0
    outer loop
      vertex -2.69872 8.04512 2
      vertex -2.89697 8.0305 0
      vertex -2.69872 8.04512 0
    endloop
  endfacet
  facet normal -0.94952 -0.313706 0
    outer loop
      vertex 1.37561 5.17565 0
      vertex 1.31325 5.3644 2
      vertex 1.31325 5.3644 0
    endloop
  endfacet
  facet normal -0.94952 -0.313706 0
    outer loop
      vertex 1.31325 5.3644 2
      vertex 1.37561 5.17565 0
      vertex 1.37561 5.17565 2
    endloop
  endfacet
  facet normal -0.492898 -0.870087 0
    outer loop
      vertex -0.590843 7.57178 0
      vertex -0.417884 7.4738 2
      vertex -0.590843 7.57178 2
    endloop
  endfacet
  facet normal -0.492898 -0.870087 -0
    outer loop
      vertex -0.417884 7.4738 2
      vertex -0.590843 7.57178 0
      vertex -0.417884 7.4738 0
    endloop
  endfacet
  facet normal -0.870091 0.492892 0
    outer loop
      vertex 0.973801 1.91788 0
      vertex 1.07178 2.09084 2
      vertex 1.07178 2.09084 0
    endloop
  endfacet
  facet normal -0.870091 0.492892 0
    outer loop
      vertex 1.07178 2.09084 2
      vertex 0.973801 1.91788 0
      vertex 0.973801 1.91788 2
    endloop
  endfacet
  facet normal -0.449615 0.893223 0
    outer loop
      vertex -0.590843 0.428219 0
      vertex -0.768401 0.338843 2
      vertex -0.590843 0.428219 2
    endloop
  endfacet
  facet normal -0.449615 0.893223 0
    outer loop
      vertex -0.768401 0.338843 2
      vertex -0.590843 0.428219 0
      vertex -0.768401 0.338843 0
    endloop
  endfacet
  facet normal 0.724249 0.689538 0
    outer loop
      vertex -5.36378 1.13622 2
      vertex -5.50085 1.28019 0
      vertex -5.50085 1.28019 2
    endloop
  endfacet
  facet normal 0.724249 0.689538 0
    outer loop
      vertex -5.50085 1.28019 0
      vertex -5.36378 1.13622 2
      vertex -5.36378 1.13622 0
    endloop
  endfacet
  facet normal 0.999699 0.0245498 0
    outer loop
      vertex -6.54512 3.80128 2
      vertex -6.55 4 0
      vertex -6.55 4 2
    endloop
  endfacet
  facet normal 0.999699 0.0245498 0
    outer loop
      vertex -6.55 4 0
      vertex -6.54512 3.80128 2
      vertex -6.54512 3.80128 0
    endloop
  endfacet
  facet normal -0.963773 0.266725 0
    outer loop
      vertex 1.37561 2.82435 0
      vertex 1.42863 3.01593 2
      vertex 1.42863 3.01593 0
    endloop
  endfacet
  facet normal -0.963773 0.266725 0
    outer loop
      vertex 1.42863 3.01593 2
      vertex 1.37561 2.82435 0
      vertex 1.37561 2.82435 2
    endloop
  endfacet
  facet normal 0.932999 0.359879 0
    outer loop
      vertex -6.24171 2.45013 2
      vertex -6.31325 2.6356 0
      vertex -6.31325 2.6356 2
    endloop
  endfacet
  facet normal 0.932999 0.359879 0
    outer loop
      vertex -6.31325 2.6356 0
      vertex -6.24171 2.45013 2
      vertex -6.24171 2.45013 0
    endloop
  endfacet
  facet normal 0.57581 -0.817584 0
    outer loop
      vertex -4.91258 7.25299 0
      vertex -4.75006 7.36745 2
      vertex -4.91258 7.25299 2
    endloop
  endfacet
  facet normal 0.57581 -0.817584 0
    outer loop
      vertex -4.75006 7.36745 2
      vertex -4.91258 7.25299 0
      vertex -4.75006 7.36745 0
    endloop
  endfacet
  facet normal 0.170954 0.985279 -0
    outer loop
      vertex -3.09426 -0.00616455 0
      vertex -3.29012 0.0278187 2
      vertex -3.09426 -0.00616455 2
    endloop
  endfacet
  facet normal 0.170954 0.985279 0
    outer loop
      vertex -3.29012 0.0278187 2
      vertex -3.09426 -0.00616455 0
      vertex -3.29012 0.0278187 0
    endloop
  endfacet
  facet normal 0.992476 -0.122443 0
    outer loop
      vertex -6.5305 4.39697 2
      vertex -6.50616 4.59426 0
      vertex -6.50616 4.59426 2
    endloop
  endfacet
  facet normal 0.992476 -0.122443 0
    outer loop
      vertex -6.50616 4.59426 0
      vertex -6.5305 4.39697 2
      vertex -6.5305 4.39697 0
    endloop
  endfacet
  facet normal -0.219108 0.975701 0
    outer loop
      vertex -1.51593 0.071373 0
      vertex -1.70988 0.0278187 2
      vertex -1.51593 0.071373 2
    endloop
  endfacet
  facet normal -0.219108 0.975701 0
    outer loop
      vertex -1.70988 0.0278187 2
      vertex -1.51593 0.071373 0
      vertex -1.70988 0.0278187 0
    endloop
  endfacet
  facet normal -0.266725 -0.963773 0
    outer loop
      vertex -1.51593 7.92863 0
      vertex -1.32435 7.87561 2
      vertex -1.51593 7.92863 2
    endloop
  endfacet
  facet normal -0.266725 -0.963773 -0
    outer loop
      vertex -1.32435 7.87561 2
      vertex -1.51593 7.92863 0
      vertex -1.32435 7.87561 0
    endloop
  endfacet
  facet normal -0.313679 0.949529 0
    outer loop
      vertex -1.1356 0.186746 0
      vertex -1.32435 0.124392 2
      vertex -1.1356 0.186746 2
    endloop
  endfacet
  facet normal -0.313679 0.949529 0
    outer loop
      vertex -1.32435 0.124392 2
      vertex -1.1356 0.186746 0
      vertex -1.32435 0.124392 0
    endloop
  endfacet
  facet normal -0.932999 -0.359879 0
    outer loop
      vertex 1.31325 5.3644 0
      vertex 1.24171 5.54987 2
      vertex 1.24171 5.54987 0
    endloop
  endfacet
  facet normal -0.932999 -0.359879 0
    outer loop
      vertex 1.24171 5.54987 2
      vertex 1.31325 5.3644 0
      vertex 1.31325 5.3644 2
    endloop
  endfacet
  facet normal -0.170954 0.985279 0
    outer loop
      vertex -1.70988 0.0278187 0
      vertex -1.90574 -0.00616455 2
      vertex -1.70988 0.0278187 2
    endloop
  endfacet
  facet normal -0.170954 0.985279 0
    outer loop
      vertex -1.90574 -0.00616455 2
      vertex -1.70988 0.0278187 0
      vertex -1.90574 -0.00616455 0
    endloop
  endfacet
  facet normal -0.757207 0.653174 0
    outer loop
      vertex 0.500852 1.28019 0
      vertex 0.630692 1.43071 2
      vertex 0.630692 1.43071 0
    endloop
  endfacet
  facet normal -0.757207 0.653174 0
    outer loop
      vertex 0.630692 1.43071 2
      vertex 0.500852 1.28019 0
      vertex 0.500852 1.28019 2
    endloop
  endfacet
  facet normal -0.788346 0.615233 0
    outer loop
      vertex 0.630692 1.43071 0
      vertex 0.75299 1.58742 2
      vertex 0.75299 1.58742 0
    endloop
  endfacet
  facet normal -0.788346 0.615233 0
    outer loop
      vertex 0.75299 1.58742 2
      vertex 0.630692 1.43071 0
      vertex 0.630692 1.43071 2
    endloop
  endfacet
  facet normal 0.122409 0.99248 -0
    outer loop
      vertex -2.89697 -0.0304976 0
      vertex -3.09426 -0.00616455 2
      vertex -2.89697 -0.0304976 2
    endloop
  endfacet
  facet normal 0.122409 0.99248 0
    outer loop
      vertex -3.09426 -0.00616455 2
      vertex -2.89697 -0.0304976 0
      vertex -3.09426 -0.00616455 0
    endloop
  endfacet
  facet normal -0.0245498 -0.999699 0
    outer loop
      vertex -2.5 8.05 0
      vertex -2.30128 8.04512 2
      vertex -2.5 8.05 2
    endloop
  endfacet
  facet normal -0.0245498 -0.999699 -0
    outer loop
      vertex -2.30128 8.04512 2
      vertex -2.5 8.05 0
      vertex -2.30128 8.04512 0
    endloop
  endfacet
  facet normal -0.0735636 0.997291 0
    outer loop
      vertex -2.10303 -0.0304976 0
      vertex -2.30128 -0.0451212 2
      vertex -2.10303 -0.0304976 2
    endloop
  endfacet
  facet normal -0.0735636 0.997291 0
    outer loop
      vertex -2.30128 -0.0451212 2
      vertex -2.10303 -0.0304976 0
      vertex -2.30128 -0.0451212 0
    endloop
  endfacet
  facet normal -0.992476 0.122443 0
    outer loop
      vertex 1.50616 3.40574 0
      vertex 1.5305 3.60303 2
      vertex 1.5305 3.60303 0
    endloop
  endfacet
  facet normal -0.992476 0.122443 0
    outer loop
      vertex 1.5305 3.60303 2
      vertex 1.50616 3.40574 0
      vertex 1.50616 3.40574 2
    endloop
  endfacet
  facet normal -0.534996 0.844854 0
    outer loop
      vertex -0.24994 0.632547 0
      vertex -0.417884 0.526198 2
      vertex -0.24994 0.632547 2
    endloop
  endfacet
  facet normal -0.534996 0.844854 0
    outer loop
      vertex -0.417884 0.526198 2
      vertex -0.24994 0.632547 0
      vertex -0.417884 0.526198 0
    endloop
  endfacet
  facet normal -0.449631 -0.893215 0
    outer loop
      vertex -0.768401 7.66116 0
      vertex -0.590843 7.57178 2
      vertex -0.768401 7.66116 2
    endloop
  endfacet
  facet normal -0.449631 -0.893215 -0
    outer loop
      vertex -0.590843 7.57178 2
      vertex -0.768401 7.66116 0
      vertex -0.590843 7.57178 0
    endloop
  endfacet
  facet normal -0.0735456 -0.997292 0
    outer loop
      vertex -2.30128 8.04512 0
      vertex -2.10303 8.0305 2
      vertex -2.30128 8.04512 2
    endloop
  endfacet
  facet normal -0.0735456 -0.997292 -0
    outer loop
      vertex -2.10303 8.0305 2
      vertex -2.30128 8.04512 0
      vertex -2.10303 8.0305 0
    endloop
  endfacet
  facet normal 0.359883 0.932997 -0
    outer loop
      vertex -3.8644 0.186746 0
      vertex -4.04987 0.258287 2
      vertex -3.8644 0.186746 2
    endloop
  endfacet
  facet normal 0.359883 0.932997 0
    outer loop
      vertex -4.04987 0.258287 2
      vertex -3.8644 0.186746 0
      vertex -4.04987 0.258287 0
    endloop
  endfacet
  facet normal -0.575811 0.817583 0
    outer loop
      vertex -0.0874176 0.747009 0
      vertex -0.24994 0.632547 2
      vertex -0.0874176 0.747009 2
    endloop
  endfacet
  facet normal -0.575811 0.817583 0
    outer loop
      vertex -0.24994 0.632547 2
      vertex -0.0874176 0.747009 0
      vertex -0.24994 0.632547 0
    endloop
  endfacet
  facet normal 0.963773 -0.266725 0
    outer loop
      vertex -6.42863 4.98407 2
      vertex -6.37561 5.17565 0
      vertex -6.37561 5.17565 2
    endloop
  endfacet
  facet normal 0.963773 -0.266725 0
    outer loop
      vertex -6.37561 5.17565 0
      vertex -6.42863 4.98407 2
      vertex -6.42863 4.98407 0
    endloop
  endfacet
  facet normal 0.992476 0.122443 0
    outer loop
      vertex -6.50616 3.40574 2
      vertex -6.5305 3.60303 0
      vertex -6.5305 3.60303 2
    endloop
  endfacet
  facet normal 0.992476 0.122443 0
    outer loop
      vertex -6.5305 3.60303 0
      vertex -6.50616 3.40574 2
      vertex -6.50616 3.40574 0
    endloop
  endfacet
  facet normal -0.94952 0.313706 0
    outer loop
      vertex 1.31325 2.6356 0
      vertex 1.37561 2.82435 2
      vertex 1.37561 2.82435 0
    endloop
  endfacet
  facet normal -0.94952 0.313706 0
    outer loop
      vertex 1.37561 2.82435 2
      vertex 1.31325 2.6356 0
      vertex 1.31325 2.6356 2
    endloop
  endfacet
  facet normal -0.788346 -0.615233 0
    outer loop
      vertex 0.75299 6.41258 0
      vertex 0.630692 6.56929 2
      vertex 0.630692 6.56929 0
    endloop
  endfacet
  facet normal -0.788346 -0.615233 0
    outer loop
      vertex 0.630692 6.56929 2
      vertex 0.75299 6.41258 0
      vertex 0.75299 6.41258 2
    endloop
  endfacet
  facet normal -0.844849 -0.535005 0
    outer loop
      vertex 0.973801 6.08212 0
      vertex 0.867452 6.25006 2
      vertex 0.867452 6.25006 0
    endloop
  endfacet
  facet normal -0.844849 -0.535005 0
    outer loop
      vertex 0.867452 6.25006 2
      vertex 0.973801 6.08212 0
      vertex 0.973801 6.08212 2
    endloop
  endfacet
  facet normal -0.757207 -0.653174 0
    outer loop
      vertex 0.630692 6.56929 0
      vertex 0.500852 6.71981 2
      vertex 0.500852 6.71981 0
    endloop
  endfacet
  facet normal -0.757207 -0.653174 0
    outer loop
      vertex 0.500852 6.71981 2
      vertex 0.630692 6.56929 0
      vertex 0.630692 6.56929 2
    endloop
  endfacet
  facet normal -0.313706 -0.94952 0
    outer loop
      vertex -1.32435 7.87561 0
      vertex -1.1356 7.81325 2
      vertex -1.32435 7.87561 2
    endloop
  endfacet
  facet normal -0.313706 -0.94952 -0
    outer loop
      vertex -1.1356 7.81325 2
      vertex -1.32435 7.87561 0
      vertex -1.1356 7.81325 0
    endloop
  endfacet
  facet normal -0.817579 -0.575817 0
    outer loop
      vertex 0.867452 6.25006 0
      vertex 0.75299 6.41258 2
      vertex 0.75299 6.41258 0
    endloop
  endfacet
  facet normal -0.817579 -0.575817 0
    outer loop
      vertex 0.75299 6.41258 2
      vertex 0.867452 6.25006 0
      vertex 0.867452 6.25006 2
    endloop
  endfacet
  facet normal 0.170938 -0.985282 0
    outer loop
      vertex -3.29012 7.97218 0
      vertex -3.09426 8.00616 2
      vertex -3.29012 7.97218 2
    endloop
  endfacet
  facet normal 0.170938 -0.985282 0
    outer loop
      vertex -3.09426 8.00616 2
      vertex -3.29012 7.97218 0
      vertex -3.09426 8.00616 0
    endloop
  endfacet
  facet normal -0.689549 0.724239 0
    outer loop
      vertex 0.363782 1.13622 0
      vertex 0.219813 0.999147 2
      vertex 0.363782 1.13622 2
    endloop
  endfacet
  facet normal -0.689549 0.724239 0
    outer loop
      vertex 0.219813 0.999147 2
      vertex 0.363782 1.13622 0
      vertex 0.219813 0.999147 0
    endloop
  endfacet
  facet normal -0.0245397 0.999699 0
    outer loop
      vertex -2.30128 -0.0451212 0
      vertex -2.5 -0.0499992 2
      vertex -2.30128 -0.0451212 2
    endloop
  endfacet
  facet normal -0.0245397 0.999699 0
    outer loop
      vertex -2.5 -0.0499992 2
      vertex -2.30128 -0.0451212 0
      vertex -2.5 -0.0499992 0
    endloop
  endfacet
  facet normal 0.219087 -0.975705 0
    outer loop
      vertex -3.48407 7.92863 0
      vertex -3.29012 7.97218 2
      vertex -3.48407 7.92863 2
    endloop
  endfacet
  facet normal 0.219087 -0.975705 0
    outer loop
      vertex -3.29012 7.97218 2
      vertex -3.48407 7.92863 0
      vertex -3.29012 7.97218 0
    endloop
  endfacet
  facet normal 0.0245498 -0.999699 0
    outer loop
      vertex -2.69872 8.04512 0
      vertex -2.5 8.05 2
      vertex -2.69872 8.04512 2
    endloop
  endfacet
  facet normal 0.0245498 -0.999699 0
    outer loop
      vertex -2.5 8.05 2
      vertex -2.69872 8.04512 0
      vertex -2.5 8.05 0
    endloop
  endfacet
  facet normal -0.689541 -0.724247 0
    outer loop
      vertex 0.219813 7.00085 0
      vertex 0.363782 6.86378 2
      vertex 0.219813 7.00085 2
    endloop
  endfacet
  facet normal -0.689541 -0.724247 -0
    outer loop
      vertex 0.363782 6.86378 2
      vertex 0.219813 7.00085 0
      vertex 0.363782 6.86378 0
    endloop
  endfacet
  facet normal 0.689546 0.724242 -0
    outer loop
      vertex -5.21981 0.999147 0
      vertex -5.36378 1.13622 2
      vertex -5.21981 0.999147 2
    endloop
  endfacet
  facet normal 0.689546 0.724242 0
    outer loop
      vertex -5.36378 1.13622 2
      vertex -5.21981 0.999147 0
      vertex -5.36378 1.13622 0
    endloop
  endfacet
  facet normal -0.359881 -0.932998 0
    outer loop
      vertex -1.1356 7.81325 0
      vertex -0.950131 7.74171 2
      vertex -1.1356 7.81325 2
    endloop
  endfacet
  facet normal -0.359881 -0.932998 -0
    outer loop
      vertex -0.950131 7.74171 2
      vertex -1.1356 7.81325 0
      vertex -0.950131 7.74171 0
    endloop
  endfacet
  facet normal -0.405219 -0.91422 0
    outer loop
      vertex -0.950131 7.74171 0
      vertex -0.768401 7.66116 2
      vertex -0.950131 7.74171 2
    endloop
  endfacet
  facet normal -0.405219 -0.91422 -0
    outer loop
      vertex -0.768401 7.66116 2
      vertex -0.950131 7.74171 0
      vertex -0.768401 7.66116 0
    endloop
  endfacet
  facet normal 0.817584 0.57581 0
    outer loop
      vertex -5.75299 1.58742 2
      vertex -5.86745 1.74994 0
      vertex -5.86745 1.74994 2
    endloop
  endfacet
  facet normal 0.817584 0.57581 0
    outer loop
      vertex -5.86745 1.74994 0
      vertex -5.75299 1.58742 2
      vertex -5.75299 1.58742 0
    endloop
  endfacet
  facet normal 0.492896 -0.870088 0
    outer loop
      vertex -4.58212 7.4738 0
      vertex -4.40916 7.57178 2
      vertex -4.58212 7.4738 2
    endloop
  endfacet
  facet normal 0.492896 -0.870088 0
    outer loop
      vertex -4.40916 7.57178 2
      vertex -4.58212 7.4738 0
      vertex -4.40916 7.57178 0
    endloop
  endfacet
  facet normal 0.788341 -0.615239 0
    outer loop
      vertex -5.75299 6.41258 2
      vertex -5.63069 6.56929 0
      vertex -5.63069 6.56929 2
    endloop
  endfacet
  facet normal 0.788341 -0.615239 0
    outer loop
      vertex -5.63069 6.56929 0
      vertex -5.75299 6.41258 2
      vertex -5.75299 6.41258 0
    endloop
  endfacet
  facet normal 0.359879 -0.932999 0
    outer loop
      vertex -4.04987 7.74171 0
      vertex -3.8644 7.81325 2
      vertex -4.04987 7.74171 2
    endloop
  endfacet
  facet normal 0.359879 -0.932999 0
    outer loop
      vertex -3.8644 7.81325 2
      vertex -4.04987 7.74171 0
      vertex -3.8644 7.81325 0
    endloop
  endfacet
  facet normal -0.985282 -0.170938 0
    outer loop
      vertex 1.50616 4.59426 0
      vertex 1.47218 4.79012 2
      vertex 1.47218 4.79012 0
    endloop
  endfacet
  facet normal -0.985282 -0.170938 0
    outer loop
      vertex 1.47218 4.79012 2
      vertex 1.50616 4.59426 0
      vertex 1.50616 4.59426 2
    endloop
  endfacet
  facet normal -0.122443 -0.992476 0
    outer loop
      vertex -2.10303 8.0305 0
      vertex -1.90574 8.00616 2
      vertex -2.10303 8.0305 2
    endloop
  endfacet
  facet normal -0.122443 -0.992476 -0
    outer loop
      vertex -1.90574 8.00616 2
      vertex -2.10303 8.0305 0
      vertex -1.90574 8.00616 0
    endloop
  endfacet
  facet normal 0.985282 -0.170938 0
    outer loop
      vertex -6.50616 4.59426 2
      vertex -6.47218 4.79012 0
      vertex -6.47218 4.79012 2
    endloop
  endfacet
  facet normal 0.985282 -0.170938 0
    outer loop
      vertex -6.47218 4.79012 0
      vertex -6.50616 4.59426 2
      vertex -6.50616 4.59426 0
    endloop
  endfacet
  facet normal -0.997292 0.0735456 0
    outer loop
      vertex 1.5305 3.60303 0
      vertex 1.54512 3.80128 2
      vertex 1.54512 3.80128 0
    endloop
  endfacet
  facet normal -0.997292 0.0735456 0
    outer loop
      vertex 1.54512 3.80128 2
      vertex 1.5305 3.60303 0
      vertex 1.5305 3.60303 2
    endloop
  endfacet
  facet normal -0.975705 0.219087 0
    outer loop
      vertex 1.42863 3.01593 0
      vertex 1.47218 3.20988 2
      vertex 1.47218 3.20988 0
    endloop
  endfacet
  facet normal -0.975705 0.219087 0
    outer loop
      vertex 1.47218 3.20988 2
      vertex 1.42863 3.01593 0
      vertex 1.42863 3.01593 2
    endloop
  endfacet
  facet normal -0.893217 -0.449627 0
    outer loop
      vertex 1.16116 5.7316 0
      vertex 1.07178 5.90916 2
      vertex 1.07178 5.90916 0
    endloop
  endfacet
  facet normal -0.893217 -0.449627 0
    outer loop
      vertex 1.07178 5.90916 2
      vertex 1.16116 5.7316 0
      vertex 1.16116 5.7316 2
    endloop
  endfacet
  facet normal -0.91422 -0.405219 0
    outer loop
      vertex 1.24171 5.54987 0
      vertex 1.16116 5.7316 2
      vertex 1.16116 5.7316 0
    endloop
  endfacet
  facet normal -0.91422 -0.405219 0
    outer loop
      vertex 1.16116 5.7316 2
      vertex 1.24171 5.54987 0
      vertex 1.24171 5.54987 2
    endloop
  endfacet
  facet normal 0.313679 0.949529 -0
    outer loop
      vertex -3.67565 0.124392 0
      vertex -3.8644 0.186746 2
      vertex -3.67565 0.124392 2
    endloop
  endfacet
  facet normal 0.313679 0.949529 0
    outer loop
      vertex -3.8644 0.186746 2
      vertex -3.67565 0.124392 0
      vertex -3.8644 0.186746 0
    endloop
  endfacet
  facet normal -0.963773 -0.266725 0
    outer loop
      vertex 1.42863 4.98407 0
      vertex 1.37561 5.17565 2
      vertex 1.37561 5.17565 0
    endloop
  endfacet
  facet normal -0.963773 -0.266725 0
    outer loop
      vertex 1.37561 5.17565 2
      vertex 1.42863 4.98407 0
      vertex 1.42863 4.98407 2
    endloop
  endfacet
  facet normal -0.535 -0.844852 0
    outer loop
      vertex -0.417884 7.4738 0
      vertex -0.24994 7.36745 2
      vertex -0.417884 7.4738 2
    endloop
  endfacet
  facet normal -0.535 -0.844852 -0
    outer loop
      vertex -0.24994 7.36745 2
      vertex -0.417884 7.4738 0
      vertex -0.24994 7.36745 0
    endloop
  endfacet
  facet normal -0.817579 0.575817 0
    outer loop
      vertex 0.75299 1.58742 0
      vertex 0.867452 1.74994 2
      vertex 0.867452 1.74994 0
    endloop
  endfacet
  facet normal -0.817579 0.575817 0
    outer loop
      vertex 0.867452 1.74994 2
      vertex 0.75299 1.58742 0
      vertex 0.75299 1.58742 2
    endloop
  endfacet
  facet normal 0.535005 0.844849 -0
    outer loop
      vertex -4.58212 0.526198 0
      vertex -4.75006 0.632547 2
      vertex -4.58212 0.526198 2
    endloop
  endfacet
  facet normal 0.535005 0.844849 0
    outer loop
      vertex -4.75006 0.632547 2
      vertex -4.58212 0.526198 0
      vertex -4.75006 0.632547 0
    endloop
  endfacet
  facet normal -0.405244 0.914209 0
    outer loop
      vertex -0.768401 0.338843 0
      vertex -0.950131 0.258287 2
      vertex -0.768401 0.338843 2
    endloop
  endfacet
  facet normal -0.405244 0.914209 0
    outer loop
      vertex -0.950131 0.258287 2
      vertex -0.768401 0.338843 0
      vertex -0.950131 0.258287 0
    endloop
  endfacet
  facet normal 0.122443 -0.992476 0
    outer loop
      vertex -3.09426 8.00616 0
      vertex -2.89697 8.0305 2
      vertex -3.09426 8.00616 2
    endloop
  endfacet
  facet normal 0.122443 -0.992476 0
    outer loop
      vertex -2.89697 8.0305 2
      vertex -3.09426 8.00616 0
      vertex -2.89697 8.0305 0
    endloop
  endfacet
  facet normal 0.963773 0.266725 0
    outer loop
      vertex -6.37561 2.82435 2
      vertex -6.42863 3.01593 0
      vertex -6.42863 3.01593 2
    endloop
  endfacet
  facet normal 0.963773 0.266725 0
    outer loop
      vertex -6.42863 3.01593 0
      vertex -6.37561 2.82435 2
      vertex -6.37561 2.82435 0
    endloop
  endfacet
  facet normal -0.61524 -0.78834 0
    outer loop
      vertex -0.0874176 7.25299 0
      vertex 0.0692921 7.13069 2
      vertex -0.0874176 7.25299 2
    endloop
  endfacet
  facet normal -0.61524 -0.78834 -0
    outer loop
      vertex 0.0692921 7.13069 2
      vertex -0.0874176 7.25299 0
      vertex 0.0692921 7.13069 0
    endloop
  endfacet
  facet normal 0.449611 0.893225 -0
    outer loop
      vertex -4.2316 0.338843 0
      vertex -4.40916 0.428219 2
      vertex -4.2316 0.338843 2
    endloop
  endfacet
  facet normal 0.449611 0.893225 0
    outer loop
      vertex -4.40916 0.428219 2
      vertex -4.2316 0.338843 0
      vertex -4.40916 0.428219 0
    endloop
  endfacet
  facet normal 0.266721 0.963774 -0
    outer loop
      vertex -3.48407 0.071373 0
      vertex -3.67565 0.124392 2
      vertex -3.48407 0.071373 2
    endloop
  endfacet
  facet normal 0.266721 0.963774 0
    outer loop
      vertex -3.67565 0.124392 2
      vertex -3.48407 0.071373 0
      vertex -3.67565 0.124392 0
    endloop
  endfacet
  facet normal 0.724249 -0.689538 0
    outer loop
      vertex -5.50085 6.71981 2
      vertex -5.36378 6.86378 0
      vertex -5.36378 6.86378 2
    endloop
  endfacet
  facet normal 0.724249 -0.689538 0
    outer loop
      vertex -5.36378 6.86378 0
      vertex -5.50085 6.71981 2
      vertex -5.50085 6.71981 0
    endloop
  endfacet
  facet normal -0.170938 -0.985282 0
    outer loop
      vertex -1.90574 8.00616 0
      vertex -1.70988 7.97218 2
      vertex -1.90574 8.00616 2
    endloop
  endfacet
  facet normal -0.170938 -0.985282 -0
    outer loop
      vertex -1.70988 7.97218 2
      vertex -1.90574 8.00616 0
      vertex -1.70988 7.97218 0
    endloop
  endfacet
  facet normal 0.997292 0.0735456 0
    outer loop
      vertex -6.5305 3.60303 2
      vertex -6.54512 3.80128 0
      vertex -6.54512 3.80128 2
    endloop
  endfacet
  facet normal 0.997292 0.0735456 0
    outer loop
      vertex -6.54512 3.80128 0
      vertex -6.5305 3.60303 2
      vertex -6.5305 3.60303 0
    endloop
  endfacet
  facet normal -0.492894 0.870089 0
    outer loop
      vertex -0.417884 0.526198 0
      vertex -0.590843 0.428219 2
      vertex -0.417884 0.526198 2
    endloop
  endfacet
  facet normal -0.492894 0.870089 0
    outer loop
      vertex -0.590843 0.428219 2
      vertex -0.417884 0.526198 0
      vertex -0.590843 0.428219 0
    endloop
  endfacet
  facet normal -0.615236 0.788343 0
    outer loop
      vertex 0.0692921 0.869308 0
      vertex -0.0874176 0.747009 2
      vertex 0.0692921 0.869308 2
    endloop
  endfacet
  facet normal -0.615236 0.788343 0
    outer loop
      vertex -0.0874176 0.747009 2
      vertex 0.0692921 0.869308 0
      vertex -0.0874176 0.747009 0
    endloop
  endfacet
  facet normal 0.844846 0.535009 0
    outer loop
      vertex -5.86745 1.74994 2
      vertex -5.9738 1.91788 0
      vertex -5.9738 1.91788 2
    endloop
  endfacet
  facet normal 0.844846 0.535009 0
    outer loop
      vertex -5.9738 1.91788 0
      vertex -5.86745 1.74994 2
      vertex -5.86745 1.74994 0
    endloop
  endfacet
  facet normal 0.817584 -0.57581 0
    outer loop
      vertex -5.86745 6.25006 2
      vertex -5.75299 6.41258 0
      vertex -5.75299 6.41258 2
    endloop
  endfacet
  facet normal 0.817584 -0.57581 0
    outer loop
      vertex -5.75299 6.41258 0
      vertex -5.86745 6.25006 2
      vertex -5.86745 6.25006 0
    endloop
  endfacet
  facet normal 0.94952 -0.313706 0
    outer loop
      vertex -6.37561 5.17565 2
      vertex -6.31325 5.3644 0
      vertex -6.31325 5.3644 2
    endloop
  endfacet
  facet normal 0.94952 -0.313706 0
    outer loop
      vertex -6.31325 5.3644 0
      vertex -6.37561 5.17565 2
      vertex -6.37561 5.17565 0
    endloop
  endfacet
  facet normal 0.405244 0.914209 -0
    outer loop
      vertex -4.04987 0.258287 0
      vertex -4.2316 0.338843 2
      vertex -4.04987 0.258287 2
    endloop
  endfacet
  facet normal 0.405244 0.914209 0
    outer loop
      vertex -4.2316 0.338843 2
      vertex -4.04987 0.258287 0
      vertex -4.2316 0.338843 0
    endloop
  endfacet
  facet normal 0.975705 0.219087 0
    outer loop
      vertex -6.42863 3.01593 2
      vertex -6.47218 3.20988 0
      vertex -6.47218 3.20988 2
    endloop
  endfacet
  facet normal 0.975705 0.219087 0
    outer loop
      vertex -6.47218 3.20988 0
      vertex -6.42863 3.01593 2
      vertex -6.42863 3.01593 0
    endloop
  endfacet
  facet normal 0.653174 -0.757207 0
    outer loop
      vertex -5.21981 7.00085 0
      vertex -5.06929 7.13069 2
      vertex -5.21981 7.00085 2
    endloop
  endfacet
  facet normal 0.653174 -0.757207 0
    outer loop
      vertex -5.06929 7.13069 2
      vertex -5.21981 7.00085 0
      vertex -5.06929 7.13069 0
    endloop
  endfacet
  facet normal 0.0245397 0.999699 -0
    outer loop
      vertex -2.5 -0.0499992 0
      vertex -2.69872 -0.0451212 2
      vertex -2.5 -0.0499992 2
    endloop
  endfacet
  facet normal 0.0245397 0.999699 0
    outer loop
      vertex -2.69872 -0.0451212 2
      vertex -2.5 -0.0499992 0
      vertex -2.69872 -0.0451212 0
    endloop
  endfacet
  facet normal 0.893217 -0.449627 0
    outer loop
      vertex -6.16116 5.7316 2
      vertex -6.07178 5.90916 0
      vertex -6.07178 5.90916 2
    endloop
  endfacet
  facet normal 0.893217 -0.449627 0
    outer loop
      vertex -6.07178 5.90916 0
      vertex -6.16116 5.7316 2
      vertex -6.16116 5.7316 0
    endloop
  endfacet
  facet normal 0.0735636 0.997291 -0
    outer loop
      vertex -2.69872 -0.0451212 0
      vertex -2.89697 -0.0304976 2
      vertex -2.69872 -0.0451212 2
    endloop
  endfacet
  facet normal 0.0735636 0.997291 0
    outer loop
      vertex -2.89697 -0.0304976 2
      vertex -2.69872 -0.0451212 0
      vertex -2.89697 -0.0304976 0
    endloop
  endfacet
  facet normal -0.985282 0.170938 0
    outer loop
      vertex 1.47218 3.20988 0
      vertex 1.50616 3.40574 2
      vertex 1.50616 3.40574 0
    endloop
  endfacet
  facet normal -0.985282 0.170938 0
    outer loop
      vertex 1.50616 3.40574 2
      vertex 1.47218 3.20988 0
      vertex 1.47218 3.20988 2
    endloop
  endfacet
  facet normal 0.575817 0.817579 -0
    outer loop
      vertex -4.75006 0.632547 0
      vertex -4.91258 0.747009 2
      vertex -4.75006 0.632547 2
    endloop
  endfacet
  facet normal 0.575817 0.817579 0
    outer loop
      vertex -4.91258 0.747009 2
      vertex -4.75006 0.632547 0
      vertex -4.91258 0.747009 0
    endloop
  endfacet
  facet normal 0.975705 -0.219087 0
    outer loop
      vertex -6.47218 4.79012 2
      vertex -6.42863 4.98407 0
      vertex -6.42863 4.98407 2
    endloop
  endfacet
  facet normal 0.975705 -0.219087 0
    outer loop
      vertex -6.42863 4.98407 0
      vertex -6.47218 4.79012 2
      vertex -6.47218 4.79012 0
    endloop
  endfacet
  facet normal 0.870088 -0.492896 0
    outer loop
      vertex -6.07178 5.90916 2
      vertex -5.9738 6.08212 0
      vertex -5.9738 6.08212 2
    endloop
  endfacet
  facet normal 0.870088 -0.492896 0
    outer loop
      vertex -5.9738 6.08212 0
      vertex -6.07178 5.90916 2
      vertex -6.07178 5.90916 0
    endloop
  endfacet
  facet normal 0.266725 -0.963773 0
    outer loop
      vertex -3.67565 7.87561 0
      vertex -3.48407 7.92863 2
      vertex -3.67565 7.87561 2
    endloop
  endfacet
  facet normal 0.266725 -0.963773 0
    outer loop
      vertex -3.48407 7.92863 2
      vertex -3.67565 7.87561 0
      vertex -3.48407 7.92863 0
    endloop
  endfacet
  facet normal 0.999699 -0.0245498 0
    outer loop
      vertex -6.55 4 2
      vertex -6.54512 4.19872 0
      vertex -6.54512 4.19872 2
    endloop
  endfacet
  facet normal 0.999699 -0.0245498 0
    outer loop
      vertex -6.54512 4.19872 0
      vertex -6.55 4 2
      vertex -6.55 4 0
    endloop
  endfacet
  facet normal 0.757207 -0.653174 0
    outer loop
      vertex -5.63069 6.56929 2
      vertex -5.50085 6.71981 0
      vertex -5.50085 6.71981 2
    endloop
  endfacet
  facet normal 0.757207 -0.653174 0
    outer loop
      vertex -5.50085 6.71981 0
      vertex -5.63069 6.56929 2
      vertex -5.63069 6.56929 0
    endloop
  endfacet
  facet normal 0.535009 -0.844846 0
    outer loop
      vertex -4.75006 7.36745 0
      vertex -4.58212 7.4738 2
      vertex -4.75006 7.36745 2
    endloop
  endfacet
  facet normal 0.535009 -0.844846 0
    outer loop
      vertex -4.58212 7.4738 2
      vertex -4.75006 7.36745 0
      vertex -4.58212 7.4738 0
    endloop
  endfacet
  facet normal 0.653172 0.75721 -0
    outer loop
      vertex -5.06929 0.869308 0
      vertex -5.21981 0.999147 2
      vertex -5.06929 0.869308 2
    endloop
  endfacet
  facet normal 0.653172 0.75721 0
    outer loop
      vertex -5.21981 0.999147 2
      vertex -5.06929 0.869308 0
      vertex -5.21981 0.999147 0
    endloop
  endfacet
  facet normal 0.997292 -0.0735456 0
    outer loop
      vertex -6.54512 4.19872 2
      vertex -6.5305 4.39697 0
      vertex -6.5305 4.39697 2
    endloop
  endfacet
  facet normal 0.997292 -0.0735456 0
    outer loop
      vertex -6.5305 4.39697 0
      vertex -6.54512 4.19872 2
      vertex -6.54512 4.19872 0
    endloop
  endfacet
  facet normal -0.359885 0.932997 0
    outer loop
      vertex -0.950131 0.258287 0
      vertex -1.1356 0.186746 2
      vertex -0.950131 0.258287 2
    endloop
  endfacet
  facet normal -0.359885 0.932997 0
    outer loop
      vertex -1.1356 0.186746 2
      vertex -0.950131 0.258287 0
      vertex -1.1356 0.186746 0
    endloop
  endfacet
  facet normal 0.313706 -0.94952 0
    outer loop
      vertex -3.8644 7.81325 0
      vertex -3.67565 7.87561 2
      vertex -3.8644 7.81325 2
    endloop
  endfacet
  facet normal 0.313706 -0.94952 0
    outer loop
      vertex -3.67565 7.87561 2
      vertex -3.8644 7.81325 0
      vertex -3.67565 7.87561 0
    endloop
  endfacet
  facet normal 0.757207 0.653174 0
    outer loop
      vertex -5.50085 1.28019 2
      vertex -5.63069 1.43071 0
      vertex -5.63069 1.43071 2
    endloop
  endfacet
  facet normal 0.757207 0.653174 0
    outer loop
      vertex -5.63069 1.43071 0
      vertex -5.50085 1.28019 2
      vertex -5.50085 1.28019 0
    endloop
  endfacet
  facet normal -0.653169 0.757212 0
    outer loop
      vertex 0.219813 0.999147 0
      vertex 0.0692921 0.869308 2
      vertex 0.219813 0.999147 2
    endloop
  endfacet
  facet normal -0.653169 0.757212 0
    outer loop
      vertex 0.0692921 0.869308 2
      vertex 0.219813 0.999147 0
      vertex 0.0692921 0.869308 0
    endloop
  endfacet
  facet normal -0.219087 -0.975705 0
    outer loop
      vertex -1.70988 7.97218 0
      vertex -1.51593 7.92863 2
      vertex -1.70988 7.97218 2
    endloop
  endfacet
  facet normal -0.219087 -0.975705 -0
    outer loop
      vertex -1.51593 7.92863 2
      vertex -1.70988 7.97218 0
      vertex -1.51593 7.92863 0
    endloop
  endfacet
  facet normal 0.932999 -0.359879 0
    outer loop
      vertex -6.31325 5.3644 2
      vertex -6.24171 5.54987 0
      vertex -6.24171 5.54987 2
    endloop
  endfacet
  facet normal 0.932999 -0.359879 0
    outer loop
      vertex -6.24171 5.54987 0
      vertex -6.31325 5.3644 2
      vertex -6.31325 5.3644 0
    endloop
  endfacet
  facet normal 0.615236 0.788343 -0
    outer loop
      vertex -4.91258 0.747009 0
      vertex -5.06929 0.869308 2
      vertex -4.91258 0.747009 2
    endloop
  endfacet
  facet normal 0.615236 0.788343 0
    outer loop
      vertex -5.06929 0.869308 2
      vertex -4.91258 0.747009 0
      vertex -5.06929 0.869308 0
    endloop
  endfacet
  facet normal 0.94952 0.313706 0
    outer loop
      vertex -6.31325 2.6356 2
      vertex -6.37561 2.82435 0
      vertex -6.37561 2.82435 2
    endloop
  endfacet
  facet normal 0.94952 0.313706 0
    outer loop
      vertex -6.37561 2.82435 0
      vertex -6.31325 2.6356 2
      vertex -6.31325 2.6356 0
    endloop
  endfacet
  facet normal -0.91422 0.405219 0
    outer loop
      vertex 1.16116 2.2684 0
      vertex 1.24171 2.45013 2
      vertex 1.24171 2.45013 0
    endloop
  endfacet
  facet normal -0.91422 0.405219 0
    outer loop
      vertex 1.24171 2.45013 2
      vertex 1.16116 2.2684 0
      vertex 1.16116 2.2684 2
    endloop
  endfacet
  facet normal -0.932999 0.359879 0
    outer loop
      vertex 1.24171 2.45013 0
      vertex 1.31325 2.6356 2
      vertex 1.31325 2.6356 0
    endloop
  endfacet
  facet normal -0.932999 0.359879 0
    outer loop
      vertex 1.31325 2.6356 2
      vertex 1.24171 2.45013 0
      vertex 1.24171 2.45013 2
    endloop
  endfacet
  facet normal 0.91422 -0.405219 0
    outer loop
      vertex -6.24171 5.54987 2
      vertex -6.16116 5.7316 0
      vertex -6.16116 5.7316 2
    endloop
  endfacet
  facet normal 0.91422 -0.405219 0
    outer loop
      vertex -6.16116 5.7316 0
      vertex -6.24171 5.54987 2
      vertex -6.24171 5.54987 0
    endloop
  endfacet
  facet normal 0.893217 0.449627 0
    outer loop
      vertex -6.07178 2.09084 2
      vertex -6.16116 2.2684 0
      vertex -6.16116 2.2684 2
    endloop
  endfacet
  facet normal 0.893217 0.449627 0
    outer loop
      vertex -6.16116 2.2684 0
      vertex -6.07178 2.09084 2
      vertex -6.07178 2.09084 0
    endloop
  endfacet
  facet normal 0.492892 0.870091 -0
    outer loop
      vertex -4.40916 0.428219 0
      vertex -4.58212 0.526198 2
      vertex -4.40916 0.428219 2
    endloop
  endfacet
  facet normal 0.492892 0.870091 0
    outer loop
      vertex -4.58212 0.526198 2
      vertex -4.40916 0.428219 0
      vertex -4.58212 0.526198 0
    endloop
  endfacet
  facet normal 0.449627 -0.893217 0
    outer loop
      vertex -4.40916 7.57178 0
      vertex -4.2316 7.66116 2
      vertex -4.40916 7.57178 2
    endloop
  endfacet
  facet normal 0.449627 -0.893217 0
    outer loop
      vertex -4.2316 7.66116 2
      vertex -4.40916 7.57178 0
      vertex -4.2316 7.66116 0
    endloop
  endfacet
  facet normal 0.870088 0.492896 0
    outer loop
      vertex -5.9738 1.91788 2
      vertex -6.07178 2.09084 0
      vertex -6.07178 2.09084 2
    endloop
  endfacet
  facet normal 0.870088 0.492896 0
    outer loop
      vertex -6.07178 2.09084 0
      vertex -5.9738 1.91788 2
      vertex -5.9738 1.91788 0
    endloop
  endfacet
  facet normal -0.499981 0.866036 0
    outer loop
      vertex 5.50758 5.31819 16
      vertex 5.33667 5.21952 22
      vertex 5.50758 5.31819 22
    endloop
  endfacet
  facet normal -0.499981 0.866036 0
    outer loop
      vertex 5.33667 5.21952 22
      vertex 5.50758 5.31819 16
      vertex 5.33667 5.21952 16
    endloop
  endfacet
  facet normal -0.939696 -0.342012 0
    outer loop
      vertex 5.82709 6.19602 16
      vertex 5.75959 6.38148 22
      vertex 5.75959 6.38148 16
    endloop
  endfacet
  facet normal -0.939696 -0.342012 0
    outer loop
      vertex 5.75959 6.38148 22
      vertex 5.82709 6.19602 16
      vertex 5.82709 6.19602 22
    endloop
  endfacet
  facet normal -0.993239 -0.116086 0
    outer loop
      vertex 5.85 6 16
      vertex 5.82709 6.19602 22
      vertex 5.82709 6.19602 16
    endloop
  endfacet
  facet normal -0.993239 -0.116086 0
    outer loop
      vertex 5.82709 6.19602 22
      vertex 5.85 6 16
      vertex 5.85 6 22
    endloop
  endfacet
  facet normal -0.993239 0.116086 0
    outer loop
      vertex 5.82709 5.80398 16
      vertex 5.85 6 22
      vertex 5.85 6 16
    endloop
  endfacet
  facet normal -0.993239 0.116086 0
    outer loop
      vertex 5.85 6 22
      vertex 5.82709 5.80398 16
      vertex 5.82709 5.80398 22
    endloop
  endfacet
  facet normal 1 -0 0
    outer loop
      vertex 4.15575 5.90132 22
      vertex 4.15575 6.09868 16
      vertex 4.15575 6.09868 22
    endloop
  endfacet
  facet normal 1 0 0
    outer loop
      vertex 4.15575 6.09868 16
      vertex 4.15575 5.90132 22
      vertex 4.15575 5.90132 16
    endloop
  endfacet
  facet normal 0.893635 -0.448794 0
    outer loop
      vertex 4.20126 6.29072 22
      vertex 4.28983 6.46708 16
      vertex 4.28983 6.46708 22
    endloop
  endfacet
  facet normal 0.893635 -0.448794 0
    outer loop
      vertex 4.28983 6.46708 16
      vertex 4.20126 6.29072 22
      vertex 4.20126 6.29072 16
    endloop
  endfacet
  facet normal -0.286832 0.957981 0
    outer loop
      vertex 5.33667 5.21952 16
      vertex 5.1476 5.16291 22
      vertex 5.33667 5.21952 22
    endloop
  endfacet
  facet normal -0.286832 0.957981 0
    outer loop
      vertex 5.1476 5.16291 22
      vertex 5.33667 5.21952 16
      vertex 5.1476 5.16291 16
    endloop
  endfacet
  facet normal 0.766053 -0.642777 0
    outer loop
      vertex 4.28983 6.46708 22
      vertex 4.41669 6.61827 16
      vertex 4.41669 6.61827 22
    endloop
  endfacet
  facet normal 0.766053 -0.642777 0
    outer loop
      vertex 4.41669 6.61827 16
      vertex 4.28983 6.46708 22
      vertex 4.28983 6.46708 16
    endloop
  endfacet
  facet normal -0.286832 -0.957981 0
    outer loop
      vertex 5.1476 6.83709 16
      vertex 5.33667 6.78048 22
      vertex 5.1476 6.83709 22
    endloop
  endfacet
  facet normal -0.286832 -0.957981 -0
    outer loop
      vertex 5.33667 6.78048 22
      vertex 5.1476 6.83709 16
      vertex 5.33667 6.78048 16
    endloop
  endfacet
  facet normal 0.396077 0.918217 -0
    outer loop
      vertex 4.75622 5.18571 16
      vertex 4.575 5.26388 22
      vertex 4.75622 5.18571 22
    endloop
  endfacet
  facet normal 0.396077 0.918217 0
    outer loop
      vertex 4.575 5.26388 22
      vertex 4.75622 5.18571 16
      vertex 4.575 5.26388 16
    endloop
  endfacet
  facet normal 0.173644 0.984809 -0
    outer loop
      vertex 4.95058 5.15144 16
      vertex 4.75622 5.18571 22
      vertex 4.95058 5.15144 22
    endloop
  endfacet
  facet normal 0.173644 0.984809 0
    outer loop
      vertex 4.75622 5.18571 22
      vertex 4.95058 5.15144 16
      vertex 4.75622 5.18571 16
    endloop
  endfacet
  facet normal -0.686237 0.727378 0
    outer loop
      vertex 5.65114 5.45363 16
      vertex 5.50758 5.31819 22
      vertex 5.65114 5.45363 22
    endloop
  endfacet
  facet normal -0.686237 0.727378 0
    outer loop
      vertex 5.50758 5.31819 22
      vertex 5.65114 5.45363 16
      vertex 5.50758 5.31819 16
    endloop
  endfacet
  facet normal -0.058119 -0.99831 0
    outer loop
      vertex 4.95058 6.84856 16
      vertex 5.1476 6.83709 22
      vertex 4.95058 6.84856 22
    endloop
  endfacet
  facet normal -0.058119 -0.99831 -0
    outer loop
      vertex 5.1476 6.83709 22
      vertex 4.95058 6.84856 16
      vertex 5.1476 6.83709 16
    endloop
  endfacet
  facet normal -0.835487 0.549509 0
    outer loop
      vertex 5.65114 5.45363 16
      vertex 5.75959 5.61852 22
      vertex 5.75959 5.61852 16
    endloop
  endfacet
  facet normal -0.835487 0.549509 0
    outer loop
      vertex 5.75959 5.61852 22
      vertex 5.65114 5.45363 16
      vertex 5.65114 5.45363 22
    endloop
  endfacet
  facet normal 0.396077 -0.918217 0
    outer loop
      vertex 4.575 6.73612 16
      vertex 4.75622 6.81429 22
      vertex 4.575 6.73612 22
    endloop
  endfacet
  facet normal 0.396077 -0.918217 0
    outer loop
      vertex 4.75622 6.81429 22
      vertex 4.575 6.73612 16
      vertex 4.75622 6.81429 16
    endloop
  endfacet
  facet normal 0.97305 -0.230595 0
    outer loop
      vertex 4.15575 6.09868 22
      vertex 4.20126 6.29072 16
      vertex 4.20126 6.29072 22
    endloop
  endfacet
  facet normal 0.97305 -0.230595 0
    outer loop
      vertex 4.20126 6.29072 16
      vertex 4.15575 6.09868 22
      vertex 4.15575 6.09868 16
    endloop
  endfacet
  facet normal 0.597134 0.802141 -0
    outer loop
      vertex 4.575 5.26388 16
      vertex 4.41669 5.38173 22
      vertex 4.575 5.26388 22
    endloop
  endfacet
  facet normal 0.597134 0.802141 0
    outer loop
      vertex 4.41669 5.38173 22
      vertex 4.575 5.26388 16
      vertex 4.41669 5.38173 16
    endloop
  endfacet
  facet normal -0.939696 0.342012 0
    outer loop
      vertex 5.75959 5.61852 16
      vertex 5.82709 5.80398 22
      vertex 5.82709 5.80398 16
    endloop
  endfacet
  facet normal -0.939696 0.342012 0
    outer loop
      vertex 5.82709 5.80398 22
      vertex 5.75959 5.61852 16
      vertex 5.75959 5.61852 22
    endloop
  endfacet
  facet normal -0.058119 0.99831 0
    outer loop
      vertex 5.1476 5.16291 16
      vertex 4.95058 5.15144 22
      vertex 5.1476 5.16291 22
    endloop
  endfacet
  facet normal -0.058119 0.99831 0
    outer loop
      vertex 4.95058 5.15144 22
      vertex 5.1476 5.16291 16
      vertex 4.95058 5.15144 16
    endloop
  endfacet
  facet normal 0.97305 0.230595 0
    outer loop
      vertex 4.20126 5.70928 22
      vertex 4.15575 5.90132 16
      vertex 4.15575 5.90132 22
    endloop
  endfacet
  facet normal 0.97305 0.230595 0
    outer loop
      vertex 4.15575 5.90132 16
      vertex 4.20126 5.70928 22
      vertex 4.20126 5.70928 16
    endloop
  endfacet
  facet normal -0.500019 -0.866014 0
    outer loop
      vertex 5.33667 6.78048 16
      vertex 5.50758 6.6818 22
      vertex 5.33667 6.78048 22
    endloop
  endfacet
  facet normal -0.500019 -0.866014 -0
    outer loop
      vertex 5.50758 6.6818 22
      vertex 5.33667 6.78048 16
      vertex 5.50758 6.6818 16
    endloop
  endfacet
  facet normal 0.173644 -0.984809 0
    outer loop
      vertex 4.75622 6.81429 16
      vertex 4.95058 6.84856 22
      vertex 4.75622 6.81429 22
    endloop
  endfacet
  facet normal 0.173644 -0.984809 0
    outer loop
      vertex 4.95058 6.84856 22
      vertex 4.75622 6.81429 16
      vertex 4.95058 6.84856 16
    endloop
  endfacet
  facet normal -0.68621 -0.727404 0
    outer loop
      vertex 5.50758 6.6818 16
      vertex 5.65114 6.54637 22
      vertex 5.50758 6.6818 22
    endloop
  endfacet
  facet normal -0.68621 -0.727404 -0
    outer loop
      vertex 5.65114 6.54637 22
      vertex 5.50758 6.6818 16
      vertex 5.65114 6.54637 16
    endloop
  endfacet
  facet normal -0.835487 -0.549509 0
    outer loop
      vertex 5.75959 6.38148 16
      vertex 5.65114 6.54637 22
      vertex 5.65114 6.54637 16
    endloop
  endfacet
  facet normal -0.835487 -0.549509 0
    outer loop
      vertex 5.65114 6.54637 22
      vertex 5.75959 6.38148 16
      vertex 5.75959 6.38148 22
    endloop
  endfacet
  facet normal 0.597134 -0.802141 0
    outer loop
      vertex 4.41669 6.61827 16
      vertex 4.575 6.73612 22
      vertex 4.41669 6.61827 22
    endloop
  endfacet
  facet normal 0.597134 -0.802141 0
    outer loop
      vertex 4.575 6.73612 22
      vertex 4.41669 6.61827 16
      vertex 4.575 6.73612 16
    endloop
  endfacet
  facet normal 0.893635 0.448794 0
    outer loop
      vertex 4.28983 5.53292 22
      vertex 4.20126 5.70928 16
      vertex 4.20126 5.70928 22
    endloop
  endfacet
  facet normal 0.893635 0.448794 0
    outer loop
      vertex 4.20126 5.70928 16
      vertex 4.28983 5.53292 22
      vertex 4.28983 5.53292 16
    endloop
  endfacet
  facet normal 0 0 1
    outer loop
      vertex 5.82709 6.19602 16
      vertex 5.82709 5.80398 16
      vertex 5.85 6 16
    endloop
  endfacet
  facet normal 0 0 1
    outer loop
      vertex 5.75959 6.38148 16
      vertex 5.82709 5.80398 16
      vertex 5.82709 6.19602 16
    endloop
  endfacet
  facet normal 0 0 1
    outer loop
      vertex 5.75959 6.38148 16
      vertex 5.75959 5.61852 16
      vertex 5.82709 5.80398 16
    endloop
  endfacet
  facet normal 0 0 1
    outer loop
      vertex 5.65114 6.54637 16
      vertex 5.75959 5.61852 16
      vertex 5.75959 6.38148 16
    endloop
  endfacet
  facet normal 0 0 1
    outer loop
      vertex 5.65114 6.54637 16
      vertex 5.65114 5.45363 16
      vertex 5.75959 5.61852 16
    endloop
  endfacet
  facet normal 0 0 1
    outer loop
      vertex 5.50758 6.6818 16
      vertex 5.65114 5.45363 16
      vertex 5.65114 6.54637 16
    endloop
  endfacet
  facet normal 0 0 1
    outer loop
      vertex 5.50758 6.6818 16
      vertex 5.50758 5.31819 16
      vertex 5.65114 5.45363 16
    endloop
  endfacet
  facet normal 0 0 1
    outer loop
      vertex 5.33667 6.78048 16
      vertex 5.50758 5.31819 16
      vertex 5.50758 6.6818 16
    endloop
  endfacet
  facet normal 0 0 1
    outer loop
      vertex 5.33667 6.78048 16
      vertex 5.33667 5.21952 16
      vertex 5.50758 5.31819 16
    endloop
  endfacet
  facet normal 0 0 1
    outer loop
      vertex 5.1476 6.83709 16
      vertex 5.33667 5.21952 16
      vertex 5.33667 6.78048 16
    endloop
  endfacet
  facet normal 0 0 1
    outer loop
      vertex 5.1476 6.83709 16
      vertex 5.1476 5.16291 16
      vertex 5.33667 5.21952 16
    endloop
  endfacet
  facet normal 0 0 1
    outer loop
      vertex 4.95058 6.84856 16
      vertex 5.1476 5.16291 16
      vertex 5.1476 6.83709 16
    endloop
  endfacet
  facet normal 0 0 1
    outer loop
      vertex 4.95058 6.84856 16
      vertex 4.95058 5.15144 16
      vertex 5.1476 5.16291 16
    endloop
  endfacet
  facet normal -0 0 1
    outer loop
      vertex 4.75622 6.81429 16
      vertex 4.95058 5.15144 16
      vertex 4.95058 6.84856 16
    endloop
  endfacet
  facet normal 0 0 1
    outer loop
      vertex 4.75622 6.81429 16
      vertex 4.75622 5.18571 16
      vertex 4.95058 5.15144 16
    endloop
  endfacet
  facet normal -0 0 1
    outer loop
      vertex 4.575 6.73612 16
      vertex 4.75622 5.18571 16
      vertex 4.75622 6.81429 16
    endloop
  endfacet
  facet normal 0 0 1
    outer loop
      vertex 4.575 6.73612 16
      vertex 4.575 5.26388 16
      vertex 4.75622 5.18571 16
    endloop
  endfacet
  facet normal -0 0 1
    outer loop
      vertex 4.41669 6.61827 16
      vertex 4.575 5.26388 16
      vertex 4.575 6.73612 16
    endloop
  endfacet
  facet normal 0 0 1
    outer loop
      vertex 4.41669 6.61827 16
      vertex 4.41669 5.38173 16
      vertex 4.575 5.26388 16
    endloop
  endfacet
  facet normal -0 0 1
    outer loop
      vertex 4.28983 6.46708 16
      vertex 4.41669 5.38173 16
      vertex 4.41669 6.61827 16
    endloop
  endfacet
  facet normal 0 0 1
    outer loop
      vertex 4.28983 6.46708 16
      vertex 4.28983 5.53292 16
      vertex 4.41669 5.38173 16
    endloop
  endfacet
  facet normal -0 0 1
    outer loop
      vertex 4.20126 6.29072 16
      vertex 4.28983 5.53292 16
      vertex 4.28983 6.46708 16
    endloop
  endfacet
  facet normal 0 0 1
    outer loop
      vertex 4.20126 6.29072 16
      vertex 4.20126 5.70928 16
      vertex 4.28983 5.53292 16
    endloop
  endfacet
  facet normal -0 0 1
    outer loop
      vertex 4.15575 6.09868 16
      vertex 4.20126 5.70928 16
      vertex 4.20126 6.29072 16
    endloop
  endfacet
  facet normal 0 0 1
    outer loop
      vertex 4.20126 5.70928 16
      vertex 4.15575 6.09868 16
      vertex 4.15575 5.90132 16
    endloop
  endfacet
  facet normal 0.766053 0.642777 0
    outer loop
      vertex 4.41669 5.38173 22
      vertex 4.28983 5.53292 16
      vertex 4.28983 5.53292 22
    endloop
  endfacet
  facet normal 0.766053 0.642777 0
    outer loop
      vertex 4.28983 5.53292 16
      vertex 4.41669 5.38173 22
      vertex 4.41669 5.38173 16
    endloop
  endfacet
endsolid OpenSCAD_Model
