solid OpenSCAD_Model
  facet normal 0 0.926283 0.376829
    outer loop
      vertex -15.8 7.44699 36.6778
      vertex -18.8 7.37181 36.8626
      vertex -15.8 7.37181 36.8626
    endloop
  endfacet
  facet normal 0 0.926283 0.376829
    outer loop
      vertex -18.8 7.37181 36.8626
      vertex -15.8 7.44699 36.6778
      vertex -18.8 7.44699 36.6778
    endloop
  endfacet
  facet normal 0 -1 0
    outer loop
      vertex -18.8 -8 33.7551
      vertex -15.8 -8 6
      vertex -15.8 -8 33.7551
    endloop
  endfacet
  facet normal 0 -1 -0
    outer loop
      vertex -15.8 -8 6
      vertex -18.8 -8 0
      vertex 15.8 -8 6
    endloop
  endfacet
  facet normal 0 -1 0
    outer loop
      vertex -18.8 -8 0
      vertex -15.8 -8 6
      vertex -18.8 -8 33.7551
    endloop
  endfacet
  facet normal 0 -1 0
    outer loop
      vertex 15.8 -8 6
      vertex 18.8 -8 33.7551
      vertex 15.8 -8 33.7551
    endloop
  endfacet
  facet normal 0 -1 0
    outer loop
      vertex 15.8 -8 6
      vertex 18.8 -8 0
      vertex 18.8 -8 33.7551
    endloop
  endfacet
  facet normal 0 -1 0
    outer loop
      vertex 18.8 -8 0
      vertex 15.8 -8 6
      vertex -18.8 -8 0
    endloop
  endfacet
  facet normal -0 0.258711 0.965955
    outer loop
      vertex -18.8 2.16672 41.4561
      vertex -15.8 1.97406 41.5077
      vertex -15.8 2.16672 41.4561
    endloop
  endfacet
  facet normal 0 0.258711 0.965955
    outer loop
      vertex -15.8 1.97406 41.5077
      vertex -18.8 2.16672 41.4561
      vertex -18.8 1.97406 41.5077
    endloop
  endfacet
  facet normal 0 0 -1
    outer loop
      vertex 18.8 -8 0
      vertex 2 0 0
      vertex 18.8 8 0
    endloop
  endfacet
  facet normal 0 0 -1
    outer loop
      vertex 18.8 -8 0
      vertex 1.99006 -0.199135 0
      vertex 2 0 0
    endloop
  endfacet
  facet normal 0 0 -1
    outer loop
      vertex 18.8 -8 0
      vertex 1.96034 -0.396292 0
      vertex 1.99006 -0.199135 0
    endloop
  endfacet
  facet normal 0 0 -1
    outer loop
      vertex 18.8 -8 0
      vertex 1.91115 -0.58951 0
      vertex 1.96034 -0.396292 0
    endloop
  endfacet
  facet normal 0 0 -1
    outer loop
      vertex 18.8 -8 0
      vertex 1.84295 -0.776869 0
      vertex 1.91115 -0.58951 0
    endloop
  endfacet
  facet normal 0 0 -1
    outer loop
      vertex 18.8 -8 0
      vertex 1.75644 -0.956508 0
      vertex 1.84295 -0.776869 0
    endloop
  endfacet
  facet normal 0 0 -1
    outer loop
      vertex 18.8 -8 0
      vertex 1.65248 -1.12664 0
      vertex 1.75644 -0.956508 0
    endloop
  endfacet
  facet normal 0 0 -1
    outer loop
      vertex 18.8 -8 0
      vertex 1.53209 -1.28557 0
      vertex 1.65248 -1.12664 0
    endloop
  endfacet
  facet normal 0 0 -1
    outer loop
      vertex 18.8 -8 0
      vertex 1.39647 -1.43173 0
      vertex 1.53209 -1.28557 0
    endloop
  endfacet
  facet normal 0 0 -1
    outer loop
      vertex 18.8 -8 0
      vertex 1.24698 -1.56366 0
      vertex 1.39647 -1.43173 0
    endloop
  endfacet
  facet normal 0 0 -1
    outer loop
      vertex 18.8 -8 0
      vertex 1.08509 -1.68005 0
      vertex 1.24698 -1.56366 0
    endloop
  endfacet
  facet normal 0 0 -1
    outer loop
      vertex 18.8 -8 0
      vertex 0.912421 -1.77974 0
      vertex 1.08509 -1.68005 0
    endloop
  endfacet
  facet normal 0 0 -1
    outer loop
      vertex 18.8 -8 0
      vertex 0.730681 -1.86175 0
      vertex 0.912421 -1.77974 0
    endloop
  endfacet
  facet normal 0 0 -1
    outer loop
      vertex 18.8 -8 0
      vertex 0.54168 -1.92525 0
      vertex 0.730681 -1.86175 0
    endloop
  endfacet
  facet normal 0 0 -1
    outer loop
      vertex 18.8 -8 0
      vertex 0.347296 -1.96961 0
      vertex 0.54168 -1.92525 0
    endloop
  endfacet
  facet normal 0 0 -1
    outer loop
      vertex 18.8 -8 0
      vertex 0.14946 -1.99441 0
      vertex 0.347296 -1.96961 0
    endloop
  endfacet
  facet normal 0 0 -1
    outer loop
      vertex 18.8 -8 0
      vertex -0.049861 -1.99938 0
      vertex 0.14946 -1.99441 0
    endloop
  endfacet
  facet normal 0 0 -1
    outer loop
      vertex -18.8 -8 0
      vertex -0.049861 -1.99938 0
      vertex 18.8 -8 0
    endloop
  endfacet
  facet normal -0 0 -1
    outer loop
      vertex -0.049861 -1.99938 0
      vertex -18.8 -8 0
      vertex -0.248687 -1.98448 0
    endloop
  endfacet
  facet normal -0 0 -1
    outer loop
      vertex -0.248687 -1.98448 0
      vertex -18.8 -8 0
      vertex -0.445042 -1.94986 0
    endloop
  endfacet
  facet normal -0 0 -1
    outer loop
      vertex -1.99751 -0.0996914 0
      vertex -18.8 -8 0
      vertex -1.99751 0.0996914 0
    endloop
  endfacet
  facet normal -0 0 -1
    outer loop
      vertex -1.97766 -0.298084 0
      vertex -18.8 -8 0
      vertex -1.99751 -0.0996914 0
    endloop
  endfacet
  facet normal -0 0 -1
    outer loop
      vertex -1.93815 -0.493514 0
      vertex -18.8 -8 0
      vertex -1.97766 -0.298084 0
    endloop
  endfacet
  facet normal -0 0 -1
    outer loop
      vertex -1.87938 -0.68404 0
      vertex -18.8 -8 0
      vertex -1.93815 -0.493514 0
    endloop
  endfacet
  facet normal -0 0 -1
    outer loop
      vertex -1.80194 -0.867767 0
      vertex -18.8 -8 0
      vertex -1.87938 -0.68404 0
    endloop
  endfacet
  facet normal -0 0 -1
    outer loop
      vertex -1.70658 -1.04287 0
      vertex -18.8 -8 0
      vertex -1.80194 -0.867767 0
    endloop
  endfacet
  facet normal -0 0 -1
    outer loop
      vertex -1.59426 -1.20761 0
      vertex -18.8 -8 0
      vertex -1.70658 -1.04287 0
    endloop
  endfacet
  facet normal -0 0 -1
    outer loop
      vertex -1.4661 -1.36034 0
      vertex -18.8 -8 0
      vertex -1.59426 -1.20761 0
    endloop
  endfacet
  facet normal -0 0 -1
    outer loop
      vertex -1.32337 -1.49956 0
      vertex -18.8 -8 0
      vertex -1.4661 -1.36034 0
    endloop
  endfacet
  facet normal -0 0 -1
    outer loop
      vertex -1.16749 -1.62388 0
      vertex -18.8 -8 0
      vertex -1.32337 -1.49956 0
    endloop
  endfacet
  facet normal -0 0 -1
    outer loop
      vertex -1 -1.73205 0
      vertex -18.8 -8 0
      vertex -1.16749 -1.62388 0
    endloop
  endfacet
  facet normal -0 0 -1
    outer loop
      vertex -0.822574 -1.82301 0
      vertex -18.8 -8 0
      vertex -1 -1.73205 0
    endloop
  endfacet
  facet normal -0 0 -1
    outer loop
      vertex -0.636972 -1.89585 0
      vertex -18.8 -8 0
      vertex -0.822574 -1.82301 0
    endloop
  endfacet
  facet normal -0 0 -1
    outer loop
      vertex -0.445042 -1.94986 0
      vertex -18.8 -8 0
      vertex -0.636972 -1.89585 0
    endloop
  endfacet
  facet normal 0 0 -1
    outer loop
      vertex 1.99006 0.199135 0
      vertex 18.8 8 0
      vertex 2 0 0
    endloop
  endfacet
  facet normal 0 0 -1
    outer loop
      vertex 1.96034 0.396292 0
      vertex 18.8 8 0
      vertex 1.99006 0.199135 0
    endloop
  endfacet
  facet normal 0 0 -1
    outer loop
      vertex 1.91115 0.58951 0
      vertex 18.8 8 0
      vertex 1.96034 0.396292 0
    endloop
  endfacet
  facet normal 0 0 -1
    outer loop
      vertex 1.84295 0.776869 0
      vertex 18.8 8 0
      vertex 1.91115 0.58951 0
    endloop
  endfacet
  facet normal 0 0 -1
    outer loop
      vertex 1.75644 0.956508 0
      vertex 18.8 8 0
      vertex 1.84295 0.776869 0
    endloop
  endfacet
  facet normal 0 0 -1
    outer loop
      vertex 1.65248 1.12664 0
      vertex 18.8 8 0
      vertex 1.75644 0.956508 0
    endloop
  endfacet
  facet normal 0 0 -1
    outer loop
      vertex 1.53209 1.28557 0
      vertex 18.8 8 0
      vertex 1.65248 1.12664 0
    endloop
  endfacet
  facet normal 0 0 -1
    outer loop
      vertex 1.39647 1.43173 0
      vertex 18.8 8 0
      vertex 1.53209 1.28557 0
    endloop
  endfacet
  facet normal 0 0 -1
    outer loop
      vertex 1.24698 1.56366 0
      vertex 18.8 8 0
      vertex 1.39647 1.43173 0
    endloop
  endfacet
  facet normal 0 0 -1
    outer loop
      vertex 1.08509 1.68005 0
      vertex 18.8 8 0
      vertex 1.24698 1.56366 0
    endloop
  endfacet
  facet normal 0 0 -1
    outer loop
      vertex 0.912421 1.77974 0
      vertex 18.8 8 0
      vertex 1.08509 1.68005 0
    endloop
  endfacet
  facet normal 0 0 -1
    outer loop
      vertex 0.730681 1.86175 0
      vertex 18.8 8 0
      vertex 0.912421 1.77974 0
    endloop
  endfacet
  facet normal 0 0 -1
    outer loop
      vertex 0.54168 1.92525 0
      vertex 18.8 8 0
      vertex 0.730681 1.86175 0
    endloop
  endfacet
  facet normal 0 0 -1
    outer loop
      vertex 0.347296 1.96961 0
      vertex 18.8 8 0
      vertex 0.54168 1.92525 0
    endloop
  endfacet
  facet normal 0 0 -1
    outer loop
      vertex 0.14946 1.99441 0
      vertex 18.8 8 0
      vertex 0.347296 1.96961 0
    endloop
  endfacet
  facet normal 0 0 -1
    outer loop
      vertex -0.049861 1.99938 0
      vertex 18.8 8 0
      vertex 0.14946 1.99441 0
    endloop
  endfacet
  facet normal 0 0 -1
    outer loop
      vertex -18.8 8 0
      vertex -0.049861 1.99938 0
      vertex -0.248687 1.98448 0
    endloop
  endfacet
  facet normal 0 0 -1
    outer loop
      vertex -18.8 8 0
      vertex -0.248687 1.98448 0
      vertex -0.445042 1.94986 0
    endloop
  endfacet
  facet normal 0 0 -1
    outer loop
      vertex -18.8 8 0
      vertex -0.445042 1.94986 0
      vertex -0.636972 1.89585 0
    endloop
  endfacet
  facet normal 0 0 -1
    outer loop
      vertex -18.8 8 0
      vertex -1.99751 0.0996914 0
      vertex -18.8 -8 0
    endloop
  endfacet
  facet normal 0 0 -1
    outer loop
      vertex -1.99751 0.0996914 0
      vertex -18.8 8 0
      vertex -1.97766 0.298084 0
    endloop
  endfacet
  facet normal 0 0 -1
    outer loop
      vertex -1.97766 0.298084 0
      vertex -18.8 8 0
      vertex -1.93815 0.493514 0
    endloop
  endfacet
  facet normal 0 0 -1
    outer loop
      vertex -1.93815 0.493514 0
      vertex -18.8 8 0
      vertex -1.87938 0.68404 0
    endloop
  endfacet
  facet normal 0 0 -1
    outer loop
      vertex -1.87938 0.68404 0
      vertex -18.8 8 0
      vertex -1.80194 0.867767 0
    endloop
  endfacet
  facet normal 0 0 -1
    outer loop
      vertex -1.80194 0.867767 0
      vertex -18.8 8 0
      vertex -1.70658 1.04287 0
    endloop
  endfacet
  facet normal 0 0 -1
    outer loop
      vertex -1.70658 1.04287 0
      vertex -18.8 8 0
      vertex -1.59426 1.20761 0
    endloop
  endfacet
  facet normal 0 0 -1
    outer loop
      vertex -1.59426 1.20761 0
      vertex -18.8 8 0
      vertex -1.4661 1.36034 0
    endloop
  endfacet
  facet normal 0 0 -1
    outer loop
      vertex -1.4661 1.36034 0
      vertex -18.8 8 0
      vertex -1.32337 1.49956 0
    endloop
  endfacet
  facet normal 0 0 -1
    outer loop
      vertex -1.32337 1.49956 0
      vertex -18.8 8 0
      vertex -1.16749 1.62388 0
    endloop
  endfacet
  facet normal 0 0 -1
    outer loop
      vertex -0.049861 1.99938 0
      vertex -18.8 8 0
      vertex 18.8 8 0
    endloop
  endfacet
  facet normal 0 0 -1
    outer loop
      vertex -0.822574 1.82301 0
      vertex -18.8 8 0
      vertex -0.636972 1.89585 0
    endloop
  endfacet
  facet normal 0 0 -1
    outer loop
      vertex -1 1.73205 0
      vertex -18.8 8 0
      vertex -0.822574 1.82301 0
    endloop
  endfacet
  facet normal 0 0 -1
    outer loop
      vertex -1.16749 1.62388 0
      vertex -18.8 8 0
      vertex -1 1.73205 0
    endloop
  endfacet
  facet normal 0 -0.916553 0.399914
    outer loop
      vertex -18.8 -7.37181 36.8626
      vertex -15.8 -7.29205 37.0454
      vertex -18.8 -7.29205 37.0454
    endloop
  endfacet
  facet normal 0 -0.916553 0.399914
    outer loop
      vertex -15.8 -7.29205 37.0454
      vertex -18.8 -7.37181 36.8626
      vertex -15.8 -7.37181 36.8626
    endloop
  endfacet
  facet normal 0 0.986899 0.161342
    outer loop
      vertex -15.8 7.91065 34.9474
      vertex -18.8 7.87846 35.1443
      vertex -15.8 7.87846 35.1443
    endloop
  endfacet
  facet normal 0 0.986899 0.161342
    outer loop
      vertex -18.8 7.87846 35.1443
      vertex -15.8 7.91065 34.9474
      vertex -18.8 7.91065 34.9474
    endloop
  endfacet
  facet normal 0 0.959168 0.282837
    outer loop
      vertex -15.8 7.70099 35.9218
      vertex -18.8 7.64458 36.1131
      vertex -15.8 7.64458 36.1131
    endloop
  endfacet
  facet normal 0 0.959168 0.282837
    outer loop
      vertex -18.8 7.64458 36.1131
      vertex -15.8 7.70099 35.9218
      vertex -18.8 7.70099 35.9218
    endloop
  endfacet
  facet normal 0 1 0
    outer loop
      vertex 18.8 8 33.7551
      vertex 15.8 8 6
      vertex 15.8 8 33.7551
    endloop
  endfacet
  facet normal 0 1 0
    outer loop
      vertex 15.8 8 6
      vertex 18.8 8 0
      vertex -15.8 8 6
    endloop
  endfacet
  facet normal 0 1 -0
    outer loop
      vertex 18.8 8 0
      vertex 15.8 8 6
      vertex 18.8 8 33.7551
    endloop
  endfacet
  facet normal 0 1 -0
    outer loop
      vertex -15.8 8 6
      vertex -18.8 8 33.7551
      vertex -15.8 8 33.7551
    endloop
  endfacet
  facet normal 0 1 0
    outer loop
      vertex -15.8 8 6
      vertex -18.8 8 0
      vertex -18.8 8 33.7551
    endloop
  endfacet
  facet normal 0 1 0
    outer loop
      vertex -18.8 8 0
      vertex -15.8 8 6
      vertex 18.8 8 0
    endloop
  endfacet
  facet normal -0 0.136864 0.99059
    outer loop
      vertex -18.8 1.19234 41.6657
      vertex -15.8 0.994749 41.693
      vertex -15.8 1.19234 41.6657
    endloop
  endfacet
  facet normal 0 0.136864 0.99059
    outer loop
      vertex -15.8 0.994749 41.693
      vertex -18.8 1.19234 41.6657
      vertex -18.8 0.994749 41.693
    endloop
  endfacet
  facet normal 0 -0.895468 0.445127
    outer loop
      vertex -18.8 -7.20775 37.2262
      vertex -15.8 -7.11897 37.4048
      vertex -18.8 -7.11897 37.4048
    endloop
  endfacet
  facet normal 0 -0.895468 0.445127
    outer loop
      vertex -15.8 -7.11897 37.4048
      vertex -18.8 -7.20775 37.2262
      vertex -15.8 -7.20775 37.2262
    endloop
  endfacet
  facet normal 0 -0.789571 0.613659
    outer loop
      vertex -18.8 -6.37706 38.5855
      vertex -15.8 -6.25465 38.743
      vertex -18.8 -6.25465 38.743
    endloop
  endfacet
  facet normal 0 -0.789571 0.613659
    outer loop
      vertex -15.8 -6.25465 38.743
      vertex -18.8 -6.37706 38.5855
      vertex -15.8 -6.37706 38.5855
    endloop
  endfacet
  facet normal 0 0.724486 0.68929
    outer loop
      vertex -15.8 5.86441 39.1965
      vertex -18.8 5.72693 39.341
      vertex -15.8 5.72693 39.341
    endloop
  endfacet
  facet normal 0 0.724486 0.68929
    outer loop
      vertex -18.8 5.72693 39.341
      vertex -15.8 5.86441 39.1965
      vertex -18.8 5.86441 39.1965
    endloop
  endfacet
  facet normal 0 0.999303 0.037336
    outer loop
      vertex -15.8 7.99751 33.9545
      vertex -18.8 7.99006 34.1539
      vertex -15.8 7.99006 34.1539
    endloop
  endfacet
  facet normal 0 0.999303 0.037336
    outer loop
      vertex -18.8 7.99006 34.1539
      vertex -15.8 7.99751 33.9545
      vertex -18.8 7.99751 33.9545
    endloop
  endfacet
  facet normal -0 0.377002 0.926212
    outer loop
      vertex -18.8 3.10748 41.1269
      vertex -15.8 2.92273 41.2021
      vertex -15.8 3.10748 41.1269
    endloop
  endfacet
  facet normal 0 0.377002 0.926212
    outer loop
      vertex -15.8 2.92273 41.2021
      vertex -18.8 3.10748 41.1269
      vertex -18.8 2.92273 41.2021
    endloop
  endfacet
  facet normal 0 -0.999303 0.037336
    outer loop
      vertex -18.8 -7.99751 33.9545
      vertex -15.8 -7.99006 34.1539
      vertex -18.8 -7.99006 34.1539
    endloop
  endfacet
  facet normal 0 -0.999303 0.037336
    outer loop
      vertex -15.8 -7.99006 34.1539
      vertex -18.8 -7.99751 33.9545
      vertex -15.8 -7.99751 33.9545
    endloop
  endfacet
  facet normal 0 -0.993708 0.112005
    outer loop
      vertex -18.8 -7.96025 34.5516
      vertex -15.8 -7.93791 34.7498
      vertex -18.8 -7.93791 34.7498
    endloop
  endfacet
  facet normal 0 -0.993708 0.112005
    outer loop
      vertex -15.8 -7.93791 34.7498
      vertex -18.8 -7.96025 34.5516
      vertex -15.8 -7.96025 34.5516
    endloop
  endfacet
  facet normal 0 -0.757992 0.652264
    outer loop
      vertex -18.8 -6.12836 38.8974
      vertex -15.8 -5.99825 39.0486
      vertex -18.8 -5.99825 39.0486
    endloop
  endfacet
  facet normal 0 -0.757992 0.652264
    outer loop
      vertex -15.8 -5.99825 39.0486
      vertex -18.8 -6.12836 38.8974
      vertex -15.8 -6.12836 38.8974
    endloop
  endfacet
  facet normal 0 -0.859763 0.510694
    outer loop
      vertex -18.8 -6.9282 37.7551
      vertex -15.8 -6.82633 37.9266
      vertex -18.8 -6.82633 37.9266
    endloop
  endfacet
  facet normal 0 -0.859763 0.510694
    outer loop
      vertex -15.8 -6.82633 37.9266
      vertex -18.8 -6.9282 37.7551
      vertex -15.8 -6.9282 37.7551
    endloop
  endfacet
  facet normal 0 -0.724486 0.68929
    outer loop
      vertex -18.8 -5.86441 39.1965
      vertex -15.8 -5.72693 39.341
      vertex -18.8 -5.72693 39.341
    endloop
  endfacet
  facet normal 0 -0.724486 0.68929
    outer loop
      vertex -15.8 -5.72693 39.341
      vertex -18.8 -5.86441 39.1965
      vertex -15.8 -5.86441 39.1965
    endloop
  endfacet
  facet normal 0 -0.996196 0.0871359
    outer loop
      vertex -18.8 -7.97763 34.3529
      vertex -15.8 -7.96025 34.5516
      vertex -18.8 -7.96025 34.5516
    endloop
  endfacet
  facet normal 0 -0.996196 0.0871359
    outer loop
      vertex -15.8 -7.96025 34.5516
      vertex -18.8 -7.97763 34.3529
      vertex -15.8 -7.97763 34.3529
    endloop
  endfacet
  facet normal 0 -0.977623 0.210364
    outer loop
      vertex -18.8 -7.84138 35.3403
      vertex -15.8 -7.79942 35.5353
      vertex -18.8 -7.79942 35.5353
    endloop
  endfacet
  facet normal 0 -0.977623 0.210364
    outer loop
      vertex -15.8 -7.79942 35.5353
      vertex -18.8 -7.84138 35.3403
      vertex -15.8 -7.84138 35.3403
    endloop
  endfacet
  facet normal 0 -0.234636 0.972083
    outer loop
      vertex -18.8 -1.78017 41.5545
      vertex -15.8 -1.97406 41.5077
      vertex -15.8 -1.78017 41.5545
    endloop
  endfacet
  facet normal 0 -0.234636 0.972083
    outer loop
      vertex -15.8 -1.97406 41.5077
      vertex -18.8 -1.78017 41.5545
      vertex -18.8 -1.97406 41.5077
    endloop
  endfacet
  facet normal 0 0.895468 0.445127
    outer loop
      vertex -15.8 7.20775 37.2262
      vertex -18.8 7.11897 37.4048
      vertex -15.8 7.11897 37.4048
    endloop
  endfacet
  facet normal 0 0.895468 0.445127
    outer loop
      vertex -18.8 7.11897 37.4048
      vertex -15.8 7.20775 37.2262
      vertex -18.8 7.20775 37.2262
    endloop
  endfacet
  facet normal 0 -0.258711 0.965955
    outer loop
      vertex -18.8 -1.97406 41.5077
      vertex -15.8 -2.16672 41.4561
      vertex -15.8 -1.97406 41.5077
    endloop
  endfacet
  facet normal 0 -0.258711 0.965955
    outer loop
      vertex -15.8 -2.16672 41.4561
      vertex -18.8 -1.97406 41.5077
      vertex -18.8 -2.16672 41.4561
    endloop
  endfacet
  facet normal 0 0.943897 0.330239
    outer loop
      vertex -15.8 7.58342 36.303
      vertex -18.8 7.51754 36.4913
      vertex -15.8 7.51754 36.4913
    endloop
  endfacet
  facet normal 0 0.943897 0.330239
    outer loop
      vertex -18.8 7.51754 36.4913
      vertex -15.8 7.58342 36.303
      vertex -18.8 7.58342 36.303
    endloop
  endfacet
  facet normal -0 0.573553 0.819168
    outer loop
      vertex -18.8 4.66995 40.2506
      vertex -15.8 4.50656 40.365
      vertex -15.8 4.66995 40.2506
    endloop
  endfacet
  facet normal 0 0.573553 0.819168
    outer loop
      vertex -15.8 4.50656 40.365
      vertex -18.8 4.66995 40.2506
      vertex -18.8 4.50656 40.365
    endloop
  endfacet
  facet normal -0 0.0125338 0.999921
    outer loop
      vertex -18.8 0.199445 41.7526
      vertex -15.8 0 41.7551
      vertex -15.8 0.199445 41.7526
    endloop
  endfacet
  facet normal 0 0.0125338 0.999921
    outer loop
      vertex -15.8 0 41.7551
      vertex -18.8 0.199445 41.7526
      vertex -18.8 0 41.7551
    endloop
  endfacet
  facet normal 0 0.951852 0.306558
    outer loop
      vertex -15.8 7.64458 36.1131
      vertex -18.8 7.58342 36.303
      vertex -15.8 7.58342 36.303
    endloop
  endfacet
  facet normal 0 0.951852 0.306558
    outer loop
      vertex -18.8 7.58342 36.303
      vertex -15.8 7.64458 36.1131
      vertex -18.8 7.64458 36.1131
    endloop
  endfacet
  facet normal 0 -0.982571 0.185886
    outer loop
      vertex -18.8 -7.87846 35.1443
      vertex -15.8 -7.84138 35.3403
      vertex -18.8 -7.84138 35.3403
    endloop
  endfacet
  facet normal 0 -0.982571 0.185886
    outer loop
      vertex -15.8 -7.84138 35.3403
      vertex -18.8 -7.87846 35.1443
      vertex -15.8 -7.87846 35.1443
    endloop
  endfacet
  facet normal -0 0.489278 0.872128
    outer loop
      vertex -18.8 4 40.6833
      vertex -15.8 3.82603 40.7809
      vertex -15.8 4 40.6833
    endloop
  endfacet
  facet normal 0 0.489278 0.872128
    outer loop
      vertex -15.8 3.82603 40.7809
      vertex -18.8 4 40.6833
      vertex -18.8 3.82603 40.7809
    endloop
  endfacet
  facet normal 0 -0.0872345 0.996188
    outer loop
      vertex -18.8 -0.59784 41.7327
      vertex -15.8 -0.796542 41.7153
      vertex -15.8 -0.59784 41.7327
    endloop
  endfacet
  facet normal 0 -0.0872345 0.996188
    outer loop
      vertex -15.8 -0.796542 41.7153
      vertex -18.8 -0.59784 41.7327
      vertex -18.8 -0.796542 41.7153
    endloop
  endfacet
  facet normal 0 0.977623 0.210364
    outer loop
      vertex -15.8 7.84138 35.3403
      vertex -18.8 7.79942 35.5353
      vertex -15.8 7.79942 35.5353
    endloop
  endfacet
  facet normal 0 0.977623 0.210364
    outer loop
      vertex -18.8 7.79942 35.5353
      vertex -15.8 7.84138 35.3403
      vertex -18.8 7.84138 35.3403
    endloop
  endfacet
  facet normal 0 -0.552987 0.83319
    outer loop
      vertex -18.8 -4.34037 40.4753
      vertex -15.8 -4.50656 40.365
      vertex -15.8 -4.34037 40.4753
    endloop
  endfacet
  facet normal 0 -0.552987 0.83319
    outer loop
      vertex -15.8 -4.50656 40.365
      vertex -18.8 -4.34037 40.4753
      vertex -18.8 -4.50656 40.365
    endloop
  endfacet
  facet normal 0 -0.633205 0.773984
    outer loop
      vertex -18.8 -4.98792 40.0097
      vertex -15.8 -5.1423 39.8834
      vertex -15.8 -4.98792 40.0097
    endloop
  endfacet
  facet normal 0 -0.633205 0.773984
    outer loop
      vertex -15.8 -5.1423 39.8834
      vertex -18.8 -4.98792 40.0097
      vertex -18.8 -5.1423 39.8834
    endloop
  endfacet
  facet normal -0 0.400046 0.916495
    outer loop
      vertex -18.8 3.2903 41.0471
      vertex -15.8 3.10748 41.1269
      vertex -15.8 3.2903 41.0471
    endloop
  endfacet
  facet normal 0 0.400046 0.916495
    outer loop
      vertex -15.8 3.10748 41.1269
      vertex -18.8 3.2903 41.0471
      vertex -18.8 3.10748 41.1269
    endloop
  endfacet
  facet normal -0 0.330375 0.94385
    outer loop
      vertex -18.8 2.73616 41.2726
      vertex -15.8 2.54789 41.3385
      vertex -15.8 2.73616 41.2726
    endloop
  endfacet
  facet normal 0 0.330375 0.94385
    outer loop
      vertex -15.8 2.54789 41.3385
      vertex -18.8 2.73616 41.2726
      vertex -18.8 2.54789 41.3385
    endloop
  endfacet
  facet normal -0 0.613965 0.789333
    outer loop
      vertex -18.8 4.98792 40.0097
      vertex -15.8 4.83043 40.1322
      vertex -15.8 4.98792 40.0097
    endloop
  endfacet
  facet normal 0 0.613965 0.789333
    outer loop
      vertex -15.8 4.83043 40.1322
      vertex -18.8 4.98792 40.0097
      vertex -18.8 4.83043 40.1322
    endloop
  endfacet
  facet normal -0 0.552987 0.83319
    outer loop
      vertex -18.8 4.50656 40.365
      vertex -15.8 4.34037 40.4753
      vertex -15.8 4.50656 40.365
    endloop
  endfacet
  facet normal 0 0.552987 0.83319
    outer loop
      vertex -15.8 4.34037 40.4753
      vertex -18.8 4.50656 40.365
      vertex -18.8 4.34037 40.4753
    endloop
  endfacet
  facet normal -0 0.306812 0.95177
    outer loop
      vertex -18.8 2.54789 41.3385
      vertex -15.8 2.35804 41.3997
      vertex -15.8 2.54789 41.3385
    endloop
  endfacet
  facet normal 0 0.306812 0.95177
    outer loop
      vertex -15.8 2.35804 41.3997
      vertex -18.8 2.54789 41.3385
      vertex -18.8 2.35804 41.3997
    endloop
  endfacet
  facet normal 0 -0.510849 0.85967
    outer loop
      vertex -18.8 -4 40.6833
      vertex -15.8 -4.17148 40.5814
      vertex -15.8 -4 40.6833
    endloop
  endfacet
  facet normal 0 -0.510849 0.85967
    outer loop
      vertex -15.8 -4.17148 40.5814
      vertex -18.8 -4 40.6833
      vertex -18.8 -4.17148 40.5814
    endloop
  endfacet
  facet normal -0 0.593692 0.804693
    outer loop
      vertex -18.8 4.83043 40.1322
      vertex -15.8 4.66995 40.2506
      vertex -15.8 4.83043 40.1322
    endloop
  endfacet
  facet normal 0 0.593692 0.804693
    outer loop
      vertex -15.8 4.66995 40.2506
      vertex -18.8 4.83043 40.1322
      vertex -18.8 4.66995 40.2506
    endloop
  endfacet
  facet normal 0 -0.282763 0.95919
    outer loop
      vertex -18.8 -2.16672 41.4561
      vertex -15.8 -2.35804 41.3997
      vertex -15.8 -2.16672 41.4561
    endloop
  endfacet
  facet normal 0 -0.282763 0.95919
    outer loop
      vertex -15.8 -2.35804 41.3997
      vertex -18.8 -2.16672 41.4561
      vertex -18.8 -2.35804 41.3997
    endloop
  endfacet
  facet normal 0 -0.613965 0.789333
    outer loop
      vertex -18.8 -4.83043 40.1322
      vertex -15.8 -4.98792 40.0097
      vertex -15.8 -4.83043 40.1322
    endloop
  endfacet
  facet normal 0 -0.613965 0.789333
    outer loop
      vertex -15.8 -4.98792 40.0097
      vertex -18.8 -4.83043 40.1322
      vertex -18.8 -4.98792 40.0097
    endloop
  endfacet
  facet normal 0 -0.951852 0.306558
    outer loop
      vertex -18.8 -7.64458 36.1131
      vertex -15.8 -7.58342 36.303
      vertex -18.8 -7.58342 36.303
    endloop
  endfacet
  facet normal 0 -0.951852 0.306558
    outer loop
      vertex -15.8 -7.58342 36.303
      vertex -18.8 -7.64458 36.1131
      vertex -15.8 -7.64458 36.1131
    endloop
  endfacet
  facet normal 0 -0.111803 0.99373
    outer loop
      vertex -18.8 -0.796542 41.7153
      vertex -15.8 -0.994749 41.693
      vertex -15.8 -0.796542 41.7153
    endloop
  endfacet
  facet normal 0 -0.111803 0.99373
    outer loop
      vertex -15.8 -0.994749 41.693
      vertex -18.8 -0.796542 41.7153
      vertex -18.8 -0.994749 41.693
    endloop
  endfacet
  facet normal -0 0.65226 0.757995
    outer loop
      vertex -18.8 5.29349 39.7533
      vertex -15.8 5.1423 39.8834
      vertex -15.8 5.29349 39.7533
    endloop
  endfacet
  facet normal 0 0.65226 0.757995
    outer loop
      vertex -15.8 5.1423 39.8834
      vertex -18.8 5.29349 39.7533
      vertex -18.8 5.1423 39.8834
    endloop
  endfacet
  facet normal 0 -0.872228 0.489099
    outer loop
      vertex -18.8 -7.02577 37.5811
      vertex -15.8 -6.9282 37.7551
      vertex -18.8 -6.9282 37.7551
    endloop
  endfacet
  facet normal 0 -0.872228 0.489099
    outer loop
      vertex -15.8 -6.9282 37.7551
      vertex -18.8 -7.02577 37.5811
      vertex -15.8 -7.02577 37.5811
    endloop
  endfacet
  facet normal 0 -0.998055 0.0623408
    outer loop
      vertex -18.8 -7.99006 34.1539
      vertex -15.8 -7.97763 34.3529
      vertex -18.8 -7.97763 34.3529
    endloop
  endfacet
  facet normal 0 -0.998055 0.0623408
    outer loop
      vertex -15.8 -7.97763 34.3529
      vertex -18.8 -7.99006 34.1539
      vertex -15.8 -7.99006 34.1539
    endloop
  endfacet
  facet normal -0 0.0872345 0.996188
    outer loop
      vertex -18.8 0.796542 41.7153
      vertex -15.8 0.59784 41.7327
      vertex -15.8 0.796542 41.7153
    endloop
  endfacet
  facet normal 0 0.0872345 0.996188
    outer loop
      vertex -15.8 0.59784 41.7327
      vertex -18.8 0.796542 41.7153
      vertex -18.8 0.59784 41.7327
    endloop
  endfacet
  facet normal 0 -0.210556 0.977582
    outer loop
      vertex -18.8 -1.58517 41.5965
      vertex -15.8 -1.78017 41.5545
      vertex -15.8 -1.58517 41.5965
    endloop
  endfacet
  facet normal 0 -0.210556 0.977582
    outer loop
      vertex -15.8 -1.78017 41.5545
      vertex -18.8 -1.58517 41.5965
      vertex -18.8 -1.78017 41.5545
    endloop
  endfacet
  facet normal -0 0.689317 0.72446
    outer loop
      vertex -18.8 5.58589 39.482
      vertex -15.8 5.44138 39.6195
      vertex -15.8 5.58589 39.482
    endloop
  endfacet
  facet normal 0 0.689317 0.72446
    outer loop
      vertex -15.8 5.44138 39.6195
      vertex -18.8 5.58589 39.482
      vertex -18.8 5.44138 39.6195
    endloop
  endfacet
  facet normal -0 0.35348 0.935442
    outer loop
      vertex -18.8 2.92273 41.2021
      vertex -15.8 2.73616 41.2726
      vertex -15.8 2.92273 41.2021
    endloop
  endfacet
  facet normal 0 0.35348 0.935442
    outer loop
      vertex -15.8 2.73616 41.2726
      vertex -18.8 2.92273 41.2021
      vertex -18.8 2.73616 41.2726
    endloop
  endfacet
  facet normal 0 0.972086 0.234624
    outer loop
      vertex -15.8 7.79942 35.5353
      vertex -18.8 7.75262 35.7292
      vertex -15.8 7.75262 35.7292
    endloop
  endfacet
  facet normal 0 0.972086 0.234624
    outer loop
      vertex -18.8 7.75262 35.7292
      vertex -15.8 7.79942 35.5353
      vertex -18.8 7.79942 35.5353
    endloop
  endfacet
  facet normal 0 0.833205 0.552964
    outer loop
      vertex -15.8 6.72021 38.0955
      vertex -18.8 6.60991 38.2617
      vertex -15.8 6.60991 38.2617
    endloop
  endfacet
  facet normal 0 0.833205 0.552964
    outer loop
      vertex -18.8 6.60991 38.2617
      vertex -15.8 6.72021 38.0955
      vertex -18.8 6.72021 38.0955
    endloop
  endfacet
  facet normal 0 -0.0376009 0.999293
    outer loop
      vertex -18.8 -0.199445 41.7526
      vertex -15.8 -0.398767 41.7451
      vertex -15.8 -0.199445 41.7526
    endloop
  endfacet
  facet normal 0 -0.0376009 0.999293
    outer loop
      vertex -15.8 -0.398767 41.7451
      vertex -18.8 -0.199445 41.7526
      vertex -18.8 -0.398767 41.7451
    endloop
  endfacet
  facet normal 0 -0.185992 0.982551
    outer loop
      vertex -18.8 -1.38918 41.6336
      vertex -15.8 -1.58517 41.5965
      vertex -15.8 -1.38918 41.6336
    endloop
  endfacet
  facet normal 0 -0.185992 0.982551
    outer loop
      vertex -15.8 -1.58517 41.5965
      vertex -18.8 -1.38918 41.6336
      vertex -18.8 -1.58517 41.5965
    endloop
  endfacet
  facet normal 0 0.998055 0.0623408
    outer loop
      vertex -15.8 7.99006 34.1539
      vertex -18.8 7.97763 34.3529
      vertex -15.8 7.97763 34.3529
    endloop
  endfacet
  facet normal 0 0.998055 0.0623408
    outer loop
      vertex -18.8 7.97763 34.3529
      vertex -15.8 7.99006 34.1539
      vertex -18.8 7.99006 34.1539
    endloop
  endfacet
  facet normal -0 0.531958 0.846771
    outer loop
      vertex -18.8 4.34037 40.4753
      vertex -15.8 4.17148 40.5814
      vertex -15.8 4.34037 40.4753
    endloop
  endfacet
  facet normal 0 0.531958 0.846771
    outer loop
      vertex -15.8 4.17148 40.5814
      vertex -18.8 4.34037 40.4753
      vertex -18.8 4.17148 40.5814
    endloop
  endfacet
  facet normal -0 0.670899 0.741549
    outer loop
      vertex -18.8 5.44138 39.6195
      vertex -15.8 5.29349 39.7533
      vertex -15.8 5.44138 39.6195
    endloop
  endfacet
  facet normal 0 0.670899 0.741549
    outer loop
      vertex -15.8 5.29349 39.7533
      vertex -18.8 5.44138 39.6195
      vertex -18.8 5.29349 39.7533
    endloop
  endfacet
  facet normal 0 -0.670899 0.741549
    outer loop
      vertex -18.8 -5.29349 39.7533
      vertex -15.8 -5.44138 39.6195
      vertex -15.8 -5.29349 39.7533
    endloop
  endfacet
  facet normal 0 -0.670899 0.741549
    outer loop
      vertex -15.8 -5.44138 39.6195
      vertex -18.8 -5.29349 39.7533
      vertex -18.8 -5.44138 39.6195
    endloop
  endfacet
  facet normal 0 -0.65226 0.757995
    outer loop
      vertex -18.8 -5.1423 39.8834
      vertex -15.8 -5.29349 39.7533
      vertex -15.8 -5.1423 39.8834
    endloop
  endfacet
  facet normal 0 -0.65226 0.757995
    outer loop
      vertex -15.8 -5.29349 39.7533
      vertex -18.8 -5.1423 39.8834
      vertex -18.8 -5.29349 39.7533
    endloop
  endfacet
  facet normal 0 -0.0621682 0.998066
    outer loop
      vertex -18.8 -0.398767 41.7451
      vertex -15.8 -0.59784 41.7327
      vertex -15.8 -0.398767 41.7451
    endloop
  endfacet
  facet normal 0 -0.0621682 0.998066
    outer loop
      vertex -15.8 -0.59784 41.7327
      vertex -18.8 -0.398767 41.7451
      vertex -18.8 -0.59784 41.7327
    endloop
  endfacet
  facet normal 0 -0.136864 0.99059
    outer loop
      vertex -18.8 -0.994749 41.693
      vertex -15.8 -1.19234 41.6657
      vertex -15.8 -0.994749 41.693
    endloop
  endfacet
  facet normal 0 -0.136864 0.99059
    outer loop
      vertex -15.8 -1.19234 41.6657
      vertex -18.8 -0.994749 41.693
      vertex -18.8 -1.19234 41.6657
    endloop
  endfacet
  facet normal 0 0.999922 0.0124865
    outer loop
      vertex -15.8 8 33.7551
      vertex -18.8 7.99751 33.9545
      vertex -15.8 7.99751 33.9545
    endloop
  endfacet
  facet normal 0 0.999922 0.0124865
    outer loop
      vertex -18.8 7.99751 33.9545
      vertex -15.8 8 33.7551
      vertex -18.8 8 33.7551
    endloop
  endfacet
  facet normal 0 -0.531958 0.846771
    outer loop
      vertex -18.8 -4.17148 40.5814
      vertex -15.8 -4.34037 40.4753
      vertex -15.8 -4.17148 40.5814
    endloop
  endfacet
  facet normal 0 -0.531958 0.846771
    outer loop
      vertex -15.8 -4.34037 40.4753
      vertex -18.8 -4.17148 40.5814
      vertex -18.8 -4.34037 40.4753
    endloop
  endfacet
  facet normal -0 0.210556 0.977582
    outer loop
      vertex -18.8 1.78017 41.5545
      vertex -15.8 1.58517 41.5965
      vertex -15.8 1.78017 41.5545
    endloop
  endfacet
  facet normal 0 0.210556 0.977582
    outer loop
      vertex -15.8 1.58517 41.5965
      vertex -18.8 1.78017 41.5545
      vertex -18.8 1.58517 41.5965
    endloop
  endfacet
  facet normal 0 0.993708 0.112005
    outer loop
      vertex -15.8 7.96025 34.5516
      vertex -18.8 7.93791 34.7498
      vertex -15.8 7.93791 34.7498
    endloop
  endfacet
  facet normal 0 0.993708 0.112005
    outer loop
      vertex -18.8 7.93791 34.7498
      vertex -15.8 7.96025 34.5516
      vertex -18.8 7.96025 34.5516
    endloop
  endfacet
  facet normal 0 -0.926283 0.376829
    outer loop
      vertex -18.8 -7.44699 36.6778
      vertex -15.8 -7.37181 36.8626
      vertex -18.8 -7.37181 36.8626
    endloop
  endfacet
  facet normal 0 -0.926283 0.376829
    outer loop
      vertex -15.8 -7.37181 36.8626
      vertex -18.8 -7.44699 36.6778
      vertex -15.8 -7.44699 36.6778
    endloop
  endfacet
  facet normal 0 0.804632 0.593773
    outer loop
      vertex -15.8 6.4955 38.425
      vertex -18.8 6.37706 38.5855
      vertex -15.8 6.37706 38.5855
    endloop
  endfacet
  facet normal 0 0.804632 0.593773
    outer loop
      vertex -18.8 6.37706 38.5855
      vertex -15.8 6.4955 38.425
      vertex -18.8 6.4955 38.425
    endloop
  endfacet
  facet normal 0 0.757992 0.652264
    outer loop
      vertex -15.8 6.12836 38.8974
      vertex -18.8 5.99825 39.0486
      vertex -15.8 5.99825 39.0486
    endloop
  endfacet
  facet normal 0 0.757992 0.652264
    outer loop
      vertex -18.8 5.99825 39.0486
      vertex -15.8 6.12836 38.8974
      vertex -18.8 6.12836 38.8974
    endloop
  endfacet
  facet normal 0 0.84674 0.532007
    outer loop
      vertex -15.8 6.82633 37.9266
      vertex -18.8 6.72021 38.0955
      vertex -15.8 6.72021 38.0955
    endloop
  endfacet
  facet normal 0 0.84674 0.532007
    outer loop
      vertex -18.8 6.72021 38.0955
      vertex -15.8 6.82633 37.9266
      vertex -18.8 6.82633 37.9266
    endloop
  endfacet
  facet normal 0 -0.833205 0.552964
    outer loop
      vertex -18.8 -6.72021 38.0955
      vertex -15.8 -6.60991 38.2617
      vertex -18.8 -6.60991 38.2617
    endloop
  endfacet
  facet normal 0 -0.833205 0.552964
    outer loop
      vertex -15.8 -6.60991 38.2617
      vertex -18.8 -6.72021 38.0955
      vertex -15.8 -6.72021 38.0955
    endloop
  endfacet
  facet normal 0 -0.422641 0.906297
    outer loop
      vertex -18.8 -3.2903 41.0471
      vertex -15.8 -3.47107 40.9628
      vertex -15.8 -3.2903 41.0471
    endloop
  endfacet
  facet normal 0 -0.422641 0.906297
    outer loop
      vertex -15.8 -3.47107 40.9628
      vertex -18.8 -3.2903 41.0471
      vertex -18.8 -3.47107 40.9628
    endloop
  endfacet
  facet normal 0 -0.444785 0.895637
    outer loop
      vertex -18.8 -3.47107 40.9628
      vertex -15.8 -3.64968 40.8741
      vertex -15.8 -3.47107 40.9628
    endloop
  endfacet
  facet normal 0 -0.444785 0.895637
    outer loop
      vertex -15.8 -3.64968 40.8741
      vertex -18.8 -3.47107 40.9628
      vertex -18.8 -3.64968 40.8741
    endloop
  endfacet
  facet normal 0 -0.959168 0.282837
    outer loop
      vertex -18.8 -7.70099 35.9218
      vertex -15.8 -7.64458 36.1131
      vertex -18.8 -7.64458 36.1131
    endloop
  endfacet
  facet normal 0 -0.959168 0.282837
    outer loop
      vertex -15.8 -7.64458 36.1131
      vertex -18.8 -7.70099 35.9218
      vertex -15.8 -7.70099 35.9218
    endloop
  endfacet
  facet normal 0 0.859763 0.510694
    outer loop
      vertex -15.8 6.9282 37.7551
      vertex -18.8 6.82633 37.9266
      vertex -15.8 6.82633 37.9266
    endloop
  endfacet
  facet normal 0 0.859763 0.510694
    outer loop
      vertex -18.8 6.82633 37.9266
      vertex -15.8 6.9282 37.7551
      vertex -18.8 6.9282 37.7551
    endloop
  endfacet
  facet normal 0 0.906324 0.422584
    outer loop
      vertex -15.8 7.29205 37.0454
      vertex -18.8 7.20775 37.2262
      vertex -15.8 7.20775 37.2262
    endloop
  endfacet
  facet normal 0 0.906324 0.422584
    outer loop
      vertex -18.8 7.20775 37.2262
      vertex -15.8 7.29205 37.0454
      vertex -18.8 7.29205 37.0454
    endloop
  endfacet
  facet normal 0 0.982571 0.185886
    outer loop
      vertex -15.8 7.87846 35.1443
      vertex -18.8 7.84138 35.3403
      vertex -15.8 7.84138 35.3403
    endloop
  endfacet
  facet normal 0 0.982571 0.185886
    outer loop
      vertex -18.8 7.84138 35.3403
      vertex -15.8 7.87846 35.1443
      vertex -18.8 7.87846 35.1443
    endloop
  endfacet
  facet normal 0 -0.573553 0.819168
    outer loop
      vertex -18.8 -4.50656 40.365
      vertex -15.8 -4.66995 40.2506
      vertex -15.8 -4.50656 40.365
    endloop
  endfacet
  facet normal 0 -0.573553 0.819168
    outer loop
      vertex -15.8 -4.66995 40.2506
      vertex -18.8 -4.50656 40.365
      vertex -18.8 -4.66995 40.2506
    endloop
  endfacet
  facet normal 0 0.707006 0.707207
    outer loop
      vertex -15.8 5.72693 39.341
      vertex -18.8 5.58589 39.482
      vertex -15.8 5.58589 39.482
    endloop
  endfacet
  facet normal 0 0.707006 0.707207
    outer loop
      vertex -18.8 5.58589 39.482
      vertex -15.8 5.72693 39.341
      vertex -18.8 5.72693 39.341
    endloop
  endfacet
  facet normal 0 -0.593692 0.804693
    outer loop
      vertex -18.8 -4.66995 40.2506
      vertex -15.8 -4.83043 40.1322
      vertex -15.8 -4.66995 40.2506
    endloop
  endfacet
  facet normal 0 -0.593692 0.804693
    outer loop
      vertex -15.8 -4.83043 40.1322
      vertex -18.8 -4.66995 40.2506
      vertex -18.8 -4.83043 40.1322
    endloop
  endfacet
  facet normal 0 -0.986899 0.161342
    outer loop
      vertex -18.8 -7.91065 34.9474
      vertex -15.8 -7.87846 35.1443
      vertex -18.8 -7.87846 35.1443
    endloop
  endfacet
  facet normal 0 -0.986899 0.161342
    outer loop
      vertex -15.8 -7.87846 35.1443
      vertex -18.8 -7.91065 34.9474
      vertex -15.8 -7.91065 34.9474
    endloop
  endfacet
  facet normal 0 -0.306812 0.95177
    outer loop
      vertex -18.8 -2.35804 41.3997
      vertex -15.8 -2.54789 41.3385
      vertex -15.8 -2.35804 41.3997
    endloop
  endfacet
  facet normal 0 -0.306812 0.95177
    outer loop
      vertex -15.8 -2.54789 41.3385
      vertex -18.8 -2.35804 41.3997
      vertex -18.8 -2.54789 41.3385
    endloop
  endfacet
  facet normal 0 0.741472 0.670984
    outer loop
      vertex -15.8 5.99825 39.0486
      vertex -18.8 5.86441 39.1965
      vertex -15.8 5.86441 39.1965
    endloop
  endfacet
  facet normal 0 0.741472 0.670984
    outer loop
      vertex -18.8 5.86441 39.1965
      vertex -15.8 5.99825 39.0486
      vertex -18.8 5.99825 39.0486
    endloop
  endfacet
  facet normal -0 0.510849 0.85967
    outer loop
      vertex -18.8 4.17148 40.5814
      vertex -15.8 4 40.6833
      vertex -15.8 4.17148 40.5814
    endloop
  endfacet
  facet normal 0 0.510849 0.85967
    outer loop
      vertex -15.8 4 40.6833
      vertex -18.8 4.17148 40.5814
      vertex -18.8 4 40.6833
    endloop
  endfacet
  facet normal 0 -0.377002 0.926212
    outer loop
      vertex -18.8 -2.92273 41.2021
      vertex -15.8 -3.10748 41.1269
      vertex -15.8 -2.92273 41.2021
    endloop
  endfacet
  facet normal 0 -0.377002 0.926212
    outer loop
      vertex -15.8 -3.10748 41.1269
      vertex -18.8 -2.92273 41.2021
      vertex -18.8 -3.10748 41.1269
    endloop
  endfacet
  facet normal 0 0.965897 0.258927
    outer loop
      vertex -15.8 7.75262 35.7292
      vertex -18.8 7.70099 35.9218
      vertex -15.8 7.70099 35.9218
    endloop
  endfacet
  facet normal 0 0.965897 0.258927
    outer loop
      vertex -18.8 7.70099 35.9218
      vertex -15.8 7.75262 35.7292
      vertex -18.8 7.75262 35.7292
    endloop
  endfacet
  facet normal 0 -0.943897 0.330239
    outer loop
      vertex -18.8 -7.58342 36.303
      vertex -15.8 -7.51754 36.4913
      vertex -18.8 -7.51754 36.4913
    endloop
  endfacet
  facet normal 0 -0.943897 0.330239
    outer loop
      vertex -15.8 -7.51754 36.4913
      vertex -18.8 -7.58342 36.303
      vertex -15.8 -7.58342 36.303
    endloop
  endfacet
  facet normal 0 -0.818996 0.573799
    outer loop
      vertex -18.8 -6.60991 38.2617
      vertex -15.8 -6.4955 38.425
      vertex -18.8 -6.4955 38.425
    endloop
  endfacet
  facet normal 0 -0.818996 0.573799
    outer loop
      vertex -15.8 -6.4955 38.425
      vertex -18.8 -6.60991 38.2617
      vertex -15.8 -6.60991 38.2617
    endloop
  endfacet
  facet normal -0 0.444785 0.895637
    outer loop
      vertex -18.8 3.64968 40.8741
      vertex -15.8 3.47107 40.9628
      vertex -15.8 3.64968 40.8741
    endloop
  endfacet
  facet normal 0 0.444785 0.895637
    outer loop
      vertex -15.8 3.47107 40.9628
      vertex -18.8 3.64968 40.8741
      vertex -18.8 3.47107 40.9628
    endloop
  endfacet
  facet normal -0 0.0376009 0.999293
    outer loop
      vertex -18.8 0.398767 41.7451
      vertex -15.8 0.199445 41.7526
      vertex -15.8 0.398767 41.7451
    endloop
  endfacet
  facet normal 0 0.0376009 0.999293
    outer loop
      vertex -15.8 0.199445 41.7526
      vertex -18.8 0.398767 41.7451
      vertex -18.8 0.199445 41.7526
    endloop
  endfacet
  facet normal 0 -0.689317 0.72446
    outer loop
      vertex -18.8 -5.44138 39.6195
      vertex -15.8 -5.58589 39.482
      vertex -15.8 -5.44138 39.6195
    endloop
  endfacet
  facet normal 0 -0.689317 0.72446
    outer loop
      vertex -15.8 -5.58589 39.482
      vertex -18.8 -5.44138 39.6195
      vertex -18.8 -5.58589 39.482
    endloop
  endfacet
  facet normal 0 0.789571 0.613659
    outer loop
      vertex -15.8 6.37706 38.5855
      vertex -18.8 6.25465 38.743
      vertex -15.8 6.25465 38.743
    endloop
  endfacet
  facet normal 0 0.789571 0.613659
    outer loop
      vertex -18.8 6.25465 38.743
      vertex -15.8 6.37706 38.5855
      vertex -18.8 6.37706 38.5855
    endloop
  endfacet
  facet normal 0 -0.999922 0.0124865
    outer loop
      vertex -18.8 -8 33.7551
      vertex -15.8 -7.99751 33.9545
      vertex -18.8 -7.99751 33.9545
    endloop
  endfacet
  facet normal 0 -0.999922 0.0124865
    outer loop
      vertex -15.8 -7.99751 33.9545
      vertex -18.8 -8 33.7551
      vertex -15.8 -8 33.7551
    endloop
  endfacet
  facet normal 0 -0.0125338 0.999921
    outer loop
      vertex -18.8 0 41.7551
      vertex -15.8 -0.199445 41.7526
      vertex -15.8 0 41.7551
    endloop
  endfacet
  facet normal 0 -0.0125338 0.999921
    outer loop
      vertex -15.8 -0.199445 41.7526
      vertex -18.8 0 41.7551
      vertex -18.8 -0.199445 41.7526
    endloop
  endfacet
  facet normal 0 -0.467254 0.884123
    outer loop
      vertex -18.8 -3.64968 40.8741
      vertex -15.8 -3.82603 40.7809
      vertex -15.8 -3.64968 40.8741
    endloop
  endfacet
  facet normal 0 -0.467254 0.884123
    outer loop
      vertex -15.8 -3.82603 40.7809
      vertex -18.8 -3.64968 40.8741
      vertex -18.8 -3.82603 40.7809
    endloop
  endfacet
  facet normal 0 -0.489278 0.872128
    outer loop
      vertex -18.8 -3.82603 40.7809
      vertex -15.8 -4 40.6833
      vertex -15.8 -3.82603 40.7809
    endloop
  endfacet
  facet normal 0 -0.489278 0.872128
    outer loop
      vertex -15.8 -4 40.6833
      vertex -18.8 -3.82603 40.7809
      vertex -18.8 -4 40.6833
    endloop
  endfacet
  facet normal 1 0 0
    outer loop
      vertex -15.8 7.93791 34.7498
      vertex -15.8 1.67417 34.0503
      vertex -15.8 1.69712 33.8539
    endloop
  endfacet
  facet normal 1 0 0
    outer loop
      vertex -15.8 1.97406 41.5077
      vertex -15.8 1.62858 34.2427
      vertex -15.8 1.67417 34.0503
    endloop
  endfacet
  facet normal 1 0 0
    outer loop
      vertex -15.8 0.392047 35.4093
      vertex -15.8 1.78017 41.5545
      vertex -15.8 1.58517 41.5965
    endloop
  endfacet
  facet normal 1 0 0
    outer loop
      vertex -15.8 1.97406 41.5077
      vertex -15.8 1.56097 34.4284
      vertex -15.8 1.62858 34.2427
    endloop
  endfacet
  facet normal 1 0 0
    outer loop
      vertex -15.8 1.97406 41.5077
      vertex -15.8 1.47224 34.6051
      vertex -15.8 1.56097 34.4284
    endloop
  endfacet
  facet normal 1 0 0
    outer loop
      vertex -15.8 0.392047 35.4093
      vertex -15.8 1.58517 41.5965
      vertex -15.8 1.38918 41.6336
    endloop
  endfacet
  facet normal 1 0 0
    outer loop
      vertex -15.8 1.97406 41.5077
      vertex -15.8 1.36361 34.7703
      vertex -15.8 1.47224 34.6051
    endloop
  endfacet
  facet normal 1 0 0
    outer loop
      vertex -15.8 1.97406 41.5077
      vertex -15.8 1.23654 34.9217
      vertex -15.8 1.36361 34.7703
    endloop
  endfacet
  facet normal 1 0 0
    outer loop
      vertex -15.8 0.197357 35.4436
      vertex -15.8 1.38918 41.6336
      vertex -15.8 1.19234 41.6657
    endloop
  endfacet
  facet normal 1 0 0
    outer loop
      vertex -15.8 1.97406 41.5077
      vertex -15.8 1.09274 35.0574
      vertex -15.8 1.23654 34.9217
    endloop
  endfacet
  facet normal 1 0 0
    outer loop
      vertex -15.8 0.197357 35.4436
      vertex -15.8 1.19234 41.6657
      vertex -15.8 0.994749 41.693
    endloop
  endfacet
  facet normal 1 0 0
    outer loop
      vertex -15.8 1.97406 41.5077
      vertex -15.8 0.934165 35.1754
      vertex -15.8 1.09274 35.0574
    endloop
  endfacet
  facet normal 1 0 0
    outer loop
      vertex -15.8 0.197357 35.4436
      vertex -15.8 0.994749 41.693
      vertex -15.8 0.796542 41.7153
    endloop
  endfacet
  facet normal 1 0 0
    outer loop
      vertex -15.8 1.97406 41.5077
      vertex -15.8 0.762959 35.2743
      vertex -15.8 0.934165 35.1754
    endloop
  endfacet
  facet normal 1 0 0
    outer loop
      vertex -15.8 0.197357 35.4436
      vertex -15.8 0.796542 41.7153
      vertex -15.8 0.59784 41.7327
    endloop
  endfacet
  facet normal 1 0 0
    outer loop
      vertex -15.8 1.97406 41.5077
      vertex -15.8 0.581433 35.3526
      vertex -15.8 0.762959 35.2743
    endloop
  endfacet
  facet normal 1 0 0
    outer loop
      vertex -15.8 0.197357 35.4436
      vertex -15.8 0.59784 41.7327
      vertex -15.8 0.398767 41.7451
    endloop
  endfacet
  facet normal 1 0 0
    outer loop
      vertex -15.8 1.97406 41.5077
      vertex -15.8 0.392047 35.4093
      vertex -15.8 0.581433 35.3526
    endloop
  endfacet
  facet normal 1 0 0
    outer loop
      vertex -15.8 0 35.4551
      vertex -15.8 0.398767 41.7451
      vertex -15.8 0.199445 41.7526
    endloop
  endfacet
  facet normal 1 0 0
    outer loop
      vertex -15.8 1.38918 41.6336
      vertex -15.8 0.197357 35.4436
      vertex -15.8 0.392047 35.4093
    endloop
  endfacet
  facet normal 1 0 0
    outer loop
      vertex -15.8 0 35.4551
      vertex -15.8 0.199445 41.7526
      vertex -15.8 0 41.7551
    endloop
  endfacet
  facet normal 1 0 0
    outer loop
      vertex -15.8 0.398767 41.7451
      vertex -15.8 0 35.4551
      vertex -15.8 0.197357 35.4436
    endloop
  endfacet
  facet normal 1 -0 0
    outer loop
      vertex -15.8 -0.199445 41.7526
      vertex -15.8 0 35.4551
      vertex -15.8 0 41.7551
    endloop
  endfacet
  facet normal 1 -0 0
    outer loop
      vertex -15.8 -0.398767 41.7451
      vertex -15.8 0 35.4551
      vertex -15.8 -0.199445 41.7526
    endloop
  endfacet
  facet normal 1 0 0
    outer loop
      vertex -15.8 0 35.4551
      vertex -15.8 -0.398767 41.7451
      vertex -15.8 -0.197357 35.4436
    endloop
  endfacet
  facet normal 1 -0 0
    outer loop
      vertex -15.8 -0.59784 41.7327
      vertex -15.8 -0.197357 35.4436
      vertex -15.8 -0.398767 41.7451
    endloop
  endfacet
  facet normal 1 -0 0
    outer loop
      vertex -15.8 -0.796542 41.7153
      vertex -15.8 -0.197357 35.4436
      vertex -15.8 -0.59784 41.7327
    endloop
  endfacet
  facet normal 1 -0 0
    outer loop
      vertex -15.8 -0.994749 41.693
      vertex -15.8 -0.197357 35.4436
      vertex -15.8 -0.796542 41.7153
    endloop
  endfacet
  facet normal 1 -0 0
    outer loop
      vertex -15.8 -1.19234 41.6657
      vertex -15.8 -0.197357 35.4436
      vertex -15.8 -0.994749 41.693
    endloop
  endfacet
  facet normal 1 -0 0
    outer loop
      vertex -15.8 -1.38918 41.6336
      vertex -15.8 -0.197357 35.4436
      vertex -15.8 -1.19234 41.6657
    endloop
  endfacet
  facet normal 1 0 0
    outer loop
      vertex -15.8 -0.197357 35.4436
      vertex -15.8 -1.38918 41.6336
      vertex -15.8 -0.392047 35.4093
    endloop
  endfacet
  facet normal 1 -0 0
    outer loop
      vertex -15.8 -1.58517 41.5965
      vertex -15.8 -0.392047 35.4093
      vertex -15.8 -1.38918 41.6336
    endloop
  endfacet
  facet normal 1 -0 0
    outer loop
      vertex -15.8 -1.78017 41.5545
      vertex -15.8 -0.392047 35.4093
      vertex -15.8 -1.58517 41.5965
    endloop
  endfacet
  facet normal 1 -0 0
    outer loop
      vertex -15.8 -1.97406 41.5077
      vertex -15.8 -0.392047 35.4093
      vertex -15.8 -1.78017 41.5545
    endloop
  endfacet
  facet normal 1 -0 0
    outer loop
      vertex -15.8 -2.16672 41.4561
      vertex -15.8 -0.392047 35.4093
      vertex -15.8 -1.97406 41.5077
    endloop
  endfacet
  facet normal 1 0 0
    outer loop
      vertex -15.8 -0.392047 35.4093
      vertex -15.8 -2.16672 41.4561
      vertex -15.8 -0.581433 35.3526
    endloop
  endfacet
  facet normal 1 -0 0
    outer loop
      vertex -15.8 -2.35804 41.3997
      vertex -15.8 -0.581433 35.3526
      vertex -15.8 -2.16672 41.4561
    endloop
  endfacet
  facet normal 1 -0 0
    outer loop
      vertex -15.8 -2.54789 41.3385
      vertex -15.8 -0.581433 35.3526
      vertex -15.8 -2.35804 41.3997
    endloop
  endfacet
  facet normal 1 -0 0
    outer loop
      vertex -15.8 -2.73616 41.2726
      vertex -15.8 -0.581433 35.3526
      vertex -15.8 -2.54789 41.3385
    endloop
  endfacet
  facet normal 1 -0 0
    outer loop
      vertex -15.8 -2.92273 41.2021
      vertex -15.8 -0.581433 35.3526
      vertex -15.8 -2.73616 41.2726
    endloop
  endfacet
  facet normal 1 -0 0
    outer loop
      vertex -15.8 -3.10748 41.1269
      vertex -15.8 -0.581433 35.3526
      vertex -15.8 -2.92273 41.2021
    endloop
  endfacet
  facet normal 1 0 0
    outer loop
      vertex -15.8 -0.581433 35.3526
      vertex -15.8 -3.10748 41.1269
      vertex -15.8 -0.762959 35.2743
    endloop
  endfacet
  facet normal 1 -0 0
    outer loop
      vertex -15.8 -3.2903 41.0471
      vertex -15.8 -0.762959 35.2743
      vertex -15.8 -3.10748 41.1269
    endloop
  endfacet
  facet normal 1 -0 0
    outer loop
      vertex -15.8 -3.64968 40.8741
      vertex -15.8 -0.762959 35.2743
      vertex -15.8 -3.47107 40.9628
    endloop
  endfacet
  facet normal 1 -0 0
    outer loop
      vertex -15.8 -3.47107 40.9628
      vertex -15.8 -0.762959 35.2743
      vertex -15.8 -3.2903 41.0471
    endloop
  endfacet
  facet normal 1 -0 0
    outer loop
      vertex -15.8 1.69712 33.8539
      vertex -15.8 8 33.7551
      vertex -15.8 7.99751 33.9545
    endloop
  endfacet
  facet normal 1 0 0
    outer loop
      vertex -15.8 1.69712 33.8539
      vertex -15.8 7.99751 33.9545
      vertex -15.8 7.99006 34.1539
    endloop
  endfacet
  facet normal 1 0 0
    outer loop
      vertex -15.8 1.69712 33.8539
      vertex -15.8 7.99006 34.1539
      vertex -15.8 7.97763 34.3529
    endloop
  endfacet
  facet normal 1 0 0
    outer loop
      vertex -15.8 1.69712 33.8539
      vertex -15.8 7.97763 34.3529
      vertex -15.8 7.96025 34.5516
    endloop
  endfacet
  facet normal 1 0 0
    outer loop
      vertex -15.8 1.69712 33.8539
      vertex -15.8 7.96025 34.5516
      vertex -15.8 7.93791 34.7498
    endloop
  endfacet
  facet normal 1 0 0
    outer loop
      vertex -15.8 1.67417 34.0503
      vertex -15.8 7.93791 34.7498
      vertex -15.8 7.91065 34.9474
    endloop
  endfacet
  facet normal 1 0 0
    outer loop
      vertex -15.8 1.67417 34.0503
      vertex -15.8 7.91065 34.9474
      vertex -15.8 7.87846 35.1443
    endloop
  endfacet
  facet normal 1 0 0
    outer loop
      vertex -15.8 1.67417 34.0503
      vertex -15.8 7.87846 35.1443
      vertex -15.8 7.84138 35.3403
    endloop
  endfacet
  facet normal 1 0 0
    outer loop
      vertex -15.8 1.67417 34.0503
      vertex -15.8 7.84138 35.3403
      vertex -15.8 7.79942 35.5353
    endloop
  endfacet
  facet normal 1 0 0
    outer loop
      vertex -15.8 1.67417 34.0503
      vertex -15.8 7.79942 35.5353
      vertex -15.8 7.75262 35.7292
    endloop
  endfacet
  facet normal 1 0 0
    outer loop
      vertex -15.8 1.67417 34.0503
      vertex -15.8 7.75262 35.7292
      vertex -15.8 7.70099 35.9218
    endloop
  endfacet
  facet normal 1 0 0
    outer loop
      vertex -15.8 1.67417 34.0503
      vertex -15.8 7.70099 35.9218
      vertex -15.8 7.64458 36.1131
    endloop
  endfacet
  facet normal 1 0 0
    outer loop
      vertex -15.8 1.67417 34.0503
      vertex -15.8 7.64458 36.1131
      vertex -15.8 7.58342 36.303
    endloop
  endfacet
  facet normal 1 0 0
    outer loop
      vertex -15.8 1.67417 34.0503
      vertex -15.8 7.58342 36.303
      vertex -15.8 7.51754 36.4913
    endloop
  endfacet
  facet normal 1 0 0
    outer loop
      vertex -15.8 1.67417 34.0503
      vertex -15.8 7.51754 36.4913
      vertex -15.8 7.44699 36.6778
    endloop
  endfacet
  facet normal 1 0 0
    outer loop
      vertex -15.8 1.67417 34.0503
      vertex -15.8 7.44699 36.6778
      vertex -15.8 7.37181 36.8626
    endloop
  endfacet
  facet normal 1 0 0
    outer loop
      vertex -15.8 1.67417 34.0503
      vertex -15.8 7.37181 36.8626
      vertex -15.8 7.29205 37.0454
    endloop
  endfacet
  facet normal 1 0 0
    outer loop
      vertex -15.8 1.67417 34.0503
      vertex -15.8 7.29205 37.0454
      vertex -15.8 7.20775 37.2262
    endloop
  endfacet
  facet normal 1 0 0
    outer loop
      vertex -15.8 1.67417 34.0503
      vertex -15.8 7.20775 37.2262
      vertex -15.8 7.11897 37.4048
    endloop
  endfacet
  facet normal 1 0 0
    outer loop
      vertex -15.8 1.67417 34.0503
      vertex -15.8 7.11897 37.4048
      vertex -15.8 7.02577 37.5811
    endloop
  endfacet
  facet normal 1 0 0
    outer loop
      vertex -15.8 1.67417 34.0503
      vertex -15.8 7.02577 37.5811
      vertex -15.8 6.9282 37.7551
    endloop
  endfacet
  facet normal 1 0 0
    outer loop
      vertex -15.8 1.67417 34.0503
      vertex -15.8 6.9282 37.7551
      vertex -15.8 6.82633 37.9266
    endloop
  endfacet
  facet normal 1 0 0
    outer loop
      vertex -15.8 1.67417 34.0503
      vertex -15.8 6.82633 37.9266
      vertex -15.8 6.72021 38.0955
    endloop
  endfacet
  facet normal 1 0 0
    outer loop
      vertex -15.8 1.67417 34.0503
      vertex -15.8 6.72021 38.0955
      vertex -15.8 6.60991 38.2617
    endloop
  endfacet
  facet normal 1 0 0
    outer loop
      vertex -15.8 1.67417 34.0503
      vertex -15.8 6.60991 38.2617
      vertex -15.8 6.4955 38.425
    endloop
  endfacet
  facet normal 1 0 0
    outer loop
      vertex -15.8 1.67417 34.0503
      vertex -15.8 6.4955 38.425
      vertex -15.8 6.37706 38.5855
    endloop
  endfacet
  facet normal 1 0 0
    outer loop
      vertex -15.8 1.67417 34.0503
      vertex -15.8 6.37706 38.5855
      vertex -15.8 6.25465 38.743
    endloop
  endfacet
  facet normal 1 0 0
    outer loop
      vertex -15.8 1.67417 34.0503
      vertex -15.8 6.25465 38.743
      vertex -15.8 6.12836 38.8974
    endloop
  endfacet
  facet normal 1 0 0
    outer loop
      vertex -15.8 1.67417 34.0503
      vertex -15.8 6.12836 38.8974
      vertex -15.8 5.99825 39.0486
    endloop
  endfacet
  facet normal 1 0 0
    outer loop
      vertex -15.8 1.67417 34.0503
      vertex -15.8 5.99825 39.0486
      vertex -15.8 5.86441 39.1965
    endloop
  endfacet
  facet normal 1 0 0
    outer loop
      vertex -15.8 1.67417 34.0503
      vertex -15.8 5.86441 39.1965
      vertex -15.8 5.72693 39.341
    endloop
  endfacet
  facet normal 1 0 0
    outer loop
      vertex -15.8 1.67417 34.0503
      vertex -15.8 5.72693 39.341
      vertex -15.8 5.58589 39.482
    endloop
  endfacet
  facet normal 1 0 0
    outer loop
      vertex -15.8 1.67417 34.0503
      vertex -15.8 5.58589 39.482
      vertex -15.8 5.44138 39.6195
    endloop
  endfacet
  facet normal 1 0 0
    outer loop
      vertex -15.8 1.67417 34.0503
      vertex -15.8 5.44138 39.6195
      vertex -15.8 5.29349 39.7533
    endloop
  endfacet
  facet normal 1 0 0
    outer loop
      vertex -15.8 1.67417 34.0503
      vertex -15.8 5.29349 39.7533
      vertex -15.8 5.1423 39.8834
    endloop
  endfacet
  facet normal 1 0 0
    outer loop
      vertex -15.8 1.67417 34.0503
      vertex -15.8 5.1423 39.8834
      vertex -15.8 4.98792 40.0097
    endloop
  endfacet
  facet normal 1 0 0
    outer loop
      vertex -15.8 1.67417 34.0503
      vertex -15.8 4.98792 40.0097
      vertex -15.8 4.83043 40.1322
    endloop
  endfacet
  facet normal 1 0 0
    outer loop
      vertex -15.8 1.67417 34.0503
      vertex -15.8 4.83043 40.1322
      vertex -15.8 4.66995 40.2506
    endloop
  endfacet
  facet normal 1 0 0
    outer loop
      vertex -15.8 1.67417 34.0503
      vertex -15.8 4.66995 40.2506
      vertex -15.8 4.50656 40.365
    endloop
  endfacet
  facet normal 1 0 0
    outer loop
      vertex -15.8 1.67417 34.0503
      vertex -15.8 4.50656 40.365
      vertex -15.8 4.34037 40.4753
    endloop
  endfacet
  facet normal 1 0 0
    outer loop
      vertex -15.8 1.67417 34.0503
      vertex -15.8 4.34037 40.4753
      vertex -15.8 4.17148 40.5814
    endloop
  endfacet
  facet normal 1 0 0
    outer loop
      vertex -15.8 1.67417 34.0503
      vertex -15.8 4.17148 40.5814
      vertex -15.8 4 40.6833
    endloop
  endfacet
  facet normal 1 0 0
    outer loop
      vertex -15.8 1.67417 34.0503
      vertex -15.8 4 40.6833
      vertex -15.8 3.82603 40.7809
    endloop
  endfacet
  facet normal 1 0 0
    outer loop
      vertex -15.8 1.67417 34.0503
      vertex -15.8 3.82603 40.7809
      vertex -15.8 3.64968 40.8741
    endloop
  endfacet
  facet normal 1 0 0
    outer loop
      vertex -15.8 1.67417 34.0503
      vertex -15.8 3.64968 40.8741
      vertex -15.8 3.47107 40.9628
    endloop
  endfacet
  facet normal 1 0 0
    outer loop
      vertex -15.8 1.67417 34.0503
      vertex -15.8 3.47107 40.9628
      vertex -15.8 3.2903 41.0471
    endloop
  endfacet
  facet normal 1 0 0
    outer loop
      vertex -15.8 1.67417 34.0503
      vertex -15.8 3.2903 41.0471
      vertex -15.8 3.10748 41.1269
    endloop
  endfacet
  facet normal 1 0 0
    outer loop
      vertex -15.8 1.67417 34.0503
      vertex -15.8 3.10748 41.1269
      vertex -15.8 2.92273 41.2021
    endloop
  endfacet
  facet normal 1 0 0
    outer loop
      vertex -15.8 1.67417 34.0503
      vertex -15.8 2.92273 41.2021
      vertex -15.8 2.73616 41.2726
    endloop
  endfacet
  facet normal 1 0 0
    outer loop
      vertex -15.8 1.67417 34.0503
      vertex -15.8 2.73616 41.2726
      vertex -15.8 2.54789 41.3385
    endloop
  endfacet
  facet normal 1 0 0
    outer loop
      vertex -15.8 1.67417 34.0503
      vertex -15.8 2.54789 41.3385
      vertex -15.8 2.35804 41.3997
    endloop
  endfacet
  facet normal 1 0 0
    outer loop
      vertex -15.8 1.67417 34.0503
      vertex -15.8 2.35804 41.3997
      vertex -15.8 2.16672 41.4561
    endloop
  endfacet
  facet normal 1 0 0
    outer loop
      vertex -15.8 1.67417 34.0503
      vertex -15.8 2.16672 41.4561
      vertex -15.8 1.97406 41.5077
    endloop
  endfacet
  facet normal 1 0 0
    outer loop
      vertex -15.8 0.392047 35.4093
      vertex -15.8 1.97406 41.5077
      vertex -15.8 1.78017 41.5545
    endloop
  endfacet
  facet normal 1 0 0
    outer loop
      vertex -15.8 8 33.7551
      vertex -15.8 1.69712 33.8539
      vertex -15.8 1.69712 33.6562
    endloop
  endfacet
  facet normal 1 0 0
    outer loop
      vertex -15.8 8 33.7551
      vertex -15.8 1.69712 33.6562
      vertex -15.8 1.67417 33.4599
    endloop
  endfacet
  facet normal 1 0 0
    outer loop
      vertex -15.8 8 33.7551
      vertex -15.8 1.67417 33.4599
      vertex -15.8 1.62858 33.2675
    endloop
  endfacet
  facet normal 1 0 0
    outer loop
      vertex -15.8 8 33.7551
      vertex -15.8 1.62858 33.2675
      vertex -15.8 1.56097 33.0818
    endloop
  endfacet
  facet normal 1 0 0
    outer loop
      vertex -15.8 8 33.7551
      vertex -15.8 1.56097 33.0818
      vertex -15.8 1.47224 32.9051
    endloop
  endfacet
  facet normal 1 0 0
    outer loop
      vertex -15.8 8 33.7551
      vertex -15.8 1.47224 32.9051
      vertex -15.8 1.36361 32.7399
    endloop
  endfacet
  facet normal 1 0 0
    outer loop
      vertex -15.8 8 33.7551
      vertex -15.8 1.36361 32.7399
      vertex -15.8 1.23654 32.5885
    endloop
  endfacet
  facet normal 1 0 0
    outer loop
      vertex -15.8 8 33.7551
      vertex -15.8 1.23654 32.5885
      vertex -15.8 1.09274 32.4528
    endloop
  endfacet
  facet normal 1 0 0
    outer loop
      vertex -15.8 8 33.7551
      vertex -15.8 1.09274 32.4528
      vertex -15.8 0.934165 32.3348
    endloop
  endfacet
  facet normal 1 0 0
    outer loop
      vertex -15.8 8 33.7551
      vertex -15.8 0.934165 32.3348
      vertex -15.8 0.762959 32.2359
    endloop
  endfacet
  facet normal 1 0 0
    outer loop
      vertex -15.8 8 33.7551
      vertex -15.8 0.762959 32.2359
      vertex -15.8 8 6
    endloop
  endfacet
  facet normal 1 -0 0
    outer loop
      vertex -15.8 0.581433 32.1576
      vertex -15.8 8 6
      vertex -15.8 0.762959 32.2359
    endloop
  endfacet
  facet normal 1 -0 0
    outer loop
      vertex -15.8 0.392047 32.1009
      vertex -15.8 8 6
      vertex -15.8 0.581433 32.1576
    endloop
  endfacet
  facet normal 1 -0 0
    outer loop
      vertex -15.8 0.197357 32.0666
      vertex -15.8 8 6
      vertex -15.8 0.392047 32.1009
    endloop
  endfacet
  facet normal 1 -0 0
    outer loop
      vertex -15.8 0 32.0551
      vertex -15.8 8 6
      vertex -15.8 0.197357 32.0666
    endloop
  endfacet
  facet normal 1 0 0
    outer loop
      vertex -15.8 -8 6
      vertex -15.8 0 32.0551
      vertex -15.8 -0.197357 32.0666
    endloop
  endfacet
  facet normal 1 0 0
    outer loop
      vertex -15.8 -8 6
      vertex -15.8 -0.197357 32.0666
      vertex -15.8 -0.392047 32.1009
    endloop
  endfacet
  facet normal 1 0 0
    outer loop
      vertex -15.8 -8 6
      vertex -15.8 -0.392047 32.1009
      vertex -15.8 -0.581433 32.1576
    endloop
  endfacet
  facet normal 1 0 0
    outer loop
      vertex -15.8 -8 6
      vertex -15.8 -0.581433 32.1576
      vertex -15.8 -0.762959 32.2359
    endloop
  endfacet
  facet normal 1 0 0
    outer loop
      vertex -15.8 -8 33.7551
      vertex -15.8 -0.762959 32.2359
      vertex -15.8 -0.934165 32.3348
    endloop
  endfacet
  facet normal 1 0 0
    outer loop
      vertex -15.8 -8 33.7551
      vertex -15.8 -0.934165 32.3348
      vertex -15.8 -1.09274 32.4528
    endloop
  endfacet
  facet normal 1 0 0
    outer loop
      vertex -15.8 -8 33.7551
      vertex -15.8 -1.09274 32.4528
      vertex -15.8 -1.23654 32.5885
    endloop
  endfacet
  facet normal 1 0 0
    outer loop
      vertex -15.8 -8 33.7551
      vertex -15.8 -1.23654 32.5885
      vertex -15.8 -1.36361 32.7399
    endloop
  endfacet
  facet normal 1 0 0
    outer loop
      vertex -15.8 -8 33.7551
      vertex -15.8 -1.36361 32.7399
      vertex -15.8 -1.47224 32.9051
    endloop
  endfacet
  facet normal 1 0 0
    outer loop
      vertex -15.8 -8 33.7551
      vertex -15.8 -1.47224 32.9051
      vertex -15.8 -1.56097 33.0818
    endloop
  endfacet
  facet normal 1 0 0
    outer loop
      vertex -15.8 -8 33.7551
      vertex -15.8 -1.56097 33.0818
      vertex -15.8 -1.62858 33.2675
    endloop
  endfacet
  facet normal 1 -0 0
    outer loop
      vertex -15.8 -3.82603 40.7809
      vertex -15.8 -0.762959 35.2743
      vertex -15.8 -3.64968 40.8741
    endloop
  endfacet
  facet normal 1 -0 0
    outer loop
      vertex -15.8 -4 40.6833
      vertex -15.8 -0.762959 35.2743
      vertex -15.8 -3.82603 40.7809
    endloop
  endfacet
  facet normal 1 0 0
    outer loop
      vertex -15.8 -0.762959 35.2743
      vertex -15.8 -4 40.6833
      vertex -15.8 -0.934165 35.1754
    endloop
  endfacet
  facet normal 1 -0 0
    outer loop
      vertex -15.8 -4.17148 40.5814
      vertex -15.8 -0.934165 35.1754
      vertex -15.8 -4 40.6833
    endloop
  endfacet
  facet normal 1 -0 0
    outer loop
      vertex -15.8 -4.34037 40.4753
      vertex -15.8 -0.934165 35.1754
      vertex -15.8 -4.17148 40.5814
    endloop
  endfacet
  facet normal 1 -0 0
    outer loop
      vertex -15.8 -4.50656 40.365
      vertex -15.8 -0.934165 35.1754
      vertex -15.8 -4.34037 40.4753
    endloop
  endfacet
  facet normal 1 -0 0
    outer loop
      vertex -15.8 -4.66995 40.2506
      vertex -15.8 -0.934165 35.1754
      vertex -15.8 -4.50656 40.365
    endloop
  endfacet
  facet normal 1 0 0
    outer loop
      vertex -15.8 -0.934165 35.1754
      vertex -15.8 -4.66995 40.2506
      vertex -15.8 -1.09274 35.0574
    endloop
  endfacet
  facet normal 1 -0 0
    outer loop
      vertex -15.8 -4.83043 40.1322
      vertex -15.8 -1.09274 35.0574
      vertex -15.8 -4.66995 40.2506
    endloop
  endfacet
  facet normal 1 -0 0
    outer loop
      vertex -15.8 -4.98792 40.0097
      vertex -15.8 -1.09274 35.0574
      vertex -15.8 -4.83043 40.1322
    endloop
  endfacet
  facet normal 1 -0 0
    outer loop
      vertex -15.8 -5.1423 39.8834
      vertex -15.8 -1.09274 35.0574
      vertex -15.8 -4.98792 40.0097
    endloop
  endfacet
  facet normal 1 -0 0
    outer loop
      vertex -15.8 -5.29349 39.7533
      vertex -15.8 -1.09274 35.0574
      vertex -15.8 -5.1423 39.8834
    endloop
  endfacet
  facet normal 1 -0 0
    outer loop
      vertex -15.8 -5.44138 39.6195
      vertex -15.8 -1.09274 35.0574
      vertex -15.8 -5.29349 39.7533
    endloop
  endfacet
  facet normal 1 0 0
    outer loop
      vertex -15.8 -1.09274 35.0574
      vertex -15.8 -5.44138 39.6195
      vertex -15.8 -1.23654 34.9217
    endloop
  endfacet
  facet normal 1 -0 0
    outer loop
      vertex -15.8 -5.58589 39.482
      vertex -15.8 -1.23654 34.9217
      vertex -15.8 -5.44138 39.6195
    endloop
  endfacet
  facet normal 1 -0 0
    outer loop
      vertex -15.8 -5.72693 39.341
      vertex -15.8 -1.23654 34.9217
      vertex -15.8 -5.58589 39.482
    endloop
  endfacet
  facet normal 1 -0 0
    outer loop
      vertex -15.8 -5.86441 39.1965
      vertex -15.8 -1.23654 34.9217
      vertex -15.8 -5.72693 39.341
    endloop
  endfacet
  facet normal 1 -0 0
    outer loop
      vertex -15.8 -5.99825 39.0486
      vertex -15.8 -1.23654 34.9217
      vertex -15.8 -5.86441 39.1965
    endloop
  endfacet
  facet normal 1 -0 0
    outer loop
      vertex -15.8 -6.12836 38.8974
      vertex -15.8 -1.23654 34.9217
      vertex -15.8 -5.99825 39.0486
    endloop
  endfacet
  facet normal 1 0 0
    outer loop
      vertex -15.8 -1.23654 34.9217
      vertex -15.8 -6.12836 38.8974
      vertex -15.8 -1.36361 34.7703
    endloop
  endfacet
  facet normal 1 -0 0
    outer loop
      vertex -15.8 -6.25465 38.743
      vertex -15.8 -1.36361 34.7703
      vertex -15.8 -6.12836 38.8974
    endloop
  endfacet
  facet normal 1 -0 0
    outer loop
      vertex -15.8 -6.37706 38.5855
      vertex -15.8 -1.36361 34.7703
      vertex -15.8 -6.25465 38.743
    endloop
  endfacet
  facet normal 1 -0 0
    outer loop
      vertex -15.8 -6.4955 38.425
      vertex -15.8 -1.36361 34.7703
      vertex -15.8 -6.37706 38.5855
    endloop
  endfacet
  facet normal 1 -0 0
    outer loop
      vertex -15.8 -6.60991 38.2617
      vertex -15.8 -1.36361 34.7703
      vertex -15.8 -6.4955 38.425
    endloop
  endfacet
  facet normal 1 0 0
    outer loop
      vertex -15.8 -1.36361 34.7703
      vertex -15.8 -6.60991 38.2617
      vertex -15.8 -1.47224 34.6051
    endloop
  endfacet
  facet normal 1 -0 0
    outer loop
      vertex -15.8 -6.72021 38.0955
      vertex -15.8 -1.47224 34.6051
      vertex -15.8 -6.60991 38.2617
    endloop
  endfacet
  facet normal 1 -0 0
    outer loop
      vertex -15.8 -6.82633 37.9266
      vertex -15.8 -1.47224 34.6051
      vertex -15.8 -6.72021 38.0955
    endloop
  endfacet
  facet normal 1 -0 0
    outer loop
      vertex -15.8 -6.9282 37.7551
      vertex -15.8 -1.47224 34.6051
      vertex -15.8 -6.82633 37.9266
    endloop
  endfacet
  facet normal 1 -0 0
    outer loop
      vertex -15.8 -7.02577 37.5811
      vertex -15.8 -1.47224 34.6051
      vertex -15.8 -6.9282 37.7551
    endloop
  endfacet
  facet normal 1 -0 0
    outer loop
      vertex -15.8 -7.11897 37.4048
      vertex -15.8 -1.47224 34.6051
      vertex -15.8 -7.02577 37.5811
    endloop
  endfacet
  facet normal 1 0 0
    outer loop
      vertex -15.8 -1.47224 34.6051
      vertex -15.8 -7.11897 37.4048
      vertex -15.8 -1.56097 34.4284
    endloop
  endfacet
  facet normal 1 -0 0
    outer loop
      vertex -15.8 -7.20775 37.2262
      vertex -15.8 -1.56097 34.4284
      vertex -15.8 -7.11897 37.4048
    endloop
  endfacet
  facet normal 1 -0 0
    outer loop
      vertex -15.8 -7.29205 37.0454
      vertex -15.8 -1.56097 34.4284
      vertex -15.8 -7.20775 37.2262
    endloop
  endfacet
  facet normal 1 -0 0
    outer loop
      vertex -15.8 -7.37181 36.8626
      vertex -15.8 -1.56097 34.4284
      vertex -15.8 -7.29205 37.0454
    endloop
  endfacet
  facet normal 1 -0 0
    outer loop
      vertex -15.8 -7.44699 36.6778
      vertex -15.8 -1.56097 34.4284
      vertex -15.8 -7.37181 36.8626
    endloop
  endfacet
  facet normal 1 -0 0
    outer loop
      vertex -15.8 -7.51754 36.4913
      vertex -15.8 -1.56097 34.4284
      vertex -15.8 -7.44699 36.6778
    endloop
  endfacet
  facet normal 1 0 0
    outer loop
      vertex -15.8 -1.56097 34.4284
      vertex -15.8 -7.51754 36.4913
      vertex -15.8 -1.62858 34.2427
    endloop
  endfacet
  facet normal 1 -0 0
    outer loop
      vertex -15.8 -7.58342 36.303
      vertex -15.8 -1.62858 34.2427
      vertex -15.8 -7.51754 36.4913
    endloop
  endfacet
  facet normal 1 -0 0
    outer loop
      vertex -15.8 -7.64458 36.1131
      vertex -15.8 -1.62858 34.2427
      vertex -15.8 -7.58342 36.303
    endloop
  endfacet
  facet normal 1 -0 0
    outer loop
      vertex -15.8 -7.70099 35.9218
      vertex -15.8 -1.62858 34.2427
      vertex -15.8 -7.64458 36.1131
    endloop
  endfacet
  facet normal 1 -0 0
    outer loop
      vertex -15.8 -7.75262 35.7292
      vertex -15.8 -1.62858 34.2427
      vertex -15.8 -7.70099 35.9218
    endloop
  endfacet
  facet normal 1 0 0
    outer loop
      vertex -15.8 -1.62858 34.2427
      vertex -15.8 -7.75262 35.7292
      vertex -15.8 -1.67417 34.0503
    endloop
  endfacet
  facet normal 1 -0 0
    outer loop
      vertex -15.8 -7.79942 35.5353
      vertex -15.8 -1.67417 34.0503
      vertex -15.8 -7.75262 35.7292
    endloop
  endfacet
  facet normal 1 -0 0
    outer loop
      vertex -15.8 -7.84138 35.3403
      vertex -15.8 -1.67417 34.0503
      vertex -15.8 -7.79942 35.5353
    endloop
  endfacet
  facet normal 1 -0 0
    outer loop
      vertex -15.8 -7.87846 35.1443
      vertex -15.8 -1.67417 34.0503
      vertex -15.8 -7.84138 35.3403
    endloop
  endfacet
  facet normal 1 -0 0
    outer loop
      vertex -15.8 -7.91065 34.9474
      vertex -15.8 -1.67417 34.0503
      vertex -15.8 -7.87846 35.1443
    endloop
  endfacet
  facet normal 1 -0 0
    outer loop
      vertex -15.8 -7.93791 34.7498
      vertex -15.8 -1.67417 34.0503
      vertex -15.8 -7.91065 34.9474
    endloop
  endfacet
  facet normal 1 0 0
    outer loop
      vertex -15.8 -1.67417 34.0503
      vertex -15.8 -7.93791 34.7498
      vertex -15.8 -1.69712 33.8539
    endloop
  endfacet
  facet normal 1 -0 0
    outer loop
      vertex -15.8 -7.96025 34.5516
      vertex -15.8 -1.69712 33.8539
      vertex -15.8 -7.93791 34.7498
    endloop
  endfacet
  facet normal 1 -0 0
    outer loop
      vertex -15.8 -7.97763 34.3529
      vertex -15.8 -1.69712 33.8539
      vertex -15.8 -7.96025 34.5516
    endloop
  endfacet
  facet normal 1 -0 0
    outer loop
      vertex -15.8 -7.99006 34.1539
      vertex -15.8 -1.69712 33.8539
      vertex -15.8 -7.97763 34.3529
    endloop
  endfacet
  facet normal 1 -0 0
    outer loop
      vertex -15.8 -7.99751 33.9545
      vertex -15.8 -1.69712 33.8539
      vertex -15.8 -7.99006 34.1539
    endloop
  endfacet
  facet normal 1 0 0
    outer loop
      vertex -15.8 -8 33.7551
      vertex -15.8 -1.69712 33.8539
      vertex -15.8 -7.99751 33.9545
    endloop
  endfacet
  facet normal 1 0 0
    outer loop
      vertex -15.8 -1.69712 33.8539
      vertex -15.8 -8 33.7551
      vertex -15.8 -1.69712 33.6562
    endloop
  endfacet
  facet normal 1 0 0
    outer loop
      vertex -15.8 -1.69712 33.6562
      vertex -15.8 -8 33.7551
      vertex -15.8 -1.67417 33.4599
    endloop
  endfacet
  facet normal 1 0 0
    outer loop
      vertex -15.8 -1.67417 33.4599
      vertex -15.8 -8 33.7551
      vertex -15.8 -1.62858 33.2675
    endloop
  endfacet
  facet normal 1 0 0
    outer loop
      vertex -15.8 -0.762959 32.2359
      vertex -15.8 -8 33.7551
      vertex -15.8 -8 6
    endloop
  endfacet
  facet normal 1 0 0
    outer loop
      vertex -15.8 0 32.0551
      vertex -15.8 -8 6
      vertex -15.8 8 6
    endloop
  endfacet
  facet normal -0 0.422641 0.906297
    outer loop
      vertex -18.8 3.47107 40.9628
      vertex -15.8 3.2903 41.0471
      vertex -15.8 3.47107 40.9628
    endloop
  endfacet
  facet normal 0 0.422641 0.906297
    outer loop
      vertex -15.8 3.2903 41.0471
      vertex -18.8 3.47107 40.9628
      vertex -18.8 3.2903 41.0471
    endloop
  endfacet
  facet normal 0 -0.990618 0.136661
    outer loop
      vertex -18.8 -7.93791 34.7498
      vertex -15.8 -7.91065 34.9474
      vertex -18.8 -7.91065 34.9474
    endloop
  endfacet
  facet normal 0 -0.990618 0.136661
    outer loop
      vertex -15.8 -7.91065 34.9474
      vertex -18.8 -7.93791 34.7498
      vertex -15.8 -7.93791 34.7498
    endloop
  endfacet
  facet normal 0 -0.330375 0.94385
    outer loop
      vertex -18.8 -2.54789 41.3385
      vertex -15.8 -2.73616 41.2726
      vertex -15.8 -2.54789 41.3385
    endloop
  endfacet
  facet normal 0 -0.330375 0.94385
    outer loop
      vertex -15.8 -2.73616 41.2726
      vertex -18.8 -2.54789 41.3385
      vertex -18.8 -2.73616 41.2726
    endloop
  endfacet
  facet normal 0 -0.804632 0.593773
    outer loop
      vertex -18.8 -6.4955 38.425
      vertex -15.8 -6.37706 38.5855
      vertex -18.8 -6.37706 38.5855
    endloop
  endfacet
  facet normal 0 -0.804632 0.593773
    outer loop
      vertex -15.8 -6.37706 38.5855
      vertex -18.8 -6.4955 38.425
      vertex -15.8 -6.4955 38.425
    endloop
  endfacet
  facet normal 0 -0.774049 0.633126
    outer loop
      vertex -18.8 -6.25465 38.743
      vertex -15.8 -6.12836 38.8974
      vertex -18.8 -6.12836 38.8974
    endloop
  endfacet
  facet normal 0 -0.774049 0.633126
    outer loop
      vertex -15.8 -6.12836 38.8974
      vertex -18.8 -6.25465 38.743
      vertex -15.8 -6.25465 38.743
    endloop
  endfacet
  facet normal 0 0.916553 0.399914
    outer loop
      vertex -15.8 7.37181 36.8626
      vertex -18.8 7.29205 37.0454
      vertex -15.8 7.29205 37.0454
    endloop
  endfacet
  facet normal 0 0.916553 0.399914
    outer loop
      vertex -18.8 7.29205 37.0454
      vertex -15.8 7.37181 36.8626
      vertex -18.8 7.37181 36.8626
    endloop
  endfacet
  facet normal 0 -0.16095 0.986962
    outer loop
      vertex -18.8 -1.19234 41.6657
      vertex -15.8 -1.38918 41.6336
      vertex -15.8 -1.19234 41.6657
    endloop
  endfacet
  facet normal 0 -0.16095 0.986962
    outer loop
      vertex -15.8 -1.38918 41.6336
      vertex -18.8 -1.19234 41.6657
      vertex -18.8 -1.38918 41.6336
    endloop
  endfacet
  facet normal 0 -0.35348 0.935442
    outer loop
      vertex -18.8 -2.73616 41.2726
      vertex -15.8 -2.92273 41.2021
      vertex -15.8 -2.73616 41.2726
    endloop
  endfacet
  facet normal 0 -0.35348 0.935442
    outer loop
      vertex -15.8 -2.92273 41.2021
      vertex -18.8 -2.73616 41.2726
      vertex -18.8 -2.92273 41.2021
    endloop
  endfacet
  facet normal -0 0.0621682 0.998066
    outer loop
      vertex -18.8 0.59784 41.7327
      vertex -15.8 0.398767 41.7451
      vertex -15.8 0.59784 41.7327
    endloop
  endfacet
  facet normal 0 0.0621682 0.998066
    outer loop
      vertex -15.8 0.398767 41.7451
      vertex -18.8 0.59784 41.7327
      vertex -18.8 0.398767 41.7451
    endloop
  endfacet
  facet normal 0 -0.972086 0.234624
    outer loop
      vertex -18.8 -7.79942 35.5353
      vertex -15.8 -7.75262 35.7292
      vertex -18.8 -7.75262 35.7292
    endloop
  endfacet
  facet normal 0 -0.972086 0.234624
    outer loop
      vertex -15.8 -7.75262 35.7292
      vertex -18.8 -7.79942 35.5353
      vertex -15.8 -7.79942 35.5353
    endloop
  endfacet
  facet normal -0 0.185992 0.982551
    outer loop
      vertex -18.8 1.58517 41.5965
      vertex -15.8 1.38918 41.6336
      vertex -15.8 1.58517 41.5965
    endloop
  endfacet
  facet normal 0 0.185992 0.982551
    outer loop
      vertex -15.8 1.38918 41.6336
      vertex -18.8 1.58517 41.5965
      vertex -18.8 1.38918 41.6336
    endloop
  endfacet
  facet normal 0 0.935315 0.353815
    outer loop
      vertex -15.8 7.51754 36.4913
      vertex -18.8 7.44699 36.6778
      vertex -15.8 7.44699 36.6778
    endloop
  endfacet
  facet normal 0 0.935315 0.353815
    outer loop
      vertex -18.8 7.44699 36.6778
      vertex -15.8 7.51754 36.4913
      vertex -18.8 7.51754 36.4913
    endloop
  endfacet
  facet normal -0 0.234636 0.972083
    outer loop
      vertex -18.8 1.97406 41.5077
      vertex -15.8 1.78017 41.5545
      vertex -15.8 1.97406 41.5077
    endloop
  endfacet
  facet normal 0 0.234636 0.972083
    outer loop
      vertex -15.8 1.78017 41.5545
      vertex -18.8 1.97406 41.5077
      vertex -18.8 1.78017 41.5545
    endloop
  endfacet
  facet normal -0 0.111803 0.99373
    outer loop
      vertex -18.8 0.994749 41.693
      vertex -15.8 0.796542 41.7153
      vertex -15.8 0.994749 41.693
    endloop
  endfacet
  facet normal 0 0.111803 0.99373
    outer loop
      vertex -15.8 0.796542 41.7153
      vertex -18.8 0.994749 41.693
      vertex -18.8 0.796542 41.7153
    endloop
  endfacet
  facet normal -0 0.282763 0.95919
    outer loop
      vertex -18.8 2.35804 41.3997
      vertex -15.8 2.16672 41.4561
      vertex -15.8 2.35804 41.3997
    endloop
  endfacet
  facet normal 0 0.282763 0.95919
    outer loop
      vertex -15.8 2.16672 41.4561
      vertex -18.8 2.35804 41.3997
      vertex -18.8 2.16672 41.4561
    endloop
  endfacet
  facet normal 0 -0.707006 0.707207
    outer loop
      vertex -18.8 -5.72693 39.341
      vertex -15.8 -5.58589 39.482
      vertex -18.8 -5.58589 39.482
    endloop
  endfacet
  facet normal 0 -0.707006 0.707207
    outer loop
      vertex -15.8 -5.58589 39.482
      vertex -18.8 -5.72693 39.341
      vertex -15.8 -5.72693 39.341
    endloop
  endfacet
  facet normal 0 -0.965897 0.258927
    outer loop
      vertex -18.8 -7.75262 35.7292
      vertex -15.8 -7.70099 35.9218
      vertex -18.8 -7.70099 35.9218
    endloop
  endfacet
  facet normal 0 -0.965897 0.258927
    outer loop
      vertex -15.8 -7.70099 35.9218
      vertex -18.8 -7.75262 35.7292
      vertex -15.8 -7.75262 35.7292
    endloop
  endfacet
  facet normal 0 -0.935315 0.353815
    outer loop
      vertex -18.8 -7.51754 36.4913
      vertex -15.8 -7.44699 36.6778
      vertex -18.8 -7.44699 36.6778
    endloop
  endfacet
  facet normal 0 -0.935315 0.353815
    outer loop
      vertex -15.8 -7.44699 36.6778
      vertex -18.8 -7.51754 36.4913
      vertex -15.8 -7.51754 36.4913
    endloop
  endfacet
  facet normal 0 0.996196 0.0871359
    outer loop
      vertex -15.8 7.97763 34.3529
      vertex -18.8 7.96025 34.5516
      vertex -15.8 7.96025 34.5516
    endloop
  endfacet
  facet normal 0 0.996196 0.0871359
    outer loop
      vertex -18.8 7.96025 34.5516
      vertex -15.8 7.97763 34.3529
      vertex -18.8 7.97763 34.3529
    endloop
  endfacet
  facet normal 0 0.818996 0.573799
    outer loop
      vertex -15.8 6.60991 38.2617
      vertex -18.8 6.4955 38.425
      vertex -15.8 6.4955 38.425
    endloop
  endfacet
  facet normal 0 0.818996 0.573799
    outer loop
      vertex -18.8 6.4955 38.425
      vertex -15.8 6.60991 38.2617
      vertex -18.8 6.60991 38.2617
    endloop
  endfacet
  facet normal 0 -0.884068 0.467358
    outer loop
      vertex -18.8 -7.11897 37.4048
      vertex -15.8 -7.02577 37.5811
      vertex -18.8 -7.02577 37.5811
    endloop
  endfacet
  facet normal 0 -0.884068 0.467358
    outer loop
      vertex -15.8 -7.02577 37.5811
      vertex -18.8 -7.11897 37.4048
      vertex -15.8 -7.11897 37.4048
    endloop
  endfacet
  facet normal 0 -0.400046 0.916495
    outer loop
      vertex -18.8 -3.10748 41.1269
      vertex -15.8 -3.2903 41.0471
      vertex -15.8 -3.10748 41.1269
    endloop
  endfacet
  facet normal 0 -0.400046 0.916495
    outer loop
      vertex -15.8 -3.2903 41.0471
      vertex -18.8 -3.10748 41.1269
      vertex -18.8 -3.2903 41.0471
    endloop
  endfacet
  facet normal 0 -0.84674 0.532007
    outer loop
      vertex -18.8 -6.82633 37.9266
      vertex -15.8 -6.72021 38.0955
      vertex -18.8 -6.72021 38.0955
    endloop
  endfacet
  facet normal 0 -0.84674 0.532007
    outer loop
      vertex -15.8 -6.72021 38.0955
      vertex -18.8 -6.82633 37.9266
      vertex -15.8 -6.82633 37.9266
    endloop
  endfacet
  facet normal -1 0 0
    outer loop
      vertex -18.8 0.762959 32.2359
      vertex -18.8 8 33.7551
      vertex -18.8 8 0
    endloop
  endfacet
  facet normal -1 0 -0
    outer loop
      vertex -18.8 0.934165 32.3348
      vertex -18.8 8 33.7551
      vertex -18.8 0.762959 32.2359
    endloop
  endfacet
  facet normal -1 0 -0
    outer loop
      vertex -18.8 1.09274 32.4528
      vertex -18.8 8 33.7551
      vertex -18.8 0.934165 32.3348
    endloop
  endfacet
  facet normal -1 0 -0
    outer loop
      vertex -18.8 1.23654 32.5885
      vertex -18.8 8 33.7551
      vertex -18.8 1.09274 32.4528
    endloop
  endfacet
  facet normal -1 0 -0
    outer loop
      vertex -18.8 1.47224 32.9051
      vertex -18.8 8 33.7551
      vertex -18.8 1.36361 32.7399
    endloop
  endfacet
  facet normal -1 0 -0
    outer loop
      vertex -18.8 1.56097 33.0818
      vertex -18.8 8 33.7551
      vertex -18.8 1.47224 32.9051
    endloop
  endfacet
  facet normal -1 0 -0
    outer loop
      vertex -18.8 1.62858 33.2675
      vertex -18.8 8 33.7551
      vertex -18.8 1.56097 33.0818
    endloop
  endfacet
  facet normal -1 0 -0
    outer loop
      vertex -18.8 1.67417 33.4599
      vertex -18.8 8 33.7551
      vertex -18.8 1.62858 33.2675
    endloop
  endfacet
  facet normal -1 0 -0
    outer loop
      vertex -18.8 1.69712 33.6562
      vertex -18.8 8 33.7551
      vertex -18.8 1.67417 33.4599
    endloop
  endfacet
  facet normal -1 0 0
    outer loop
      vertex -18.8 8 33.7551
      vertex -18.8 1.69712 33.8539
      vertex -18.8 7.99751 33.9545
    endloop
  endfacet
  facet normal -1 -0 0
    outer loop
      vertex -18.8 7.99751 33.9545
      vertex -18.8 1.69712 33.8539
      vertex -18.8 7.99006 34.1539
    endloop
  endfacet
  facet normal -1 -0 0
    outer loop
      vertex -18.8 7.99006 34.1539
      vertex -18.8 1.69712 33.8539
      vertex -18.8 7.97763 34.3529
    endloop
  endfacet
  facet normal -1 -0 0
    outer loop
      vertex -18.8 7.97763 34.3529
      vertex -18.8 1.69712 33.8539
      vertex -18.8 7.96025 34.5516
    endloop
  endfacet
  facet normal -1 -0 0
    outer loop
      vertex -18.8 7.96025 34.5516
      vertex -18.8 1.69712 33.8539
      vertex -18.8 7.93791 34.7498
    endloop
  endfacet
  facet normal -1 -0 0
    outer loop
      vertex -18.8 7.93791 34.7498
      vertex -18.8 1.67417 34.0503
      vertex -18.8 7.91065 34.9474
    endloop
  endfacet
  facet normal -1 -0 0
    outer loop
      vertex -18.8 7.91065 34.9474
      vertex -18.8 1.67417 34.0503
      vertex -18.8 7.87846 35.1443
    endloop
  endfacet
  facet normal -1 -0 0
    outer loop
      vertex -18.8 7.87846 35.1443
      vertex -18.8 1.67417 34.0503
      vertex -18.8 7.84138 35.3403
    endloop
  endfacet
  facet normal -1 -0 0
    outer loop
      vertex -18.8 7.84138 35.3403
      vertex -18.8 1.67417 34.0503
      vertex -18.8 7.79942 35.5353
    endloop
  endfacet
  facet normal -1 -0 0
    outer loop
      vertex -18.8 7.79942 35.5353
      vertex -18.8 1.67417 34.0503
      vertex -18.8 7.75262 35.7292
    endloop
  endfacet
  facet normal -1 0 0
    outer loop
      vertex -18.8 1.62858 34.2427
      vertex -18.8 7.75262 35.7292
      vertex -18.8 1.67417 34.0503
    endloop
  endfacet
  facet normal -1 -0 0
    outer loop
      vertex -18.8 7.70099 35.9218
      vertex -18.8 1.62858 34.2427
      vertex -18.8 7.64458 36.1131
    endloop
  endfacet
  facet normal -1 -0 0
    outer loop
      vertex -18.8 7.64458 36.1131
      vertex -18.8 1.62858 34.2427
      vertex -18.8 7.58342 36.303
    endloop
  endfacet
  facet normal -1 -0 0
    outer loop
      vertex -18.8 7.58342 36.303
      vertex -18.8 1.62858 34.2427
      vertex -18.8 7.51754 36.4913
    endloop
  endfacet
  facet normal -1 0 0
    outer loop
      vertex -18.8 1.56097 34.4284
      vertex -18.8 7.51754 36.4913
      vertex -18.8 1.62858 34.2427
    endloop
  endfacet
  facet normal -1 -0 0
    outer loop
      vertex -18.8 7.51754 36.4913
      vertex -18.8 1.56097 34.4284
      vertex -18.8 7.44699 36.6778
    endloop
  endfacet
  facet normal -1 -0 0
    outer loop
      vertex -18.8 7.37181 36.8626
      vertex -18.8 1.56097 34.4284
      vertex -18.8 7.29205 37.0454
    endloop
  endfacet
  facet normal -1 -0 0
    outer loop
      vertex -18.8 7.29205 37.0454
      vertex -18.8 1.56097 34.4284
      vertex -18.8 7.20775 37.2262
    endloop
  endfacet
  facet normal -1 -0 0
    outer loop
      vertex -18.8 7.20775 37.2262
      vertex -18.8 1.56097 34.4284
      vertex -18.8 7.11897 37.4048
    endloop
  endfacet
  facet normal -1 0 0
    outer loop
      vertex -18.8 1.47224 34.6051
      vertex -18.8 7.11897 37.4048
      vertex -18.8 1.56097 34.4284
    endloop
  endfacet
  facet normal -1 -0 0
    outer loop
      vertex -18.8 7.11897 37.4048
      vertex -18.8 1.47224 34.6051
      vertex -18.8 7.02577 37.5811
    endloop
  endfacet
  facet normal -1 -0 0
    outer loop
      vertex -18.8 6.9282 37.7551
      vertex -18.8 1.47224 34.6051
      vertex -18.8 6.82633 37.9266
    endloop
  endfacet
  facet normal -1 -0 0
    outer loop
      vertex -18.8 6.82633 37.9266
      vertex -18.8 1.47224 34.6051
      vertex -18.8 6.72021 38.0955
    endloop
  endfacet
  facet normal -1 -0 0
    outer loop
      vertex -18.8 6.72021 38.0955
      vertex -18.8 1.47224 34.6051
      vertex -18.8 6.60991 38.2617
    endloop
  endfacet
  facet normal -1 0 0
    outer loop
      vertex -18.8 1.36361 34.7703
      vertex -18.8 6.60991 38.2617
      vertex -18.8 1.47224 34.6051
    endloop
  endfacet
  facet normal -1 -0 0
    outer loop
      vertex -18.8 6.60991 38.2617
      vertex -18.8 1.36361 34.7703
      vertex -18.8 6.4955 38.425
    endloop
  endfacet
  facet normal -1 -0 0
    outer loop
      vertex -18.8 6.4955 38.425
      vertex -18.8 1.36361 34.7703
      vertex -18.8 6.37706 38.5855
    endloop
  endfacet
  facet normal -1 -0 0
    outer loop
      vertex -18.8 6.25465 38.743
      vertex -18.8 1.36361 34.7703
      vertex -18.8 6.12836 38.8974
    endloop
  endfacet
  facet normal -1 0 0
    outer loop
      vertex -18.8 1.23654 34.9217
      vertex -18.8 6.12836 38.8974
      vertex -18.8 1.36361 34.7703
    endloop
  endfacet
  facet normal -1 -0 0
    outer loop
      vertex -18.8 6.12836 38.8974
      vertex -18.8 1.23654 34.9217
      vertex -18.8 5.99825 39.0486
    endloop
  endfacet
  facet normal -1 -0 0
    outer loop
      vertex -18.8 5.99825 39.0486
      vertex -18.8 1.23654 34.9217
      vertex -18.8 5.86441 39.1965
    endloop
  endfacet
  facet normal -1 -0 0
    outer loop
      vertex -18.8 5.86441 39.1965
      vertex -18.8 1.23654 34.9217
      vertex -18.8 5.72693 39.341
    endloop
  endfacet
  facet normal -1 -0 0
    outer loop
      vertex -18.8 5.58589 39.482
      vertex -18.8 1.23654 34.9217
      vertex -18.8 5.44138 39.6195
    endloop
  endfacet
  facet normal -1 0 0
    outer loop
      vertex -18.8 1.09274 35.0574
      vertex -18.8 5.44138 39.6195
      vertex -18.8 1.23654 34.9217
    endloop
  endfacet
  facet normal -1 -0 0
    outer loop
      vertex -18.8 5.44138 39.6195
      vertex -18.8 1.09274 35.0574
      vertex -18.8 5.29349 39.7533
    endloop
  endfacet
  facet normal -1 -0 0
    outer loop
      vertex -18.8 5.29349 39.7533
      vertex -18.8 1.09274 35.0574
      vertex -18.8 5.1423 39.8834
    endloop
  endfacet
  facet normal -1 -0 0
    outer loop
      vertex -18.8 5.1423 39.8834
      vertex -18.8 1.09274 35.0574
      vertex -18.8 4.98792 40.0097
    endloop
  endfacet
  facet normal -1 -0 0
    outer loop
      vertex -18.8 4.98792 40.0097
      vertex -18.8 1.09274 35.0574
      vertex -18.8 4.83043 40.1322
    endloop
  endfacet
  facet normal -1 0 0
    outer loop
      vertex -18.8 0.934165 35.1754
      vertex -18.8 4.66995 40.2506
      vertex -18.8 1.09274 35.0574
    endloop
  endfacet
  facet normal -1 -0 0
    outer loop
      vertex -18.8 4.66995 40.2506
      vertex -18.8 0.934165 35.1754
      vertex -18.8 4.50656 40.365
    endloop
  endfacet
  facet normal -1 -0 0
    outer loop
      vertex -18.8 4.50656 40.365
      vertex -18.8 0.934165 35.1754
      vertex -18.8 4.34037 40.4753
    endloop
  endfacet
  facet normal -1 -0 0
    outer loop
      vertex -18.8 4.34037 40.4753
      vertex -18.8 0.934165 35.1754
      vertex -18.8 4.17148 40.5814
    endloop
  endfacet
  facet normal -1 -0 0
    outer loop
      vertex -18.8 4.17148 40.5814
      vertex -18.8 0.934165 35.1754
      vertex -18.8 4 40.6833
    endloop
  endfacet
  facet normal -1 0 0
    outer loop
      vertex -18.8 0.762959 35.2743
      vertex -18.8 4 40.6833
      vertex -18.8 0.934165 35.1754
    endloop
  endfacet
  facet normal -1 -0 0
    outer loop
      vertex -18.8 3.82603 40.7809
      vertex -18.8 0.762959 35.2743
      vertex -18.8 3.64968 40.8741
    endloop
  endfacet
  facet normal -1 -0 0
    outer loop
      vertex -18.8 4 40.6833
      vertex -18.8 0.762959 35.2743
      vertex -18.8 3.82603 40.7809
    endloop
  endfacet
  facet normal -1 -0 0
    outer loop
      vertex -18.8 4.83043 40.1322
      vertex -18.8 1.09274 35.0574
      vertex -18.8 4.66995 40.2506
    endloop
  endfacet
  facet normal -1 -0 0
    outer loop
      vertex -18.8 5.72693 39.341
      vertex -18.8 1.23654 34.9217
      vertex -18.8 5.58589 39.482
    endloop
  endfacet
  facet normal -1 -0 0
    outer loop
      vertex -18.8 6.37706 38.5855
      vertex -18.8 1.36361 34.7703
      vertex -18.8 6.25465 38.743
    endloop
  endfacet
  facet normal -1 -0 0
    outer loop
      vertex -18.8 7.02577 37.5811
      vertex -18.8 1.47224 34.6051
      vertex -18.8 6.9282 37.7551
    endloop
  endfacet
  facet normal -1 -0 0
    outer loop
      vertex -18.8 7.44699 36.6778
      vertex -18.8 1.56097 34.4284
      vertex -18.8 7.37181 36.8626
    endloop
  endfacet
  facet normal -1 -0 0
    outer loop
      vertex -18.8 7.75262 35.7292
      vertex -18.8 1.62858 34.2427
      vertex -18.8 7.70099 35.9218
    endloop
  endfacet
  facet normal -1 0 0
    outer loop
      vertex -18.8 1.67417 34.0503
      vertex -18.8 7.93791 34.7498
      vertex -18.8 1.69712 33.8539
    endloop
  endfacet
  facet normal -1 0 0
    outer loop
      vertex -18.8 1.69712 33.8539
      vertex -18.8 8 33.7551
      vertex -18.8 1.69712 33.6562
    endloop
  endfacet
  facet normal -1 0 -0
    outer loop
      vertex -18.8 1.36361 32.7399
      vertex -18.8 8 33.7551
      vertex -18.8 1.23654 32.5885
    endloop
  endfacet
  facet normal -1 0 0
    outer loop
      vertex -18.8 8 0
      vertex -18.8 0.581433 32.1576
      vertex -18.8 0.762959 32.2359
    endloop
  endfacet
  facet normal -1 0 0
    outer loop
      vertex -18.8 8 0
      vertex -18.8 0.392047 32.1009
      vertex -18.8 0.581433 32.1576
    endloop
  endfacet
  facet normal -1 0 0
    outer loop
      vertex -18.8 8 0
      vertex -18.8 0.197357 32.0666
      vertex -18.8 0.392047 32.1009
    endloop
  endfacet
  facet normal -1 0 0
    outer loop
      vertex -18.8 8 0
      vertex -18.8 0 32.0551
      vertex -18.8 0.197357 32.0666
    endloop
  endfacet
  facet normal -1 0 0
    outer loop
      vertex -18.8 -8 0
      vertex -18.8 0 32.0551
      vertex -18.8 8 0
    endloop
  endfacet
  facet normal -1 -0 0
    outer loop
      vertex -18.8 0 32.0551
      vertex -18.8 -8 0
      vertex -18.8 -0.197357 32.0666
    endloop
  endfacet
  facet normal -1 -0 0
    outer loop
      vertex -18.8 -0.197357 32.0666
      vertex -18.8 -8 0
      vertex -18.8 -0.392047 32.1009
    endloop
  endfacet
  facet normal -1 -0 0
    outer loop
      vertex -18.8 -0.392047 32.1009
      vertex -18.8 -8 0
      vertex -18.8 -0.581433 32.1576
    endloop
  endfacet
  facet normal -1 -0 0
    outer loop
      vertex -18.8 -0.581433 32.1576
      vertex -18.8 -8 0
      vertex -18.8 -0.762959 32.2359
    endloop
  endfacet
  facet normal -1 0 0
    outer loop
      vertex -18.8 -8 33.7551
      vertex -18.8 -0.762959 32.2359
      vertex -18.8 -8 0
    endloop
  endfacet
  facet normal -1 0 0
    outer loop
      vertex -18.8 -0.762959 32.2359
      vertex -18.8 -8 33.7551
      vertex -18.8 -0.934165 32.3348
    endloop
  endfacet
  facet normal -1 0 0
    outer loop
      vertex -18.8 -0.934165 32.3348
      vertex -18.8 -8 33.7551
      vertex -18.8 -1.09274 32.4528
    endloop
  endfacet
  facet normal -1 0 0
    outer loop
      vertex -18.8 -1.09274 32.4528
      vertex -18.8 -8 33.7551
      vertex -18.8 -1.23654 32.5885
    endloop
  endfacet
  facet normal -1 0 0
    outer loop
      vertex -18.8 -1.23654 32.5885
      vertex -18.8 -8 33.7551
      vertex -18.8 -1.36361 32.7399
    endloop
  endfacet
  facet normal -1 0 0
    outer loop
      vertex -18.8 -1.36361 32.7399
      vertex -18.8 -8 33.7551
      vertex -18.8 -1.47224 32.9051
    endloop
  endfacet
  facet normal -1 0 0
    outer loop
      vertex -18.8 -8 33.7551
      vertex -18.8 -1.69712 33.8539
      vertex -18.8 -1.69712 33.6562
    endloop
  endfacet
  facet normal -1 0 0
    outer loop
      vertex -18.8 -1.69712 33.8539
      vertex -18.8 -1.97406 41.5077
      vertex -18.8 -1.78017 41.5545
    endloop
  endfacet
  facet normal -1 0 0
    outer loop
      vertex -18.8 -1.69712 33.8539
      vertex -18.8 -2.16672 41.4561
      vertex -18.8 -1.97406 41.5077
    endloop
  endfacet
  facet normal -1 0 0
    outer loop
      vertex -18.8 -1.69712 33.8539
      vertex -18.8 -2.35804 41.3997
      vertex -18.8 -2.16672 41.4561
    endloop
  endfacet
  facet normal -1 0 0
    outer loop
      vertex -18.8 -1.69712 33.8539
      vertex -18.8 -2.54789 41.3385
      vertex -18.8 -2.35804 41.3997
    endloop
  endfacet
  facet normal -1 0 0
    outer loop
      vertex -18.8 -1.69712 33.8539
      vertex -18.8 -2.73616 41.2726
      vertex -18.8 -2.54789 41.3385
    endloop
  endfacet
  facet normal -1 0 0
    outer loop
      vertex -18.8 -8 33.7551
      vertex -18.8 -1.69712 33.6562
      vertex -18.8 -1.67417 33.4599
    endloop
  endfacet
  facet normal -1 0 0
    outer loop
      vertex -18.8 -1.69712 33.8539
      vertex -18.8 -2.92273 41.2021
      vertex -18.8 -2.73616 41.2726
    endloop
  endfacet
  facet normal -1 0 0
    outer loop
      vertex -18.8 -1.69712 33.8539
      vertex -18.8 -3.10748 41.1269
      vertex -18.8 -2.92273 41.2021
    endloop
  endfacet
  facet normal -1 0 0
    outer loop
      vertex -18.8 -1.69712 33.8539
      vertex -18.8 -3.2903 41.0471
      vertex -18.8 -3.10748 41.1269
    endloop
  endfacet
  facet normal -1 0 0
    outer loop
      vertex -18.8 -1.69712 33.8539
      vertex -18.8 -3.47107 40.9628
      vertex -18.8 -3.2903 41.0471
    endloop
  endfacet
  facet normal -1 0 0
    outer loop
      vertex -18.8 -8 33.7551
      vertex -18.8 -1.67417 33.4599
      vertex -18.8 -1.62858 33.2675
    endloop
  endfacet
  facet normal -1 0 0
    outer loop
      vertex -18.8 -1.69712 33.8539
      vertex -18.8 -3.64968 40.8741
      vertex -18.8 -3.47107 40.9628
    endloop
  endfacet
  facet normal -1 0 0
    outer loop
      vertex -18.8 -1.69712 33.8539
      vertex -18.8 -3.82603 40.7809
      vertex -18.8 -3.64968 40.8741
    endloop
  endfacet
  facet normal -1 0 0
    outer loop
      vertex -18.8 -1.47224 32.9051
      vertex -18.8 -8 33.7551
      vertex -18.8 -1.56097 33.0818
    endloop
  endfacet
  facet normal -1 -0 0
    outer loop
      vertex -18.8 -1.69712 33.8539
      vertex -18.8 -8 33.7551
      vertex -18.8 -7.99751 33.9545
    endloop
  endfacet
  facet normal -1 0 0
    outer loop
      vertex -18.8 -1.69712 33.8539
      vertex -18.8 -4 40.6833
      vertex -18.8 -3.82603 40.7809
    endloop
  endfacet
  facet normal -1 0 0
    outer loop
      vertex -18.8 -1.69712 33.8539
      vertex -18.8 -4.17148 40.5814
      vertex -18.8 -4 40.6833
    endloop
  endfacet
  facet normal -1 0 0
    outer loop
      vertex -18.8 -1.69712 33.8539
      vertex -18.8 -4.34037 40.4753
      vertex -18.8 -4.17148 40.5814
    endloop
  endfacet
  facet normal -1 0 0
    outer loop
      vertex -18.8 -1.69712 33.8539
      vertex -18.8 -4.50656 40.365
      vertex -18.8 -4.34037 40.4753
    endloop
  endfacet
  facet normal -1 0 0
    outer loop
      vertex -18.8 -1.69712 33.8539
      vertex -18.8 -4.66995 40.2506
      vertex -18.8 -4.50656 40.365
    endloop
  endfacet
  facet normal -1 0 0
    outer loop
      vertex -18.8 -1.69712 33.8539
      vertex -18.8 -4.83043 40.1322
      vertex -18.8 -4.66995 40.2506
    endloop
  endfacet
  facet normal -1 0 0
    outer loop
      vertex -18.8 -1.69712 33.8539
      vertex -18.8 -4.98792 40.0097
      vertex -18.8 -4.83043 40.1322
    endloop
  endfacet
  facet normal -1 0 0
    outer loop
      vertex -18.8 -1.69712 33.8539
      vertex -18.8 -5.1423 39.8834
      vertex -18.8 -4.98792 40.0097
    endloop
  endfacet
  facet normal -1 0 0
    outer loop
      vertex -18.8 -1.69712 33.8539
      vertex -18.8 -5.29349 39.7533
      vertex -18.8 -5.1423 39.8834
    endloop
  endfacet
  facet normal -1 0 0
    outer loop
      vertex -18.8 -1.69712 33.8539
      vertex -18.8 -5.44138 39.6195
      vertex -18.8 -5.29349 39.7533
    endloop
  endfacet
  facet normal -1 0 0
    outer loop
      vertex -18.8 -1.69712 33.8539
      vertex -18.8 -5.58589 39.482
      vertex -18.8 -5.44138 39.6195
    endloop
  endfacet
  facet normal -1 0 0
    outer loop
      vertex -18.8 -1.69712 33.8539
      vertex -18.8 -5.72693 39.341
      vertex -18.8 -5.58589 39.482
    endloop
  endfacet
  facet normal -1 0 0
    outer loop
      vertex -18.8 -1.69712 33.8539
      vertex -18.8 -5.86441 39.1965
      vertex -18.8 -5.72693 39.341
    endloop
  endfacet
  facet normal -1 0 0
    outer loop
      vertex -18.8 -1.69712 33.8539
      vertex -18.8 -5.99825 39.0486
      vertex -18.8 -5.86441 39.1965
    endloop
  endfacet
  facet normal -1 0 0
    outer loop
      vertex -18.8 -1.69712 33.8539
      vertex -18.8 -6.12836 38.8974
      vertex -18.8 -5.99825 39.0486
    endloop
  endfacet
  facet normal -1 0 0
    outer loop
      vertex -18.8 -1.69712 33.8539
      vertex -18.8 -6.25465 38.743
      vertex -18.8 -6.12836 38.8974
    endloop
  endfacet
  facet normal -1 0 0
    outer loop
      vertex -18.8 -1.69712 33.8539
      vertex -18.8 -6.37706 38.5855
      vertex -18.8 -6.25465 38.743
    endloop
  endfacet
  facet normal -1 0 0
    outer loop
      vertex -18.8 -1.69712 33.8539
      vertex -18.8 -6.4955 38.425
      vertex -18.8 -6.37706 38.5855
    endloop
  endfacet
  facet normal -1 0 0
    outer loop
      vertex -18.8 -1.69712 33.8539
      vertex -18.8 -6.60991 38.2617
      vertex -18.8 -6.4955 38.425
    endloop
  endfacet
  facet normal -1 0 0
    outer loop
      vertex -18.8 -1.69712 33.8539
      vertex -18.8 -6.72021 38.0955
      vertex -18.8 -6.60991 38.2617
    endloop
  endfacet
  facet normal -1 0 0
    outer loop
      vertex -18.8 -1.69712 33.8539
      vertex -18.8 -6.82633 37.9266
      vertex -18.8 -6.72021 38.0955
    endloop
  endfacet
  facet normal -1 0 0
    outer loop
      vertex -18.8 -1.69712 33.8539
      vertex -18.8 -6.9282 37.7551
      vertex -18.8 -6.82633 37.9266
    endloop
  endfacet
  facet normal -1 0 0
    outer loop
      vertex -18.8 -1.69712 33.8539
      vertex -18.8 -7.02577 37.5811
      vertex -18.8 -6.9282 37.7551
    endloop
  endfacet
  facet normal -1 0 0
    outer loop
      vertex -18.8 -1.69712 33.8539
      vertex -18.8 -7.11897 37.4048
      vertex -18.8 -7.02577 37.5811
    endloop
  endfacet
  facet normal -1 0 0
    outer loop
      vertex -18.8 -1.69712 33.8539
      vertex -18.8 -7.20775 37.2262
      vertex -18.8 -7.11897 37.4048
    endloop
  endfacet
  facet normal -1 0 0
    outer loop
      vertex -18.8 -1.69712 33.8539
      vertex -18.8 -7.29205 37.0454
      vertex -18.8 -7.20775 37.2262
    endloop
  endfacet
  facet normal -1 0 0
    outer loop
      vertex -18.8 -1.69712 33.8539
      vertex -18.8 -7.37181 36.8626
      vertex -18.8 -7.29205 37.0454
    endloop
  endfacet
  facet normal -1 0 0
    outer loop
      vertex -18.8 -1.69712 33.8539
      vertex -18.8 -7.44699 36.6778
      vertex -18.8 -7.37181 36.8626
    endloop
  endfacet
  facet normal -1 0 0
    outer loop
      vertex -18.8 -1.69712 33.8539
      vertex -18.8 -7.51754 36.4913
      vertex -18.8 -7.44699 36.6778
    endloop
  endfacet
  facet normal -1 0 0
    outer loop
      vertex -18.8 -1.69712 33.8539
      vertex -18.8 -7.58342 36.303
      vertex -18.8 -7.51754 36.4913
    endloop
  endfacet
  facet normal -1 0 0
    outer loop
      vertex -18.8 -1.69712 33.8539
      vertex -18.8 -7.64458 36.1131
      vertex -18.8 -7.58342 36.303
    endloop
  endfacet
  facet normal -1 0 0
    outer loop
      vertex -18.8 -1.69712 33.8539
      vertex -18.8 -7.70099 35.9218
      vertex -18.8 -7.64458 36.1131
    endloop
  endfacet
  facet normal -1 0 0
    outer loop
      vertex -18.8 -1.69712 33.8539
      vertex -18.8 -7.75262 35.7292
      vertex -18.8 -7.70099 35.9218
    endloop
  endfacet
  facet normal -1 0 0
    outer loop
      vertex -18.8 -1.69712 33.8539
      vertex -18.8 -7.79942 35.5353
      vertex -18.8 -7.75262 35.7292
    endloop
  endfacet
  facet normal -1 0 0
    outer loop
      vertex -18.8 -1.69712 33.8539
      vertex -18.8 -7.84138 35.3403
      vertex -18.8 -7.79942 35.5353
    endloop
  endfacet
  facet normal -1 0 0
    outer loop
      vertex -18.8 -1.69712 33.8539
      vertex -18.8 -7.87846 35.1443
      vertex -18.8 -7.84138 35.3403
    endloop
  endfacet
  facet normal -1 0 0
    outer loop
      vertex -18.8 -1.69712 33.8539
      vertex -18.8 -7.91065 34.9474
      vertex -18.8 -7.87846 35.1443
    endloop
  endfacet
  facet normal -1 0 0
    outer loop
      vertex -18.8 -1.69712 33.8539
      vertex -18.8 -7.93791 34.7498
      vertex -18.8 -7.91065 34.9474
    endloop
  endfacet
  facet normal -1 0 0
    outer loop
      vertex -18.8 -1.69712 33.8539
      vertex -18.8 -7.96025 34.5516
      vertex -18.8 -7.93791 34.7498
    endloop
  endfacet
  facet normal -1 0 0
    outer loop
      vertex -18.8 -1.69712 33.8539
      vertex -18.8 -7.97763 34.3529
      vertex -18.8 -7.96025 34.5516
    endloop
  endfacet
  facet normal -1 0 0
    outer loop
      vertex -18.8 -1.69712 33.8539
      vertex -18.8 -7.99006 34.1539
      vertex -18.8 -7.97763 34.3529
    endloop
  endfacet
  facet normal -1 0 0
    outer loop
      vertex -18.8 -1.56097 33.0818
      vertex -18.8 -8 33.7551
      vertex -18.8 -1.62858 33.2675
    endloop
  endfacet
  facet normal -1 0 0
    outer loop
      vertex -18.8 -1.69712 33.8539
      vertex -18.8 -7.99751 33.9545
      vertex -18.8 -7.99006 34.1539
    endloop
  endfacet
  facet normal -1 -0 0
    outer loop
      vertex -18.8 3.64968 40.8741
      vertex -18.8 0.762959 35.2743
      vertex -18.8 3.47107 40.9628
    endloop
  endfacet
  facet normal -1 -0 0
    outer loop
      vertex -18.8 3.47107 40.9628
      vertex -18.8 0.762959 35.2743
      vertex -18.8 3.2903 41.0471
    endloop
  endfacet
  facet normal -1 -0 0
    outer loop
      vertex -18.8 3.2903 41.0471
      vertex -18.8 0.762959 35.2743
      vertex -18.8 3.10748 41.1269
    endloop
  endfacet
  facet normal -1 0 0
    outer loop
      vertex -18.8 0.581433 35.3526
      vertex -18.8 3.10748 41.1269
      vertex -18.8 0.762959 35.2743
    endloop
  endfacet
  facet normal -1 -0 0
    outer loop
      vertex -18.8 3.10748 41.1269
      vertex -18.8 0.581433 35.3526
      vertex -18.8 2.92273 41.2021
    endloop
  endfacet
  facet normal -1 -0 0
    outer loop
      vertex -18.8 2.92273 41.2021
      vertex -18.8 0.581433 35.3526
      vertex -18.8 2.73616 41.2726
    endloop
  endfacet
  facet normal -1 -0 0
    outer loop
      vertex -18.8 2.73616 41.2726
      vertex -18.8 0.581433 35.3526
      vertex -18.8 2.54789 41.3385
    endloop
  endfacet
  facet normal -1 -0 0
    outer loop
      vertex -18.8 2.54789 41.3385
      vertex -18.8 0.581433 35.3526
      vertex -18.8 2.35804 41.3997
    endloop
  endfacet
  facet normal -1 -0 0
    outer loop
      vertex -18.8 2.35804 41.3997
      vertex -18.8 0.581433 35.3526
      vertex -18.8 2.16672 41.4561
    endloop
  endfacet
  facet normal -1 0 0
    outer loop
      vertex -18.8 0.392047 35.4093
      vertex -18.8 2.16672 41.4561
      vertex -18.8 0.581433 35.3526
    endloop
  endfacet
  facet normal -1 -0 0
    outer loop
      vertex -18.8 2.16672 41.4561
      vertex -18.8 0.392047 35.4093
      vertex -18.8 1.97406 41.5077
    endloop
  endfacet
  facet normal -1 -0 0
    outer loop
      vertex -18.8 1.97406 41.5077
      vertex -18.8 0.392047 35.4093
      vertex -18.8 1.78017 41.5545
    endloop
  endfacet
  facet normal -1 -0 0
    outer loop
      vertex -18.8 1.78017 41.5545
      vertex -18.8 0.392047 35.4093
      vertex -18.8 1.58517 41.5965
    endloop
  endfacet
  facet normal -1 -0 0
    outer loop
      vertex -18.8 1.58517 41.5965
      vertex -18.8 0.392047 35.4093
      vertex -18.8 1.38918 41.6336
    endloop
  endfacet
  facet normal -1 0 0
    outer loop
      vertex -18.8 0.197357 35.4436
      vertex -18.8 1.38918 41.6336
      vertex -18.8 0.392047 35.4093
    endloop
  endfacet
  facet normal -1 -0 0
    outer loop
      vertex -18.8 1.38918 41.6336
      vertex -18.8 0.197357 35.4436
      vertex -18.8 1.19234 41.6657
    endloop
  endfacet
  facet normal -1 -0 0
    outer loop
      vertex -18.8 1.19234 41.6657
      vertex -18.8 0.197357 35.4436
      vertex -18.8 0.994749 41.693
    endloop
  endfacet
  facet normal -1 -0 0
    outer loop
      vertex -18.8 0.994749 41.693
      vertex -18.8 0.197357 35.4436
      vertex -18.8 0.796542 41.7153
    endloop
  endfacet
  facet normal -1 -0 0
    outer loop
      vertex -18.8 0.796542 41.7153
      vertex -18.8 0.197357 35.4436
      vertex -18.8 0.59784 41.7327
    endloop
  endfacet
  facet normal -1 -0 0
    outer loop
      vertex -18.8 0.59784 41.7327
      vertex -18.8 0.197357 35.4436
      vertex -18.8 0.398767 41.7451
    endloop
  endfacet
  facet normal -1 0 0
    outer loop
      vertex -18.8 0 35.4551
      vertex -18.8 0.398767 41.7451
      vertex -18.8 0.197357 35.4436
    endloop
  endfacet
  facet normal -1 -0 0
    outer loop
      vertex -18.8 0.398767 41.7451
      vertex -18.8 0 35.4551
      vertex -18.8 0.199445 41.7526
    endloop
  endfacet
  facet normal -1 0 0
    outer loop
      vertex -18.8 0 35.4551
      vertex -18.8 0 41.7551
      vertex -18.8 0.199445 41.7526
    endloop
  endfacet
  facet normal -1 0 0
    outer loop
      vertex -18.8 -0.398767 41.7451
      vertex -18.8 0 35.4551
      vertex -18.8 -0.197357 35.4436
    endloop
  endfacet
  facet normal -1 0 0
    outer loop
      vertex -18.8 0 35.4551
      vertex -18.8 -0.199445 41.7526
      vertex -18.8 0 41.7551
    endloop
  endfacet
  facet normal -1 0 0
    outer loop
      vertex -18.8 -1.38918 41.6336
      vertex -18.8 -0.197357 35.4436
      vertex -18.8 -0.392047 35.4093
    endloop
  endfacet
  facet normal -1 0 0
    outer loop
      vertex -18.8 0 35.4551
      vertex -18.8 -0.398767 41.7451
      vertex -18.8 -0.199445 41.7526
    endloop
  endfacet
  facet normal -1 0 0
    outer loop
      vertex -18.8 -1.78017 41.5545
      vertex -18.8 -0.392047 35.4093
      vertex -18.8 -0.581433 35.3526
    endloop
  endfacet
  facet normal -1 0 0
    outer loop
      vertex -18.8 -0.197357 35.4436
      vertex -18.8 -0.59784 41.7327
      vertex -18.8 -0.398767 41.7451
    endloop
  endfacet
  facet normal -1 0 0
    outer loop
      vertex -18.8 -1.78017 41.5545
      vertex -18.8 -0.581433 35.3526
      vertex -18.8 -0.762959 35.2743
    endloop
  endfacet
  facet normal -1 0 0
    outer loop
      vertex -18.8 -0.197357 35.4436
      vertex -18.8 -0.796542 41.7153
      vertex -18.8 -0.59784 41.7327
    endloop
  endfacet
  facet normal -1 0 0
    outer loop
      vertex -18.8 -1.78017 41.5545
      vertex -18.8 -0.762959 35.2743
      vertex -18.8 -0.934165 35.1754
    endloop
  endfacet
  facet normal -1 0 0
    outer loop
      vertex -18.8 -0.197357 35.4436
      vertex -18.8 -0.994749 41.693
      vertex -18.8 -0.796542 41.7153
    endloop
  endfacet
  facet normal -1 0 0
    outer loop
      vertex -18.8 -1.78017 41.5545
      vertex -18.8 -0.934165 35.1754
      vertex -18.8 -1.09274 35.0574
    endloop
  endfacet
  facet normal -1 0 0
    outer loop
      vertex -18.8 -0.197357 35.4436
      vertex -18.8 -1.19234 41.6657
      vertex -18.8 -0.994749 41.693
    endloop
  endfacet
  facet normal -1 0 0
    outer loop
      vertex -18.8 -1.78017 41.5545
      vertex -18.8 -1.09274 35.0574
      vertex -18.8 -1.23654 34.9217
    endloop
  endfacet
  facet normal -1 0 0
    outer loop
      vertex -18.8 -1.78017 41.5545
      vertex -18.8 -1.23654 34.9217
      vertex -18.8 -1.36361 34.7703
    endloop
  endfacet
  facet normal -1 0 0
    outer loop
      vertex -18.8 -0.197357 35.4436
      vertex -18.8 -1.38918 41.6336
      vertex -18.8 -1.19234 41.6657
    endloop
  endfacet
  facet normal -1 0 0
    outer loop
      vertex -18.8 -1.78017 41.5545
      vertex -18.8 -1.36361 34.7703
      vertex -18.8 -1.47224 34.6051
    endloop
  endfacet
  facet normal -1 0 0
    outer loop
      vertex -18.8 -1.78017 41.5545
      vertex -18.8 -1.47224 34.6051
      vertex -18.8 -1.56097 34.4284
    endloop
  endfacet
  facet normal -1 0 0
    outer loop
      vertex -18.8 -0.392047 35.4093
      vertex -18.8 -1.58517 41.5965
      vertex -18.8 -1.38918 41.6336
    endloop
  endfacet
  facet normal -1 0 0
    outer loop
      vertex -18.8 -1.78017 41.5545
      vertex -18.8 -1.56097 34.4284
      vertex -18.8 -1.62858 34.2427
    endloop
  endfacet
  facet normal -1 0 0
    outer loop
      vertex -18.8 -1.78017 41.5545
      vertex -18.8 -1.62858 34.2427
      vertex -18.8 -1.67417 34.0503
    endloop
  endfacet
  facet normal -1 0 0
    outer loop
      vertex -18.8 -1.78017 41.5545
      vertex -18.8 -1.67417 34.0503
      vertex -18.8 -1.69712 33.8539
    endloop
  endfacet
  facet normal -1 0 0
    outer loop
      vertex -18.8 -0.392047 35.4093
      vertex -18.8 -1.78017 41.5545
      vertex -18.8 -1.58517 41.5965
    endloop
  endfacet
  facet normal -0 0.633205 0.773984
    outer loop
      vertex -18.8 5.1423 39.8834
      vertex -15.8 4.98792 40.0097
      vertex -15.8 5.1423 39.8834
    endloop
  endfacet
  facet normal 0 0.633205 0.773984
    outer loop
      vertex -15.8 4.98792 40.0097
      vertex -18.8 5.1423 39.8834
      vertex -18.8 4.98792 40.0097
    endloop
  endfacet
  facet normal 0 0.884068 0.467358
    outer loop
      vertex -15.8 7.11897 37.4048
      vertex -18.8 7.02577 37.5811
      vertex -15.8 7.02577 37.5811
    endloop
  endfacet
  facet normal 0 0.884068 0.467358
    outer loop
      vertex -18.8 7.02577 37.5811
      vertex -15.8 7.11897 37.4048
      vertex -18.8 7.11897 37.4048
    endloop
  endfacet
  facet normal 0 0.872228 0.489099
    outer loop
      vertex -15.8 7.02577 37.5811
      vertex -18.8 6.9282 37.7551
      vertex -15.8 6.9282 37.7551
    endloop
  endfacet
  facet normal 0 0.872228 0.489099
    outer loop
      vertex -18.8 6.9282 37.7551
      vertex -15.8 7.02577 37.5811
      vertex -18.8 7.02577 37.5811
    endloop
  endfacet
  facet normal 0 0.774049 0.633126
    outer loop
      vertex -15.8 6.25465 38.743
      vertex -18.8 6.12836 38.8974
      vertex -15.8 6.12836 38.8974
    endloop
  endfacet
  facet normal 0 0.774049 0.633126
    outer loop
      vertex -18.8 6.12836 38.8974
      vertex -15.8 6.25465 38.743
      vertex -18.8 6.25465 38.743
    endloop
  endfacet
  facet normal 0 0.990618 0.136661
    outer loop
      vertex -15.8 7.93791 34.7498
      vertex -18.8 7.91065 34.9474
      vertex -15.8 7.91065 34.9474
    endloop
  endfacet
  facet normal 0 0.990618 0.136661
    outer loop
      vertex -18.8 7.91065 34.9474
      vertex -15.8 7.93791 34.7498
      vertex -18.8 7.93791 34.7498
    endloop
  endfacet
  facet normal -0 0.467254 0.884123
    outer loop
      vertex -18.8 3.82603 40.7809
      vertex -15.8 3.64968 40.8741
      vertex -15.8 3.82603 40.7809
    endloop
  endfacet
  facet normal 0 0.467254 0.884123
    outer loop
      vertex -15.8 3.64968 40.8741
      vertex -18.8 3.82603 40.7809
      vertex -18.8 3.64968 40.8741
    endloop
  endfacet
  facet normal 0 -0.906324 0.422584
    outer loop
      vertex -18.8 -7.29205 37.0454
      vertex -15.8 -7.20775 37.2262
      vertex -18.8 -7.20775 37.2262
    endloop
  endfacet
  facet normal 0 -0.906324 0.422584
    outer loop
      vertex -15.8 -7.20775 37.2262
      vertex -18.8 -7.29205 37.0454
      vertex -15.8 -7.29205 37.0454
    endloop
  endfacet
  facet normal -0 0.16095 0.986962
    outer loop
      vertex -18.8 1.38918 41.6336
      vertex -15.8 1.19234 41.6657
      vertex -15.8 1.38918 41.6336
    endloop
  endfacet
  facet normal 0 0.16095 0.986962
    outer loop
      vertex -15.8 1.19234 41.6657
      vertex -18.8 1.38918 41.6336
      vertex -18.8 1.19234 41.6657
    endloop
  endfacet
  facet normal 0 -0.741472 0.670984
    outer loop
      vertex -18.8 -5.99825 39.0486
      vertex -15.8 -5.86441 39.1965
      vertex -18.8 -5.86441 39.1965
    endloop
  endfacet
  facet normal 0 -0.741472 0.670984
    outer loop
      vertex -15.8 -5.86441 39.1965
      vertex -18.8 -5.99825 39.0486
      vertex -15.8 -5.99825 39.0486
    endloop
  endfacet
  facet normal 0 0.990618 0.136661
    outer loop
      vertex 18.8 7.93791 34.7498
      vertex 15.8 7.91065 34.9474
      vertex 18.8 7.91065 34.9474
    endloop
  endfacet
  facet normal 0 0.990618 0.136661
    outer loop
      vertex 15.8 7.91065 34.9474
      vertex 18.8 7.93791 34.7498
      vertex 15.8 7.93791 34.7498
    endloop
  endfacet
  facet normal 0 -0.531958 0.846771
    outer loop
      vertex 15.8 -4.17148 40.5814
      vertex 18.8 -4.34037 40.4753
      vertex 18.8 -4.17148 40.5814
    endloop
  endfacet
  facet normal 0 -0.531958 0.846771
    outer loop
      vertex 18.8 -4.34037 40.4753
      vertex 15.8 -4.17148 40.5814
      vertex 15.8 -4.34037 40.4753
    endloop
  endfacet
  facet normal 0 0.859763 0.510694
    outer loop
      vertex 18.8 6.9282 37.7551
      vertex 15.8 6.82633 37.9266
      vertex 18.8 6.82633 37.9266
    endloop
  endfacet
  facet normal 0 0.859763 0.510694
    outer loop
      vertex 15.8 6.82633 37.9266
      vertex 18.8 6.9282 37.7551
      vertex 15.8 6.9282 37.7551
    endloop
  endfacet
  facet normal 0 0.951852 0.306558
    outer loop
      vertex 18.8 7.64458 36.1131
      vertex 15.8 7.58342 36.303
      vertex 18.8 7.58342 36.303
    endloop
  endfacet
  facet normal 0 0.951852 0.306558
    outer loop
      vertex 15.8 7.58342 36.303
      vertex 18.8 7.64458 36.1131
      vertex 15.8 7.64458 36.1131
    endloop
  endfacet
  facet normal 0 -0.972086 0.234624
    outer loop
      vertex 15.8 -7.79942 35.5353
      vertex 18.8 -7.75262 35.7292
      vertex 15.8 -7.75262 35.7292
    endloop
  endfacet
  facet normal 0 -0.972086 0.234624
    outer loop
      vertex 18.8 -7.75262 35.7292
      vertex 15.8 -7.79942 35.5353
      vertex 18.8 -7.79942 35.5353
    endloop
  endfacet
  facet normal 0 -0.935315 0.353815
    outer loop
      vertex 15.8 -7.51754 36.4913
      vertex 18.8 -7.44699 36.6778
      vertex 15.8 -7.44699 36.6778
    endloop
  endfacet
  facet normal 0 -0.935315 0.353815
    outer loop
      vertex 18.8 -7.44699 36.6778
      vertex 15.8 -7.51754 36.4913
      vertex 18.8 -7.51754 36.4913
    endloop
  endfacet
  facet normal -0 0.400046 0.916495
    outer loop
      vertex 15.8 3.2903 41.0471
      vertex 18.8 3.10748 41.1269
      vertex 18.8 3.2903 41.0471
    endloop
  endfacet
  facet normal 0 0.400046 0.916495
    outer loop
      vertex 18.8 3.10748 41.1269
      vertex 15.8 3.2903 41.0471
      vertex 15.8 3.10748 41.1269
    endloop
  endfacet
  facet normal 0 -0.65226 0.757995
    outer loop
      vertex 15.8 -5.1423 39.8834
      vertex 18.8 -5.29349 39.7533
      vertex 18.8 -5.1423 39.8834
    endloop
  endfacet
  facet normal 0 -0.65226 0.757995
    outer loop
      vertex 18.8 -5.29349 39.7533
      vertex 15.8 -5.1423 39.8834
      vertex 15.8 -5.29349 39.7533
    endloop
  endfacet
  facet normal 0 0.999303 0.037336
    outer loop
      vertex 18.8 7.99751 33.9545
      vertex 15.8 7.99006 34.1539
      vertex 18.8 7.99006 34.1539
    endloop
  endfacet
  facet normal 0 0.999303 0.037336
    outer loop
      vertex 15.8 7.99006 34.1539
      vertex 18.8 7.99751 33.9545
      vertex 15.8 7.99751 33.9545
    endloop
  endfacet
  facet normal 0 0.926283 0.376829
    outer loop
      vertex 18.8 7.44699 36.6778
      vertex 15.8 7.37181 36.8626
      vertex 18.8 7.37181 36.8626
    endloop
  endfacet
  facet normal 0 0.926283 0.376829
    outer loop
      vertex 15.8 7.37181 36.8626
      vertex 18.8 7.44699 36.6778
      vertex 15.8 7.44699 36.6778
    endloop
  endfacet
  facet normal 0 0.916553 0.399914
    outer loop
      vertex 18.8 7.37181 36.8626
      vertex 15.8 7.29205 37.0454
      vertex 18.8 7.29205 37.0454
    endloop
  endfacet
  facet normal 0 0.916553 0.399914
    outer loop
      vertex 15.8 7.29205 37.0454
      vertex 18.8 7.37181 36.8626
      vertex 15.8 7.37181 36.8626
    endloop
  endfacet
  facet normal 0 -0.959168 0.282837
    outer loop
      vertex 15.8 -7.70099 35.9218
      vertex 18.8 -7.64458 36.1131
      vertex 15.8 -7.64458 36.1131
    endloop
  endfacet
  facet normal 0 -0.959168 0.282837
    outer loop
      vertex 18.8 -7.64458 36.1131
      vertex 15.8 -7.70099 35.9218
      vertex 18.8 -7.70099 35.9218
    endloop
  endfacet
  facet normal -0 0.35348 0.935442
    outer loop
      vertex 15.8 2.92273 41.2021
      vertex 18.8 2.73616 41.2726
      vertex 18.8 2.92273 41.2021
    endloop
  endfacet
  facet normal 0 0.35348 0.935442
    outer loop
      vertex 18.8 2.73616 41.2726
      vertex 15.8 2.92273 41.2021
      vertex 15.8 2.73616 41.2726
    endloop
  endfacet
  facet normal 0 -0.306812 0.95177
    outer loop
      vertex 15.8 -2.35804 41.3997
      vertex 18.8 -2.54789 41.3385
      vertex 18.8 -2.35804 41.3997
    endloop
  endfacet
  facet normal 0 -0.306812 0.95177
    outer loop
      vertex 18.8 -2.54789 41.3385
      vertex 15.8 -2.35804 41.3997
      vertex 15.8 -2.54789 41.3385
    endloop
  endfacet
  facet normal -0 0.0125338 0.999921
    outer loop
      vertex 15.8 0.199445 41.7526
      vertex 18.8 0 41.7551
      vertex 18.8 0.199445 41.7526
    endloop
  endfacet
  facet normal 0 0.0125338 0.999921
    outer loop
      vertex 18.8 0 41.7551
      vertex 15.8 0.199445 41.7526
      vertex 15.8 0 41.7551
    endloop
  endfacet
  facet normal -0 0.282763 0.95919
    outer loop
      vertex 15.8 2.35804 41.3997
      vertex 18.8 2.16672 41.4561
      vertex 18.8 2.35804 41.3997
    endloop
  endfacet
  facet normal 0 0.282763 0.95919
    outer loop
      vertex 18.8 2.16672 41.4561
      vertex 15.8 2.35804 41.3997
      vertex 15.8 2.16672 41.4561
    endloop
  endfacet
  facet normal -0 0.633205 0.773984
    outer loop
      vertex 15.8 5.1423 39.8834
      vertex 18.8 4.98792 40.0097
      vertex 18.8 5.1423 39.8834
    endloop
  endfacet
  facet normal 0 0.633205 0.773984
    outer loop
      vertex 18.8 4.98792 40.0097
      vertex 15.8 5.1423 39.8834
      vertex 15.8 4.98792 40.0097
    endloop
  endfacet
  facet normal 0 -0.707006 0.707207
    outer loop
      vertex 15.8 -5.72693 39.341
      vertex 18.8 -5.58589 39.482
      vertex 15.8 -5.58589 39.482
    endloop
  endfacet
  facet normal 0 -0.707006 0.707207
    outer loop
      vertex 18.8 -5.58589 39.482
      vertex 15.8 -5.72693 39.341
      vertex 18.8 -5.72693 39.341
    endloop
  endfacet
  facet normal 0 -0.282763 0.95919
    outer loop
      vertex 15.8 -2.16672 41.4561
      vertex 18.8 -2.35804 41.3997
      vertex 18.8 -2.16672 41.4561
    endloop
  endfacet
  facet normal 0 -0.282763 0.95919
    outer loop
      vertex 18.8 -2.35804 41.3997
      vertex 15.8 -2.16672 41.4561
      vertex 15.8 -2.35804 41.3997
    endloop
  endfacet
  facet normal -0 0.467254 0.884123
    outer loop
      vertex 15.8 3.82603 40.7809
      vertex 18.8 3.64968 40.8741
      vertex 18.8 3.82603 40.7809
    endloop
  endfacet
  facet normal 0 0.467254 0.884123
    outer loop
      vertex 18.8 3.64968 40.8741
      vertex 15.8 3.82603 40.7809
      vertex 15.8 3.64968 40.8741
    endloop
  endfacet
  facet normal 0 -0.400046 0.916495
    outer loop
      vertex 15.8 -3.10748 41.1269
      vertex 18.8 -3.2903 41.0471
      vertex 18.8 -3.10748 41.1269
    endloop
  endfacet
  facet normal 0 -0.400046 0.916495
    outer loop
      vertex 18.8 -3.2903 41.0471
      vertex 15.8 -3.10748 41.1269
      vertex 15.8 -3.2903 41.0471
    endloop
  endfacet
  facet normal 0 -0.724486 0.68929
    outer loop
      vertex 15.8 -5.86441 39.1965
      vertex 18.8 -5.72693 39.341
      vertex 15.8 -5.72693 39.341
    endloop
  endfacet
  facet normal 0 -0.724486 0.68929
    outer loop
      vertex 18.8 -5.72693 39.341
      vertex 15.8 -5.86441 39.1965
      vertex 18.8 -5.86441 39.1965
    endloop
  endfacet
  facet normal -0 0.330375 0.94385
    outer loop
      vertex 15.8 2.73616 41.2726
      vertex 18.8 2.54789 41.3385
      vertex 18.8 2.73616 41.2726
    endloop
  endfacet
  facet normal 0 0.330375 0.94385
    outer loop
      vertex 18.8 2.54789 41.3385
      vertex 15.8 2.73616 41.2726
      vertex 15.8 2.54789 41.3385
    endloop
  endfacet
  facet normal 0 -0.35348 0.935442
    outer loop
      vertex 15.8 -2.73616 41.2726
      vertex 18.8 -2.92273 41.2021
      vertex 18.8 -2.73616 41.2726
    endloop
  endfacet
  facet normal 0 -0.35348 0.935442
    outer loop
      vertex 18.8 -2.92273 41.2021
      vertex 15.8 -2.73616 41.2726
      vertex 15.8 -2.92273 41.2021
    endloop
  endfacet
  facet normal 0 -0.884068 0.467358
    outer loop
      vertex 15.8 -7.11897 37.4048
      vertex 18.8 -7.02577 37.5811
      vertex 15.8 -7.02577 37.5811
    endloop
  endfacet
  facet normal 0 -0.884068 0.467358
    outer loop
      vertex 18.8 -7.02577 37.5811
      vertex 15.8 -7.11897 37.4048
      vertex 18.8 -7.11897 37.4048
    endloop
  endfacet
  facet normal 0 0.996196 0.0871359
    outer loop
      vertex 18.8 7.97763 34.3529
      vertex 15.8 7.96025 34.5516
      vertex 18.8 7.96025 34.5516
    endloop
  endfacet
  facet normal 0 0.996196 0.0871359
    outer loop
      vertex 15.8 7.96025 34.5516
      vertex 18.8 7.97763 34.3529
      vertex 15.8 7.97763 34.3529
    endloop
  endfacet
  facet normal 0 0.774049 0.633126
    outer loop
      vertex 18.8 6.25465 38.743
      vertex 15.8 6.12836 38.8974
      vertex 18.8 6.12836 38.8974
    endloop
  endfacet
  facet normal 0 0.774049 0.633126
    outer loop
      vertex 15.8 6.12836 38.8974
      vertex 18.8 6.25465 38.743
      vertex 15.8 6.25465 38.743
    endloop
  endfacet
  facet normal 0 0.804632 0.593773
    outer loop
      vertex 18.8 6.4955 38.425
      vertex 15.8 6.37706 38.5855
      vertex 18.8 6.37706 38.5855
    endloop
  endfacet
  facet normal 0 0.804632 0.593773
    outer loop
      vertex 15.8 6.37706 38.5855
      vertex 18.8 6.4955 38.425
      vertex 15.8 6.4955 38.425
    endloop
  endfacet
  facet normal 0 -0.444785 0.895637
    outer loop
      vertex 15.8 -3.47107 40.9628
      vertex 18.8 -3.64968 40.8741
      vertex 18.8 -3.47107 40.9628
    endloop
  endfacet
  facet normal 0 -0.444785 0.895637
    outer loop
      vertex 18.8 -3.64968 40.8741
      vertex 15.8 -3.47107 40.9628
      vertex 15.8 -3.64968 40.8741
    endloop
  endfacet
  facet normal -0 0.210556 0.977582
    outer loop
      vertex 15.8 1.78017 41.5545
      vertex 18.8 1.58517 41.5965
      vertex 18.8 1.78017 41.5545
    endloop
  endfacet
  facet normal 0 0.210556 0.977582
    outer loop
      vertex 18.8 1.58517 41.5965
      vertex 15.8 1.78017 41.5545
      vertex 15.8 1.58517 41.5965
    endloop
  endfacet
  facet normal 0 -0.996196 0.0871359
    outer loop
      vertex 15.8 -7.97763 34.3529
      vertex 18.8 -7.96025 34.5516
      vertex 15.8 -7.96025 34.5516
    endloop
  endfacet
  facet normal 0 -0.996196 0.0871359
    outer loop
      vertex 18.8 -7.96025 34.5516
      vertex 15.8 -7.97763 34.3529
      vertex 18.8 -7.97763 34.3529
    endloop
  endfacet
  facet normal 0 0.999922 0.0124865
    outer loop
      vertex 18.8 8 33.7551
      vertex 15.8 7.99751 33.9545
      vertex 18.8 7.99751 33.9545
    endloop
  endfacet
  facet normal 0 0.999922 0.0124865
    outer loop
      vertex 15.8 7.99751 33.9545
      vertex 18.8 8 33.7551
      vertex 15.8 8 33.7551
    endloop
  endfacet
  facet normal -0 0.573553 0.819168
    outer loop
      vertex 15.8 4.66995 40.2506
      vertex 18.8 4.50656 40.365
      vertex 18.8 4.66995 40.2506
    endloop
  endfacet
  facet normal 0 0.573553 0.819168
    outer loop
      vertex 18.8 4.50656 40.365
      vertex 15.8 4.66995 40.2506
      vertex 15.8 4.50656 40.365
    endloop
  endfacet
  facet normal 0 -0.510849 0.85967
    outer loop
      vertex 15.8 -4 40.6833
      vertex 18.8 -4.17148 40.5814
      vertex 18.8 -4 40.6833
    endloop
  endfacet
  facet normal 0 -0.510849 0.85967
    outer loop
      vertex 18.8 -4.17148 40.5814
      vertex 15.8 -4 40.6833
      vertex 15.8 -4.17148 40.5814
    endloop
  endfacet
  facet normal 0 -0.789571 0.613659
    outer loop
      vertex 15.8 -6.37706 38.5855
      vertex 18.8 -6.25465 38.743
      vertex 15.8 -6.25465 38.743
    endloop
  endfacet
  facet normal 0 -0.789571 0.613659
    outer loop
      vertex 18.8 -6.25465 38.743
      vertex 15.8 -6.37706 38.5855
      vertex 18.8 -6.37706 38.5855
    endloop
  endfacet
  facet normal 0 0.707006 0.707207
    outer loop
      vertex 18.8 5.72693 39.341
      vertex 15.8 5.58589 39.482
      vertex 18.8 5.58589 39.482
    endloop
  endfacet
  facet normal 0 0.707006 0.707207
    outer loop
      vertex 15.8 5.58589 39.482
      vertex 18.8 5.72693 39.341
      vertex 15.8 5.72693 39.341
    endloop
  endfacet
  facet normal 0 -0.872228 0.489099
    outer loop
      vertex 15.8 -7.02577 37.5811
      vertex 18.8 -6.9282 37.7551
      vertex 15.8 -6.9282 37.7551
    endloop
  endfacet
  facet normal 0 -0.872228 0.489099
    outer loop
      vertex 18.8 -6.9282 37.7551
      vertex 15.8 -7.02577 37.5811
      vertex 18.8 -7.02577 37.5811
    endloop
  endfacet
  facet normal 0 -0.998055 0.0623408
    outer loop
      vertex 15.8 -7.99006 34.1539
      vertex 18.8 -7.97763 34.3529
      vertex 15.8 -7.97763 34.3529
    endloop
  endfacet
  facet normal 0 -0.998055 0.0623408
    outer loop
      vertex 18.8 -7.97763 34.3529
      vertex 15.8 -7.99006 34.1539
      vertex 18.8 -7.99006 34.1539
    endloop
  endfacet
  facet normal 0 -0.0872345 0.996188
    outer loop
      vertex 15.8 -0.59784 41.7327
      vertex 18.8 -0.796542 41.7153
      vertex 18.8 -0.59784 41.7327
    endloop
  endfacet
  facet normal 0 -0.0872345 0.996188
    outer loop
      vertex 18.8 -0.796542 41.7153
      vertex 15.8 -0.59784 41.7327
      vertex 15.8 -0.796542 41.7153
    endloop
  endfacet
  facet normal 0 0.986899 0.161342
    outer loop
      vertex 18.8 7.91065 34.9474
      vertex 15.8 7.87846 35.1443
      vertex 18.8 7.87846 35.1443
    endloop
  endfacet
  facet normal 0 0.986899 0.161342
    outer loop
      vertex 15.8 7.87846 35.1443
      vertex 18.8 7.91065 34.9474
      vertex 15.8 7.91065 34.9474
    endloop
  endfacet
  facet normal 0 0.993708 0.112005
    outer loop
      vertex 18.8 7.96025 34.5516
      vertex 15.8 7.93791 34.7498
      vertex 18.8 7.93791 34.7498
    endloop
  endfacet
  facet normal 0 0.993708 0.112005
    outer loop
      vertex 15.8 7.93791 34.7498
      vertex 18.8 7.96025 34.5516
      vertex 15.8 7.96025 34.5516
    endloop
  endfacet
  facet normal 0 -0.977623 0.210364
    outer loop
      vertex 15.8 -7.84138 35.3403
      vertex 18.8 -7.79942 35.5353
      vertex 15.8 -7.79942 35.5353
    endloop
  endfacet
  facet normal 0 -0.977623 0.210364
    outer loop
      vertex 18.8 -7.79942 35.5353
      vertex 15.8 -7.84138 35.3403
      vertex 18.8 -7.84138 35.3403
    endloop
  endfacet
  facet normal 0 0.998055 0.0623408
    outer loop
      vertex 18.8 7.99006 34.1539
      vertex 15.8 7.97763 34.3529
      vertex 18.8 7.97763 34.3529
    endloop
  endfacet
  facet normal 0 0.998055 0.0623408
    outer loop
      vertex 15.8 7.97763 34.3529
      vertex 18.8 7.99006 34.1539
      vertex 15.8 7.99006 34.1539
    endloop
  endfacet
  facet normal 0 -0.210556 0.977582
    outer loop
      vertex 15.8 -1.58517 41.5965
      vertex 18.8 -1.78017 41.5545
      vertex 18.8 -1.58517 41.5965
    endloop
  endfacet
  facet normal 0 -0.210556 0.977582
    outer loop
      vertex 18.8 -1.78017 41.5545
      vertex 15.8 -1.58517 41.5965
      vertex 15.8 -1.78017 41.5545
    endloop
  endfacet
  facet normal -0 0.136864 0.99059
    outer loop
      vertex 15.8 1.19234 41.6657
      vertex 18.8 0.994749 41.693
      vertex 18.8 1.19234 41.6657
    endloop
  endfacet
  facet normal 0 0.136864 0.99059
    outer loop
      vertex 18.8 0.994749 41.693
      vertex 15.8 1.19234 41.6657
      vertex 15.8 0.994749 41.693
    endloop
  endfacet
  facet normal 0 0.972086 0.234624
    outer loop
      vertex 18.8 7.79942 35.5353
      vertex 15.8 7.75262 35.7292
      vertex 18.8 7.75262 35.7292
    endloop
  endfacet
  facet normal 0 0.972086 0.234624
    outer loop
      vertex 15.8 7.75262 35.7292
      vertex 18.8 7.79942 35.5353
      vertex 15.8 7.79942 35.5353
    endloop
  endfacet
  facet normal 0 -0.895468 0.445127
    outer loop
      vertex 15.8 -7.20775 37.2262
      vertex 18.8 -7.11897 37.4048
      vertex 15.8 -7.11897 37.4048
    endloop
  endfacet
  facet normal 0 -0.895468 0.445127
    outer loop
      vertex 18.8 -7.11897 37.4048
      vertex 15.8 -7.20775 37.2262
      vertex 18.8 -7.20775 37.2262
    endloop
  endfacet
  facet normal 0 -0.573553 0.819168
    outer loop
      vertex 15.8 -4.50656 40.365
      vertex 18.8 -4.66995 40.2506
      vertex 18.8 -4.50656 40.365
    endloop
  endfacet
  facet normal 0 -0.573553 0.819168
    outer loop
      vertex 18.8 -4.66995 40.2506
      vertex 15.8 -4.50656 40.365
      vertex 15.8 -4.66995 40.2506
    endloop
  endfacet
  facet normal 0 -0.0376009 0.999293
    outer loop
      vertex 15.8 -0.199445 41.7526
      vertex 18.8 -0.398767 41.7451
      vertex 18.8 -0.199445 41.7526
    endloop
  endfacet
  facet normal 0 -0.0376009 0.999293
    outer loop
      vertex 18.8 -0.398767 41.7451
      vertex 15.8 -0.199445 41.7526
      vertex 15.8 -0.398767 41.7451
    endloop
  endfacet
  facet normal 0 -0.859763 0.510694
    outer loop
      vertex 15.8 -6.9282 37.7551
      vertex 18.8 -6.82633 37.9266
      vertex 15.8 -6.82633 37.9266
    endloop
  endfacet
  facet normal 0 -0.859763 0.510694
    outer loop
      vertex 18.8 -6.82633 37.9266
      vertex 15.8 -6.9282 37.7551
      vertex 18.8 -6.9282 37.7551
    endloop
  endfacet
  facet normal 0 -0.993708 0.112005
    outer loop
      vertex 15.8 -7.96025 34.5516
      vertex 18.8 -7.93791 34.7498
      vertex 15.8 -7.93791 34.7498
    endloop
  endfacet
  facet normal 0 -0.993708 0.112005
    outer loop
      vertex 18.8 -7.93791 34.7498
      vertex 15.8 -7.96025 34.5516
      vertex 18.8 -7.96025 34.5516
    endloop
  endfacet
  facet normal -0 0.234636 0.972083
    outer loop
      vertex 15.8 1.97406 41.5077
      vertex 18.8 1.78017 41.5545
      vertex 18.8 1.97406 41.5077
    endloop
  endfacet
  facet normal 0 0.234636 0.972083
    outer loop
      vertex 18.8 1.78017 41.5545
      vertex 15.8 1.97406 41.5077
      vertex 15.8 1.78017 41.5545
    endloop
  endfacet
  facet normal -0 0.489278 0.872128
    outer loop
      vertex 15.8 4 40.6833
      vertex 18.8 3.82603 40.7809
      vertex 18.8 4 40.6833
    endloop
  endfacet
  facet normal 0 0.489278 0.872128
    outer loop
      vertex 18.8 3.82603 40.7809
      vertex 15.8 4 40.6833
      vertex 15.8 3.82603 40.7809
    endloop
  endfacet
  facet normal 0 -0.670899 0.741549
    outer loop
      vertex 15.8 -5.29349 39.7533
      vertex 18.8 -5.44138 39.6195
      vertex 18.8 -5.29349 39.7533
    endloop
  endfacet
  facet normal 0 -0.670899 0.741549
    outer loop
      vertex 18.8 -5.44138 39.6195
      vertex 15.8 -5.29349 39.7533
      vertex 15.8 -5.44138 39.6195
    endloop
  endfacet
  facet normal 0 -0.136864 0.99059
    outer loop
      vertex 15.8 -0.994749 41.693
      vertex 18.8 -1.19234 41.6657
      vertex 18.8 -0.994749 41.693
    endloop
  endfacet
  facet normal 0 -0.136864 0.99059
    outer loop
      vertex 18.8 -1.19234 41.6657
      vertex 15.8 -0.994749 41.693
      vertex 15.8 -1.19234 41.6657
    endloop
  endfacet
  facet normal 0 -0.689317 0.72446
    outer loop
      vertex 15.8 -5.44138 39.6195
      vertex 18.8 -5.58589 39.482
      vertex 18.8 -5.44138 39.6195
    endloop
  endfacet
  facet normal 0 -0.689317 0.72446
    outer loop
      vertex 18.8 -5.58589 39.482
      vertex 15.8 -5.44138 39.6195
      vertex 15.8 -5.58589 39.482
    endloop
  endfacet
  facet normal 0 -0.906324 0.422584
    outer loop
      vertex 15.8 -7.29205 37.0454
      vertex 18.8 -7.20775 37.2262
      vertex 15.8 -7.20775 37.2262
    endloop
  endfacet
  facet normal 0 -0.906324 0.422584
    outer loop
      vertex 18.8 -7.20775 37.2262
      vertex 15.8 -7.29205 37.0454
      vertex 18.8 -7.29205 37.0454
    endloop
  endfacet
  facet normal 0 -0.234636 0.972083
    outer loop
      vertex 15.8 -1.78017 41.5545
      vertex 18.8 -1.97406 41.5077
      vertex 18.8 -1.78017 41.5545
    endloop
  endfacet
  facet normal 0 -0.234636 0.972083
    outer loop
      vertex 18.8 -1.97406 41.5077
      vertex 15.8 -1.78017 41.5545
      vertex 15.8 -1.97406 41.5077
    endloop
  endfacet
  facet normal -1 0 0
    outer loop
      vertex 15.8 0.762959 32.2359
      vertex 15.8 8 33.7551
      vertex 15.8 8 6
    endloop
  endfacet
  facet normal -1 0 -0
    outer loop
      vertex 15.8 0.934165 32.3348
      vertex 15.8 8 33.7551
      vertex 15.8 0.762959 32.2359
    endloop
  endfacet
  facet normal -1 0 -0
    outer loop
      vertex 15.8 1.23654 32.5885
      vertex 15.8 8 33.7551
      vertex 15.8 1.09274 32.4528
    endloop
  endfacet
  facet normal -1 0 -0
    outer loop
      vertex 15.8 1.36361 32.7399
      vertex 15.8 8 33.7551
      vertex 15.8 1.23654 32.5885
    endloop
  endfacet
  facet normal -1 0 -0
    outer loop
      vertex 15.8 1.47224 32.9051
      vertex 15.8 8 33.7551
      vertex 15.8 1.36361 32.7399
    endloop
  endfacet
  facet normal -1 0 -0
    outer loop
      vertex 15.8 1.56097 33.0818
      vertex 15.8 8 33.7551
      vertex 15.8 1.47224 32.9051
    endloop
  endfacet
  facet normal -1 0 -0
    outer loop
      vertex 15.8 1.62858 33.2675
      vertex 15.8 8 33.7551
      vertex 15.8 1.56097 33.0818
    endloop
  endfacet
  facet normal -1 0 -0
    outer loop
      vertex 15.8 1.69712 33.6562
      vertex 15.8 8 33.7551
      vertex 15.8 1.67417 33.4599
    endloop
  endfacet
  facet normal -1 0 0
    outer loop
      vertex 15.8 1.69712 33.8539
      vertex 15.8 8 33.7551
      vertex 15.8 1.69712 33.6562
    endloop
  endfacet
  facet normal -1 0 0
    outer loop
      vertex 15.8 8 33.7551
      vertex 15.8 1.69712 33.8539
      vertex 15.8 7.99751 33.9545
    endloop
  endfacet
  facet normal -1 -0 0
    outer loop
      vertex 15.8 7.99751 33.9545
      vertex 15.8 1.69712 33.8539
      vertex 15.8 7.99006 34.1539
    endloop
  endfacet
  facet normal -1 -0 0
    outer loop
      vertex 15.8 7.99006 34.1539
      vertex 15.8 1.69712 33.8539
      vertex 15.8 7.97763 34.3529
    endloop
  endfacet
  facet normal -1 -0 0
    outer loop
      vertex 15.8 7.96025 34.5516
      vertex 15.8 1.69712 33.8539
      vertex 15.8 7.93791 34.7498
    endloop
  endfacet
  facet normal -1 0 0
    outer loop
      vertex 15.8 1.67417 34.0503
      vertex 15.8 7.93791 34.7498
      vertex 15.8 1.69712 33.8539
    endloop
  endfacet
  facet normal -1 -0 0
    outer loop
      vertex 15.8 7.93791 34.7498
      vertex 15.8 1.67417 34.0503
      vertex 15.8 7.91065 34.9474
    endloop
  endfacet
  facet normal -1 -0 0
    outer loop
      vertex 15.8 7.91065 34.9474
      vertex 15.8 1.67417 34.0503
      vertex 15.8 7.87846 35.1443
    endloop
  endfacet
  facet normal -1 -0 0
    outer loop
      vertex 15.8 7.87846 35.1443
      vertex 15.8 1.67417 34.0503
      vertex 15.8 7.84138 35.3403
    endloop
  endfacet
  facet normal -1 -0 0
    outer loop
      vertex 15.8 7.84138 35.3403
      vertex 15.8 1.67417 34.0503
      vertex 15.8 7.79942 35.5353
    endloop
  endfacet
  facet normal -1 0 0
    outer loop
      vertex 15.8 1.62858 34.2427
      vertex 15.8 7.75262 35.7292
      vertex 15.8 1.67417 34.0503
    endloop
  endfacet
  facet normal -1 -0 0
    outer loop
      vertex 15.8 7.75262 35.7292
      vertex 15.8 1.62858 34.2427
      vertex 15.8 7.70099 35.9218
    endloop
  endfacet
  facet normal -1 -0 0
    outer loop
      vertex 15.8 7.70099 35.9218
      vertex 15.8 1.62858 34.2427
      vertex 15.8 7.64458 36.1131
    endloop
  endfacet
  facet normal -1 -0 0
    outer loop
      vertex 15.8 7.64458 36.1131
      vertex 15.8 1.62858 34.2427
      vertex 15.8 7.58342 36.303
    endloop
  endfacet
  facet normal -1 -0 0
    outer loop
      vertex 15.8 7.58342 36.303
      vertex 15.8 1.62858 34.2427
      vertex 15.8 7.51754 36.4913
    endloop
  endfacet
  facet normal -1 -0 0
    outer loop
      vertex 15.8 7.51754 36.4913
      vertex 15.8 1.56097 34.4284
      vertex 15.8 7.44699 36.6778
    endloop
  endfacet
  facet normal -1 -0 0
    outer loop
      vertex 15.8 7.44699 36.6778
      vertex 15.8 1.56097 34.4284
      vertex 15.8 7.37181 36.8626
    endloop
  endfacet
  facet normal -1 -0 0
    outer loop
      vertex 15.8 7.37181 36.8626
      vertex 15.8 1.56097 34.4284
      vertex 15.8 7.29205 37.0454
    endloop
  endfacet
  facet normal -1 -0 0
    outer loop
      vertex 15.8 7.29205 37.0454
      vertex 15.8 1.56097 34.4284
      vertex 15.8 7.20775 37.2262
    endloop
  endfacet
  facet normal -1 -0 0
    outer loop
      vertex 15.8 7.20775 37.2262
      vertex 15.8 1.56097 34.4284
      vertex 15.8 7.11897 37.4048
    endloop
  endfacet
  facet normal -1 0 0
    outer loop
      vertex 15.8 1.47224 34.6051
      vertex 15.8 7.11897 37.4048
      vertex 15.8 1.56097 34.4284
    endloop
  endfacet
  facet normal -1 -0 0
    outer loop
      vertex 15.8 7.02577 37.5811
      vertex 15.8 1.47224 34.6051
      vertex 15.8 6.9282 37.7551
    endloop
  endfacet
  facet normal -1 -0 0
    outer loop
      vertex 15.8 6.9282 37.7551
      vertex 15.8 1.47224 34.6051
      vertex 15.8 6.82633 37.9266
    endloop
  endfacet
  facet normal -1 -0 0
    outer loop
      vertex 15.8 6.82633 37.9266
      vertex 15.8 1.47224 34.6051
      vertex 15.8 6.72021 38.0955
    endloop
  endfacet
  facet normal -1 -0 0
    outer loop
      vertex 15.8 6.72021 38.0955
      vertex 15.8 1.47224 34.6051
      vertex 15.8 6.60991 38.2617
    endloop
  endfacet
  facet normal -1 0 0
    outer loop
      vertex 15.8 1.36361 34.7703
      vertex 15.8 6.60991 38.2617
      vertex 15.8 1.47224 34.6051
    endloop
  endfacet
  facet normal -1 -0 0
    outer loop
      vertex 15.8 6.60991 38.2617
      vertex 15.8 1.36361 34.7703
      vertex 15.8 6.4955 38.425
    endloop
  endfacet
  facet normal -1 -0 0
    outer loop
      vertex 15.8 6.37706 38.5855
      vertex 15.8 1.36361 34.7703
      vertex 15.8 6.25465 38.743
    endloop
  endfacet
  facet normal -1 -0 0
    outer loop
      vertex 15.8 6.25465 38.743
      vertex 15.8 1.36361 34.7703
      vertex 15.8 6.12836 38.8974
    endloop
  endfacet
  facet normal -1 0 0
    outer loop
      vertex 15.8 1.23654 34.9217
      vertex 15.8 6.12836 38.8974
      vertex 15.8 1.36361 34.7703
    endloop
  endfacet
  facet normal -1 -0 0
    outer loop
      vertex 15.8 6.12836 38.8974
      vertex 15.8 1.23654 34.9217
      vertex 15.8 5.99825 39.0486
    endloop
  endfacet
  facet normal -1 -0 0
    outer loop
      vertex 15.8 5.99825 39.0486
      vertex 15.8 1.23654 34.9217
      vertex 15.8 5.86441 39.1965
    endloop
  endfacet
  facet normal -1 -0 0
    outer loop
      vertex 15.8 5.72693 39.341
      vertex 15.8 1.23654 34.9217
      vertex 15.8 5.58589 39.482
    endloop
  endfacet
  facet normal -1 -0 0
    outer loop
      vertex 15.8 5.58589 39.482
      vertex 15.8 1.23654 34.9217
      vertex 15.8 5.44138 39.6195
    endloop
  endfacet
  facet normal -1 0 0
    outer loop
      vertex 15.8 1.09274 35.0574
      vertex 15.8 5.44138 39.6195
      vertex 15.8 1.23654 34.9217
    endloop
  endfacet
  facet normal -1 -0 0
    outer loop
      vertex 15.8 5.44138 39.6195
      vertex 15.8 1.09274 35.0574
      vertex 15.8 5.29349 39.7533
    endloop
  endfacet
  facet normal -1 -0 0
    outer loop
      vertex 15.8 5.29349 39.7533
      vertex 15.8 1.09274 35.0574
      vertex 15.8 5.1423 39.8834
    endloop
  endfacet
  facet normal -1 -0 0
    outer loop
      vertex 15.8 5.1423 39.8834
      vertex 15.8 1.09274 35.0574
      vertex 15.8 4.98792 40.0097
    endloop
  endfacet
  facet normal -1 -0 0
    outer loop
      vertex 15.8 4.83043 40.1322
      vertex 15.8 1.09274 35.0574
      vertex 15.8 4.66995 40.2506
    endloop
  endfacet
  facet normal -1 0 0
    outer loop
      vertex 15.8 0.934165 35.1754
      vertex 15.8 4.66995 40.2506
      vertex 15.8 1.09274 35.0574
    endloop
  endfacet
  facet normal -1 -0 0
    outer loop
      vertex 15.8 4.66995 40.2506
      vertex 15.8 0.934165 35.1754
      vertex 15.8 4.50656 40.365
    endloop
  endfacet
  facet normal -1 -0 0
    outer loop
      vertex 15.8 4.50656 40.365
      vertex 15.8 0.934165 35.1754
      vertex 15.8 4.34037 40.4753
    endloop
  endfacet
  facet normal -1 -0 0
    outer loop
      vertex 15.8 4.34037 40.4753
      vertex 15.8 0.934165 35.1754
      vertex 15.8 4.17148 40.5814
    endloop
  endfacet
  facet normal -1 -0 0
    outer loop
      vertex 15.8 4.17148 40.5814
      vertex 15.8 0.934165 35.1754
      vertex 15.8 4 40.6833
    endloop
  endfacet
  facet normal -1 -0 0
    outer loop
      vertex 15.8 4 40.6833
      vertex 15.8 0.762959 35.2743
      vertex 15.8 3.82603 40.7809
    endloop
  endfacet
  facet normal -1 -0 0
    outer loop
      vertex 15.8 3.82603 40.7809
      vertex 15.8 0.762959 35.2743
      vertex 15.8 3.64968 40.8741
    endloop
  endfacet
  facet normal -1 0 0
    outer loop
      vertex 15.8 0.762959 35.2743
      vertex 15.8 4 40.6833
      vertex 15.8 0.934165 35.1754
    endloop
  endfacet
  facet normal -1 -0 0
    outer loop
      vertex 15.8 4.98792 40.0097
      vertex 15.8 1.09274 35.0574
      vertex 15.8 4.83043 40.1322
    endloop
  endfacet
  facet normal -1 -0 0
    outer loop
      vertex 15.8 5.86441 39.1965
      vertex 15.8 1.23654 34.9217
      vertex 15.8 5.72693 39.341
    endloop
  endfacet
  facet normal -1 -0 0
    outer loop
      vertex 15.8 6.4955 38.425
      vertex 15.8 1.36361 34.7703
      vertex 15.8 6.37706 38.5855
    endloop
  endfacet
  facet normal -1 -0 0
    outer loop
      vertex 15.8 7.11897 37.4048
      vertex 15.8 1.47224 34.6051
      vertex 15.8 7.02577 37.5811
    endloop
  endfacet
  facet normal -1 0 0
    outer loop
      vertex 15.8 1.56097 34.4284
      vertex 15.8 7.51754 36.4913
      vertex 15.8 1.62858 34.2427
    endloop
  endfacet
  facet normal -1 -0 0
    outer loop
      vertex 15.8 7.79942 35.5353
      vertex 15.8 1.67417 34.0503
      vertex 15.8 7.75262 35.7292
    endloop
  endfacet
  facet normal -1 -0 0
    outer loop
      vertex 15.8 7.97763 34.3529
      vertex 15.8 1.69712 33.8539
      vertex 15.8 7.96025 34.5516
    endloop
  endfacet
  facet normal -1 0 -0
    outer loop
      vertex 15.8 1.67417 33.4599
      vertex 15.8 8 33.7551
      vertex 15.8 1.62858 33.2675
    endloop
  endfacet
  facet normal -1 0 -0
    outer loop
      vertex 15.8 1.09274 32.4528
      vertex 15.8 8 33.7551
      vertex 15.8 0.934165 32.3348
    endloop
  endfacet
  facet normal -1 0 0
    outer loop
      vertex 15.8 8 6
      vertex 15.8 0.581433 32.1576
      vertex 15.8 0.762959 32.2359
    endloop
  endfacet
  facet normal -1 0 0
    outer loop
      vertex 15.8 8 6
      vertex 15.8 0.392047 32.1009
      vertex 15.8 0.581433 32.1576
    endloop
  endfacet
  facet normal -1 0 0
    outer loop
      vertex 15.8 8 6
      vertex 15.8 0.197357 32.0666
      vertex 15.8 0.392047 32.1009
    endloop
  endfacet
  facet normal -1 0 0
    outer loop
      vertex 15.8 8 6
      vertex 15.8 0 32.0551
      vertex 15.8 0.197357 32.0666
    endloop
  endfacet
  facet normal -1 0 0
    outer loop
      vertex 15.8 -8 6
      vertex 15.8 0 32.0551
      vertex 15.8 8 6
    endloop
  endfacet
  facet normal -1 -0 0
    outer loop
      vertex 15.8 0 32.0551
      vertex 15.8 -8 6
      vertex 15.8 -0.197357 32.0666
    endloop
  endfacet
  facet normal -1 -0 0
    outer loop
      vertex 15.8 -0.197357 32.0666
      vertex 15.8 -8 6
      vertex 15.8 -0.392047 32.1009
    endloop
  endfacet
  facet normal -1 -0 0
    outer loop
      vertex 15.8 -0.392047 32.1009
      vertex 15.8 -8 6
      vertex 15.8 -0.581433 32.1576
    endloop
  endfacet
  facet normal -1 -0 0
    outer loop
      vertex 15.8 -0.581433 32.1576
      vertex 15.8 -8 6
      vertex 15.8 -0.762959 32.2359
    endloop
  endfacet
  facet normal -1 0 0
    outer loop
      vertex 15.8 -8 33.7551
      vertex 15.8 -0.762959 32.2359
      vertex 15.8 -8 6
    endloop
  endfacet
  facet normal -1 0 0
    outer loop
      vertex 15.8 -0.762959 32.2359
      vertex 15.8 -8 33.7551
      vertex 15.8 -0.934165 32.3348
    endloop
  endfacet
  facet normal -1 0 0
    outer loop
      vertex 15.8 -0.934165 32.3348
      vertex 15.8 -8 33.7551
      vertex 15.8 -1.09274 32.4528
    endloop
  endfacet
  facet normal -1 0 0
    outer loop
      vertex 15.8 -1.09274 32.4528
      vertex 15.8 -8 33.7551
      vertex 15.8 -1.23654 32.5885
    endloop
  endfacet
  facet normal -1 0 0
    outer loop
      vertex 15.8 -1.23654 32.5885
      vertex 15.8 -8 33.7551
      vertex 15.8 -1.36361 32.7399
    endloop
  endfacet
  facet normal -1 0 0
    outer loop
      vertex 15.8 -1.36361 32.7399
      vertex 15.8 -8 33.7551
      vertex 15.8 -1.47224 32.9051
    endloop
  endfacet
  facet normal -1 0 0
    outer loop
      vertex 15.8 -8 33.7551
      vertex 15.8 -1.69712 33.8539
      vertex 15.8 -1.69712 33.6562
    endloop
  endfacet
  facet normal -1 0 0
    outer loop
      vertex 15.8 -1.69712 33.8539
      vertex 15.8 -1.97406 41.5077
      vertex 15.8 -1.78017 41.5545
    endloop
  endfacet
  facet normal -1 0 0
    outer loop
      vertex 15.8 -1.69712 33.8539
      vertex 15.8 -2.16672 41.4561
      vertex 15.8 -1.97406 41.5077
    endloop
  endfacet
  facet normal -1 0 0
    outer loop
      vertex 15.8 -1.69712 33.8539
      vertex 15.8 -2.35804 41.3997
      vertex 15.8 -2.16672 41.4561
    endloop
  endfacet
  facet normal -1 0 0
    outer loop
      vertex 15.8 -1.69712 33.8539
      vertex 15.8 -2.54789 41.3385
      vertex 15.8 -2.35804 41.3997
    endloop
  endfacet
  facet normal -1 0 0
    outer loop
      vertex 15.8 -1.69712 33.8539
      vertex 15.8 -2.73616 41.2726
      vertex 15.8 -2.54789 41.3385
    endloop
  endfacet
  facet normal -1 0 0
    outer loop
      vertex 15.8 -8 33.7551
      vertex 15.8 -1.69712 33.6562
      vertex 15.8 -1.67417 33.4599
    endloop
  endfacet
  facet normal -1 0 0
    outer loop
      vertex 15.8 -1.69712 33.8539
      vertex 15.8 -2.92273 41.2021
      vertex 15.8 -2.73616 41.2726
    endloop
  endfacet
  facet normal -1 0 0
    outer loop
      vertex 15.8 -1.69712 33.8539
      vertex 15.8 -3.10748 41.1269
      vertex 15.8 -2.92273 41.2021
    endloop
  endfacet
  facet normal -1 0 0
    outer loop
      vertex 15.8 -1.69712 33.8539
      vertex 15.8 -3.2903 41.0471
      vertex 15.8 -3.10748 41.1269
    endloop
  endfacet
  facet normal -1 0 0
    outer loop
      vertex 15.8 -1.69712 33.8539
      vertex 15.8 -3.47107 40.9628
      vertex 15.8 -3.2903 41.0471
    endloop
  endfacet
  facet normal -1 0 0
    outer loop
      vertex 15.8 -8 33.7551
      vertex 15.8 -1.67417 33.4599
      vertex 15.8 -1.62858 33.2675
    endloop
  endfacet
  facet normal -1 0 0
    outer loop
      vertex 15.8 -1.69712 33.8539
      vertex 15.8 -3.64968 40.8741
      vertex 15.8 -3.47107 40.9628
    endloop
  endfacet
  facet normal -1 0 0
    outer loop
      vertex 15.8 -1.69712 33.8539
      vertex 15.8 -3.82603 40.7809
      vertex 15.8 -3.64968 40.8741
    endloop
  endfacet
  facet normal -1 0 0
    outer loop
      vertex 15.8 -1.69712 33.8539
      vertex 15.8 -4 40.6833
      vertex 15.8 -3.82603 40.7809
    endloop
  endfacet
  facet normal -1 0 0
    outer loop
      vertex 15.8 -1.69712 33.8539
      vertex 15.8 -4.17148 40.5814
      vertex 15.8 -4 40.6833
    endloop
  endfacet
  facet normal -1 0 0
    outer loop
      vertex 15.8 -1.69712 33.8539
      vertex 15.8 -4.34037 40.4753
      vertex 15.8 -4.17148 40.5814
    endloop
  endfacet
  facet normal -1 0 0
    outer loop
      vertex 15.8 -1.47224 32.9051
      vertex 15.8 -8 33.7551
      vertex 15.8 -1.56097 33.0818
    endloop
  endfacet
  facet normal -1 -0 0
    outer loop
      vertex 15.8 -1.69712 33.8539
      vertex 15.8 -8 33.7551
      vertex 15.8 -7.99751 33.9545
    endloop
  endfacet
  facet normal -1 0 0
    outer loop
      vertex 15.8 -1.69712 33.8539
      vertex 15.8 -4.50656 40.365
      vertex 15.8 -4.34037 40.4753
    endloop
  endfacet
  facet normal -1 0 0
    outer loop
      vertex 15.8 -1.69712 33.8539
      vertex 15.8 -4.66995 40.2506
      vertex 15.8 -4.50656 40.365
    endloop
  endfacet
  facet normal -1 0 0
    outer loop
      vertex 15.8 -1.69712 33.8539
      vertex 15.8 -4.83043 40.1322
      vertex 15.8 -4.66995 40.2506
    endloop
  endfacet
  facet normal -1 0 0
    outer loop
      vertex 15.8 -1.69712 33.8539
      vertex 15.8 -4.98792 40.0097
      vertex 15.8 -4.83043 40.1322
    endloop
  endfacet
  facet normal -1 0 0
    outer loop
      vertex 15.8 -1.69712 33.8539
      vertex 15.8 -5.1423 39.8834
      vertex 15.8 -4.98792 40.0097
    endloop
  endfacet
  facet normal -1 0 0
    outer loop
      vertex 15.8 -1.69712 33.8539
      vertex 15.8 -5.29349 39.7533
      vertex 15.8 -5.1423 39.8834
    endloop
  endfacet
  facet normal -1 0 0
    outer loop
      vertex 15.8 -1.69712 33.8539
      vertex 15.8 -5.44138 39.6195
      vertex 15.8 -5.29349 39.7533
    endloop
  endfacet
  facet normal -1 0 0
    outer loop
      vertex 15.8 -1.69712 33.8539
      vertex 15.8 -5.58589 39.482
      vertex 15.8 -5.44138 39.6195
    endloop
  endfacet
  facet normal -1 0 0
    outer loop
      vertex 15.8 -1.69712 33.8539
      vertex 15.8 -5.72693 39.341
      vertex 15.8 -5.58589 39.482
    endloop
  endfacet
  facet normal -1 0 0
    outer loop
      vertex 15.8 -1.69712 33.8539
      vertex 15.8 -5.86441 39.1965
      vertex 15.8 -5.72693 39.341
    endloop
  endfacet
  facet normal -1 0 0
    outer loop
      vertex 15.8 -1.69712 33.8539
      vertex 15.8 -5.99825 39.0486
      vertex 15.8 -5.86441 39.1965
    endloop
  endfacet
  facet normal -1 0 0
    outer loop
      vertex 15.8 -1.69712 33.8539
      vertex 15.8 -6.12836 38.8974
      vertex 15.8 -5.99825 39.0486
    endloop
  endfacet
  facet normal -1 0 0
    outer loop
      vertex 15.8 -1.69712 33.8539
      vertex 15.8 -6.25465 38.743
      vertex 15.8 -6.12836 38.8974
    endloop
  endfacet
  facet normal -1 0 0
    outer loop
      vertex 15.8 -1.69712 33.8539
      vertex 15.8 -6.37706 38.5855
      vertex 15.8 -6.25465 38.743
    endloop
  endfacet
  facet normal -1 0 0
    outer loop
      vertex 15.8 -1.69712 33.8539
      vertex 15.8 -6.4955 38.425
      vertex 15.8 -6.37706 38.5855
    endloop
  endfacet
  facet normal -1 0 0
    outer loop
      vertex 15.8 -1.69712 33.8539
      vertex 15.8 -6.60991 38.2617
      vertex 15.8 -6.4955 38.425
    endloop
  endfacet
  facet normal -1 0 0
    outer loop
      vertex 15.8 -1.69712 33.8539
      vertex 15.8 -6.72021 38.0955
      vertex 15.8 -6.60991 38.2617
    endloop
  endfacet
  facet normal -1 0 0
    outer loop
      vertex 15.8 -1.69712 33.8539
      vertex 15.8 -6.82633 37.9266
      vertex 15.8 -6.72021 38.0955
    endloop
  endfacet
  facet normal -1 0 0
    outer loop
      vertex 15.8 -1.69712 33.8539
      vertex 15.8 -6.9282 37.7551
      vertex 15.8 -6.82633 37.9266
    endloop
  endfacet
  facet normal -1 0 0
    outer loop
      vertex 15.8 -1.69712 33.8539
      vertex 15.8 -7.02577 37.5811
      vertex 15.8 -6.9282 37.7551
    endloop
  endfacet
  facet normal -1 0 0
    outer loop
      vertex 15.8 -1.69712 33.8539
      vertex 15.8 -7.11897 37.4048
      vertex 15.8 -7.02577 37.5811
    endloop
  endfacet
  facet normal -1 0 0
    outer loop
      vertex 15.8 -1.69712 33.8539
      vertex 15.8 -7.20775 37.2262
      vertex 15.8 -7.11897 37.4048
    endloop
  endfacet
  facet normal -1 0 0
    outer loop
      vertex 15.8 -1.69712 33.8539
      vertex 15.8 -7.29205 37.0454
      vertex 15.8 -7.20775 37.2262
    endloop
  endfacet
  facet normal -1 0 0
    outer loop
      vertex 15.8 -1.69712 33.8539
      vertex 15.8 -7.37181 36.8626
      vertex 15.8 -7.29205 37.0454
    endloop
  endfacet
  facet normal -1 0 0
    outer loop
      vertex 15.8 -1.69712 33.8539
      vertex 15.8 -7.44699 36.6778
      vertex 15.8 -7.37181 36.8626
    endloop
  endfacet
  facet normal -1 0 0
    outer loop
      vertex 15.8 -1.69712 33.8539
      vertex 15.8 -7.51754 36.4913
      vertex 15.8 -7.44699 36.6778
    endloop
  endfacet
  facet normal -1 0 0
    outer loop
      vertex 15.8 -1.69712 33.8539
      vertex 15.8 -7.58342 36.303
      vertex 15.8 -7.51754 36.4913
    endloop
  endfacet
  facet normal -1 0 0
    outer loop
      vertex 15.8 -1.69712 33.8539
      vertex 15.8 -7.64458 36.1131
      vertex 15.8 -7.58342 36.303
    endloop
  endfacet
  facet normal -1 0 0
    outer loop
      vertex 15.8 -1.69712 33.8539
      vertex 15.8 -7.70099 35.9218
      vertex 15.8 -7.64458 36.1131
    endloop
  endfacet
  facet normal -1 0 0
    outer loop
      vertex 15.8 -1.69712 33.8539
      vertex 15.8 -7.75262 35.7292
      vertex 15.8 -7.70099 35.9218
    endloop
  endfacet
  facet normal -1 0 0
    outer loop
      vertex 15.8 -1.69712 33.8539
      vertex 15.8 -7.79942 35.5353
      vertex 15.8 -7.75262 35.7292
    endloop
  endfacet
  facet normal -1 0 0
    outer loop
      vertex 15.8 -1.69712 33.8539
      vertex 15.8 -7.84138 35.3403
      vertex 15.8 -7.79942 35.5353
    endloop
  endfacet
  facet normal -1 0 0
    outer loop
      vertex 15.8 -1.69712 33.8539
      vertex 15.8 -7.87846 35.1443
      vertex 15.8 -7.84138 35.3403
    endloop
  endfacet
  facet normal -1 0 0
    outer loop
      vertex 15.8 -1.69712 33.8539
      vertex 15.8 -7.91065 34.9474
      vertex 15.8 -7.87846 35.1443
    endloop
  endfacet
  facet normal -1 0 0
    outer loop
      vertex 15.8 -1.69712 33.8539
      vertex 15.8 -7.93791 34.7498
      vertex 15.8 -7.91065 34.9474
    endloop
  endfacet
  facet normal -1 0 0
    outer loop
      vertex 15.8 -1.69712 33.8539
      vertex 15.8 -7.96025 34.5516
      vertex 15.8 -7.93791 34.7498
    endloop
  endfacet
  facet normal -1 0 0
    outer loop
      vertex 15.8 -1.69712 33.8539
      vertex 15.8 -7.97763 34.3529
      vertex 15.8 -7.96025 34.5516
    endloop
  endfacet
  facet normal -1 0 0
    outer loop
      vertex 15.8 -1.69712 33.8539
      vertex 15.8 -7.99006 34.1539
      vertex 15.8 -7.97763 34.3529
    endloop
  endfacet
  facet normal -1 0 0
    outer loop
      vertex 15.8 -1.56097 33.0818
      vertex 15.8 -8 33.7551
      vertex 15.8 -1.62858 33.2675
    endloop
  endfacet
  facet normal -1 0 0
    outer loop
      vertex 15.8 -1.69712 33.8539
      vertex 15.8 -7.99751 33.9545
      vertex 15.8 -7.99006 34.1539
    endloop
  endfacet
  facet normal -1 -0 0
    outer loop
      vertex 15.8 3.64968 40.8741
      vertex 15.8 0.762959 35.2743
      vertex 15.8 3.47107 40.9628
    endloop
  endfacet
  facet normal -1 -0 0
    outer loop
      vertex 15.8 3.47107 40.9628
      vertex 15.8 0.762959 35.2743
      vertex 15.8 3.2903 41.0471
    endloop
  endfacet
  facet normal -1 -0 0
    outer loop
      vertex 15.8 3.2903 41.0471
      vertex 15.8 0.762959 35.2743
      vertex 15.8 3.10748 41.1269
    endloop
  endfacet
  facet normal -1 0 0
    outer loop
      vertex 15.8 0.581433 35.3526
      vertex 15.8 3.10748 41.1269
      vertex 15.8 0.762959 35.2743
    endloop
  endfacet
  facet normal -1 -0 0
    outer loop
      vertex 15.8 3.10748 41.1269
      vertex 15.8 0.581433 35.3526
      vertex 15.8 2.92273 41.2021
    endloop
  endfacet
  facet normal -1 -0 0
    outer loop
      vertex 15.8 2.92273 41.2021
      vertex 15.8 0.581433 35.3526
      vertex 15.8 2.73616 41.2726
    endloop
  endfacet
  facet normal -1 -0 0
    outer loop
      vertex 15.8 2.73616 41.2726
      vertex 15.8 0.581433 35.3526
      vertex 15.8 2.54789 41.3385
    endloop
  endfacet
  facet normal -1 -0 0
    outer loop
      vertex 15.8 2.54789 41.3385
      vertex 15.8 0.581433 35.3526
      vertex 15.8 2.35804 41.3997
    endloop
  endfacet
  facet normal -1 -0 0
    outer loop
      vertex 15.8 2.35804 41.3997
      vertex 15.8 0.581433 35.3526
      vertex 15.8 2.16672 41.4561
    endloop
  endfacet
  facet normal -1 0 0
    outer loop
      vertex 15.8 0.392047 35.4093
      vertex 15.8 2.16672 41.4561
      vertex 15.8 0.581433 35.3526
    endloop
  endfacet
  facet normal -1 -0 0
    outer loop
      vertex 15.8 2.16672 41.4561
      vertex 15.8 0.392047 35.4093
      vertex 15.8 1.97406 41.5077
    endloop
  endfacet
  facet normal -1 -0 0
    outer loop
      vertex 15.8 1.97406 41.5077
      vertex 15.8 0.392047 35.4093
      vertex 15.8 1.78017 41.5545
    endloop
  endfacet
  facet normal -1 -0 0
    outer loop
      vertex 15.8 1.78017 41.5545
      vertex 15.8 0.392047 35.4093
      vertex 15.8 1.58517 41.5965
    endloop
  endfacet
  facet normal -1 -0 0
    outer loop
      vertex 15.8 1.58517 41.5965
      vertex 15.8 0.392047 35.4093
      vertex 15.8 1.38918 41.6336
    endloop
  endfacet
  facet normal -1 0 0
    outer loop
      vertex 15.8 0.197357 35.4436
      vertex 15.8 1.38918 41.6336
      vertex 15.8 0.392047 35.4093
    endloop
  endfacet
  facet normal -1 -0 0
    outer loop
      vertex 15.8 1.38918 41.6336
      vertex 15.8 0.197357 35.4436
      vertex 15.8 1.19234 41.6657
    endloop
  endfacet
  facet normal -1 -0 0
    outer loop
      vertex 15.8 1.19234 41.6657
      vertex 15.8 0.197357 35.4436
      vertex 15.8 0.994749 41.693
    endloop
  endfacet
  facet normal -1 -0 0
    outer loop
      vertex 15.8 0.994749 41.693
      vertex 15.8 0.197357 35.4436
      vertex 15.8 0.796542 41.7153
    endloop
  endfacet
  facet normal -1 -0 0
    outer loop
      vertex 15.8 0.796542 41.7153
      vertex 15.8 0.197357 35.4436
      vertex 15.8 0.59784 41.7327
    endloop
  endfacet
  facet normal -1 -0 0
    outer loop
      vertex 15.8 0.59784 41.7327
      vertex 15.8 0.197357 35.4436
      vertex 15.8 0.398767 41.7451
    endloop
  endfacet
  facet normal -1 0 0
    outer loop
      vertex 15.8 0 35.4551
      vertex 15.8 0.398767 41.7451
      vertex 15.8 0.197357 35.4436
    endloop
  endfacet
  facet normal -1 -0 0
    outer loop
      vertex 15.8 0.398767 41.7451
      vertex 15.8 0 35.4551
      vertex 15.8 0.199445 41.7526
    endloop
  endfacet
  facet normal -1 0 0
    outer loop
      vertex 15.8 0 35.4551
      vertex 15.8 0 41.7551
      vertex 15.8 0.199445 41.7526
    endloop
  endfacet
  facet normal -1 0 0
    outer loop
      vertex 15.8 -0.398767 41.7451
      vertex 15.8 0 35.4551
      vertex 15.8 -0.197357 35.4436
    endloop
  endfacet
  facet normal -1 0 0
    outer loop
      vertex 15.8 0 35.4551
      vertex 15.8 -0.199445 41.7526
      vertex 15.8 0 41.7551
    endloop
  endfacet
  facet normal -1 0 0
    outer loop
      vertex 15.8 -1.38918 41.6336
      vertex 15.8 -0.197357 35.4436
      vertex 15.8 -0.392047 35.4093
    endloop
  endfacet
  facet normal -1 0 0
    outer loop
      vertex 15.8 0 35.4551
      vertex 15.8 -0.398767 41.7451
      vertex 15.8 -0.199445 41.7526
    endloop
  endfacet
  facet normal -1 0 0
    outer loop
      vertex 15.8 -1.78017 41.5545
      vertex 15.8 -0.392047 35.4093
      vertex 15.8 -0.581433 35.3526
    endloop
  endfacet
  facet normal -1 0 0
    outer loop
      vertex 15.8 -0.197357 35.4436
      vertex 15.8 -0.59784 41.7327
      vertex 15.8 -0.398767 41.7451
    endloop
  endfacet
  facet normal -1 0 0
    outer loop
      vertex 15.8 -1.78017 41.5545
      vertex 15.8 -0.581433 35.3526
      vertex 15.8 -0.762959 35.2743
    endloop
  endfacet
  facet normal -1 0 0
    outer loop
      vertex 15.8 -0.197357 35.4436
      vertex 15.8 -0.796542 41.7153
      vertex 15.8 -0.59784 41.7327
    endloop
  endfacet
  facet normal -1 0 0
    outer loop
      vertex 15.8 -1.78017 41.5545
      vertex 15.8 -0.762959 35.2743
      vertex 15.8 -0.934165 35.1754
    endloop
  endfacet
  facet normal -1 0 0
    outer loop
      vertex 15.8 -0.197357 35.4436
      vertex 15.8 -0.994749 41.693
      vertex 15.8 -0.796542 41.7153
    endloop
  endfacet
  facet normal -1 0 0
    outer loop
      vertex 15.8 -1.78017 41.5545
      vertex 15.8 -0.934165 35.1754
      vertex 15.8 -1.09274 35.0574
    endloop
  endfacet
  facet normal -1 0 0
    outer loop
      vertex 15.8 -0.197357 35.4436
      vertex 15.8 -1.19234 41.6657
      vertex 15.8 -0.994749 41.693
    endloop
  endfacet
  facet normal -1 0 0
    outer loop
      vertex 15.8 -1.78017 41.5545
      vertex 15.8 -1.09274 35.0574
      vertex 15.8 -1.23654 34.9217
    endloop
  endfacet
  facet normal -1 0 0
    outer loop
      vertex 15.8 -1.78017 41.5545
      vertex 15.8 -1.23654 34.9217
      vertex 15.8 -1.36361 34.7703
    endloop
  endfacet
  facet normal -1 0 0
    outer loop
      vertex 15.8 -0.197357 35.4436
      vertex 15.8 -1.38918 41.6336
      vertex 15.8 -1.19234 41.6657
    endloop
  endfacet
  facet normal -1 0 0
    outer loop
      vertex 15.8 -1.78017 41.5545
      vertex 15.8 -1.36361 34.7703
      vertex 15.8 -1.47224 34.6051
    endloop
  endfacet
  facet normal -1 0 0
    outer loop
      vertex 15.8 -1.78017 41.5545
      vertex 15.8 -1.47224 34.6051
      vertex 15.8 -1.56097 34.4284
    endloop
  endfacet
  facet normal -1 0 0
    outer loop
      vertex 15.8 -0.392047 35.4093
      vertex 15.8 -1.58517 41.5965
      vertex 15.8 -1.38918 41.6336
    endloop
  endfacet
  facet normal -1 0 0
    outer loop
      vertex 15.8 -1.78017 41.5545
      vertex 15.8 -1.56097 34.4284
      vertex 15.8 -1.62858 34.2427
    endloop
  endfacet
  facet normal -1 0 0
    outer loop
      vertex 15.8 -1.78017 41.5545
      vertex 15.8 -1.62858 34.2427
      vertex 15.8 -1.67417 34.0503
    endloop
  endfacet
  facet normal -1 0 0
    outer loop
      vertex 15.8 -1.78017 41.5545
      vertex 15.8 -1.67417 34.0503
      vertex 15.8 -1.69712 33.8539
    endloop
  endfacet
  facet normal -1 0 0
    outer loop
      vertex 15.8 -0.392047 35.4093
      vertex 15.8 -1.78017 41.5545
      vertex 15.8 -1.58517 41.5965
    endloop
  endfacet
  facet normal 0 0.741472 0.670984
    outer loop
      vertex 18.8 5.99825 39.0486
      vertex 15.8 5.86441 39.1965
      vertex 18.8 5.86441 39.1965
    endloop
  endfacet
  facet normal 0 0.741472 0.670984
    outer loop
      vertex 15.8 5.86441 39.1965
      vertex 18.8 5.99825 39.0486
      vertex 15.8 5.99825 39.0486
    endloop
  endfacet
  facet normal 0 0.833205 0.552964
    outer loop
      vertex 18.8 6.72021 38.0955
      vertex 15.8 6.60991 38.2617
      vertex 18.8 6.60991 38.2617
    endloop
  endfacet
  facet normal 0 0.833205 0.552964
    outer loop
      vertex 15.8 6.60991 38.2617
      vertex 18.8 6.72021 38.0955
      vertex 15.8 6.72021 38.0955
    endloop
  endfacet
  facet normal 0 0.789571 0.613659
    outer loop
      vertex 18.8 6.37706 38.5855
      vertex 15.8 6.25465 38.743
      vertex 18.8 6.25465 38.743
    endloop
  endfacet
  facet normal 0 0.789571 0.613659
    outer loop
      vertex 15.8 6.25465 38.743
      vertex 18.8 6.37706 38.5855
      vertex 15.8 6.37706 38.5855
    endloop
  endfacet
  facet normal -0 0.65226 0.757995
    outer loop
      vertex 15.8 5.29349 39.7533
      vertex 18.8 5.1423 39.8834
      vertex 18.8 5.29349 39.7533
    endloop
  endfacet
  facet normal 0 0.65226 0.757995
    outer loop
      vertex 18.8 5.1423 39.8834
      vertex 15.8 5.29349 39.7533
      vertex 15.8 5.1423 39.8834
    endloop
  endfacet
  facet normal 0 0.943897 0.330239
    outer loop
      vertex 18.8 7.58342 36.303
      vertex 15.8 7.51754 36.4913
      vertex 18.8 7.51754 36.4913
    endloop
  endfacet
  facet normal 0 0.943897 0.330239
    outer loop
      vertex 15.8 7.51754 36.4913
      vertex 18.8 7.58342 36.303
      vertex 15.8 7.58342 36.303
    endloop
  endfacet
  facet normal -0 0.670899 0.741549
    outer loop
      vertex 15.8 5.44138 39.6195
      vertex 18.8 5.29349 39.7533
      vertex 18.8 5.44138 39.6195
    endloop
  endfacet
  facet normal 0 0.670899 0.741549
    outer loop
      vertex 18.8 5.29349 39.7533
      vertex 15.8 5.44138 39.6195
      vertex 15.8 5.29349 39.7533
    endloop
  endfacet
  facet normal -0 0.258711 0.965955
    outer loop
      vertex 15.8 2.16672 41.4561
      vertex 18.8 1.97406 41.5077
      vertex 18.8 2.16672 41.4561
    endloop
  endfacet
  facet normal 0 0.258711 0.965955
    outer loop
      vertex 18.8 1.97406 41.5077
      vertex 15.8 2.16672 41.4561
      vertex 15.8 1.97406 41.5077
    endloop
  endfacet
  facet normal 0 0.959168 0.282837
    outer loop
      vertex 18.8 7.70099 35.9218
      vertex 15.8 7.64458 36.1131
      vertex 18.8 7.64458 36.1131
    endloop
  endfacet
  facet normal 0 0.959168 0.282837
    outer loop
      vertex 15.8 7.64458 36.1131
      vertex 18.8 7.70099 35.9218
      vertex 15.8 7.70099 35.9218
    endloop
  endfacet
  facet normal 0 -0.951852 0.306558
    outer loop
      vertex 15.8 -7.64458 36.1131
      vertex 18.8 -7.58342 36.303
      vertex 15.8 -7.58342 36.303
    endloop
  endfacet
  facet normal 0 -0.951852 0.306558
    outer loop
      vertex 18.8 -7.58342 36.303
      vertex 15.8 -7.64458 36.1131
      vertex 18.8 -7.64458 36.1131
    endloop
  endfacet
  facet normal 0 -0.111803 0.99373
    outer loop
      vertex 15.8 -0.796542 41.7153
      vertex 18.8 -0.994749 41.693
      vertex 18.8 -0.796542 41.7153
    endloop
  endfacet
  facet normal 0 -0.111803 0.99373
    outer loop
      vertex 18.8 -0.994749 41.693
      vertex 15.8 -0.796542 41.7153
      vertex 15.8 -0.994749 41.693
    endloop
  endfacet
  facet normal 0 -0.833205 0.552964
    outer loop
      vertex 15.8 -6.72021 38.0955
      vertex 18.8 -6.60991 38.2617
      vertex 15.8 -6.60991 38.2617
    endloop
  endfacet
  facet normal 0 -0.833205 0.552964
    outer loop
      vertex 18.8 -6.60991 38.2617
      vertex 15.8 -6.72021 38.0955
      vertex 18.8 -6.72021 38.0955
    endloop
  endfacet
  facet normal 0 -0.0125338 0.999921
    outer loop
      vertex 15.8 0 41.7551
      vertex 18.8 -0.199445 41.7526
      vertex 18.8 0 41.7551
    endloop
  endfacet
  facet normal 0 -0.0125338 0.999921
    outer loop
      vertex 18.8 -0.199445 41.7526
      vertex 15.8 0 41.7551
      vertex 15.8 -0.199445 41.7526
    endloop
  endfacet
  facet normal 0 -0.593692 0.804693
    outer loop
      vertex 15.8 -4.66995 40.2506
      vertex 18.8 -4.83043 40.1322
      vertex 18.8 -4.66995 40.2506
    endloop
  endfacet
  facet normal 0 -0.593692 0.804693
    outer loop
      vertex 18.8 -4.83043 40.1322
      vertex 15.8 -4.66995 40.2506
      vertex 15.8 -4.83043 40.1322
    endloop
  endfacet
  facet normal 0 -0.741472 0.670984
    outer loop
      vertex 15.8 -5.99825 39.0486
      vertex 18.8 -5.86441 39.1965
      vertex 15.8 -5.86441 39.1965
    endloop
  endfacet
  facet normal 0 -0.741472 0.670984
    outer loop
      vertex 18.8 -5.86441 39.1965
      vertex 15.8 -5.99825 39.0486
      vertex 18.8 -5.99825 39.0486
    endloop
  endfacet
  facet normal 0 -0.986899 0.161342
    outer loop
      vertex 15.8 -7.91065 34.9474
      vertex 18.8 -7.87846 35.1443
      vertex 15.8 -7.87846 35.1443
    endloop
  endfacet
  facet normal 0 -0.986899 0.161342
    outer loop
      vertex 18.8 -7.87846 35.1443
      vertex 15.8 -7.91065 34.9474
      vertex 18.8 -7.91065 34.9474
    endloop
  endfacet
  facet normal 0 -0.999303 0.037336
    outer loop
      vertex 15.8 -7.99751 33.9545
      vertex 18.8 -7.99006 34.1539
      vertex 15.8 -7.99006 34.1539
    endloop
  endfacet
  facet normal 0 -0.999303 0.037336
    outer loop
      vertex 18.8 -7.99006 34.1539
      vertex 15.8 -7.99751 33.9545
      vertex 18.8 -7.99751 33.9545
    endloop
  endfacet
  facet normal 0 -0.999922 0.0124865
    outer loop
      vertex 15.8 -8 33.7551
      vertex 18.8 -7.99751 33.9545
      vertex 15.8 -7.99751 33.9545
    endloop
  endfacet
  facet normal 0 -0.999922 0.0124865
    outer loop
      vertex 18.8 -7.99751 33.9545
      vertex 15.8 -8 33.7551
      vertex 18.8 -8 33.7551
    endloop
  endfacet
  facet normal -0 0.111803 0.99373
    outer loop
      vertex 15.8 0.994749 41.693
      vertex 18.8 0.796542 41.7153
      vertex 18.8 0.994749 41.693
    endloop
  endfacet
  facet normal 0 0.111803 0.99373
    outer loop
      vertex 18.8 0.796542 41.7153
      vertex 15.8 0.994749 41.693
      vertex 15.8 0.796542 41.7153
    endloop
  endfacet
  facet normal 0 -0.818996 0.573799
    outer loop
      vertex 15.8 -6.60991 38.2617
      vertex 18.8 -6.4955 38.425
      vertex 15.8 -6.4955 38.425
    endloop
  endfacet
  facet normal 0 -0.818996 0.573799
    outer loop
      vertex 18.8 -6.4955 38.425
      vertex 15.8 -6.60991 38.2617
      vertex 18.8 -6.60991 38.2617
    endloop
  endfacet
  facet normal 0 -0.804632 0.593773
    outer loop
      vertex 15.8 -6.4955 38.425
      vertex 18.8 -6.37706 38.5855
      vertex 15.8 -6.37706 38.5855
    endloop
  endfacet
  facet normal 0 -0.804632 0.593773
    outer loop
      vertex 18.8 -6.37706 38.5855
      vertex 15.8 -6.4955 38.425
      vertex 18.8 -6.4955 38.425
    endloop
  endfacet
  facet normal 0 0.935315 0.353815
    outer loop
      vertex 18.8 7.51754 36.4913
      vertex 15.8 7.44699 36.6778
      vertex 18.8 7.44699 36.6778
    endloop
  endfacet
  facet normal 0 0.935315 0.353815
    outer loop
      vertex 15.8 7.44699 36.6778
      vertex 18.8 7.51754 36.4913
      vertex 15.8 7.51754 36.4913
    endloop
  endfacet
  facet normal 0 -0.467254 0.884123
    outer loop
      vertex 15.8 -3.64968 40.8741
      vertex 18.8 -3.82603 40.7809
      vertex 18.8 -3.64968 40.8741
    endloop
  endfacet
  facet normal 0 -0.467254 0.884123
    outer loop
      vertex 18.8 -3.82603 40.7809
      vertex 15.8 -3.64968 40.8741
      vertex 15.8 -3.82603 40.7809
    endloop
  endfacet
  facet normal 0 -0.489278 0.872128
    outer loop
      vertex 15.8 -3.82603 40.7809
      vertex 18.8 -4 40.6833
      vertex 18.8 -3.82603 40.7809
    endloop
  endfacet
  facet normal 0 -0.489278 0.872128
    outer loop
      vertex 18.8 -4 40.6833
      vertex 15.8 -3.82603 40.7809
      vertex 15.8 -4 40.6833
    endloop
  endfacet
  facet normal 0 -0.0621682 0.998066
    outer loop
      vertex 15.8 -0.398767 41.7451
      vertex 18.8 -0.59784 41.7327
      vertex 18.8 -0.398767 41.7451
    endloop
  endfacet
  facet normal 0 -0.0621682 0.998066
    outer loop
      vertex 18.8 -0.59784 41.7327
      vertex 15.8 -0.398767 41.7451
      vertex 15.8 -0.59784 41.7327
    endloop
  endfacet
  facet normal 0 0.872228 0.489099
    outer loop
      vertex 18.8 7.02577 37.5811
      vertex 15.8 6.9282 37.7551
      vertex 18.8 6.9282 37.7551
    endloop
  endfacet
  facet normal 0 0.872228 0.489099
    outer loop
      vertex 15.8 6.9282 37.7551
      vertex 18.8 7.02577 37.5811
      vertex 15.8 7.02577 37.5811
    endloop
  endfacet
  facet normal 0 -0.613965 0.789333
    outer loop
      vertex 15.8 -4.83043 40.1322
      vertex 18.8 -4.98792 40.0097
      vertex 18.8 -4.83043 40.1322
    endloop
  endfacet
  facet normal 0 -0.613965 0.789333
    outer loop
      vertex 18.8 -4.98792 40.0097
      vertex 15.8 -4.83043 40.1322
      vertex 15.8 -4.98792 40.0097
    endloop
  endfacet
  facet normal 0 -0.422641 0.906297
    outer loop
      vertex 15.8 -3.2903 41.0471
      vertex 18.8 -3.47107 40.9628
      vertex 18.8 -3.2903 41.0471
    endloop
  endfacet
  facet normal 0 -0.422641 0.906297
    outer loop
      vertex 18.8 -3.47107 40.9628
      vertex 15.8 -3.2903 41.0471
      vertex 15.8 -3.47107 40.9628
    endloop
  endfacet
  facet normal 0 -0.990618 0.136661
    outer loop
      vertex 15.8 -7.93791 34.7498
      vertex 18.8 -7.91065 34.9474
      vertex 15.8 -7.91065 34.9474
    endloop
  endfacet
  facet normal 0 -0.990618 0.136661
    outer loop
      vertex 18.8 -7.91065 34.9474
      vertex 15.8 -7.93791 34.7498
      vertex 18.8 -7.93791 34.7498
    endloop
  endfacet
  facet normal 0 0.895468 0.445127
    outer loop
      vertex 18.8 7.20775 37.2262
      vertex 15.8 7.11897 37.4048
      vertex 18.8 7.11897 37.4048
    endloop
  endfacet
  facet normal 0 0.895468 0.445127
    outer loop
      vertex 15.8 7.11897 37.4048
      vertex 18.8 7.20775 37.2262
      vertex 15.8 7.20775 37.2262
    endloop
  endfacet
  facet normal 0 0.906324 0.422584
    outer loop
      vertex 18.8 7.29205 37.0454
      vertex 15.8 7.20775 37.2262
      vertex 18.8 7.20775 37.2262
    endloop
  endfacet
  facet normal 0 0.906324 0.422584
    outer loop
      vertex 15.8 7.20775 37.2262
      vertex 18.8 7.29205 37.0454
      vertex 15.8 7.29205 37.0454
    endloop
  endfacet
  facet normal 0 0.965897 0.258927
    outer loop
      vertex 18.8 7.75262 35.7292
      vertex 15.8 7.70099 35.9218
      vertex 18.8 7.70099 35.9218
    endloop
  endfacet
  facet normal 0 0.965897 0.258927
    outer loop
      vertex 15.8 7.70099 35.9218
      vertex 18.8 7.75262 35.7292
      vertex 15.8 7.75262 35.7292
    endloop
  endfacet
  facet normal -0 0.377002 0.926212
    outer loop
      vertex 15.8 3.10748 41.1269
      vertex 18.8 2.92273 41.2021
      vertex 18.8 3.10748 41.1269
    endloop
  endfacet
  facet normal 0 0.377002 0.926212
    outer loop
      vertex 18.8 2.92273 41.2021
      vertex 15.8 3.10748 41.1269
      vertex 15.8 2.92273 41.2021
    endloop
  endfacet
  facet normal 0 0.884068 0.467358
    outer loop
      vertex 18.8 7.11897 37.4048
      vertex 15.8 7.02577 37.5811
      vertex 18.8 7.02577 37.5811
    endloop
  endfacet
  facet normal 0 0.884068 0.467358
    outer loop
      vertex 15.8 7.02577 37.5811
      vertex 18.8 7.11897 37.4048
      vertex 15.8 7.11897 37.4048
    endloop
  endfacet
  facet normal 0 -0.774049 0.633126
    outer loop
      vertex 15.8 -6.25465 38.743
      vertex 18.8 -6.12836 38.8974
      vertex 15.8 -6.12836 38.8974
    endloop
  endfacet
  facet normal 0 -0.774049 0.633126
    outer loop
      vertex 18.8 -6.12836 38.8974
      vertex 15.8 -6.25465 38.743
      vertex 18.8 -6.25465 38.743
    endloop
  endfacet
  facet normal -0 0.422641 0.906297
    outer loop
      vertex 15.8 3.47107 40.9628
      vertex 18.8 3.2903 41.0471
      vertex 18.8 3.47107 40.9628
    endloop
  endfacet
  facet normal 0 0.422641 0.906297
    outer loop
      vertex 18.8 3.2903 41.0471
      vertex 15.8 3.47107 40.9628
      vertex 15.8 3.2903 41.0471
    endloop
  endfacet
  facet normal 0 -0.185992 0.982551
    outer loop
      vertex 15.8 -1.38918 41.6336
      vertex 18.8 -1.58517 41.5965
      vertex 18.8 -1.38918 41.6336
    endloop
  endfacet
  facet normal 0 -0.185992 0.982551
    outer loop
      vertex 18.8 -1.58517 41.5965
      vertex 15.8 -1.38918 41.6336
      vertex 15.8 -1.58517 41.5965
    endloop
  endfacet
  facet normal 0 -0.552987 0.83319
    outer loop
      vertex 15.8 -4.34037 40.4753
      vertex 18.8 -4.50656 40.365
      vertex 18.8 -4.34037 40.4753
    endloop
  endfacet
  facet normal 0 -0.552987 0.83319
    outer loop
      vertex 18.8 -4.50656 40.365
      vertex 15.8 -4.34037 40.4753
      vertex 15.8 -4.50656 40.365
    endloop
  endfacet
  facet normal 0 0.977623 0.210364
    outer loop
      vertex 18.8 7.84138 35.3403
      vertex 15.8 7.79942 35.5353
      vertex 18.8 7.79942 35.5353
    endloop
  endfacet
  facet normal 0 0.977623 0.210364
    outer loop
      vertex 15.8 7.79942 35.5353
      vertex 18.8 7.84138 35.3403
      vertex 15.8 7.84138 35.3403
    endloop
  endfacet
  facet normal 0 0.982571 0.185886
    outer loop
      vertex 18.8 7.87846 35.1443
      vertex 15.8 7.84138 35.3403
      vertex 18.8 7.84138 35.3403
    endloop
  endfacet
  facet normal 0 0.982571 0.185886
    outer loop
      vertex 15.8 7.84138 35.3403
      vertex 18.8 7.87846 35.1443
      vertex 15.8 7.87846 35.1443
    endloop
  endfacet
  facet normal 0 -0.258711 0.965955
    outer loop
      vertex 15.8 -1.97406 41.5077
      vertex 18.8 -2.16672 41.4561
      vertex 18.8 -1.97406 41.5077
    endloop
  endfacet
  facet normal 0 -0.258711 0.965955
    outer loop
      vertex 18.8 -2.16672 41.4561
      vertex 15.8 -1.97406 41.5077
      vertex 15.8 -2.16672 41.4561
    endloop
  endfacet
  facet normal -0 0.613965 0.789333
    outer loop
      vertex 15.8 4.98792 40.0097
      vertex 18.8 4.83043 40.1322
      vertex 18.8 4.98792 40.0097
    endloop
  endfacet
  facet normal 0 0.613965 0.789333
    outer loop
      vertex 18.8 4.83043 40.1322
      vertex 15.8 4.98792 40.0097
      vertex 15.8 4.83043 40.1322
    endloop
  endfacet
  facet normal 0 -0.965897 0.258927
    outer loop
      vertex 15.8 -7.75262 35.7292
      vertex 18.8 -7.70099 35.9218
      vertex 15.8 -7.70099 35.9218
    endloop
  endfacet
  facet normal 0 -0.965897 0.258927
    outer loop
      vertex 18.8 -7.70099 35.9218
      vertex 15.8 -7.75262 35.7292
      vertex 18.8 -7.75262 35.7292
    endloop
  endfacet
  facet normal 0 0.757992 0.652264
    outer loop
      vertex 18.8 6.12836 38.8974
      vertex 15.8 5.99825 39.0486
      vertex 18.8 5.99825 39.0486
    endloop
  endfacet
  facet normal 0 0.757992 0.652264
    outer loop
      vertex 15.8 5.99825 39.0486
      vertex 18.8 6.12836 38.8974
      vertex 15.8 6.12836 38.8974
    endloop
  endfacet
  facet normal 0 0.84674 0.532007
    outer loop
      vertex 18.8 6.82633 37.9266
      vertex 15.8 6.72021 38.0955
      vertex 18.8 6.72021 38.0955
    endloop
  endfacet
  facet normal 0 0.84674 0.532007
    outer loop
      vertex 15.8 6.72021 38.0955
      vertex 18.8 6.82633 37.9266
      vertex 15.8 6.82633 37.9266
    endloop
  endfacet
  facet normal -0 0.0621682 0.998066
    outer loop
      vertex 15.8 0.59784 41.7327
      vertex 18.8 0.398767 41.7451
      vertex 18.8 0.59784 41.7327
    endloop
  endfacet
  facet normal 0 0.0621682 0.998066
    outer loop
      vertex 18.8 0.398767 41.7451
      vertex 15.8 0.59784 41.7327
      vertex 15.8 0.398767 41.7451
    endloop
  endfacet
  facet normal 0 -0.633205 0.773984
    outer loop
      vertex 15.8 -4.98792 40.0097
      vertex 18.8 -5.1423 39.8834
      vertex 18.8 -4.98792 40.0097
    endloop
  endfacet
  facet normal 0 -0.633205 0.773984
    outer loop
      vertex 18.8 -5.1423 39.8834
      vertex 15.8 -4.98792 40.0097
      vertex 15.8 -5.1423 39.8834
    endloop
  endfacet
  facet normal -0 0.593692 0.804693
    outer loop
      vertex 15.8 4.83043 40.1322
      vertex 18.8 4.66995 40.2506
      vertex 18.8 4.83043 40.1322
    endloop
  endfacet
  facet normal 0 0.593692 0.804693
    outer loop
      vertex 18.8 4.66995 40.2506
      vertex 15.8 4.83043 40.1322
      vertex 15.8 4.66995 40.2506
    endloop
  endfacet
  facet normal 0 -0.84674 0.532007
    outer loop
      vertex 15.8 -6.82633 37.9266
      vertex 18.8 -6.72021 38.0955
      vertex 15.8 -6.72021 38.0955
    endloop
  endfacet
  facet normal 0 -0.84674 0.532007
    outer loop
      vertex 18.8 -6.72021 38.0955
      vertex 15.8 -6.82633 37.9266
      vertex 18.8 -6.82633 37.9266
    endloop
  endfacet
  facet normal 0 -0.943897 0.330239
    outer loop
      vertex 15.8 -7.58342 36.303
      vertex 18.8 -7.51754 36.4913
      vertex 15.8 -7.51754 36.4913
    endloop
  endfacet
  facet normal 0 -0.943897 0.330239
    outer loop
      vertex 18.8 -7.51754 36.4913
      vertex 15.8 -7.58342 36.303
      vertex 18.8 -7.58342 36.303
    endloop
  endfacet
  facet normal -0 0.510849 0.85967
    outer loop
      vertex 15.8 4.17148 40.5814
      vertex 18.8 4 40.6833
      vertex 18.8 4.17148 40.5814
    endloop
  endfacet
  facet normal 0 0.510849 0.85967
    outer loop
      vertex 18.8 4 40.6833
      vertex 15.8 4.17148 40.5814
      vertex 15.8 4 40.6833
    endloop
  endfacet
  facet normal -0 0.552987 0.83319
    outer loop
      vertex 15.8 4.50656 40.365
      vertex 18.8 4.34037 40.4753
      vertex 18.8 4.50656 40.365
    endloop
  endfacet
  facet normal 0 0.552987 0.83319
    outer loop
      vertex 18.8 4.34037 40.4753
      vertex 15.8 4.50656 40.365
      vertex 15.8 4.34037 40.4753
    endloop
  endfacet
  facet normal 0 -0.757992 0.652264
    outer loop
      vertex 15.8 -6.12836 38.8974
      vertex 18.8 -5.99825 39.0486
      vertex 15.8 -5.99825 39.0486
    endloop
  endfacet
  facet normal 0 -0.757992 0.652264
    outer loop
      vertex 18.8 -5.99825 39.0486
      vertex 15.8 -6.12836 38.8974
      vertex 18.8 -6.12836 38.8974
    endloop
  endfacet
  facet normal -0 0.531958 0.846771
    outer loop
      vertex 15.8 4.34037 40.4753
      vertex 18.8 4.17148 40.5814
      vertex 18.8 4.34037 40.4753
    endloop
  endfacet
  facet normal 0 0.531958 0.846771
    outer loop
      vertex 18.8 4.17148 40.5814
      vertex 15.8 4.34037 40.4753
      vertex 15.8 4.17148 40.5814
    endloop
  endfacet
  facet normal -0 0.0872345 0.996188
    outer loop
      vertex 15.8 0.796542 41.7153
      vertex 18.8 0.59784 41.7327
      vertex 18.8 0.796542 41.7153
    endloop
  endfacet
  facet normal 0 0.0872345 0.996188
    outer loop
      vertex 18.8 0.59784 41.7327
      vertex 15.8 0.796542 41.7153
      vertex 15.8 0.59784 41.7327
    endloop
  endfacet
  facet normal 0 -0.982571 0.185886
    outer loop
      vertex 15.8 -7.87846 35.1443
      vertex 18.8 -7.84138 35.3403
      vertex 15.8 -7.84138 35.3403
    endloop
  endfacet
  facet normal 0 -0.982571 0.185886
    outer loop
      vertex 18.8 -7.84138 35.3403
      vertex 15.8 -7.87846 35.1443
      vertex 18.8 -7.87846 35.1443
    endloop
  endfacet
  facet normal -0 0.689317 0.72446
    outer loop
      vertex 15.8 5.58589 39.482
      vertex 18.8 5.44138 39.6195
      vertex 18.8 5.58589 39.482
    endloop
  endfacet
  facet normal 0 0.689317 0.72446
    outer loop
      vertex 18.8 5.44138 39.6195
      vertex 15.8 5.58589 39.482
      vertex 15.8 5.44138 39.6195
    endloop
  endfacet
  facet normal 0 0.724486 0.68929
    outer loop
      vertex 18.8 5.86441 39.1965
      vertex 15.8 5.72693 39.341
      vertex 18.8 5.72693 39.341
    endloop
  endfacet
  facet normal 0 0.724486 0.68929
    outer loop
      vertex 15.8 5.72693 39.341
      vertex 18.8 5.86441 39.1965
      vertex 15.8 5.86441 39.1965
    endloop
  endfacet
  facet normal 0 -0.16095 0.986962
    outer loop
      vertex 15.8 -1.19234 41.6657
      vertex 18.8 -1.38918 41.6336
      vertex 18.8 -1.19234 41.6657
    endloop
  endfacet
  facet normal 0 -0.16095 0.986962
    outer loop
      vertex 18.8 -1.38918 41.6336
      vertex 15.8 -1.19234 41.6657
      vertex 15.8 -1.38918 41.6336
    endloop
  endfacet
  facet normal 0 -0.926283 0.376829
    outer loop
      vertex 15.8 -7.44699 36.6778
      vertex 18.8 -7.37181 36.8626
      vertex 15.8 -7.37181 36.8626
    endloop
  endfacet
  facet normal 0 -0.926283 0.376829
    outer loop
      vertex 18.8 -7.37181 36.8626
      vertex 15.8 -7.44699 36.6778
      vertex 18.8 -7.44699 36.6778
    endloop
  endfacet
  facet normal 0 -0.377002 0.926212
    outer loop
      vertex 15.8 -2.92273 41.2021
      vertex 18.8 -3.10748 41.1269
      vertex 18.8 -2.92273 41.2021
    endloop
  endfacet
  facet normal 0 -0.377002 0.926212
    outer loop
      vertex 18.8 -3.10748 41.1269
      vertex 15.8 -2.92273 41.2021
      vertex 15.8 -3.10748 41.1269
    endloop
  endfacet
  facet normal 0 0.818996 0.573799
    outer loop
      vertex 18.8 6.60991 38.2617
      vertex 15.8 6.4955 38.425
      vertex 18.8 6.4955 38.425
    endloop
  endfacet
  facet normal 0 0.818996 0.573799
    outer loop
      vertex 15.8 6.4955 38.425
      vertex 18.8 6.60991 38.2617
      vertex 15.8 6.60991 38.2617
    endloop
  endfacet
  facet normal -0 0.306812 0.95177
    outer loop
      vertex 15.8 2.54789 41.3385
      vertex 18.8 2.35804 41.3997
      vertex 18.8 2.54789 41.3385
    endloop
  endfacet
  facet normal 0 0.306812 0.95177
    outer loop
      vertex 18.8 2.35804 41.3997
      vertex 15.8 2.54789 41.3385
      vertex 15.8 2.35804 41.3997
    endloop
  endfacet
  facet normal -0 0.444785 0.895637
    outer loop
      vertex 15.8 3.64968 40.8741
      vertex 18.8 3.47107 40.9628
      vertex 18.8 3.64968 40.8741
    endloop
  endfacet
  facet normal 0 0.444785 0.895637
    outer loop
      vertex 18.8 3.47107 40.9628
      vertex 15.8 3.64968 40.8741
      vertex 15.8 3.47107 40.9628
    endloop
  endfacet
  facet normal -0 0.0376009 0.999293
    outer loop
      vertex 15.8 0.398767 41.7451
      vertex 18.8 0.199445 41.7526
      vertex 18.8 0.398767 41.7451
    endloop
  endfacet
  facet normal 0 0.0376009 0.999293
    outer loop
      vertex 18.8 0.199445 41.7526
      vertex 15.8 0.398767 41.7451
      vertex 15.8 0.199445 41.7526
    endloop
  endfacet
  facet normal 0 -0.330375 0.94385
    outer loop
      vertex 15.8 -2.54789 41.3385
      vertex 18.8 -2.73616 41.2726
      vertex 18.8 -2.54789 41.3385
    endloop
  endfacet
  facet normal 0 -0.330375 0.94385
    outer loop
      vertex 18.8 -2.73616 41.2726
      vertex 15.8 -2.54789 41.3385
      vertex 15.8 -2.73616 41.2726
    endloop
  endfacet
  facet normal 0 -0.916553 0.399914
    outer loop
      vertex 15.8 -7.37181 36.8626
      vertex 18.8 -7.29205 37.0454
      vertex 15.8 -7.29205 37.0454
    endloop
  endfacet
  facet normal 0 -0.916553 0.399914
    outer loop
      vertex 18.8 -7.29205 37.0454
      vertex 15.8 -7.37181 36.8626
      vertex 18.8 -7.37181 36.8626
    endloop
  endfacet
  facet normal -0 0.16095 0.986962
    outer loop
      vertex 15.8 1.38918 41.6336
      vertex 18.8 1.19234 41.6657
      vertex 18.8 1.38918 41.6336
    endloop
  endfacet
  facet normal 0 0.16095 0.986962
    outer loop
      vertex 18.8 1.19234 41.6657
      vertex 15.8 1.38918 41.6336
      vertex 15.8 1.19234 41.6657
    endloop
  endfacet
  facet normal -0 0.185992 0.982551
    outer loop
      vertex 15.8 1.58517 41.5965
      vertex 18.8 1.38918 41.6336
      vertex 18.8 1.58517 41.5965
    endloop
  endfacet
  facet normal 0 0.185992 0.982551
    outer loop
      vertex 18.8 1.38918 41.6336
      vertex 15.8 1.58517 41.5965
      vertex 15.8 1.38918 41.6336
    endloop
  endfacet
  facet normal 1 0 0
    outer loop
      vertex 18.8 7.93791 34.7498
      vertex 18.8 1.67417 34.0503
      vertex 18.8 1.69712 33.8539
    endloop
  endfacet
  facet normal 1 0 0
    outer loop
      vertex 18.8 1.97406 41.5077
      vertex 18.8 1.62858 34.2427
      vertex 18.8 1.67417 34.0503
    endloop
  endfacet
  facet normal 1 0 0
    outer loop
      vertex 18.8 0.392047 35.4093
      vertex 18.8 1.78017 41.5545
      vertex 18.8 1.58517 41.5965
    endloop
  endfacet
  facet normal 1 0 0
    outer loop
      vertex 18.8 1.97406 41.5077
      vertex 18.8 1.56097 34.4284
      vertex 18.8 1.62858 34.2427
    endloop
  endfacet
  facet normal 1 0 0
    outer loop
      vertex 18.8 1.97406 41.5077
      vertex 18.8 1.47224 34.6051
      vertex 18.8 1.56097 34.4284
    endloop
  endfacet
  facet normal 1 0 0
    outer loop
      vertex 18.8 0.392047 35.4093
      vertex 18.8 1.58517 41.5965
      vertex 18.8 1.38918 41.6336
    endloop
  endfacet
  facet normal 1 0 0
    outer loop
      vertex 18.8 1.97406 41.5077
      vertex 18.8 1.36361 34.7703
      vertex 18.8 1.47224 34.6051
    endloop
  endfacet
  facet normal 1 0 0
    outer loop
      vertex 18.8 1.97406 41.5077
      vertex 18.8 1.23654 34.9217
      vertex 18.8 1.36361 34.7703
    endloop
  endfacet
  facet normal 1 0 0
    outer loop
      vertex 18.8 0.197357 35.4436
      vertex 18.8 1.38918 41.6336
      vertex 18.8 1.19234 41.6657
    endloop
  endfacet
  facet normal 1 0 0
    outer loop
      vertex 18.8 1.97406 41.5077
      vertex 18.8 1.09274 35.0574
      vertex 18.8 1.23654 34.9217
    endloop
  endfacet
  facet normal 1 0 0
    outer loop
      vertex 18.8 0.197357 35.4436
      vertex 18.8 1.19234 41.6657
      vertex 18.8 0.994749 41.693
    endloop
  endfacet
  facet normal 1 0 0
    outer loop
      vertex 18.8 1.97406 41.5077
      vertex 18.8 0.934165 35.1754
      vertex 18.8 1.09274 35.0574
    endloop
  endfacet
  facet normal 1 0 0
    outer loop
      vertex 18.8 0.197357 35.4436
      vertex 18.8 0.994749 41.693
      vertex 18.8 0.796542 41.7153
    endloop
  endfacet
  facet normal 1 0 0
    outer loop
      vertex 18.8 1.97406 41.5077
      vertex 18.8 0.762959 35.2743
      vertex 18.8 0.934165 35.1754
    endloop
  endfacet
  facet normal 1 0 0
    outer loop
      vertex 18.8 0.197357 35.4436
      vertex 18.8 0.796542 41.7153
      vertex 18.8 0.59784 41.7327
    endloop
  endfacet
  facet normal 1 0 0
    outer loop
      vertex 18.8 1.97406 41.5077
      vertex 18.8 0.581433 35.3526
      vertex 18.8 0.762959 35.2743
    endloop
  endfacet
  facet normal 1 0 0
    outer loop
      vertex 18.8 0.197357 35.4436
      vertex 18.8 0.59784 41.7327
      vertex 18.8 0.398767 41.7451
    endloop
  endfacet
  facet normal 1 0 0
    outer loop
      vertex 18.8 1.97406 41.5077
      vertex 18.8 0.392047 35.4093
      vertex 18.8 0.581433 35.3526
    endloop
  endfacet
  facet normal 1 0 0
    outer loop
      vertex 18.8 0 35.4551
      vertex 18.8 0.398767 41.7451
      vertex 18.8 0.199445 41.7526
    endloop
  endfacet
  facet normal 1 0 0
    outer loop
      vertex 18.8 1.38918 41.6336
      vertex 18.8 0.197357 35.4436
      vertex 18.8 0.392047 35.4093
    endloop
  endfacet
  facet normal 1 0 0
    outer loop
      vertex 18.8 0 35.4551
      vertex 18.8 0.199445 41.7526
      vertex 18.8 0 41.7551
    endloop
  endfacet
  facet normal 1 0 0
    outer loop
      vertex 18.8 0.398767 41.7451
      vertex 18.8 0 35.4551
      vertex 18.8 0.197357 35.4436
    endloop
  endfacet
  facet normal 1 -0 0
    outer loop
      vertex 18.8 -0.199445 41.7526
      vertex 18.8 0 35.4551
      vertex 18.8 0 41.7551
    endloop
  endfacet
  facet normal 1 -0 0
    outer loop
      vertex 18.8 -0.398767 41.7451
      vertex 18.8 0 35.4551
      vertex 18.8 -0.199445 41.7526
    endloop
  endfacet
  facet normal 1 0 0
    outer loop
      vertex 18.8 0 35.4551
      vertex 18.8 -0.398767 41.7451
      vertex 18.8 -0.197357 35.4436
    endloop
  endfacet
  facet normal 1 -0 0
    outer loop
      vertex 18.8 -0.59784 41.7327
      vertex 18.8 -0.197357 35.4436
      vertex 18.8 -0.398767 41.7451
    endloop
  endfacet
  facet normal 1 -0 0
    outer loop
      vertex 18.8 -0.796542 41.7153
      vertex 18.8 -0.197357 35.4436
      vertex 18.8 -0.59784 41.7327
    endloop
  endfacet
  facet normal 1 -0 0
    outer loop
      vertex 18.8 -0.994749 41.693
      vertex 18.8 -0.197357 35.4436
      vertex 18.8 -0.796542 41.7153
    endloop
  endfacet
  facet normal 1 -0 0
    outer loop
      vertex 18.8 -1.19234 41.6657
      vertex 18.8 -0.197357 35.4436
      vertex 18.8 -0.994749 41.693
    endloop
  endfacet
  facet normal 1 -0 0
    outer loop
      vertex 18.8 -1.38918 41.6336
      vertex 18.8 -0.197357 35.4436
      vertex 18.8 -1.19234 41.6657
    endloop
  endfacet
  facet normal 1 0 0
    outer loop
      vertex 18.8 -0.197357 35.4436
      vertex 18.8 -1.38918 41.6336
      vertex 18.8 -0.392047 35.4093
    endloop
  endfacet
  facet normal 1 -0 0
    outer loop
      vertex 18.8 -1.58517 41.5965
      vertex 18.8 -0.392047 35.4093
      vertex 18.8 -1.38918 41.6336
    endloop
  endfacet
  facet normal 1 -0 0
    outer loop
      vertex 18.8 -1.78017 41.5545
      vertex 18.8 -0.392047 35.4093
      vertex 18.8 -1.58517 41.5965
    endloop
  endfacet
  facet normal 1 -0 0
    outer loop
      vertex 18.8 -1.97406 41.5077
      vertex 18.8 -0.392047 35.4093
      vertex 18.8 -1.78017 41.5545
    endloop
  endfacet
  facet normal 1 -0 0
    outer loop
      vertex 18.8 -2.16672 41.4561
      vertex 18.8 -0.392047 35.4093
      vertex 18.8 -1.97406 41.5077
    endloop
  endfacet
  facet normal 1 0 0
    outer loop
      vertex 18.8 -0.392047 35.4093
      vertex 18.8 -2.16672 41.4561
      vertex 18.8 -0.581433 35.3526
    endloop
  endfacet
  facet normal 1 -0 0
    outer loop
      vertex 18.8 -2.35804 41.3997
      vertex 18.8 -0.581433 35.3526
      vertex 18.8 -2.16672 41.4561
    endloop
  endfacet
  facet normal 1 -0 0
    outer loop
      vertex 18.8 -2.54789 41.3385
      vertex 18.8 -0.581433 35.3526
      vertex 18.8 -2.35804 41.3997
    endloop
  endfacet
  facet normal 1 -0 0
    outer loop
      vertex 18.8 -2.73616 41.2726
      vertex 18.8 -0.581433 35.3526
      vertex 18.8 -2.54789 41.3385
    endloop
  endfacet
  facet normal 1 -0 0
    outer loop
      vertex 18.8 -2.92273 41.2021
      vertex 18.8 -0.581433 35.3526
      vertex 18.8 -2.73616 41.2726
    endloop
  endfacet
  facet normal 1 -0 0
    outer loop
      vertex 18.8 -3.10748 41.1269
      vertex 18.8 -0.581433 35.3526
      vertex 18.8 -2.92273 41.2021
    endloop
  endfacet
  facet normal 1 0 0
    outer loop
      vertex 18.8 -0.581433 35.3526
      vertex 18.8 -3.10748 41.1269
      vertex 18.8 -0.762959 35.2743
    endloop
  endfacet
  facet normal 1 -0 0
    outer loop
      vertex 18.8 -3.2903 41.0471
      vertex 18.8 -0.762959 35.2743
      vertex 18.8 -3.10748 41.1269
    endloop
  endfacet
  facet normal 1 -0 0
    outer loop
      vertex 18.8 -3.64968 40.8741
      vertex 18.8 -0.762959 35.2743
      vertex 18.8 -3.47107 40.9628
    endloop
  endfacet
  facet normal 1 -0 0
    outer loop
      vertex 18.8 -3.47107 40.9628
      vertex 18.8 -0.762959 35.2743
      vertex 18.8 -3.2903 41.0471
    endloop
  endfacet
  facet normal 1 -0 0
    outer loop
      vertex 18.8 1.69712 33.8539
      vertex 18.8 8 33.7551
      vertex 18.8 7.99751 33.9545
    endloop
  endfacet
  facet normal 1 0 0
    outer loop
      vertex 18.8 1.69712 33.8539
      vertex 18.8 7.99751 33.9545
      vertex 18.8 7.99006 34.1539
    endloop
  endfacet
  facet normal 1 0 0
    outer loop
      vertex 18.8 1.69712 33.8539
      vertex 18.8 7.99006 34.1539
      vertex 18.8 7.97763 34.3529
    endloop
  endfacet
  facet normal 1 0 0
    outer loop
      vertex 18.8 1.69712 33.8539
      vertex 18.8 7.97763 34.3529
      vertex 18.8 7.96025 34.5516
    endloop
  endfacet
  facet normal 1 0 0
    outer loop
      vertex 18.8 1.69712 33.8539
      vertex 18.8 7.96025 34.5516
      vertex 18.8 7.93791 34.7498
    endloop
  endfacet
  facet normal 1 0 0
    outer loop
      vertex 18.8 1.67417 34.0503
      vertex 18.8 7.93791 34.7498
      vertex 18.8 7.91065 34.9474
    endloop
  endfacet
  facet normal 1 0 0
    outer loop
      vertex 18.8 1.67417 34.0503
      vertex 18.8 7.91065 34.9474
      vertex 18.8 7.87846 35.1443
    endloop
  endfacet
  facet normal 1 0 0
    outer loop
      vertex 18.8 1.67417 34.0503
      vertex 18.8 7.87846 35.1443
      vertex 18.8 7.84138 35.3403
    endloop
  endfacet
  facet normal 1 0 0
    outer loop
      vertex 18.8 1.67417 34.0503
      vertex 18.8 7.84138 35.3403
      vertex 18.8 7.79942 35.5353
    endloop
  endfacet
  facet normal 1 0 0
    outer loop
      vertex 18.8 1.67417 34.0503
      vertex 18.8 7.79942 35.5353
      vertex 18.8 7.75262 35.7292
    endloop
  endfacet
  facet normal 1 0 0
    outer loop
      vertex 18.8 1.67417 34.0503
      vertex 18.8 7.75262 35.7292
      vertex 18.8 7.70099 35.9218
    endloop
  endfacet
  facet normal 1 0 0
    outer loop
      vertex 18.8 1.67417 34.0503
      vertex 18.8 7.70099 35.9218
      vertex 18.8 7.64458 36.1131
    endloop
  endfacet
  facet normal 1 0 0
    outer loop
      vertex 18.8 1.67417 34.0503
      vertex 18.8 7.64458 36.1131
      vertex 18.8 7.58342 36.303
    endloop
  endfacet
  facet normal 1 0 0
    outer loop
      vertex 18.8 1.67417 34.0503
      vertex 18.8 7.58342 36.303
      vertex 18.8 7.51754 36.4913
    endloop
  endfacet
  facet normal 1 0 0
    outer loop
      vertex 18.8 1.67417 34.0503
      vertex 18.8 7.51754 36.4913
      vertex 18.8 7.44699 36.6778
    endloop
  endfacet
  facet normal 1 0 0
    outer loop
      vertex 18.8 1.67417 34.0503
      vertex 18.8 7.44699 36.6778
      vertex 18.8 7.37181 36.8626
    endloop
  endfacet
  facet normal 1 0 0
    outer loop
      vertex 18.8 1.67417 34.0503
      vertex 18.8 7.37181 36.8626
      vertex 18.8 7.29205 37.0454
    endloop
  endfacet
  facet normal 1 0 0
    outer loop
      vertex 18.8 1.67417 34.0503
      vertex 18.8 7.29205 37.0454
      vertex 18.8 7.20775 37.2262
    endloop
  endfacet
  facet normal 1 0 0
    outer loop
      vertex 18.8 1.67417 34.0503
      vertex 18.8 7.20775 37.2262
      vertex 18.8 7.11897 37.4048
    endloop
  endfacet
  facet normal 1 0 0
    outer loop
      vertex 18.8 1.67417 34.0503
      vertex 18.8 7.11897 37.4048
      vertex 18.8 7.02577 37.5811
    endloop
  endfacet
  facet normal 1 0 0
    outer loop
      vertex 18.8 1.67417 34.0503
      vertex 18.8 7.02577 37.5811
      vertex 18.8 6.9282 37.7551
    endloop
  endfacet
  facet normal 1 0 0
    outer loop
      vertex 18.8 1.67417 34.0503
      vertex 18.8 6.9282 37.7551
      vertex 18.8 6.82633 37.9266
    endloop
  endfacet
  facet normal 1 0 0
    outer loop
      vertex 18.8 1.67417 34.0503
      vertex 18.8 6.82633 37.9266
      vertex 18.8 6.72021 38.0955
    endloop
  endfacet
  facet normal 1 0 0
    outer loop
      vertex 18.8 1.67417 34.0503
      vertex 18.8 6.72021 38.0955
      vertex 18.8 6.60991 38.2617
    endloop
  endfacet
  facet normal 1 0 0
    outer loop
      vertex 18.8 1.67417 34.0503
      vertex 18.8 6.60991 38.2617
      vertex 18.8 6.4955 38.425
    endloop
  endfacet
  facet normal 1 0 0
    outer loop
      vertex 18.8 1.67417 34.0503
      vertex 18.8 6.4955 38.425
      vertex 18.8 6.37706 38.5855
    endloop
  endfacet
  facet normal 1 0 0
    outer loop
      vertex 18.8 1.67417 34.0503
      vertex 18.8 6.37706 38.5855
      vertex 18.8 6.25465 38.743
    endloop
  endfacet
  facet normal 1 0 0
    outer loop
      vertex 18.8 1.67417 34.0503
      vertex 18.8 6.25465 38.743
      vertex 18.8 6.12836 38.8974
    endloop
  endfacet
  facet normal 1 0 0
    outer loop
      vertex 18.8 1.67417 34.0503
      vertex 18.8 6.12836 38.8974
      vertex 18.8 5.99825 39.0486
    endloop
  endfacet
  facet normal 1 0 0
    outer loop
      vertex 18.8 1.67417 34.0503
      vertex 18.8 5.99825 39.0486
      vertex 18.8 5.86441 39.1965
    endloop
  endfacet
  facet normal 1 0 0
    outer loop
      vertex 18.8 1.67417 34.0503
      vertex 18.8 5.86441 39.1965
      vertex 18.8 5.72693 39.341
    endloop
  endfacet
  facet normal 1 0 0
    outer loop
      vertex 18.8 1.67417 34.0503
      vertex 18.8 5.72693 39.341
      vertex 18.8 5.58589 39.482
    endloop
  endfacet
  facet normal 1 0 0
    outer loop
      vertex 18.8 1.67417 34.0503
      vertex 18.8 5.58589 39.482
      vertex 18.8 5.44138 39.6195
    endloop
  endfacet
  facet normal 1 0 0
    outer loop
      vertex 18.8 1.67417 34.0503
      vertex 18.8 5.44138 39.6195
      vertex 18.8 5.29349 39.7533
    endloop
  endfacet
  facet normal 1 0 0
    outer loop
      vertex 18.8 1.67417 34.0503
      vertex 18.8 5.29349 39.7533
      vertex 18.8 5.1423 39.8834
    endloop
  endfacet
  facet normal 1 0 0
    outer loop
      vertex 18.8 1.67417 34.0503
      vertex 18.8 5.1423 39.8834
      vertex 18.8 4.98792 40.0097
    endloop
  endfacet
  facet normal 1 0 0
    outer loop
      vertex 18.8 1.67417 34.0503
      vertex 18.8 4.98792 40.0097
      vertex 18.8 4.83043 40.1322
    endloop
  endfacet
  facet normal 1 0 0
    outer loop
      vertex 18.8 1.67417 34.0503
      vertex 18.8 4.83043 40.1322
      vertex 18.8 4.66995 40.2506
    endloop
  endfacet
  facet normal 1 0 0
    outer loop
      vertex 18.8 1.67417 34.0503
      vertex 18.8 4.66995 40.2506
      vertex 18.8 4.50656 40.365
    endloop
  endfacet
  facet normal 1 0 0
    outer loop
      vertex 18.8 1.67417 34.0503
      vertex 18.8 4.50656 40.365
      vertex 18.8 4.34037 40.4753
    endloop
  endfacet
  facet normal 1 0 0
    outer loop
      vertex 18.8 1.67417 34.0503
      vertex 18.8 4.34037 40.4753
      vertex 18.8 4.17148 40.5814
    endloop
  endfacet
  facet normal 1 0 0
    outer loop
      vertex 18.8 1.67417 34.0503
      vertex 18.8 4.17148 40.5814
      vertex 18.8 4 40.6833
    endloop
  endfacet
  facet normal 1 0 0
    outer loop
      vertex 18.8 1.67417 34.0503
      vertex 18.8 4 40.6833
      vertex 18.8 3.82603 40.7809
    endloop
  endfacet
  facet normal 1 0 0
    outer loop
      vertex 18.8 1.67417 34.0503
      vertex 18.8 3.82603 40.7809
      vertex 18.8 3.64968 40.8741
    endloop
  endfacet
  facet normal 1 0 0
    outer loop
      vertex 18.8 1.67417 34.0503
      vertex 18.8 3.64968 40.8741
      vertex 18.8 3.47107 40.9628
    endloop
  endfacet
  facet normal 1 0 0
    outer loop
      vertex 18.8 1.67417 34.0503
      vertex 18.8 3.47107 40.9628
      vertex 18.8 3.2903 41.0471
    endloop
  endfacet
  facet normal 1 0 0
    outer loop
      vertex 18.8 1.67417 34.0503
      vertex 18.8 3.2903 41.0471
      vertex 18.8 3.10748 41.1269
    endloop
  endfacet
  facet normal 1 0 0
    outer loop
      vertex 18.8 1.67417 34.0503
      vertex 18.8 3.10748 41.1269
      vertex 18.8 2.92273 41.2021
    endloop
  endfacet
  facet normal 1 0 0
    outer loop
      vertex 18.8 1.67417 34.0503
      vertex 18.8 2.92273 41.2021
      vertex 18.8 2.73616 41.2726
    endloop
  endfacet
  facet normal 1 0 0
    outer loop
      vertex 18.8 1.67417 34.0503
      vertex 18.8 2.73616 41.2726
      vertex 18.8 2.54789 41.3385
    endloop
  endfacet
  facet normal 1 0 0
    outer loop
      vertex 18.8 1.67417 34.0503
      vertex 18.8 2.54789 41.3385
      vertex 18.8 2.35804 41.3997
    endloop
  endfacet
  facet normal 1 0 0
    outer loop
      vertex 18.8 1.67417 34.0503
      vertex 18.8 2.35804 41.3997
      vertex 18.8 2.16672 41.4561
    endloop
  endfacet
  facet normal 1 0 0
    outer loop
      vertex 18.8 1.67417 34.0503
      vertex 18.8 2.16672 41.4561
      vertex 18.8 1.97406 41.5077
    endloop
  endfacet
  facet normal 1 0 0
    outer loop
      vertex 18.8 0.392047 35.4093
      vertex 18.8 1.97406 41.5077
      vertex 18.8 1.78017 41.5545
    endloop
  endfacet
  facet normal 1 0 0
    outer loop
      vertex 18.8 8 33.7551
      vertex 18.8 1.69712 33.8539
      vertex 18.8 1.69712 33.6562
    endloop
  endfacet
  facet normal 1 0 0
    outer loop
      vertex 18.8 8 33.7551
      vertex 18.8 1.69712 33.6562
      vertex 18.8 1.67417 33.4599
    endloop
  endfacet
  facet normal 1 0 0
    outer loop
      vertex 18.8 8 33.7551
      vertex 18.8 1.67417 33.4599
      vertex 18.8 1.62858 33.2675
    endloop
  endfacet
  facet normal 1 0 0
    outer loop
      vertex 18.8 8 33.7551
      vertex 18.8 1.62858 33.2675
      vertex 18.8 1.56097 33.0818
    endloop
  endfacet
  facet normal 1 0 0
    outer loop
      vertex 18.8 8 33.7551
      vertex 18.8 1.56097 33.0818
      vertex 18.8 1.47224 32.9051
    endloop
  endfacet
  facet normal 1 0 0
    outer loop
      vertex 18.8 8 33.7551
      vertex 18.8 1.47224 32.9051
      vertex 18.8 1.36361 32.7399
    endloop
  endfacet
  facet normal 1 0 0
    outer loop
      vertex 18.8 8 33.7551
      vertex 18.8 1.36361 32.7399
      vertex 18.8 1.23654 32.5885
    endloop
  endfacet
  facet normal 1 0 0
    outer loop
      vertex 18.8 8 33.7551
      vertex 18.8 1.23654 32.5885
      vertex 18.8 1.09274 32.4528
    endloop
  endfacet
  facet normal 1 0 0
    outer loop
      vertex 18.8 8 33.7551
      vertex 18.8 1.09274 32.4528
      vertex 18.8 0.934165 32.3348
    endloop
  endfacet
  facet normal 1 0 0
    outer loop
      vertex 18.8 8 33.7551
      vertex 18.8 0.934165 32.3348
      vertex 18.8 0.762959 32.2359
    endloop
  endfacet
  facet normal 1 0 0
    outer loop
      vertex 18.8 8 33.7551
      vertex 18.8 0.762959 32.2359
      vertex 18.8 8 0
    endloop
  endfacet
  facet normal 1 -0 0
    outer loop
      vertex 18.8 0.581433 32.1576
      vertex 18.8 8 0
      vertex 18.8 0.762959 32.2359
    endloop
  endfacet
  facet normal 1 -0 0
    outer loop
      vertex 18.8 0.392047 32.1009
      vertex 18.8 8 0
      vertex 18.8 0.581433 32.1576
    endloop
  endfacet
  facet normal 1 -0 0
    outer loop
      vertex 18.8 0.197357 32.0666
      vertex 18.8 8 0
      vertex 18.8 0.392047 32.1009
    endloop
  endfacet
  facet normal 1 -0 0
    outer loop
      vertex 18.8 0 32.0551
      vertex 18.8 8 0
      vertex 18.8 0.197357 32.0666
    endloop
  endfacet
  facet normal 1 0 0
    outer loop
      vertex 18.8 -8 0
      vertex 18.8 0 32.0551
      vertex 18.8 -0.197357 32.0666
    endloop
  endfacet
  facet normal 1 0 0
    outer loop
      vertex 18.8 -8 0
      vertex 18.8 -0.197357 32.0666
      vertex 18.8 -0.392047 32.1009
    endloop
  endfacet
  facet normal 1 0 0
    outer loop
      vertex 18.8 -8 0
      vertex 18.8 -0.392047 32.1009
      vertex 18.8 -0.581433 32.1576
    endloop
  endfacet
  facet normal 1 0 0
    outer loop
      vertex 18.8 -8 0
      vertex 18.8 -0.581433 32.1576
      vertex 18.8 -0.762959 32.2359
    endloop
  endfacet
  facet normal 1 0 0
    outer loop
      vertex 18.8 -8 33.7551
      vertex 18.8 -0.762959 32.2359
      vertex 18.8 -0.934165 32.3348
    endloop
  endfacet
  facet normal 1 0 0
    outer loop
      vertex 18.8 -8 33.7551
      vertex 18.8 -0.934165 32.3348
      vertex 18.8 -1.09274 32.4528
    endloop
  endfacet
  facet normal 1 0 0
    outer loop
      vertex 18.8 -8 33.7551
      vertex 18.8 -1.09274 32.4528
      vertex 18.8 -1.23654 32.5885
    endloop
  endfacet
  facet normal 1 0 0
    outer loop
      vertex 18.8 -8 33.7551
      vertex 18.8 -1.23654 32.5885
      vertex 18.8 -1.36361 32.7399
    endloop
  endfacet
  facet normal 1 0 0
    outer loop
      vertex 18.8 -8 33.7551
      vertex 18.8 -1.36361 32.7399
      vertex 18.8 -1.47224 32.9051
    endloop
  endfacet
  facet normal 1 0 0
    outer loop
      vertex 18.8 -8 33.7551
      vertex 18.8 -1.47224 32.9051
      vertex 18.8 -1.56097 33.0818
    endloop
  endfacet
  facet normal 1 0 0
    outer loop
      vertex 18.8 -8 33.7551
      vertex 18.8 -1.56097 33.0818
      vertex 18.8 -1.62858 33.2675
    endloop
  endfacet
  facet normal 1 -0 0
    outer loop
      vertex 18.8 -3.82603 40.7809
      vertex 18.8 -0.762959 35.2743
      vertex 18.8 -3.64968 40.8741
    endloop
  endfacet
  facet normal 1 -0 0
    outer loop
      vertex 18.8 -4 40.6833
      vertex 18.8 -0.762959 35.2743
      vertex 18.8 -3.82603 40.7809
    endloop
  endfacet
  facet normal 1 0 0
    outer loop
      vertex 18.8 -0.762959 35.2743
      vertex 18.8 -4 40.6833
      vertex 18.8 -0.934165 35.1754
    endloop
  endfacet
  facet normal 1 -0 0
    outer loop
      vertex 18.8 -4.17148 40.5814
      vertex 18.8 -0.934165 35.1754
      vertex 18.8 -4 40.6833
    endloop
  endfacet
  facet normal 1 -0 0
    outer loop
      vertex 18.8 -4.34037 40.4753
      vertex 18.8 -0.934165 35.1754
      vertex 18.8 -4.17148 40.5814
    endloop
  endfacet
  facet normal 1 -0 0
    outer loop
      vertex 18.8 -4.50656 40.365
      vertex 18.8 -0.934165 35.1754
      vertex 18.8 -4.34037 40.4753
    endloop
  endfacet
  facet normal 1 -0 0
    outer loop
      vertex 18.8 -4.66995 40.2506
      vertex 18.8 -0.934165 35.1754
      vertex 18.8 -4.50656 40.365
    endloop
  endfacet
  facet normal 1 0 0
    outer loop
      vertex 18.8 -0.934165 35.1754
      vertex 18.8 -4.66995 40.2506
      vertex 18.8 -1.09274 35.0574
    endloop
  endfacet
  facet normal 1 -0 0
    outer loop
      vertex 18.8 -4.83043 40.1322
      vertex 18.8 -1.09274 35.0574
      vertex 18.8 -4.66995 40.2506
    endloop
  endfacet
  facet normal 1 -0 0
    outer loop
      vertex 18.8 -4.98792 40.0097
      vertex 18.8 -1.09274 35.0574
      vertex 18.8 -4.83043 40.1322
    endloop
  endfacet
  facet normal 1 -0 0
    outer loop
      vertex 18.8 -5.1423 39.8834
      vertex 18.8 -1.09274 35.0574
      vertex 18.8 -4.98792 40.0097
    endloop
  endfacet
  facet normal 1 -0 0
    outer loop
      vertex 18.8 -5.29349 39.7533
      vertex 18.8 -1.09274 35.0574
      vertex 18.8 -5.1423 39.8834
    endloop
  endfacet
  facet normal 1 -0 0
    outer loop
      vertex 18.8 -5.44138 39.6195
      vertex 18.8 -1.09274 35.0574
      vertex 18.8 -5.29349 39.7533
    endloop
  endfacet
  facet normal 1 0 0
    outer loop
      vertex 18.8 -1.09274 35.0574
      vertex 18.8 -5.44138 39.6195
      vertex 18.8 -1.23654 34.9217
    endloop
  endfacet
  facet normal 1 -0 0
    outer loop
      vertex 18.8 -5.58589 39.482
      vertex 18.8 -1.23654 34.9217
      vertex 18.8 -5.44138 39.6195
    endloop
  endfacet
  facet normal 1 -0 0
    outer loop
      vertex 18.8 -5.72693 39.341
      vertex 18.8 -1.23654 34.9217
      vertex 18.8 -5.58589 39.482
    endloop
  endfacet
  facet normal 1 -0 0
    outer loop
      vertex 18.8 -5.86441 39.1965
      vertex 18.8 -1.23654 34.9217
      vertex 18.8 -5.72693 39.341
    endloop
  endfacet
  facet normal 1 -0 0
    outer loop
      vertex 18.8 -5.99825 39.0486
      vertex 18.8 -1.23654 34.9217
      vertex 18.8 -5.86441 39.1965
    endloop
  endfacet
  facet normal 1 -0 0
    outer loop
      vertex 18.8 -6.12836 38.8974
      vertex 18.8 -1.23654 34.9217
      vertex 18.8 -5.99825 39.0486
    endloop
  endfacet
  facet normal 1 0 0
    outer loop
      vertex 18.8 -1.23654 34.9217
      vertex 18.8 -6.12836 38.8974
      vertex 18.8 -1.36361 34.7703
    endloop
  endfacet
  facet normal 1 -0 0
    outer loop
      vertex 18.8 -6.25465 38.743
      vertex 18.8 -1.36361 34.7703
      vertex 18.8 -6.12836 38.8974
    endloop
  endfacet
  facet normal 1 -0 0
    outer loop
      vertex 18.8 -6.37706 38.5855
      vertex 18.8 -1.36361 34.7703
      vertex 18.8 -6.25465 38.743
    endloop
  endfacet
  facet normal 1 -0 0
    outer loop
      vertex 18.8 -6.4955 38.425
      vertex 18.8 -1.36361 34.7703
      vertex 18.8 -6.37706 38.5855
    endloop
  endfacet
  facet normal 1 -0 0
    outer loop
      vertex 18.8 -6.60991 38.2617
      vertex 18.8 -1.36361 34.7703
      vertex 18.8 -6.4955 38.425
    endloop
  endfacet
  facet normal 1 0 0
    outer loop
      vertex 18.8 -1.36361 34.7703
      vertex 18.8 -6.60991 38.2617
      vertex 18.8 -1.47224 34.6051
    endloop
  endfacet
  facet normal 1 -0 0
    outer loop
      vertex 18.8 -6.72021 38.0955
      vertex 18.8 -1.47224 34.6051
      vertex 18.8 -6.60991 38.2617
    endloop
  endfacet
  facet normal 1 -0 0
    outer loop
      vertex 18.8 -6.82633 37.9266
      vertex 18.8 -1.47224 34.6051
      vertex 18.8 -6.72021 38.0955
    endloop
  endfacet
  facet normal 1 -0 0
    outer loop
      vertex 18.8 -6.9282 37.7551
      vertex 18.8 -1.47224 34.6051
      vertex 18.8 -6.82633 37.9266
    endloop
  endfacet
  facet normal 1 -0 0
    outer loop
      vertex 18.8 -7.02577 37.5811
      vertex 18.8 -1.47224 34.6051
      vertex 18.8 -6.9282 37.7551
    endloop
  endfacet
  facet normal 1 -0 0
    outer loop
      vertex 18.8 -7.11897 37.4048
      vertex 18.8 -1.47224 34.6051
      vertex 18.8 -7.02577 37.5811
    endloop
  endfacet
  facet normal 1 0 0
    outer loop
      vertex 18.8 -1.47224 34.6051
      vertex 18.8 -7.11897 37.4048
      vertex 18.8 -1.56097 34.4284
    endloop
  endfacet
  facet normal 1 -0 0
    outer loop
      vertex 18.8 -7.20775 37.2262
      vertex 18.8 -1.56097 34.4284
      vertex 18.8 -7.11897 37.4048
    endloop
  endfacet
  facet normal 1 -0 0
    outer loop
      vertex 18.8 -7.29205 37.0454
      vertex 18.8 -1.56097 34.4284
      vertex 18.8 -7.20775 37.2262
    endloop
  endfacet
  facet normal 1 -0 0
    outer loop
      vertex 18.8 -7.37181 36.8626
      vertex 18.8 -1.56097 34.4284
      vertex 18.8 -7.29205 37.0454
    endloop
  endfacet
  facet normal 1 -0 0
    outer loop
      vertex 18.8 -7.44699 36.6778
      vertex 18.8 -1.56097 34.4284
      vertex 18.8 -7.37181 36.8626
    endloop
  endfacet
  facet normal 1 -0 0
    outer loop
      vertex 18.8 -7.51754 36.4913
      vertex 18.8 -1.56097 34.4284
      vertex 18.8 -7.44699 36.6778
    endloop
  endfacet
  facet normal 1 0 0
    outer loop
      vertex 18.8 -1.56097 34.4284
      vertex 18.8 -7.51754 36.4913
      vertex 18.8 -1.62858 34.2427
    endloop
  endfacet
  facet normal 1 -0 0
    outer loop
      vertex 18.8 -7.58342 36.303
      vertex 18.8 -1.62858 34.2427
      vertex 18.8 -7.51754 36.4913
    endloop
  endfacet
  facet normal 1 -0 0
    outer loop
      vertex 18.8 -7.64458 36.1131
      vertex 18.8 -1.62858 34.2427
      vertex 18.8 -7.58342 36.303
    endloop
  endfacet
  facet normal 1 -0 0
    outer loop
      vertex 18.8 -7.70099 35.9218
      vertex 18.8 -1.62858 34.2427
      vertex 18.8 -7.64458 36.1131
    endloop
  endfacet
  facet normal 1 -0 0
    outer loop
      vertex 18.8 -7.75262 35.7292
      vertex 18.8 -1.62858 34.2427
      vertex 18.8 -7.70099 35.9218
    endloop
  endfacet
  facet normal 1 0 0
    outer loop
      vertex 18.8 -1.62858 34.2427
      vertex 18.8 -7.75262 35.7292
      vertex 18.8 -1.67417 34.0503
    endloop
  endfacet
  facet normal 1 -0 0
    outer loop
      vertex 18.8 -7.79942 35.5353
      vertex 18.8 -1.67417 34.0503
      vertex 18.8 -7.75262 35.7292
    endloop
  endfacet
  facet normal 1 -0 0
    outer loop
      vertex 18.8 -7.84138 35.3403
      vertex 18.8 -1.67417 34.0503
      vertex 18.8 -7.79942 35.5353
    endloop
  endfacet
  facet normal 1 -0 0
    outer loop
      vertex 18.8 -7.87846 35.1443
      vertex 18.8 -1.67417 34.0503
      vertex 18.8 -7.84138 35.3403
    endloop
  endfacet
  facet normal 1 -0 0
    outer loop
      vertex 18.8 -7.91065 34.9474
      vertex 18.8 -1.67417 34.0503
      vertex 18.8 -7.87846 35.1443
    endloop
  endfacet
  facet normal 1 -0 0
    outer loop
      vertex 18.8 -7.93791 34.7498
      vertex 18.8 -1.67417 34.0503
      vertex 18.8 -7.91065 34.9474
    endloop
  endfacet
  facet normal 1 0 0
    outer loop
      vertex 18.8 -1.67417 34.0503
      vertex 18.8 -7.93791 34.7498
      vertex 18.8 -1.69712 33.8539
    endloop
  endfacet
  facet normal 1 -0 0
    outer loop
      vertex 18.8 -7.96025 34.5516
      vertex 18.8 -1.69712 33.8539
      vertex 18.8 -7.93791 34.7498
    endloop
  endfacet
  facet normal 1 -0 0
    outer loop
      vertex 18.8 -7.97763 34.3529
      vertex 18.8 -1.69712 33.8539
      vertex 18.8 -7.96025 34.5516
    endloop
  endfacet
  facet normal 1 -0 0
    outer loop
      vertex 18.8 -7.99006 34.1539
      vertex 18.8 -1.69712 33.8539
      vertex 18.8 -7.97763 34.3529
    endloop
  endfacet
  facet normal 1 -0 0
    outer loop
      vertex 18.8 -7.99751 33.9545
      vertex 18.8 -1.69712 33.8539
      vertex 18.8 -7.99006 34.1539
    endloop
  endfacet
  facet normal 1 0 0
    outer loop
      vertex 18.8 -8 33.7551
      vertex 18.8 -1.69712 33.8539
      vertex 18.8 -7.99751 33.9545
    endloop
  endfacet
  facet normal 1 0 0
    outer loop
      vertex 18.8 -1.69712 33.8539
      vertex 18.8 -8 33.7551
      vertex 18.8 -1.69712 33.6562
    endloop
  endfacet
  facet normal 1 0 0
    outer loop
      vertex 18.8 -1.69712 33.6562
      vertex 18.8 -8 33.7551
      vertex 18.8 -1.67417 33.4599
    endloop
  endfacet
  facet normal 1 0 0
    outer loop
      vertex 18.8 -1.67417 33.4599
      vertex 18.8 -8 33.7551
      vertex 18.8 -1.62858 33.2675
    endloop
  endfacet
  facet normal 1 0 0
    outer loop
      vertex 18.8 -0.762959 32.2359
      vertex 18.8 -8 33.7551
      vertex 18.8 -8 0
    endloop
  endfacet
  facet normal 1 0 0
    outer loop
      vertex 18.8 0 32.0551
      vertex 18.8 -8 0
      vertex 18.8 8 0
    endloop
  endfacet
  facet normal 0 0 1
    outer loop
      vertex 15.8 8 6
      vertex 2 0 6
      vertex 15.8 -8 6
    endloop
  endfacet
  facet normal 0 0 1
    outer loop
      vertex 15.8 8 6
      vertex 1.99006 0.199135 6
      vertex 2 0 6
    endloop
  endfacet
  facet normal 0 0 1
    outer loop
      vertex 15.8 8 6
      vertex 1.96034 0.396292 6
      vertex 1.99006 0.199135 6
    endloop
  endfacet
  facet normal 0 0 1
    outer loop
      vertex 15.8 8 6
      vertex 1.91115 0.58951 6
      vertex 1.96034 0.396292 6
    endloop
  endfacet
  facet normal 0 0 1
    outer loop
      vertex 15.8 8 6
      vertex 1.84295 0.776869 6
      vertex 1.91115 0.58951 6
    endloop
  endfacet
  facet normal 0 0 1
    outer loop
      vertex 15.8 8 6
      vertex 1.75644 0.956508 6
      vertex 1.84295 0.776869 6
    endloop
  endfacet
  facet normal 0 0 1
    outer loop
      vertex 15.8 8 6
      vertex 1.65248 1.12664 6
      vertex 1.75644 0.956508 6
    endloop
  endfacet
  facet normal 0 0 1
    outer loop
      vertex 15.8 8 6
      vertex 1.53209 1.28557 6
      vertex 1.65248 1.12664 6
    endloop
  endfacet
  facet normal 0 0 1
    outer loop
      vertex 15.8 8 6
      vertex 1.39647 1.43173 6
      vertex 1.53209 1.28557 6
    endloop
  endfacet
  facet normal 0 0 1
    outer loop
      vertex 15.8 8 6
      vertex 1.24698 1.56366 6
      vertex 1.39647 1.43173 6
    endloop
  endfacet
  facet normal 0 0 1
    outer loop
      vertex 15.8 8 6
      vertex 1.08509 1.68005 6
      vertex 1.24698 1.56366 6
    endloop
  endfacet
  facet normal 0 0 1
    outer loop
      vertex 15.8 8 6
      vertex 0.912421 1.77974 6
      vertex 1.08509 1.68005 6
    endloop
  endfacet
  facet normal 0 0 1
    outer loop
      vertex 15.8 8 6
      vertex 0.730681 1.86175 6
      vertex 0.912421 1.77974 6
    endloop
  endfacet
  facet normal 0 0 1
    outer loop
      vertex 15.8 8 6
      vertex 0.54168 1.92525 6
      vertex 0.730681 1.86175 6
    endloop
  endfacet
  facet normal 0 0 1
    outer loop
      vertex 15.8 8 6
      vertex 0.347296 1.96961 6
      vertex 0.54168 1.92525 6
    endloop
  endfacet
  facet normal 0 0 1
    outer loop
      vertex 15.8 8 6
      vertex 0.14946 1.99441 6
      vertex 0.347296 1.96961 6
    endloop
  endfacet
  facet normal 0 0 1
    outer loop
      vertex 15.8 8 6
      vertex -0.049861 1.99938 6
      vertex 0.14946 1.99441 6
    endloop
  endfacet
  facet normal -0 0 1
    outer loop
      vertex -15.8 8 6
      vertex -0.049861 1.99938 6
      vertex 15.8 8 6
    endloop
  endfacet
  facet normal 0 0 1
    outer loop
      vertex -0.049861 1.99938 6
      vertex -15.8 8 6
      vertex -0.248687 1.98448 6
    endloop
  endfacet
  facet normal 0 0 1
    outer loop
      vertex -0.248687 1.98448 6
      vertex -15.8 8 6
      vertex -0.445042 1.94986 6
    endloop
  endfacet
  facet normal 0 0 1
    outer loop
      vertex -1.99751 0.0996914 6
      vertex -15.8 8 6
      vertex -1.99751 -0.0996914 6
    endloop
  endfacet
  facet normal 0 0 1
    outer loop
      vertex -1.97766 0.298084 6
      vertex -15.8 8 6
      vertex -1.99751 0.0996914 6
    endloop
  endfacet
  facet normal 0 0 1
    outer loop
      vertex -1.93815 0.493514 6
      vertex -15.8 8 6
      vertex -1.97766 0.298084 6
    endloop
  endfacet
  facet normal 0 0 1
    outer loop
      vertex -1.87938 0.68404 6
      vertex -15.8 8 6
      vertex -1.93815 0.493514 6
    endloop
  endfacet
  facet normal 0 0 1
    outer loop
      vertex -1.80194 0.867767 6
      vertex -15.8 8 6
      vertex -1.87938 0.68404 6
    endloop
  endfacet
  facet normal 0 0 1
    outer loop
      vertex -1.70658 1.04287 6
      vertex -15.8 8 6
      vertex -1.80194 0.867767 6
    endloop
  endfacet
  facet normal 0 0 1
    outer loop
      vertex -1.59426 1.20761 6
      vertex -15.8 8 6
      vertex -1.70658 1.04287 6
    endloop
  endfacet
  facet normal 0 0 1
    outer loop
      vertex -1.4661 1.36034 6
      vertex -15.8 8 6
      vertex -1.59426 1.20761 6
    endloop
  endfacet
  facet normal 0 0 1
    outer loop
      vertex -1.32337 1.49956 6
      vertex -15.8 8 6
      vertex -1.4661 1.36034 6
    endloop
  endfacet
  facet normal 0 0 1
    outer loop
      vertex -1.16749 1.62388 6
      vertex -15.8 8 6
      vertex -1.32337 1.49956 6
    endloop
  endfacet
  facet normal 0 0 1
    outer loop
      vertex -1 1.73205 6
      vertex -15.8 8 6
      vertex -1.16749 1.62388 6
    endloop
  endfacet
  facet normal 0 0 1
    outer loop
      vertex -0.822574 1.82301 6
      vertex -15.8 8 6
      vertex -1 1.73205 6
    endloop
  endfacet
  facet normal 0 0 1
    outer loop
      vertex -0.636972 1.89585 6
      vertex -15.8 8 6
      vertex -0.822574 1.82301 6
    endloop
  endfacet
  facet normal 0 0 1
    outer loop
      vertex -0.445042 1.94986 6
      vertex -15.8 8 6
      vertex -0.636972 1.89585 6
    endloop
  endfacet
  facet normal -0 0 1
    outer loop
      vertex 1.99006 -0.199135 6
      vertex 15.8 -8 6
      vertex 2 0 6
    endloop
  endfacet
  facet normal -0 0 1
    outer loop
      vertex 1.96034 -0.396292 6
      vertex 15.8 -8 6
      vertex 1.99006 -0.199135 6
    endloop
  endfacet
  facet normal -0 0 1
    outer loop
      vertex 1.91115 -0.58951 6
      vertex 15.8 -8 6
      vertex 1.96034 -0.396292 6
    endloop
  endfacet
  facet normal -0 0 1
    outer loop
      vertex 1.84295 -0.776869 6
      vertex 15.8 -8 6
      vertex 1.91115 -0.58951 6
    endloop
  endfacet
  facet normal -0 0 1
    outer loop
      vertex 1.75644 -0.956508 6
      vertex 15.8 -8 6
      vertex 1.84295 -0.776869 6
    endloop
  endfacet
  facet normal -0 0 1
    outer loop
      vertex 1.65248 -1.12664 6
      vertex 15.8 -8 6
      vertex 1.75644 -0.956508 6
    endloop
  endfacet
  facet normal -0 0 1
    outer loop
      vertex 1.53209 -1.28557 6
      vertex 15.8 -8 6
      vertex 1.65248 -1.12664 6
    endloop
  endfacet
  facet normal -0 0 1
    outer loop
      vertex 1.39647 -1.43173 6
      vertex 15.8 -8 6
      vertex 1.53209 -1.28557 6
    endloop
  endfacet
  facet normal -0 0 1
    outer loop
      vertex 1.24698 -1.56366 6
      vertex 15.8 -8 6
      vertex 1.39647 -1.43173 6
    endloop
  endfacet
  facet normal -0 0 1
    outer loop
      vertex 1.08509 -1.68005 6
      vertex 15.8 -8 6
      vertex 1.24698 -1.56366 6
    endloop
  endfacet
  facet normal -0 0 1
    outer loop
      vertex 0.912421 -1.77974 6
      vertex 15.8 -8 6
      vertex 1.08509 -1.68005 6
    endloop
  endfacet
  facet normal -0 0 1
    outer loop
      vertex 0.730681 -1.86175 6
      vertex 15.8 -8 6
      vertex 0.912421 -1.77974 6
    endloop
  endfacet
  facet normal -0 0 1
    outer loop
      vertex 0.54168 -1.92525 6
      vertex 15.8 -8 6
      vertex 0.730681 -1.86175 6
    endloop
  endfacet
  facet normal -0 0 1
    outer loop
      vertex 0.347296 -1.96961 6
      vertex 15.8 -8 6
      vertex 0.54168 -1.92525 6
    endloop
  endfacet
  facet normal -0 0 1
    outer loop
      vertex 0.14946 -1.99441 6
      vertex 15.8 -8 6
      vertex 0.347296 -1.96961 6
    endloop
  endfacet
  facet normal -0 0 1
    outer loop
      vertex -0.049861 -1.99938 6
      vertex 15.8 -8 6
      vertex 0.14946 -1.99441 6
    endloop
  endfacet
  facet normal 0 0 1
    outer loop
      vertex -15.8 -8 6
      vertex -0.049861 -1.99938 6
      vertex -0.248687 -1.98448 6
    endloop
  endfacet
  facet normal 0 0 1
    outer loop
      vertex -15.8 -8 6
      vertex -0.248687 -1.98448 6
      vertex -0.445042 -1.94986 6
    endloop
  endfacet
  facet normal 0 0 1
    outer loop
      vertex -15.8 -8 6
      vertex -0.445042 -1.94986 6
      vertex -0.636972 -1.89585 6
    endloop
  endfacet
  facet normal 0 0 1
    outer loop
      vertex -15.8 -8 6
      vertex -1.99751 -0.0996914 6
      vertex -15.8 8 6
    endloop
  endfacet
  facet normal 0 0 1
    outer loop
      vertex -1.99751 -0.0996914 6
      vertex -15.8 -8 6
      vertex -1.97766 -0.298084 6
    endloop
  endfacet
  facet normal 0 0 1
    outer loop
      vertex -1.97766 -0.298084 6
      vertex -15.8 -8 6
      vertex -1.93815 -0.493514 6
    endloop
  endfacet
  facet normal 0 0 1
    outer loop
      vertex -1.93815 -0.493514 6
      vertex -15.8 -8 6
      vertex -1.87938 -0.68404 6
    endloop
  endfacet
  facet normal 0 0 1
    outer loop
      vertex -1.87938 -0.68404 6
      vertex -15.8 -8 6
      vertex -1.80194 -0.867767 6
    endloop
  endfacet
  facet normal 0 0 1
    outer loop
      vertex -1.80194 -0.867767 6
      vertex -15.8 -8 6
      vertex -1.70658 -1.04287 6
    endloop
  endfacet
  facet normal 0 0 1
    outer loop
      vertex -1.70658 -1.04287 6
      vertex -15.8 -8 6
      vertex -1.59426 -1.20761 6
    endloop
  endfacet
  facet normal 0 0 1
    outer loop
      vertex -1.59426 -1.20761 6
      vertex -15.8 -8 6
      vertex -1.4661 -1.36034 6
    endloop
  endfacet
  facet normal 0 0 1
    outer loop
      vertex -1.4661 -1.36034 6
      vertex -15.8 -8 6
      vertex -1.32337 -1.49956 6
    endloop
  endfacet
  facet normal 0 0 1
    outer loop
      vertex -0.049861 -1.99938 6
      vertex -15.8 -8 6
      vertex 15.8 -8 6
    endloop
  endfacet
  facet normal 0 0 1
    outer loop
      vertex -0.822574 -1.82301 6
      vertex -15.8 -8 6
      vertex -0.636972 -1.89585 6
    endloop
  endfacet
  facet normal 0 0 1
    outer loop
      vertex -1 -1.73205 6
      vertex -15.8 -8 6
      vertex -0.822574 -1.82301 6
    endloop
  endfacet
  facet normal 0 0 1
    outer loop
      vertex -1.16749 -1.62388 6
      vertex -15.8 -8 6
      vertex -1 -1.73205 6
    endloop
  endfacet
  facet normal 0 0 1
    outer loop
      vertex -1.32337 -1.49956 6
      vertex -15.8 -8 6
      vertex -1.16749 -1.62388 6
    endloop
  endfacet
  facet normal 0 -0.59698 -0.802256
    outer loop
      vertex -18.8 0.934165 35.1754
      vertex -15.8 1.09274 35.0574
      vertex -15.8 0.934165 35.1754
    endloop
  endfacet
  facet normal -0 -0.59698 -0.802256
    outer loop
      vertex -15.8 1.09274 35.0574
      vertex -18.8 0.934165 35.1754
      vertex -18.8 1.09274 35.0574
    endloop
  endfacet
  facet normal 0 0.939659 0.342113
    outer loop
      vertex -15.8 -1.56097 33.0818
      vertex -18.8 -1.62858 33.2675
      vertex -15.8 -1.62858 33.2675
    endloop
  endfacet
  facet normal 0 0.939659 0.342113
    outer loop
      vertex -18.8 -1.62858 33.2675
      vertex -15.8 -1.56097 33.0818
      vertex -18.8 -1.56097 33.0818
    endloop
  endfacet
  facet normal 0 -0.973056 -0.23057
    outer loop
      vertex -18.8 1.67417 34.0503
      vertex -15.8 1.62858 34.2427
      vertex -18.8 1.62858 34.2427
    endloop
  endfacet
  facet normal 0 -0.973056 -0.23057
    outer loop
      vertex -15.8 1.62858 34.2427
      vertex -18.8 1.67417 34.0503
      vertex -15.8 1.67417 34.0503
    endloop
  endfacet
  facet normal 0 0.686326 -0.727294
    outer loop
      vertex -18.8 -1.23654 34.9217
      vertex -15.8 -1.09274 35.0574
      vertex -15.8 -1.23654 34.9217
    endloop
  endfacet
  facet normal 0 0.686326 -0.727294
    outer loop
      vertex -15.8 -1.09274 35.0574
      vertex -18.8 -1.23654 34.9217
      vertex -18.8 -1.09274 35.0574
    endloop
  endfacet
  facet normal 0 -0.0581714 0.998307
    outer loop
      vertex -18.8 0.197357 32.0666
      vertex -15.8 0 32.0551
      vertex -15.8 0.197357 32.0666
    endloop
  endfacet
  facet normal 0 -0.0581714 0.998307
    outer loop
      vertex -15.8 0 32.0551
      vertex -18.8 0.197357 32.0666
      vertex -18.8 0 32.0551
    endloop
  endfacet
  facet normal 0 0.59698 -0.802256
    outer loop
      vertex -18.8 -1.09274 35.0574
      vertex -15.8 -0.934165 35.1754
      vertex -15.8 -1.09274 35.0574
    endloop
  endfacet
  facet normal 0 0.59698 -0.802256
    outer loop
      vertex -15.8 -0.934165 35.1754
      vertex -18.8 -1.09274 35.0574
      vertex -18.8 -0.934165 35.1754
    endloop
  endfacet
  facet normal 0 1 -0
    outer loop
      vertex -15.8 -1.69712 33.6562
      vertex -18.8 -1.69712 33.8539
      vertex -15.8 -1.69712 33.8539
    endloop
  endfacet
  facet normal 0 1 0
    outer loop
      vertex -18.8 -1.69712 33.8539
      vertex -15.8 -1.69712 33.6562
      vertex -18.8 -1.69712 33.6562
    endloop
  endfacet
  facet normal 0 0.973056 -0.23057
    outer loop
      vertex -15.8 -1.67417 34.0503
      vertex -18.8 -1.62858 34.2427
      vertex -15.8 -1.62858 34.2427
    endloop
  endfacet
  facet normal 0 0.973056 -0.23057
    outer loop
      vertex -18.8 -1.62858 34.2427
      vertex -15.8 -1.67417 34.0503
      vertex -18.8 -1.67417 34.0503
    endloop
  endfacet
  facet normal -0 0.0581714 0.998307
    outer loop
      vertex -18.8 0 32.0551
      vertex -15.8 -0.197357 32.0666
      vertex -15.8 0 32.0551
    endloop
  endfacet
  facet normal 0 0.0581714 0.998307
    outer loop
      vertex -15.8 -0.197357 32.0666
      vertex -18.8 0 32.0551
      vertex -18.8 -0.197357 32.0666
    endloop
  endfacet
  facet normal 0 0.893657 -0.44875
    outer loop
      vertex -15.8 -1.56097 34.4284
      vertex -18.8 -1.47224 34.6051
      vertex -15.8 -1.47224 34.6051
    endloop
  endfacet
  facet normal 0 0.893657 -0.44875
    outer loop
      vertex -18.8 -1.47224 34.6051
      vertex -15.8 -1.56097 34.4284
      vertex -18.8 -1.56097 34.4284
    endloop
  endfacet
  facet normal -0 0.59698 0.802256
    outer loop
      vertex -18.8 -0.934165 32.3348
      vertex -15.8 -1.09274 32.4528
      vertex -15.8 -0.934165 32.3348
    endloop
  endfacet
  facet normal 0 0.59698 0.802256
    outer loop
      vertex -15.8 -1.09274 32.4528
      vertex -18.8 -0.934165 32.3348
      vertex -18.8 -1.09274 32.4528
    endloop
  endfacet
  facet normal 0 -0.835543 -0.549425
    outer loop
      vertex -18.8 1.47224 34.6051
      vertex -15.8 1.36361 34.7703
      vertex -18.8 1.36361 34.7703
    endloop
  endfacet
  facet normal 0 -0.835543 -0.549425
    outer loop
      vertex -15.8 1.36361 34.7703
      vertex -18.8 1.47224 34.6051
      vertex -15.8 1.47224 34.6051
    endloop
  endfacet
  facet normal 0 -0.173505 0.984833
    outer loop
      vertex -18.8 0.392047 32.1009
      vertex -15.8 0.197357 32.0666
      vertex -15.8 0.392047 32.1009
    endloop
  endfacet
  facet normal 0 -0.173505 0.984833
    outer loop
      vertex -15.8 0.197357 32.0666
      vertex -18.8 0.392047 32.1009
      vertex -18.8 0.197357 32.0666
    endloop
  endfacet
  facet normal 0 0.173505 -0.984833
    outer loop
      vertex -18.8 -0.392047 35.4093
      vertex -15.8 -0.197357 35.4436
      vertex -15.8 -0.392047 35.4093
    endloop
  endfacet
  facet normal 0 0.173505 -0.984833
    outer loop
      vertex -15.8 -0.197357 35.4436
      vertex -18.8 -0.392047 35.4093
      vertex -18.8 -0.197357 35.4436
    endloop
  endfacet
  facet normal 0 -0.0581714 -0.998307
    outer loop
      vertex -18.8 0 35.4551
      vertex -15.8 0.197357 35.4436
      vertex -15.8 0 35.4551
    endloop
  endfacet
  facet normal -0 -0.0581714 -0.998307
    outer loop
      vertex -15.8 0.197357 35.4436
      vertex -18.8 0 35.4551
      vertex -18.8 0.197357 35.4436
    endloop
  endfacet
  facet normal 0 -0.765969 -0.642878
    outer loop
      vertex -18.8 1.36361 34.7703
      vertex -15.8 1.23654 34.9217
      vertex -18.8 1.23654 34.9217
    endloop
  endfacet
  facet normal 0 -0.765969 -0.642878
    outer loop
      vertex -15.8 1.23654 34.9217
      vertex -18.8 1.36361 34.7703
      vertex -15.8 1.36361 34.7703
    endloop
  endfacet
  facet normal 0 -0.28681 -0.957987
    outer loop
      vertex -18.8 0.392047 35.4093
      vertex -15.8 0.581433 35.3526
      vertex -15.8 0.392047 35.4093
    endloop
  endfacet
  facet normal -0 -0.28681 -0.957987
    outer loop
      vertex -15.8 0.581433 35.3526
      vertex -18.8 0.392047 35.4093
      vertex -18.8 0.581433 35.3526
    endloop
  endfacet
  facet normal 0 0.893657 0.44875
    outer loop
      vertex -15.8 -1.47224 32.9051
      vertex -18.8 -1.56097 33.0818
      vertex -15.8 -1.56097 33.0818
    endloop
  endfacet
  facet normal 0 0.893657 0.44875
    outer loop
      vertex -18.8 -1.56097 33.0818
      vertex -15.8 -1.47224 32.9051
      vertex -18.8 -1.47224 32.9051
    endloop
  endfacet
  facet normal 0 0.993235 0.116122
    outer loop
      vertex -15.8 -1.67417 33.4599
      vertex -18.8 -1.69712 33.6562
      vertex -15.8 -1.69712 33.6562
    endloop
  endfacet
  facet normal 0 0.993235 0.116122
    outer loop
      vertex -18.8 -1.69712 33.6562
      vertex -15.8 -1.67417 33.4599
      vertex -18.8 -1.67417 33.4599
    endloop
  endfacet
  facet normal 0 -0.893657 0.44875
    outer loop
      vertex -18.8 1.47224 32.9051
      vertex -15.8 1.56097 33.0818
      vertex -18.8 1.56097 33.0818
    endloop
  endfacet
  facet normal 0 -0.893657 0.44875
    outer loop
      vertex -15.8 1.56097 33.0818
      vertex -18.8 1.47224 32.9051
      vertex -15.8 1.47224 32.9051
    endloop
  endfacet
  facet normal 0 -0.835543 0.549425
    outer loop
      vertex -18.8 1.36361 32.7399
      vertex -15.8 1.47224 32.9051
      vertex -18.8 1.47224 32.9051
    endloop
  endfacet
  facet normal 0 -0.835543 0.549425
    outer loop
      vertex -15.8 1.47224 32.9051
      vertex -18.8 1.36361 32.7399
      vertex -15.8 1.36361 32.7399
    endloop
  endfacet
  facet normal 0 0.993242 -0.116064
    outer loop
      vertex -15.8 -1.69712 33.8539
      vertex -18.8 -1.67417 34.0503
      vertex -15.8 -1.67417 34.0503
    endloop
  endfacet
  facet normal 0 0.993242 -0.116064
    outer loop
      vertex -18.8 -1.67417 34.0503
      vertex -15.8 -1.69712 33.8539
      vertex -18.8 -1.69712 33.8539
    endloop
  endfacet
  facet normal -0 0.396068 0.918221
    outer loop
      vertex -18.8 -0.581433 32.1576
      vertex -15.8 -0.762959 32.2359
      vertex -15.8 -0.581433 32.1576
    endloop
  endfacet
  facet normal 0 0.396068 0.918221
    outer loop
      vertex -15.8 -0.762959 32.2359
      vertex -18.8 -0.581433 32.1576
      vertex -18.8 -0.762959 32.2359
    endloop
  endfacet
  facet normal -0 0.686326 0.727294
    outer loop
      vertex -18.8 -1.09274 32.4528
      vertex -15.8 -1.23654 32.5885
      vertex -15.8 -1.09274 32.4528
    endloop
  endfacet
  facet normal 0 0.686326 0.727294
    outer loop
      vertex -15.8 -1.23654 32.5885
      vertex -18.8 -1.09274 32.4528
      vertex -18.8 -1.23654 32.5885
    endloop
  endfacet
  facet normal -0 0.173505 0.984833
    outer loop
      vertex -18.8 -0.197357 32.0666
      vertex -15.8 -0.392047 32.1009
      vertex -15.8 -0.197357 32.0666
    endloop
  endfacet
  facet normal 0 0.173505 0.984833
    outer loop
      vertex -15.8 -0.392047 32.1009
      vertex -18.8 -0.197357 32.0666
      vertex -18.8 -0.392047 32.1009
    endloop
  endfacet
  facet normal 0 -0.939659 -0.342113
    outer loop
      vertex -18.8 1.62858 34.2427
      vertex -15.8 1.56097 34.4284
      vertex -18.8 1.56097 34.4284
    endloop
  endfacet
  facet normal 0 -0.939659 -0.342113
    outer loop
      vertex -15.8 1.56097 34.4284
      vertex -18.8 1.62858 34.2427
      vertex -15.8 1.62858 34.2427
    endloop
  endfacet
  facet normal 0 -0.396068 0.918221
    outer loop
      vertex -18.8 0.762959 32.2359
      vertex -15.8 0.581433 32.1576
      vertex -15.8 0.762959 32.2359
    endloop
  endfacet
  facet normal 0 -0.396068 0.918221
    outer loop
      vertex -15.8 0.581433 32.1576
      vertex -18.8 0.762959 32.2359
      vertex -18.8 0.581433 32.1576
    endloop
  endfacet
  facet normal -0 0.500205 0.865907
    outer loop
      vertex -18.8 -0.762959 32.2359
      vertex -15.8 -0.934165 32.3348
      vertex -15.8 -0.762959 32.2359
    endloop
  endfacet
  facet normal 0 0.500205 0.865907
    outer loop
      vertex -15.8 -0.934165 32.3348
      vertex -18.8 -0.762959 32.2359
      vertex -18.8 -0.934165 32.3348
    endloop
  endfacet
  facet normal 0 0.0581714 -0.998307
    outer loop
      vertex -18.8 -0.197357 35.4436
      vertex -15.8 0 35.4551
      vertex -15.8 -0.197357 35.4436
    endloop
  endfacet
  facet normal 0 0.0581714 -0.998307
    outer loop
      vertex -15.8 0 35.4551
      vertex -18.8 -0.197357 35.4436
      vertex -18.8 0 35.4551
    endloop
  endfacet
  facet normal 0 0.396068 -0.918221
    outer loop
      vertex -18.8 -0.762959 35.2743
      vertex -15.8 -0.581433 35.3526
      vertex -15.8 -0.762959 35.2743
    endloop
  endfacet
  facet normal 0 0.396068 -0.918221
    outer loop
      vertex -15.8 -0.581433 35.3526
      vertex -18.8 -0.762959 35.2743
      vertex -18.8 -0.581433 35.3526
    endloop
  endfacet
  facet normal 0 -0.993242 -0.116064
    outer loop
      vertex -18.8 1.69712 33.8539
      vertex -15.8 1.67417 34.0503
      vertex -18.8 1.67417 34.0503
    endloop
  endfacet
  facet normal 0 -0.993242 -0.116064
    outer loop
      vertex -15.8 1.67417 34.0503
      vertex -18.8 1.69712 33.8539
      vertex -15.8 1.69712 33.8539
    endloop
  endfacet
  facet normal 0 0.500205 -0.865907
    outer loop
      vertex -18.8 -0.934165 35.1754
      vertex -15.8 -0.762959 35.2743
      vertex -15.8 -0.934165 35.1754
    endloop
  endfacet
  facet normal 0 0.500205 -0.865907
    outer loop
      vertex -15.8 -0.762959 35.2743
      vertex -18.8 -0.934165 35.1754
      vertex -18.8 -0.762959 35.2743
    endloop
  endfacet
  facet normal 0 -0.500205 -0.865907
    outer loop
      vertex -18.8 0.762959 35.2743
      vertex -15.8 0.934165 35.1754
      vertex -15.8 0.762959 35.2743
    endloop
  endfacet
  facet normal -0 -0.500205 -0.865907
    outer loop
      vertex -15.8 0.934165 35.1754
      vertex -18.8 0.762959 35.2743
      vertex -18.8 0.934165 35.1754
    endloop
  endfacet
  facet normal 0 -0.686326 0.727294
    outer loop
      vertex -18.8 1.23654 32.5885
      vertex -15.8 1.09274 32.4528
      vertex -15.8 1.23654 32.5885
    endloop
  endfacet
  facet normal 0 -0.686326 0.727294
    outer loop
      vertex -15.8 1.09274 32.4528
      vertex -18.8 1.23654 32.5885
      vertex -18.8 1.09274 32.4528
    endloop
  endfacet
  facet normal 0 0.835543 -0.549425
    outer loop
      vertex -15.8 -1.47224 34.6051
      vertex -18.8 -1.36361 34.7703
      vertex -15.8 -1.36361 34.7703
    endloop
  endfacet
  facet normal 0 0.835543 -0.549425
    outer loop
      vertex -18.8 -1.36361 34.7703
      vertex -15.8 -1.47224 34.6051
      vertex -18.8 -1.47224 34.6051
    endloop
  endfacet
  facet normal 0 -1 0
    outer loop
      vertex -18.8 1.69712 33.6562
      vertex -15.8 1.69712 33.8539
      vertex -18.8 1.69712 33.8539
    endloop
  endfacet
  facet normal 0 -1 -0
    outer loop
      vertex -15.8 1.69712 33.8539
      vertex -18.8 1.69712 33.6562
      vertex -15.8 1.69712 33.6562
    endloop
  endfacet
  facet normal 0 -0.500205 0.865907
    outer loop
      vertex -18.8 0.934165 32.3348
      vertex -15.8 0.762959 32.2359
      vertex -15.8 0.934165 32.3348
    endloop
  endfacet
  facet normal 0 -0.500205 0.865907
    outer loop
      vertex -15.8 0.762959 32.2359
      vertex -18.8 0.934165 32.3348
      vertex -18.8 0.762959 32.2359
    endloop
  endfacet
  facet normal 0 -0.59698 0.802256
    outer loop
      vertex -18.8 1.09274 32.4528
      vertex -15.8 0.934165 32.3348
      vertex -15.8 1.09274 32.4528
    endloop
  endfacet
  facet normal 0 -0.59698 0.802256
    outer loop
      vertex -15.8 0.934165 32.3348
      vertex -18.8 1.09274 32.4528
      vertex -18.8 0.934165 32.3348
    endloop
  endfacet
  facet normal -0 0.28681 0.957987
    outer loop
      vertex -18.8 -0.392047 32.1009
      vertex -15.8 -0.581433 32.1576
      vertex -15.8 -0.392047 32.1009
    endloop
  endfacet
  facet normal 0 0.28681 0.957987
    outer loop
      vertex -15.8 -0.581433 32.1576
      vertex -18.8 -0.392047 32.1009
      vertex -18.8 -0.581433 32.1576
    endloop
  endfacet
  facet normal 0 0.28681 -0.957987
    outer loop
      vertex -18.8 -0.581433 35.3526
      vertex -15.8 -0.392047 35.4093
      vertex -15.8 -0.581433 35.3526
    endloop
  endfacet
  facet normal 0 0.28681 -0.957987
    outer loop
      vertex -15.8 -0.392047 35.4093
      vertex -18.8 -0.581433 35.3526
      vertex -18.8 -0.392047 35.4093
    endloop
  endfacet
  facet normal 0 -0.765969 0.642878
    outer loop
      vertex -18.8 1.23654 32.5885
      vertex -15.8 1.36361 32.7399
      vertex -18.8 1.36361 32.7399
    endloop
  endfacet
  facet normal 0 -0.765969 0.642878
    outer loop
      vertex -15.8 1.36361 32.7399
      vertex -18.8 1.23654 32.5885
      vertex -15.8 1.23654 32.5885
    endloop
  endfacet
  facet normal 0 0.835543 0.549425
    outer loop
      vertex -15.8 -1.36361 32.7399
      vertex -18.8 -1.47224 32.9051
      vertex -15.8 -1.47224 32.9051
    endloop
  endfacet
  facet normal 0 0.835543 0.549425
    outer loop
      vertex -18.8 -1.47224 32.9051
      vertex -15.8 -1.36361 32.7399
      vertex -18.8 -1.36361 32.7399
    endloop
  endfacet
  facet normal 0 -0.28681 0.957987
    outer loop
      vertex -18.8 0.581433 32.1576
      vertex -15.8 0.392047 32.1009
      vertex -15.8 0.581433 32.1576
    endloop
  endfacet
  facet normal 0 -0.28681 0.957987
    outer loop
      vertex -15.8 0.392047 32.1009
      vertex -18.8 0.581433 32.1576
      vertex -18.8 0.392047 32.1009
    endloop
  endfacet
  facet normal 0 -0.939659 0.342113
    outer loop
      vertex -18.8 1.56097 33.0818
      vertex -15.8 1.62858 33.2675
      vertex -18.8 1.62858 33.2675
    endloop
  endfacet
  facet normal 0 -0.939659 0.342113
    outer loop
      vertex -15.8 1.62858 33.2675
      vertex -18.8 1.56097 33.0818
      vertex -15.8 1.56097 33.0818
    endloop
  endfacet
  facet normal 0 -0.686326 -0.727294
    outer loop
      vertex -18.8 1.09274 35.0574
      vertex -15.8 1.23654 34.9217
      vertex -15.8 1.09274 35.0574
    endloop
  endfacet
  facet normal -0 -0.686326 -0.727294
    outer loop
      vertex -15.8 1.23654 34.9217
      vertex -18.8 1.09274 35.0574
      vertex -18.8 1.23654 34.9217
    endloop
  endfacet
  facet normal 0 -0.173505 -0.984833
    outer loop
      vertex -18.8 0.197357 35.4436
      vertex -15.8 0.392047 35.4093
      vertex -15.8 0.197357 35.4436
    endloop
  endfacet
  facet normal -0 -0.173505 -0.984833
    outer loop
      vertex -15.8 0.392047 35.4093
      vertex -18.8 0.197357 35.4436
      vertex -18.8 0.392047 35.4093
    endloop
  endfacet
  facet normal 0 -0.973056 0.23057
    outer loop
      vertex -18.8 1.62858 33.2675
      vertex -15.8 1.67417 33.4599
      vertex -18.8 1.67417 33.4599
    endloop
  endfacet
  facet normal 0 -0.973056 0.23057
    outer loop
      vertex -15.8 1.67417 33.4599
      vertex -18.8 1.62858 33.2675
      vertex -15.8 1.62858 33.2675
    endloop
  endfacet
  facet normal 0 0.765969 0.642878
    outer loop
      vertex -15.8 -1.23654 32.5885
      vertex -18.8 -1.36361 32.7399
      vertex -15.8 -1.36361 32.7399
    endloop
  endfacet
  facet normal 0 0.765969 0.642878
    outer loop
      vertex -18.8 -1.36361 32.7399
      vertex -15.8 -1.23654 32.5885
      vertex -18.8 -1.23654 32.5885
    endloop
  endfacet
  facet normal 0 -0.396068 -0.918221
    outer loop
      vertex -18.8 0.581433 35.3526
      vertex -15.8 0.762959 35.2743
      vertex -15.8 0.581433 35.3526
    endloop
  endfacet
  facet normal -0 -0.396068 -0.918221
    outer loop
      vertex -15.8 0.762959 35.2743
      vertex -18.8 0.581433 35.3526
      vertex -18.8 0.762959 35.2743
    endloop
  endfacet
  facet normal 0 -0.993235 0.116122
    outer loop
      vertex -18.8 1.67417 33.4599
      vertex -15.8 1.69712 33.6562
      vertex -18.8 1.69712 33.6562
    endloop
  endfacet
  facet normal 0 -0.993235 0.116122
    outer loop
      vertex -15.8 1.69712 33.6562
      vertex -18.8 1.67417 33.4599
      vertex -15.8 1.67417 33.4599
    endloop
  endfacet
  facet normal 0 0.939659 -0.342113
    outer loop
      vertex -15.8 -1.62858 34.2427
      vertex -18.8 -1.56097 34.4284
      vertex -15.8 -1.56097 34.4284
    endloop
  endfacet
  facet normal 0 0.939659 -0.342113
    outer loop
      vertex -18.8 -1.56097 34.4284
      vertex -15.8 -1.62858 34.2427
      vertex -18.8 -1.62858 34.2427
    endloop
  endfacet
  facet normal 0 0.973056 0.23057
    outer loop
      vertex -15.8 -1.62858 33.2675
      vertex -18.8 -1.67417 33.4599
      vertex -15.8 -1.67417 33.4599
    endloop
  endfacet
  facet normal 0 0.973056 0.23057
    outer loop
      vertex -18.8 -1.67417 33.4599
      vertex -15.8 -1.62858 33.2675
      vertex -18.8 -1.62858 33.2675
    endloop
  endfacet
  facet normal 0 0.765969 -0.642878
    outer loop
      vertex -15.8 -1.36361 34.7703
      vertex -18.8 -1.23654 34.9217
      vertex -15.8 -1.23654 34.9217
    endloop
  endfacet
  facet normal 0 0.765969 -0.642878
    outer loop
      vertex -18.8 -1.23654 34.9217
      vertex -15.8 -1.36361 34.7703
      vertex -18.8 -1.36361 34.7703
    endloop
  endfacet
  facet normal 0 -0.893657 -0.44875
    outer loop
      vertex -18.8 1.56097 34.4284
      vertex -15.8 1.47224 34.6051
      vertex -18.8 1.47224 34.6051
    endloop
  endfacet
  facet normal 0 -0.893657 -0.44875
    outer loop
      vertex -15.8 1.47224 34.6051
      vertex -18.8 1.56097 34.4284
      vertex -15.8 1.56097 34.4284
    endloop
  endfacet
  facet normal 0 -0.59698 -0.802256
    outer loop
      vertex 15.8 0.934165 35.1754
      vertex 18.8 1.09274 35.0574
      vertex 18.8 0.934165 35.1754
    endloop
  endfacet
  facet normal -0 -0.59698 -0.802256
    outer loop
      vertex 18.8 1.09274 35.0574
      vertex 15.8 0.934165 35.1754
      vertex 15.8 1.09274 35.0574
    endloop
  endfacet
  facet normal 0 0.939659 0.342113
    outer loop
      vertex 18.8 -1.56097 33.0818
      vertex 15.8 -1.62858 33.2675
      vertex 18.8 -1.62858 33.2675
    endloop
  endfacet
  facet normal 0 0.939659 0.342113
    outer loop
      vertex 15.8 -1.62858 33.2675
      vertex 18.8 -1.56097 33.0818
      vertex 15.8 -1.56097 33.0818
    endloop
  endfacet
  facet normal 0 -0.973056 -0.23057
    outer loop
      vertex 15.8 1.67417 34.0503
      vertex 18.8 1.62858 34.2427
      vertex 15.8 1.62858 34.2427
    endloop
  endfacet
  facet normal 0 -0.973056 -0.23057
    outer loop
      vertex 18.8 1.62858 34.2427
      vertex 15.8 1.67417 34.0503
      vertex 18.8 1.67417 34.0503
    endloop
  endfacet
  facet normal 0 0.686326 -0.727294
    outer loop
      vertex 15.8 -1.23654 34.9217
      vertex 18.8 -1.09274 35.0574
      vertex 18.8 -1.23654 34.9217
    endloop
  endfacet
  facet normal 0 0.686326 -0.727294
    outer loop
      vertex 18.8 -1.09274 35.0574
      vertex 15.8 -1.23654 34.9217
      vertex 15.8 -1.09274 35.0574
    endloop
  endfacet
  facet normal 0 -0.0581714 0.998307
    outer loop
      vertex 15.8 0.197357 32.0666
      vertex 18.8 0 32.0551
      vertex 18.8 0.197357 32.0666
    endloop
  endfacet
  facet normal 0 -0.0581714 0.998307
    outer loop
      vertex 18.8 0 32.0551
      vertex 15.8 0.197357 32.0666
      vertex 15.8 0 32.0551
    endloop
  endfacet
  facet normal 0 0.59698 -0.802256
    outer loop
      vertex 15.8 -1.09274 35.0574
      vertex 18.8 -0.934165 35.1754
      vertex 18.8 -1.09274 35.0574
    endloop
  endfacet
  facet normal 0 0.59698 -0.802256
    outer loop
      vertex 18.8 -0.934165 35.1754
      vertex 15.8 -1.09274 35.0574
      vertex 15.8 -0.934165 35.1754
    endloop
  endfacet
  facet normal 0 1 -0
    outer loop
      vertex 18.8 -1.69712 33.6562
      vertex 15.8 -1.69712 33.8539
      vertex 18.8 -1.69712 33.8539
    endloop
  endfacet
  facet normal 0 1 0
    outer loop
      vertex 15.8 -1.69712 33.8539
      vertex 18.8 -1.69712 33.6562
      vertex 15.8 -1.69712 33.6562
    endloop
  endfacet
  facet normal 0 0.973056 -0.23057
    outer loop
      vertex 18.8 -1.67417 34.0503
      vertex 15.8 -1.62858 34.2427
      vertex 18.8 -1.62858 34.2427
    endloop
  endfacet
  facet normal 0 0.973056 -0.23057
    outer loop
      vertex 15.8 -1.62858 34.2427
      vertex 18.8 -1.67417 34.0503
      vertex 15.8 -1.67417 34.0503
    endloop
  endfacet
  facet normal -0 0.0581714 0.998307
    outer loop
      vertex 15.8 0 32.0551
      vertex 18.8 -0.197357 32.0666
      vertex 18.8 0 32.0551
    endloop
  endfacet
  facet normal 0 0.0581714 0.998307
    outer loop
      vertex 18.8 -0.197357 32.0666
      vertex 15.8 0 32.0551
      vertex 15.8 -0.197357 32.0666
    endloop
  endfacet
  facet normal 0 0.893657 -0.44875
    outer loop
      vertex 18.8 -1.56097 34.4284
      vertex 15.8 -1.47224 34.6051
      vertex 18.8 -1.47224 34.6051
    endloop
  endfacet
  facet normal 0 0.893657 -0.44875
    outer loop
      vertex 15.8 -1.47224 34.6051
      vertex 18.8 -1.56097 34.4284
      vertex 15.8 -1.56097 34.4284
    endloop
  endfacet
  facet normal -0 0.59698 0.802256
    outer loop
      vertex 15.8 -0.934165 32.3348
      vertex 18.8 -1.09274 32.4528
      vertex 18.8 -0.934165 32.3348
    endloop
  endfacet
  facet normal 0 0.59698 0.802256
    outer loop
      vertex 18.8 -1.09274 32.4528
      vertex 15.8 -0.934165 32.3348
      vertex 15.8 -1.09274 32.4528
    endloop
  endfacet
  facet normal 0 -0.835543 -0.549425
    outer loop
      vertex 15.8 1.47224 34.6051
      vertex 18.8 1.36361 34.7703
      vertex 15.8 1.36361 34.7703
    endloop
  endfacet
  facet normal 0 -0.835543 -0.549425
    outer loop
      vertex 18.8 1.36361 34.7703
      vertex 15.8 1.47224 34.6051
      vertex 18.8 1.47224 34.6051
    endloop
  endfacet
  facet normal 0 -0.173505 0.984833
    outer loop
      vertex 15.8 0.392047 32.1009
      vertex 18.8 0.197357 32.0666
      vertex 18.8 0.392047 32.1009
    endloop
  endfacet
  facet normal 0 -0.173505 0.984833
    outer loop
      vertex 18.8 0.197357 32.0666
      vertex 15.8 0.392047 32.1009
      vertex 15.8 0.197357 32.0666
    endloop
  endfacet
  facet normal 0 0.173505 -0.984833
    outer loop
      vertex 15.8 -0.392047 35.4093
      vertex 18.8 -0.197357 35.4436
      vertex 18.8 -0.392047 35.4093
    endloop
  endfacet
  facet normal 0 0.173505 -0.984833
    outer loop
      vertex 18.8 -0.197357 35.4436
      vertex 15.8 -0.392047 35.4093
      vertex 15.8 -0.197357 35.4436
    endloop
  endfacet
  facet normal 0 -0.0581714 -0.998307
    outer loop
      vertex 15.8 0 35.4551
      vertex 18.8 0.197357 35.4436
      vertex 18.8 0 35.4551
    endloop
  endfacet
  facet normal -0 -0.0581714 -0.998307
    outer loop
      vertex 18.8 0.197357 35.4436
      vertex 15.8 0 35.4551
      vertex 15.8 0.197357 35.4436
    endloop
  endfacet
  facet normal 0 -0.765969 -0.642878
    outer loop
      vertex 15.8 1.36361 34.7703
      vertex 18.8 1.23654 34.9217
      vertex 15.8 1.23654 34.9217
    endloop
  endfacet
  facet normal 0 -0.765969 -0.642878
    outer loop
      vertex 18.8 1.23654 34.9217
      vertex 15.8 1.36361 34.7703
      vertex 18.8 1.36361 34.7703
    endloop
  endfacet
  facet normal 0 -0.28681 -0.957987
    outer loop
      vertex 15.8 0.392047 35.4093
      vertex 18.8 0.581433 35.3526
      vertex 18.8 0.392047 35.4093
    endloop
  endfacet
  facet normal -0 -0.28681 -0.957987
    outer loop
      vertex 18.8 0.581433 35.3526
      vertex 15.8 0.392047 35.4093
      vertex 15.8 0.581433 35.3526
    endloop
  endfacet
  facet normal 0 0.893657 0.44875
    outer loop
      vertex 18.8 -1.47224 32.9051
      vertex 15.8 -1.56097 33.0818
      vertex 18.8 -1.56097 33.0818
    endloop
  endfacet
  facet normal 0 0.893657 0.44875
    outer loop
      vertex 15.8 -1.56097 33.0818
      vertex 18.8 -1.47224 32.9051
      vertex 15.8 -1.47224 32.9051
    endloop
  endfacet
  facet normal 0 0.993235 0.116122
    outer loop
      vertex 18.8 -1.67417 33.4599
      vertex 15.8 -1.69712 33.6562
      vertex 18.8 -1.69712 33.6562
    endloop
  endfacet
  facet normal 0 0.993235 0.116122
    outer loop
      vertex 15.8 -1.69712 33.6562
      vertex 18.8 -1.67417 33.4599
      vertex 15.8 -1.67417 33.4599
    endloop
  endfacet
  facet normal 0 -0.893657 0.44875
    outer loop
      vertex 15.8 1.47224 32.9051
      vertex 18.8 1.56097 33.0818
      vertex 15.8 1.56097 33.0818
    endloop
  endfacet
  facet normal 0 -0.893657 0.44875
    outer loop
      vertex 18.8 1.56097 33.0818
      vertex 15.8 1.47224 32.9051
      vertex 18.8 1.47224 32.9051
    endloop
  endfacet
  facet normal 0 -0.835543 0.549425
    outer loop
      vertex 15.8 1.36361 32.7399
      vertex 18.8 1.47224 32.9051
      vertex 15.8 1.47224 32.9051
    endloop
  endfacet
  facet normal 0 -0.835543 0.549425
    outer loop
      vertex 18.8 1.47224 32.9051
      vertex 15.8 1.36361 32.7399
      vertex 18.8 1.36361 32.7399
    endloop
  endfacet
  facet normal -0 0.396068 0.918221
    outer loop
      vertex 15.8 -0.581433 32.1576
      vertex 18.8 -0.762959 32.2359
      vertex 18.8 -0.581433 32.1576
    endloop
  endfacet
  facet normal 0 0.396068 0.918221
    outer loop
      vertex 18.8 -0.762959 32.2359
      vertex 15.8 -0.581433 32.1576
      vertex 15.8 -0.762959 32.2359
    endloop
  endfacet
  facet normal -0 0.686326 0.727294
    outer loop
      vertex 15.8 -1.09274 32.4528
      vertex 18.8 -1.23654 32.5885
      vertex 18.8 -1.09274 32.4528
    endloop
  endfacet
  facet normal 0 0.686326 0.727294
    outer loop
      vertex 18.8 -1.23654 32.5885
      vertex 15.8 -1.09274 32.4528
      vertex 15.8 -1.23654 32.5885
    endloop
  endfacet
  facet normal -0 0.173505 0.984833
    outer loop
      vertex 15.8 -0.197357 32.0666
      vertex 18.8 -0.392047 32.1009
      vertex 18.8 -0.197357 32.0666
    endloop
  endfacet
  facet normal 0 0.173505 0.984833
    outer loop
      vertex 18.8 -0.392047 32.1009
      vertex 15.8 -0.197357 32.0666
      vertex 15.8 -0.392047 32.1009
    endloop
  endfacet
  facet normal 0 -0.939659 -0.342113
    outer loop
      vertex 15.8 1.62858 34.2427
      vertex 18.8 1.56097 34.4284
      vertex 15.8 1.56097 34.4284
    endloop
  endfacet
  facet normal 0 -0.939659 -0.342113
    outer loop
      vertex 18.8 1.56097 34.4284
      vertex 15.8 1.62858 34.2427
      vertex 18.8 1.62858 34.2427
    endloop
  endfacet
  facet normal 0 -0.396068 0.918221
    outer loop
      vertex 15.8 0.762959 32.2359
      vertex 18.8 0.581433 32.1576
      vertex 18.8 0.762959 32.2359
    endloop
  endfacet
  facet normal 0 -0.396068 0.918221
    outer loop
      vertex 18.8 0.581433 32.1576
      vertex 15.8 0.762959 32.2359
      vertex 15.8 0.581433 32.1576
    endloop
  endfacet
  facet normal -0 0.500205 0.865907
    outer loop
      vertex 15.8 -0.762959 32.2359
      vertex 18.8 -0.934165 32.3348
      vertex 18.8 -0.762959 32.2359
    endloop
  endfacet
  facet normal 0 0.500205 0.865907
    outer loop
      vertex 18.8 -0.934165 32.3348
      vertex 15.8 -0.762959 32.2359
      vertex 15.8 -0.934165 32.3348
    endloop
  endfacet
  facet normal 0 0.0581714 -0.998307
    outer loop
      vertex 15.8 -0.197357 35.4436
      vertex 18.8 0 35.4551
      vertex 18.8 -0.197357 35.4436
    endloop
  endfacet
  facet normal 0 0.0581714 -0.998307
    outer loop
      vertex 18.8 0 35.4551
      vertex 15.8 -0.197357 35.4436
      vertex 15.8 0 35.4551
    endloop
  endfacet
  facet normal 0 0.396068 -0.918221
    outer loop
      vertex 15.8 -0.762959 35.2743
      vertex 18.8 -0.581433 35.3526
      vertex 18.8 -0.762959 35.2743
    endloop
  endfacet
  facet normal 0 0.396068 -0.918221
    outer loop
      vertex 18.8 -0.581433 35.3526
      vertex 15.8 -0.762959 35.2743
      vertex 15.8 -0.581433 35.3526
    endloop
  endfacet
  facet normal 0 -0.993242 -0.116064
    outer loop
      vertex 15.8 1.69712 33.8539
      vertex 18.8 1.67417 34.0503
      vertex 15.8 1.67417 34.0503
    endloop
  endfacet
  facet normal 0 -0.993242 -0.116064
    outer loop
      vertex 18.8 1.67417 34.0503
      vertex 15.8 1.69712 33.8539
      vertex 18.8 1.69712 33.8539
    endloop
  endfacet
  facet normal 0 0.500205 -0.865907
    outer loop
      vertex 15.8 -0.934165 35.1754
      vertex 18.8 -0.762959 35.2743
      vertex 18.8 -0.934165 35.1754
    endloop
  endfacet
  facet normal 0 0.500205 -0.865907
    outer loop
      vertex 18.8 -0.762959 35.2743
      vertex 15.8 -0.934165 35.1754
      vertex 15.8 -0.762959 35.2743
    endloop
  endfacet
  facet normal 0 -0.500205 -0.865907
    outer loop
      vertex 15.8 0.762959 35.2743
      vertex 18.8 0.934165 35.1754
      vertex 18.8 0.762959 35.2743
    endloop
  endfacet
  facet normal -0 -0.500205 -0.865907
    outer loop
      vertex 18.8 0.934165 35.1754
      vertex 15.8 0.762959 35.2743
      vertex 15.8 0.934165 35.1754
    endloop
  endfacet
  facet normal 0 -0.686326 0.727294
    outer loop
      vertex 15.8 1.23654 32.5885
      vertex 18.8 1.09274 32.4528
      vertex 18.8 1.23654 32.5885
    endloop
  endfacet
  facet normal 0 -0.686326 0.727294
    outer loop
      vertex 18.8 1.09274 32.4528
      vertex 15.8 1.23654 32.5885
      vertex 15.8 1.09274 32.4528
    endloop
  endfacet
  facet normal 0 0.835543 -0.549425
    outer loop
      vertex 18.8 -1.47224 34.6051
      vertex 15.8 -1.36361 34.7703
      vertex 18.8 -1.36361 34.7703
    endloop
  endfacet
  facet normal 0 0.835543 -0.549425
    outer loop
      vertex 15.8 -1.36361 34.7703
      vertex 18.8 -1.47224 34.6051
      vertex 15.8 -1.47224 34.6051
    endloop
  endfacet
  facet normal 0 -1 0
    outer loop
      vertex 15.8 1.69712 33.6562
      vertex 18.8 1.69712 33.8539
      vertex 15.8 1.69712 33.8539
    endloop
  endfacet
  facet normal 0 -1 -0
    outer loop
      vertex 18.8 1.69712 33.8539
      vertex 15.8 1.69712 33.6562
      vertex 18.8 1.69712 33.6562
    endloop
  endfacet
  facet normal 0 -0.500205 0.865907
    outer loop
      vertex 15.8 0.934165 32.3348
      vertex 18.8 0.762959 32.2359
      vertex 18.8 0.934165 32.3348
    endloop
  endfacet
  facet normal 0 -0.500205 0.865907
    outer loop
      vertex 18.8 0.762959 32.2359
      vertex 15.8 0.934165 32.3348
      vertex 15.8 0.762959 32.2359
    endloop
  endfacet
  facet normal 0 -0.59698 0.802256
    outer loop
      vertex 15.8 1.09274 32.4528
      vertex 18.8 0.934165 32.3348
      vertex 18.8 1.09274 32.4528
    endloop
  endfacet
  facet normal 0 -0.59698 0.802256
    outer loop
      vertex 18.8 0.934165 32.3348
      vertex 15.8 1.09274 32.4528
      vertex 15.8 0.934165 32.3348
    endloop
  endfacet
  facet normal -0 0.28681 0.957987
    outer loop
      vertex 15.8 -0.392047 32.1009
      vertex 18.8 -0.581433 32.1576
      vertex 18.8 -0.392047 32.1009
    endloop
  endfacet
  facet normal 0 0.28681 0.957987
    outer loop
      vertex 18.8 -0.581433 32.1576
      vertex 15.8 -0.392047 32.1009
      vertex 15.8 -0.581433 32.1576
    endloop
  endfacet
  facet normal 0 0.28681 -0.957987
    outer loop
      vertex 15.8 -0.581433 35.3526
      vertex 18.8 -0.392047 35.4093
      vertex 18.8 -0.581433 35.3526
    endloop
  endfacet
  facet normal 0 0.28681 -0.957987
    outer loop
      vertex 18.8 -0.392047 35.4093
      vertex 15.8 -0.581433 35.3526
      vertex 15.8 -0.392047 35.4093
    endloop
  endfacet
  facet normal 0 -0.765969 0.642878
    outer loop
      vertex 15.8 1.23654 32.5885
      vertex 18.8 1.36361 32.7399
      vertex 15.8 1.36361 32.7399
    endloop
  endfacet
  facet normal 0 -0.765969 0.642878
    outer loop
      vertex 18.8 1.36361 32.7399
      vertex 15.8 1.23654 32.5885
      vertex 18.8 1.23654 32.5885
    endloop
  endfacet
  facet normal 0 0.835543 0.549425
    outer loop
      vertex 18.8 -1.36361 32.7399
      vertex 15.8 -1.47224 32.9051
      vertex 18.8 -1.47224 32.9051
    endloop
  endfacet
  facet normal 0 0.835543 0.549425
    outer loop
      vertex 15.8 -1.47224 32.9051
      vertex 18.8 -1.36361 32.7399
      vertex 15.8 -1.36361 32.7399
    endloop
  endfacet
  facet normal 0 -0.28681 0.957987
    outer loop
      vertex 15.8 0.581433 32.1576
      vertex 18.8 0.392047 32.1009
      vertex 18.8 0.581433 32.1576
    endloop
  endfacet
  facet normal 0 -0.28681 0.957987
    outer loop
      vertex 18.8 0.392047 32.1009
      vertex 15.8 0.581433 32.1576
      vertex 15.8 0.392047 32.1009
    endloop
  endfacet
  facet normal 0 -0.939659 0.342113
    outer loop
      vertex 15.8 1.56097 33.0818
      vertex 18.8 1.62858 33.2675
      vertex 15.8 1.62858 33.2675
    endloop
  endfacet
  facet normal 0 -0.939659 0.342113
    outer loop
      vertex 18.8 1.62858 33.2675
      vertex 15.8 1.56097 33.0818
      vertex 18.8 1.56097 33.0818
    endloop
  endfacet
  facet normal 0 -0.686326 -0.727294
    outer loop
      vertex 15.8 1.09274 35.0574
      vertex 18.8 1.23654 34.9217
      vertex 18.8 1.09274 35.0574
    endloop
  endfacet
  facet normal -0 -0.686326 -0.727294
    outer loop
      vertex 18.8 1.23654 34.9217
      vertex 15.8 1.09274 35.0574
      vertex 15.8 1.23654 34.9217
    endloop
  endfacet
  facet normal 0 -0.173505 -0.984833
    outer loop
      vertex 15.8 0.197357 35.4436
      vertex 18.8 0.392047 35.4093
      vertex 18.8 0.197357 35.4436
    endloop
  endfacet
  facet normal -0 -0.173505 -0.984833
    outer loop
      vertex 18.8 0.392047 35.4093
      vertex 15.8 0.197357 35.4436
      vertex 15.8 0.392047 35.4093
    endloop
  endfacet
  facet normal 0 -0.973056 0.23057
    outer loop
      vertex 15.8 1.62858 33.2675
      vertex 18.8 1.67417 33.4599
      vertex 15.8 1.67417 33.4599
    endloop
  endfacet
  facet normal 0 -0.973056 0.23057
    outer loop
      vertex 18.8 1.67417 33.4599
      vertex 15.8 1.62858 33.2675
      vertex 18.8 1.62858 33.2675
    endloop
  endfacet
  facet normal 0 0.765969 0.642878
    outer loop
      vertex 18.8 -1.23654 32.5885
      vertex 15.8 -1.36361 32.7399
      vertex 18.8 -1.36361 32.7399
    endloop
  endfacet
  facet normal 0 0.765969 0.642878
    outer loop
      vertex 15.8 -1.36361 32.7399
      vertex 18.8 -1.23654 32.5885
      vertex 15.8 -1.23654 32.5885
    endloop
  endfacet
  facet normal 0 -0.396068 -0.918221
    outer loop
      vertex 15.8 0.581433 35.3526
      vertex 18.8 0.762959 35.2743
      vertex 18.8 0.581433 35.3526
    endloop
  endfacet
  facet normal -0 -0.396068 -0.918221
    outer loop
      vertex 18.8 0.762959 35.2743
      vertex 15.8 0.581433 35.3526
      vertex 15.8 0.762959 35.2743
    endloop
  endfacet
  facet normal 0 -0.993235 0.116122
    outer loop
      vertex 15.8 1.67417 33.4599
      vertex 18.8 1.69712 33.6562
      vertex 15.8 1.69712 33.6562
    endloop
  endfacet
  facet normal 0 -0.993235 0.116122
    outer loop
      vertex 18.8 1.69712 33.6562
      vertex 15.8 1.67417 33.4599
      vertex 18.8 1.67417 33.4599
    endloop
  endfacet
  facet normal 0 0.939659 -0.342113
    outer loop
      vertex 18.8 -1.62858 34.2427
      vertex 15.8 -1.56097 34.4284
      vertex 18.8 -1.56097 34.4284
    endloop
  endfacet
  facet normal 0 0.939659 -0.342113
    outer loop
      vertex 15.8 -1.56097 34.4284
      vertex 18.8 -1.62858 34.2427
      vertex 15.8 -1.62858 34.2427
    endloop
  endfacet
  facet normal 0 0.993242 -0.116064
    outer loop
      vertex 18.8 -1.69712 33.8539
      vertex 15.8 -1.67417 34.0503
      vertex 18.8 -1.67417 34.0503
    endloop
  endfacet
  facet normal 0 0.993242 -0.116064
    outer loop
      vertex 15.8 -1.67417 34.0503
      vertex 18.8 -1.69712 33.8539
      vertex 15.8 -1.69712 33.8539
    endloop
  endfacet
  facet normal 0 0.973056 0.23057
    outer loop
      vertex 18.8 -1.62858 33.2675
      vertex 15.8 -1.67417 33.4599
      vertex 18.8 -1.67417 33.4599
    endloop
  endfacet
  facet normal 0 0.973056 0.23057
    outer loop
      vertex 15.8 -1.67417 33.4599
      vertex 18.8 -1.62858 33.2675
      vertex 15.8 -1.62858 33.2675
    endloop
  endfacet
  facet normal 0 0.765969 -0.642878
    outer loop
      vertex 18.8 -1.36361 34.7703
      vertex 15.8 -1.23654 34.9217
      vertex 18.8 -1.23654 34.9217
    endloop
  endfacet
  facet normal 0 0.765969 -0.642878
    outer loop
      vertex 15.8 -1.23654 34.9217
      vertex 18.8 -1.36361 34.7703
      vertex 15.8 -1.36361 34.7703
    endloop
  endfacet
  facet normal 0 -0.893657 -0.44875
    outer loop
      vertex 15.8 1.56097 34.4284
      vertex 18.8 1.47224 34.6051
      vertex 15.8 1.47224 34.6051
    endloop
  endfacet
  facet normal 0 -0.893657 -0.44875
    outer loop
      vertex 18.8 1.47224 34.6051
      vertex 15.8 1.56097 34.4284
      vertex 18.8 1.56097 34.4284
    endloop
  endfacet
  facet normal -0.124383 0.992234 0
    outer loop
      vertex 0.347296 -1.96961 0
      vertex 0.14946 -1.99441 6
      vertex 0.347296 -1.96961 6
    endloop
  endfacet
  facet normal -0.124383 0.992234 0
    outer loop
      vertex 0.14946 -1.99441 6
      vertex 0.347296 -1.96961 0
      vertex 0.14946 -1.99441 0
    endloop
  endfacet
  facet normal -0.988828 -0.149059 0
    outer loop
      vertex 1.99006 0.199135 0
      vertex 1.96034 0.396292 6
      vertex 1.96034 0.396292 0
    endloop
  endfacet
  facet normal -0.988828 -0.149059 0
    outer loop
      vertex 1.96034 0.396292 6
      vertex 1.99006 0.199135 0
      vertex 1.99006 0.199135 6
    endloop
  endfacet
  facet normal -0.998757 -0.0498538 0
    outer loop
      vertex 2 0 0
      vertex 1.99006 0.199135 6
      vertex 1.99006 0.199135 0
    endloop
  endfacet
  facet normal -0.998757 -0.0498538 0
    outer loop
      vertex 1.99006 0.199135 6
      vertex 2 0 0
      vertex 2 0 6
    endloop
  endfacet
  facet normal -0.969088 -0.246713 0
    outer loop
      vertex 1.96034 0.396292 0
      vertex 1.91115 0.58951 6
      vertex 1.91115 0.58951 0
    endloop
  endfacet
  facet normal -0.969088 -0.246713 0
    outer loop
      vertex 1.91115 0.58951 6
      vertex 1.96034 0.396292 0
      vertex 1.96034 0.396292 6
    endloop
  endfacet
  facet normal 0.995032 0.0995571 0
    outer loop
      vertex -1.97766 -0.298084 6
      vertex -1.99751 -0.0996914 0
      vertex -1.99751 -0.0996914 6
    endloop
  endfacet
  facet normal 0.995032 0.0995571 0
    outer loop
      vertex -1.99751 -0.0996914 0
      vertex -1.97766 -0.298084 6
      vertex -1.97766 -0.298084 0
    endloop
  endfacet
  facet normal 0.365326 -0.93088 0
    outer loop
      vertex -0.822574 1.82301 0
      vertex -0.636972 1.89585 6
      vertex -0.822574 1.82301 6
    endloop
  endfacet
  facet normal 0.365326 -0.93088 0
    outer loop
      vertex -0.636972 1.89585 6
      vertex -0.822574 1.82301 0
      vertex -0.636972 1.89585 0
    endloop
  endfacet
  facet normal -0.939681 0.342051 0
    outer loop
      vertex 1.84295 -0.776869 0
      vertex 1.91115 -0.58951 6
      vertex 1.91115 -0.58951 0
    endloop
  endfacet
  facet normal -0.939681 0.342051 0
    outer loop
      vertex 1.91115 -0.58951 6
      vertex 1.84295 -0.776869 0
      vertex 1.84295 -0.776869 6
    endloop
  endfacet
  facet normal -0.124383 -0.992234 0
    outer loop
      vertex 0.14946 1.99441 0
      vertex 0.347296 1.96961 6
      vertex 0.14946 1.99441 6
    endloop
  endfacet
  facet normal -0.124383 -0.992234 -0
    outer loop
      vertex 0.347296 1.96961 6
      vertex 0.14946 1.99441 0
      vertex 0.347296 1.96961 0
    endloop
  endfacet
  facet normal -0.998757 0.0498538 0
    outer loop
      vertex 1.99006 -0.199135 0
      vertex 2 0 6
      vertex 2 0 0
    endloop
  endfacet
  facet normal -0.998757 0.0498538 0
    outer loop
      vertex 2 0 6
      vertex 1.99006 -0.199135 0
      vertex 1.99006 -0.199135 6
    endloop
  endfacet
  facet normal -0.900968 0.433885 0
    outer loop
      vertex 1.75644 -0.956508 0
      vertex 1.84295 -0.776869 6
      vertex 1.84295 -0.776869 0
    endloop
  endfacet
  facet normal -0.900968 0.433885 0
    outer loop
      vertex 1.84295 -0.776869 6
      vertex 1.75644 -0.956508 0
      vertex 1.75644 -0.956508 6
    endloop
  endfacet
  facet normal -0.853303 -0.521415 0
    outer loop
      vertex 1.75644 0.956508 0
      vertex 1.65248 1.12664 6
      vertex 1.65248 1.12664 0
    endloop
  endfacet
  facet normal -0.853303 -0.521415 0
    outer loop
      vertex 1.65248 1.12664 6
      vertex 1.75644 0.956508 0
      vertex 1.75644 0.956508 6
    endloop
  endfacet
  facet normal 0.955572 -0.294758 0
    outer loop
      vertex -1.93815 0.493514 6
      vertex -1.87938 0.68404 0
      vertex -1.87938 0.68404 6
    endloop
  endfacet
  facet normal 0.955572 -0.294758 0
    outer loop
      vertex -1.87938 0.68404 0
      vertex -1.93815 0.493514 6
      vertex -1.93815 0.493514 0
    endloop
  endfacet
  facet normal -0.79712 0.603821 0
    outer loop
      vertex 1.53209 -1.28557 0
      vertex 1.65248 -1.12664 6
      vertex 1.65248 -1.12664 0
    endloop
  endfacet
  facet normal -0.79712 0.603821 0
    outer loop
      vertex 1.65248 -1.12664 6
      vertex 1.53209 -1.28557 0
      vertex 1.53209 -1.28557 6
    endloop
  endfacet
  facet normal -0.411311 -0.911495 0
    outer loop
      vertex 0.730681 1.86175 0
      vertex 0.912421 1.77974 6
      vertex 0.730681 1.86175 6
    endloop
  endfacet
  facet normal -0.411311 -0.911495 -0
    outer loop
      vertex 0.912421 1.77974 6
      vertex 0.730681 1.86175 0
      vertex 0.912421 1.77974 0
    endloop
  endfacet
  facet normal 0.173635 -0.98481 0
    outer loop
      vertex -0.445042 1.94986 0
      vertex -0.248687 1.98448 6
      vertex -0.445042 1.94986 6
    endloop
  endfacet
  facet normal 0.173635 -0.98481 0
    outer loop
      vertex -0.248687 1.98448 6
      vertex -0.445042 1.94986 0
      vertex -0.248687 1.98448 0
    endloop
  endfacet
  facet normal -0.222488 0.974935 0
    outer loop
      vertex 0.54168 -1.92525 0
      vertex 0.347296 -1.96961 6
      vertex 0.54168 -1.92525 6
    endloop
  endfacet
  facet normal -0.222488 0.974935 0
    outer loop
      vertex 0.347296 -1.96961 6
      vertex 0.54168 -1.92525 0
      vertex 0.347296 -1.96961 0
    endloop
  endfacet
  facet normal 0.69825 0.715854 -0
    outer loop
      vertex -1.32337 -1.49956 0
      vertex -1.4661 -1.36034 6
      vertex -1.32337 -1.49956 6
    endloop
  endfacet
  facet normal 0.69825 0.715854 0
    outer loop
      vertex -1.4661 -1.36034 6
      vertex -1.32337 -1.49956 0
      vertex -1.4661 -1.36034 0
    endloop
  endfacet
  facet normal 0.542523 -0.840041 0
    outer loop
      vertex -1.16749 1.62388 0
      vertex -1 1.73205 6
      vertex -1.16749 1.62388 6
    endloop
  endfacet
  facet normal 0.542523 -0.840041 0
    outer loop
      vertex -1 1.73205 6
      vertex -1.16749 1.62388 0
      vertex -1 1.73205 0
    endloop
  endfacet
  facet normal -0.58374 0.81194 0
    outer loop
      vertex 1.24698 -1.56366 0
      vertex 1.08509 -1.68005 6
      vertex 1.24698 -1.56366 6
    endloop
  endfacet
  facet normal -0.58374 0.81194 0
    outer loop
      vertex 1.08509 -1.68005 6
      vertex 1.24698 -1.56366 0
      vertex 1.08509 -1.68005 0
    endloop
  endfacet
  facet normal 0.542523 0.840041 -0
    outer loop
      vertex -1 -1.73205 0
      vertex -1.16749 -1.62388 6
      vertex -1 -1.73205 6
    endloop
  endfacet
  facet normal 0.542523 0.840041 0
    outer loop
      vertex -1.16749 -1.62388 6
      vertex -1 -1.73205 0
      vertex -1.16749 -1.62388 0
    endloop
  endfacet
  facet normal -0.499998 -0.866026 0
    outer loop
      vertex 0.912421 1.77974 0
      vertex 1.08509 1.68005 6
      vertex 0.912421 1.77974 6
    endloop
  endfacet
  facet normal -0.499998 -0.866026 -0
    outer loop
      vertex 1.08509 1.68005 6
      vertex 0.912421 1.77974 0
      vertex 1.08509 1.68005 0
    endloop
  endfacet
  facet normal -0.411311 0.911495 0
    outer loop
      vertex 0.912421 -1.77974 0
      vertex 0.730681 -1.86175 6
      vertex 0.912421 -1.77974 6
    endloop
  endfacet
  facet normal -0.411311 0.911495 0
    outer loop
      vertex 0.730681 -1.86175 6
      vertex 0.912421 -1.77974 0
      vertex 0.730681 -1.86175 0
    endloop
  endfacet
  facet normal 0.62352 0.781807 -0
    outer loop
      vertex -1.16749 -1.62388 0
      vertex -1.32337 -1.49956 6
      vertex -1.16749 -1.62388 6
    endloop
  endfacet
  facet normal 0.62352 0.781807 0
    outer loop
      vertex -1.32337 -1.49956 6
      vertex -1.16749 -1.62388 0
      vertex -1.32337 -1.49956 0
    endloop
  endfacet
  facet normal -0.661698 -0.749771 0
    outer loop
      vertex 1.24698 1.56366 0
      vertex 1.39647 1.43173 6
      vertex 1.24698 1.56366 6
    endloop
  endfacet
  facet normal -0.661698 -0.749771 -0
    outer loop
      vertex 1.39647 1.43173 6
      vertex 1.24698 1.56366 0
      vertex 1.39647 1.43173 0
    endloop
  endfacet
  facet normal -0.661698 0.749771 0
    outer loop
      vertex 1.39647 -1.43173 0
      vertex 1.24698 -1.56366 6
      vertex 1.39647 -1.43173 6
    endloop
  endfacet
  facet normal -0.661698 0.749771 0
    outer loop
      vertex 1.24698 -1.56366 6
      vertex 1.39647 -1.43173 0
      vertex 1.24698 -1.56366 0
    endloop
  endfacet
  facet normal 0.270884 0.962612 -0
    outer loop
      vertex -0.445042 -1.94986 0
      vertex -0.636972 -1.89585 6
      vertex -0.445042 -1.94986 6
    endloop
  endfacet
  facet normal 0.270884 0.962612 0
    outer loop
      vertex -0.636972 -1.89585 6
      vertex -0.445042 -1.94986 0
      vertex -0.636972 -1.89585 0
    endloop
  endfacet
  facet normal 0.826234 0.563327 0
    outer loop
      vertex -1.59426 -1.20761 6
      vertex -1.70658 -1.04287 0
      vertex -1.70658 -1.04287 6
    endloop
  endfacet
  facet normal 0.826234 0.563327 0
    outer loop
      vertex -1.70658 -1.04287 0
      vertex -1.59426 -1.20761 6
      vertex -1.59426 -1.20761 0
    endloop
  endfacet
  facet normal -0.733044 -0.680182 0
    outer loop
      vertex 1.53209 1.28557 0
      vertex 1.39647 1.43173 6
      vertex 1.39647 1.43173 0
    endloop
  endfacet
  facet normal -0.733044 -0.680182 0
    outer loop
      vertex 1.39647 1.43173 6
      vertex 1.53209 1.28557 0
      vertex 1.53209 1.28557 6
    endloop
  endfacet
  facet normal 0.766034 0.6428 0
    outer loop
      vertex -1.4661 -1.36034 6
      vertex -1.59426 -1.20761 0
      vertex -1.59426 -1.20761 6
    endloop
  endfacet
  facet normal 0.766034 0.6428 0
    outer loop
      vertex -1.59426 -1.20761 0
      vertex -1.4661 -1.36034 6
      vertex -1.4661 -1.36034 0
    endloop
  endfacet
  facet normal 0.955572 0.294758 0
    outer loop
      vertex -1.87938 -0.68404 6
      vertex -1.93815 -0.493514 0
      vertex -1.93815 -0.493514 6
    endloop
  endfacet
  facet normal 0.955572 0.294758 0
    outer loop
      vertex -1.93815 -0.493514 0
      vertex -1.87938 -0.68404 6
      vertex -1.87938 -0.68404 0
    endloop
  endfacet
  facet normal 0.62352 -0.781807 0
    outer loop
      vertex -1.32337 1.49956 0
      vertex -1.16749 1.62388 6
      vertex -1.32337 1.49956 6
    endloop
  endfacet
  facet normal 0.62352 -0.781807 0
    outer loop
      vertex -1.16749 1.62388 6
      vertex -1.32337 1.49956 0
      vertex -1.16749 1.62388 0
    endloop
  endfacet
  facet normal -0.318482 0.947929 0
    outer loop
      vertex 0.730681 -1.86175 0
      vertex 0.54168 -1.92525 6
      vertex 0.730681 -1.86175 6
    endloop
  endfacet
  facet normal -0.318482 0.947929 0
    outer loop
      vertex 0.54168 -1.92525 6
      vertex 0.730681 -1.86175 0
      vertex 0.54168 -1.92525 0
    endloop
  endfacet
  facet normal 0.270884 -0.962612 0
    outer loop
      vertex -0.636972 1.89585 0
      vertex -0.445042 1.94986 6
      vertex -0.636972 1.89585 6
    endloop
  endfacet
  facet normal 0.270884 -0.962612 0
    outer loop
      vertex -0.445042 1.94986 6
      vertex -0.636972 1.89585 0
      vertex -0.445042 1.94986 0
    endloop
  endfacet
  facet normal -0.499998 0.866026 0
    outer loop
      vertex 1.08509 -1.68005 0
      vertex 0.912421 -1.77974 6
      vertex 1.08509 -1.68005 6
    endloop
  endfacet
  facet normal -0.499998 0.866026 0
    outer loop
      vertex 0.912421 -1.77974 6
      vertex 1.08509 -1.68005 0
      vertex 0.912421 -1.77974 0
    endloop
  endfacet
  facet normal 0.0747303 0.997204 -0
    outer loop
      vertex -0.049861 -1.99938 0
      vertex -0.248687 -1.98448 6
      vertex -0.049861 -1.99938 6
    endloop
  endfacet
  facet normal 0.0747303 0.997204 0
    outer loop
      vertex -0.248687 -1.98448 6
      vertex -0.049861 -1.99938 0
      vertex -0.248687 -1.98448 0
    endloop
  endfacet
  facet normal 0.456207 0.889874 -0
    outer loop
      vertex -0.822574 -1.82301 0
      vertex -1 -1.73205 6
      vertex -0.822574 -1.82301 6
    endloop
  endfacet
  facet normal 0.456207 0.889874 0
    outer loop
      vertex -1 -1.73205 6
      vertex -0.822574 -1.82301 0
      vertex -1 -1.73205 0
    endloop
  endfacet
  facet normal 0.878213 0.478269 0
    outer loop
      vertex -1.70658 -1.04287 6
      vertex -1.80194 -0.867767 0
      vertex -1.80194 -0.867767 6
    endloop
  endfacet
  facet normal 0.878213 0.478269 0
    outer loop
      vertex -1.80194 -0.867767 0
      vertex -1.70658 -1.04287 6
      vertex -1.70658 -1.04287 0
    endloop
  endfacet
  facet normal -0.969088 0.246713 0
    outer loop
      vertex 1.91115 -0.58951 0
      vertex 1.96034 -0.396292 6
      vertex 1.96034 -0.396292 0
    endloop
  endfacet
  facet normal -0.969088 0.246713 0
    outer loop
      vertex 1.96034 -0.396292 6
      vertex 1.91115 -0.58951 0
      vertex 1.91115 -0.58951 6
    endloop
  endfacet
  facet normal -0.0249269 -0.999689 0
    outer loop
      vertex -0.049861 1.99938 0
      vertex 0.14946 1.99441 6
      vertex -0.049861 1.99938 6
    endloop
  endfacet
  facet normal -0.0249269 -0.999689 -0
    outer loop
      vertex 0.14946 1.99441 6
      vertex -0.049861 1.99938 0
      vertex 0.14946 1.99441 0
    endloop
  endfacet
  facet normal -0.79712 -0.603821 0
    outer loop
      vertex 1.65248 1.12664 0
      vertex 1.53209 1.28557 6
      vertex 1.53209 1.28557 0
    endloop
  endfacet
  facet normal -0.79712 -0.603821 0
    outer loop
      vertex 1.53209 1.28557 6
      vertex 1.65248 1.12664 0
      vertex 1.65248 1.12664 6
    endloop
  endfacet
  facet normal -0.988828 0.149059 0
    outer loop
      vertex 1.96034 -0.396292 0
      vertex 1.99006 -0.199135 6
      vertex 1.99006 -0.199135 0
    endloop
  endfacet
  facet normal -0.988828 0.149059 0
    outer loop
      vertex 1.99006 -0.199135 6
      vertex 1.96034 -0.396292 0
      vertex 1.96034 -0.396292 6
    endloop
  endfacet
  facet normal 0.456207 -0.889874 0
    outer loop
      vertex -1 1.73205 0
      vertex -0.822574 1.82301 6
      vertex -1 1.73205 6
    endloop
  endfacet
  facet normal 0.456207 -0.889874 0
    outer loop
      vertex -0.822574 1.82301 6
      vertex -1 1.73205 0
      vertex -0.822574 1.82301 0
    endloop
  endfacet
  facet normal -0.939681 -0.342051 0
    outer loop
      vertex 1.91115 0.58951 0
      vertex 1.84295 0.776869 6
      vertex 1.84295 0.776869 0
    endloop
  endfacet
  facet normal -0.939681 -0.342051 0
    outer loop
      vertex 1.84295 0.776869 6
      vertex 1.91115 0.58951 0
      vertex 1.91115 0.58951 6
    endloop
  endfacet
  facet normal -0.900968 -0.433885 0
    outer loop
      vertex 1.84295 0.776869 0
      vertex 1.75644 0.956508 6
      vertex 1.75644 0.956508 0
    endloop
  endfacet
  facet normal -0.900968 -0.433885 0
    outer loop
      vertex 1.75644 0.956508 6
      vertex 1.84295 0.776869 0
      vertex 1.84295 0.776869 6
    endloop
  endfacet
  facet normal -0.318482 -0.947929 0
    outer loop
      vertex 0.54168 1.92525 0
      vertex 0.730681 1.86175 6
      vertex 0.54168 1.92525 6
    endloop
  endfacet
  facet normal -0.318482 -0.947929 -0
    outer loop
      vertex 0.730681 1.86175 6
      vertex 0.54168 1.92525 0
      vertex 0.730681 1.86175 0
    endloop
  endfacet
  facet normal -0.58374 -0.81194 0
    outer loop
      vertex 1.08509 1.68005 0
      vertex 1.24698 1.56366 6
      vertex 1.08509 1.68005 6
    endloop
  endfacet
  facet normal -0.58374 -0.81194 -0
    outer loop
      vertex 1.24698 1.56366 6
      vertex 1.08509 1.68005 0
      vertex 1.24698 1.56366 0
    endloop
  endfacet
  facet normal 0.98017 0.19816 0
    outer loop
      vertex -1.93815 -0.493514 6
      vertex -1.97766 -0.298084 0
      vertex -1.97766 -0.298084 6
    endloop
  endfacet
  facet normal 0.98017 0.19816 0
    outer loop
      vertex -1.97766 -0.298084 0
      vertex -1.93815 -0.493514 6
      vertex -1.93815 -0.493514 0
    endloop
  endfacet
  facet normal 0.0747303 -0.997204 0
    outer loop
      vertex -0.248687 1.98448 0
      vertex -0.049861 1.99938 6
      vertex -0.248687 1.98448 6
    endloop
  endfacet
  facet normal 0.0747303 -0.997204 0
    outer loop
      vertex -0.049861 1.99938 6
      vertex -0.248687 1.98448 0
      vertex -0.049861 1.99938 0
    endloop
  endfacet
  facet normal -0.0249269 0.999689 0
    outer loop
      vertex 0.14946 -1.99441 0
      vertex -0.049861 -1.99938 6
      vertex 0.14946 -1.99441 6
    endloop
  endfacet
  facet normal -0.0249269 0.999689 0
    outer loop
      vertex -0.049861 -1.99938 6
      vertex 0.14946 -1.99441 0
      vertex -0.049861 -1.99938 0
    endloop
  endfacet
  facet normal 0.878213 -0.478269 0
    outer loop
      vertex -1.80194 0.867767 6
      vertex -1.70658 1.04287 0
      vertex -1.70658 1.04287 6
    endloop
  endfacet
  facet normal 0.878213 -0.478269 0
    outer loop
      vertex -1.70658 1.04287 0
      vertex -1.80194 0.867767 6
      vertex -1.80194 0.867767 0
    endloop
  endfacet
  facet normal 0.92149 -0.388403 0
    outer loop
      vertex -1.87938 0.68404 6
      vertex -1.80194 0.867767 0
      vertex -1.80194 0.867767 6
    endloop
  endfacet
  facet normal 0.92149 -0.388403 0
    outer loop
      vertex -1.80194 0.867767 0
      vertex -1.87938 0.68404 6
      vertex -1.87938 0.68404 0
    endloop
  endfacet
  facet normal 0.69825 -0.715854 0
    outer loop
      vertex -1.4661 1.36034 0
      vertex -1.32337 1.49956 6
      vertex -1.4661 1.36034 6
    endloop
  endfacet
  facet normal 0.69825 -0.715854 0
    outer loop
      vertex -1.32337 1.49956 6
      vertex -1.4661 1.36034 0
      vertex -1.32337 1.49956 0
    endloop
  endfacet
  facet normal 0.766034 -0.6428 0
    outer loop
      vertex -1.59426 1.20761 6
      vertex -1.4661 1.36034 0
      vertex -1.4661 1.36034 6
    endloop
  endfacet
  facet normal 0.766034 -0.6428 0
    outer loop
      vertex -1.4661 1.36034 0
      vertex -1.59426 1.20761 6
      vertex -1.59426 1.20761 0
    endloop
  endfacet
  facet normal -0.853303 0.521415 0
    outer loop
      vertex 1.65248 -1.12664 0
      vertex 1.75644 -0.956508 6
      vertex 1.75644 -0.956508 0
    endloop
  endfacet
  facet normal -0.853303 0.521415 0
    outer loop
      vertex 1.75644 -0.956508 6
      vertex 1.65248 -1.12664 0
      vertex 1.65248 -1.12664 6
    endloop
  endfacet
  facet normal 0.98017 -0.19816 0
    outer loop
      vertex -1.97766 0.298084 6
      vertex -1.93815 0.493514 0
      vertex -1.93815 0.493514 6
    endloop
  endfacet
  facet normal 0.98017 -0.19816 0
    outer loop
      vertex -1.93815 0.493514 0
      vertex -1.97766 0.298084 6
      vertex -1.97766 0.298084 0
    endloop
  endfacet
  facet normal 0.365326 0.93088 -0
    outer loop
      vertex -0.636972 -1.89585 0
      vertex -0.822574 -1.82301 6
      vertex -0.636972 -1.89585 6
    endloop
  endfacet
  facet normal 0.365326 0.93088 0
    outer loop
      vertex -0.822574 -1.82301 6
      vertex -0.636972 -1.89585 0
      vertex -0.822574 -1.82301 0
    endloop
  endfacet
  facet normal -0.222488 -0.974935 0
    outer loop
      vertex 0.347296 1.96961 0
      vertex 0.54168 1.92525 6
      vertex 0.347296 1.96961 6
    endloop
  endfacet
  facet normal -0.222488 -0.974935 -0
    outer loop
      vertex 0.54168 1.92525 6
      vertex 0.347296 1.96961 0
      vertex 0.54168 1.92525 0
    endloop
  endfacet
  facet normal 0.92149 0.388403 0
    outer loop
      vertex -1.80194 -0.867767 6
      vertex -1.87938 -0.68404 0
      vertex -1.87938 -0.68404 6
    endloop
  endfacet
  facet normal 0.92149 0.388403 0
    outer loop
      vertex -1.87938 -0.68404 0
      vertex -1.80194 -0.867767 6
      vertex -1.80194 -0.867767 0
    endloop
  endfacet
  facet normal 0.826234 -0.563327 0
    outer loop
      vertex -1.70658 1.04287 6
      vertex -1.59426 1.20761 0
      vertex -1.59426 1.20761 6
    endloop
  endfacet
  facet normal 0.826234 -0.563327 0
    outer loop
      vertex -1.59426 1.20761 0
      vertex -1.70658 1.04287 6
      vertex -1.70658 1.04287 0
    endloop
  endfacet
  facet normal 0.995032 -0.0995571 0
    outer loop
      vertex -1.99751 0.0996914 6
      vertex -1.97766 0.298084 0
      vertex -1.97766 0.298084 6
    endloop
  endfacet
  facet normal 0.995032 -0.0995571 0
    outer loop
      vertex -1.97766 0.298084 0
      vertex -1.99751 0.0996914 6
      vertex -1.99751 0.0996914 0
    endloop
  endfacet
  facet normal 1 -0 0
    outer loop
      vertex -1.99751 -0.0996914 6
      vertex -1.99751 0.0996914 0
      vertex -1.99751 0.0996914 6
    endloop
  endfacet
  facet normal 1 0 0
    outer loop
      vertex -1.99751 0.0996914 0
      vertex -1.99751 -0.0996914 6
      vertex -1.99751 -0.0996914 0
    endloop
  endfacet
  facet normal -0.733044 0.680182 0
    outer loop
      vertex 1.39647 -1.43173 0
      vertex 1.53209 -1.28557 6
      vertex 1.53209 -1.28557 0
    endloop
  endfacet
  facet normal -0.733044 0.680182 0
    outer loop
      vertex 1.53209 -1.28557 6
      vertex 1.39647 -1.43173 0
      vertex 1.39647 -1.43173 6
    endloop
  endfacet
  facet normal 0.173635 0.98481 -0
    outer loop
      vertex -0.248687 -1.98448 0
      vertex -0.445042 -1.94986 6
      vertex -0.248687 -1.98448 6
    endloop
  endfacet
  facet normal 0.173635 0.98481 0
    outer loop
      vertex -0.445042 -1.94986 6
      vertex -0.248687 -1.98448 0
      vertex -0.445042 -1.94986 0
    endloop
  endfacet
endsolid OpenSCAD_Model
